frame,kart,g28,g2A,g2C,g2E,g30,gE00,gE02,g124,g126,f16,f1A,f22,f24,fAE,f10,f12,f18,f1C,f1F,f26,f28,f2A,f60,fA0,fA2,fA4,fA6,fA8,fAA,fAC,fAE,fB0,fB2,fB4,fC2,fC4,fCA,fD6,fDE,fE0,fE2,fE4,fEA,fFA,fFC,fE8,fEE,fB8
0,1000,0,0,4,2,2,0,0,19,4,0,0,0,0,64,32832,8,136,524,0,0,0,0,0,0,0,0,0,0,0,0,64,0,0,944,0,0,0,0,64,0,0,0,0,0,0,0,0,26624
0,1100,0,0,4,2,2,0,0,19,4,8192,0,65232,0,64,0,0,65475,193,0,0,0,51200,0,0,56452,56484,0,65504,0,0,64,0,0,912,256,0,0,944,64,0,0,0,115,0,0,0,65532,26688
1,1000,0,0,4,2,2,0,0,19,4,0,0,0,0,70,32768,8,136,524,0,0,0,0,0,0,0,0,0,0,0,0,70,0,0,944,0,0,0,0,64,0,0,0,0,0,0,0,0,26624
1,1100,0,0,4,2,2,0,0,19,4,8192,0,65232,0,64,0,0,65475,193,0,0,0,51200,0,0,56452,56484,0,65504,0,0,64,0,0,912,256,0,0,944,64,0,0,0,115,0,0,0,65532,26688
2,1000,0,0,4,2,2,0,0,19,4,0,0,0,0,70,32768,8,136,524,0,0,0,0,0,0,0,0,0,0,0,0,70,0,0,944,0,0,0,0,64,0,0,0,0,0,0,0,0,26624
2,1100,0,0,4,2,2,0,0,19,4,8192,0,65232,0,64,0,0,65475,193,0,0,0,51200,0,0,56452,56484,0,65504,0,0,64,0,0,912,256,0,0,944,64,0,0,0,115,0,0,0,65532,26688
3,1000,0,0,4,2,2,0,0,19,4,0,0,0,0,70,32768,8,136,524,0,0,0,0,0,0,0,0,0,0,0,0,70,0,0,944,0,0,0,0,64,0,0,0,0,0,0,0,0,26624
3,1100,0,0,4,2,2,0,0,19,4,8192,0,65232,0,64,0,0,65475,193,0,0,0,51200,0,0,56452,56484,0,65504,0,0,64,0,0,912,256,0,0,944,64,0,0,0,115,0,0,0,65532,26688
4,1000,0,0,4,2,2,0,0,19,4,0,0,0,0,70,32768,8,136,524,0,0,0,0,0,0,0,0,0,0,0,0,70,0,0,944,0,0,0,0,64,0,0,0,0,0,0,0,0,26624
4,1100,0,0,4,2,2,0,0,19,4,8192,0,65232,0,64,0,0,65475,193,0,0,0,51200,0,0,56452,56484,0,65504,0,0,64,0,0,912,256,0,0,944,64,0,0,0,115,0,0,0,65532,26688
5,1000,0,0,4,2,2,0,0,19,4,0,0,0,0,70,32768,8,136,524,0,0,0,0,0,0,0,0,0,0,0,0,70,0,0,944,0,0,0,0,64,0,0,0,0,0,0,0,0,26624
5,1100,0,0,4,2,2,0,0,19,4,8192,0,65232,0,64,0,0,65475,193,0,0,0,51200,0,0,56452,56484,0,65504,0,0,64,0,0,912,256,0,0,944,64,0,0,0,115,0,0,0,65532,26688
6,1000,0,0,4,2,2,0,0,19,4,0,0,0,0,70,32768,8,136,524,0,0,0,0,0,0,0,0,0,0,0,0,70,0,0,944,0,0,0,0,64,0,0,0,0,0,0,0,0,26624
6,1100,0,0,4,2,2,0,0,19,4,8192,0,65232,0,64,0,0,65475,193,0,0,0,51200,0,0,56452,56484,0,65504,0,0,64,0,0,912,256,0,0,944,64,0,0,0,115,0,0,0,65532,26688
7,1000,0,0,4,2,2,0,0,19,4,0,0,0,0,70,32768,8,136,524,0,0,0,0,0,0,0,0,0,0,0,0,70,0,0,944,0,0,0,0,64,0,0,0,0,0,0,0,0,26624
7,1100,0,0,4,2,2,0,0,19,4,8192,0,65232,0,64,0,0,65475,193,0,0,0,51200,0,0,56452,56484,0,65504,0,0,64,0,0,912,256,0,0,944,64,0,0,0,115,0,0,0,65532,26688
8,1000,0,0,4,2,2,0,0,19,4,0,0,0,0,70,32768,8,136,524,0,0,0,0,0,0,0,0,0,0,0,0,70,0,0,944,0,0,0,0,64,0,0,0,0,0,0,0,0,26624
8,1100,0,0,4,2,2,0,0,19,4,8192,0,65232,0,64,0,0,65475,193,0,0,0,51200,0,0,56452,56484,0,65504,0,0,64,0,0,912,256,0,0,944,64,0,0,0,115,0,0,0,65532,26688
9,1000,0,0,4,2,2,0,0,19,4,0,0,0,0,70,32768,8,136,524,0,0,0,0,0,0,0,0,0,0,0,0,70,0,0,944,0,0,0,0,64,0,0,0,0,0,0,0,0,26624
9,1100,0,0,4,2,2,0,0,19,4,8192,0,65232,0,64,0,0,65475,193,0,0,0,51200,0,0,56452,56484,0,65504,0,0,64,0,0,912,256,0,0,944,64,0,0,0,115,0,0,0,65532,26688
10,1000,0,0,4,2,2,0,0,19,4,0,0,0,0,70,32768,8,136,524,0,0,0,0,0,0,0,0,0,0,0,0,70,0,0,944,0,0,0,0,64,0,0,0,0,0,0,0,0,26624
10,1100,0,0,4,2,2,0,0,19,4,8192,0,65232,0,64,0,0,65475,193,0,0,0,51200,0,0,56452,56484,0,65504,0,0,64,0,0,912,256,0,0,944,64,0,0,0,115,0,0,0,65532,26688
11,1000,0,0,4,2,2,0,0,19,4,0,0,0,0,70,32768,8,136,524,0,0,0,0,0,0,0,0,0,0,0,0,70,0,0,944,0,0,0,0,64,0,0,0,0,0,0,0,0,26624
11,1100,0,0,4,2,2,0,0,19,4,8192,0,65232,0,64,0,0,65475,193,0,0,0,51200,0,0,56452,56484,0,65504,0,0,64,0,0,912,256,0,0,944,64,0,0,0,115,0,0,0,65532,26688
12,1000,0,0,4,2,2,0,0,19,4,0,0,0,0,70,32768,8,136,524,0,0,0,0,0,0,0,0,0,0,0,0,70,0,0,944,0,0,0,0,64,0,0,0,0,0,0,0,0,26624
12,1100,0,0,4,2,2,0,0,19,4,8192,0,65232,0,64,0,0,65475,193,0,0,0,51200,0,0,56452,56484,0,65504,0,0,64,0,0,912,256,0,0,944,64,0,0,0,115,0,0,0,65532,26688
13,1000,0,0,4,2,2,0,0,19,4,0,0,0,0,70,32768,8,136,524,0,0,0,0,0,0,0,0,0,0,0,0,70,0,0,944,0,0,0,0,64,0,0,0,0,0,0,0,0,26624
13,1100,0,0,4,2,2,0,0,19,4,8192,0,65232,0,64,0,0,65475,193,0,0,0,51200,0,0,56452,56484,0,65504,0,0,64,0,0,912,256,0,0,944,64,0,0,0,115,0,0,0,65532,26688
14,1000,0,0,4,2,2,0,0,19,4,0,0,0,0,70,32768,8,136,524,0,0,0,0,0,0,0,0,0,0,0,0,70,0,0,944,0,0,0,0,64,0,0,0,0,0,0,0,0,26624
14,1100,0,0,4,2,2,0,0,19,4,8192,0,65232,0,64,0,0,65475,193,0,0,0,51200,0,0,56452,56484,0,65504,0,0,64,0,0,912,256,0,0,944,64,0,0,0,115,0,0,0,65532,26688
15,1000,0,0,4,2,2,0,0,19,4,0,0,0,0,70,32768,8,136,524,0,0,0,0,0,0,0,0,0,0,0,0,70,0,0,944,0,0,0,0,64,0,0,0,0,0,0,0,0,26624
15,1100,0,0,4,2,2,0,0,19,4,8192,0,65232,0,64,0,0,65475,193,0,0,0,51200,0,0,56452,56484,0,65504,0,0,64,0,0,912,256,0,0,944,64,0,0,0,115,0,0,0,65532,26688
16,1000,0,0,4,2,2,0,0,19,4,0,0,0,0,70,32768,8,136,524,0,0,0,0,0,0,0,0,0,0,0,0,70,0,0,944,0,0,0,0,64,0,0,0,0,0,0,0,0,26624
16,1100,0,0,4,2,2,0,0,19,4,8192,0,65232,0,64,0,0,65475,193,0,0,0,51200,0,0,56452,56484,0,65504,0,0,64,0,0,912,256,0,0,944,64,0,0,0,115,0,0,0,65532,26688
17,1000,0,0,4,2,2,0,0,19,4,0,0,0,0,70,32768,8,136,524,0,0,0,0,0,0,0,0,0,0,0,0,70,0,0,944,0,0,0,0,64,0,0,0,0,0,0,0,0,26624
17,1100,0,0,4,2,2,0,0,19,4,8192,0,65232,0,64,0,0,65475,193,0,0,0,51200,0,0,56452,56484,0,65504,0,0,64,0,0,912,256,0,0,944,64,0,0,0,115,0,0,0,65532,26688
18,1000,0,0,4,2,2,0,0,19,4,0,0,0,0,70,32768,8,136,524,0,0,0,0,0,0,0,0,0,0,0,0,70,0,0,944,0,0,0,0,64,0,0,0,0,0,0,0,0,26624
18,1100,0,0,4,2,2,0,0,19,4,8192,0,65232,0,64,0,0,65475,193,0,0,0,51200,0,0,56452,56484,0,65504,0,0,64,0,0,912,256,0,0,944,64,0,0,0,115,0,0,0,65532,26688
19,1000,0,0,4,2,2,0,0,19,4,0,0,0,0,70,32768,8,136,524,0,0,0,0,0,0,0,0,0,0,0,0,70,0,0,944,0,0,0,0,64,0,0,0,0,0,0,0,0,26624
19,1100,0,0,4,2,2,0,0,19,4,8192,0,65232,0,64,0,0,65475,193,0,0,0,51200,0,0,56452,56484,0,65504,0,0,64,0,0,912,256,0,0,944,64,0,0,0,115,0,0,0,65532,26688
20,1000,0,0,4,2,2,0,0,19,4,0,0,0,0,70,32768,8,136,524,0,0,0,0,0,0,0,0,0,0,0,0,70,0,0,944,0,0,0,0,64,0,0,0,0,0,0,0,0,26624
20,1100,0,0,4,2,2,0,0,19,4,8192,0,65232,0,64,0,0,65475,193,0,0,0,51200,0,0,56452,56484,0,65504,0,0,64,0,0,912,256,0,0,944,64,0,0,0,115,0,0,0,65532,26688
21,1000,0,0,4,2,2,0,0,19,4,0,0,0,0,70,32768,8,136,524,0,0,0,0,0,0,0,0,0,0,0,0,70,0,0,944,0,0,0,0,64,0,0,0,0,0,0,0,0,26624
21,1100,0,0,4,2,2,0,0,19,4,8192,0,65232,0,64,0,0,65475,193,0,0,0,51200,0,0,56452,56484,0,65504,0,0,64,0,0,912,256,0,0,944,64,0,0,0,115,0,0,0,65532,26688
22,1000,0,0,4,2,2,0,0,19,4,0,0,0,0,70,32768,8,136,524,0,0,0,0,0,0,0,0,0,0,0,0,70,0,0,944,0,0,0,0,64,0,0,0,0,0,0,0,0,26624
22,1100,0,0,4,2,2,0,0,19,4,8192,0,65232,0,64,0,0,65475,193,0,0,0,51200,0,0,56452,56484,0,65504,0,0,64,0,0,912,256,0,0,944,64,0,0,0,115,0,0,0,65532,26688
23,1000,0,0,4,2,2,0,0,19,4,0,0,0,0,70,32768,8,136,524,0,0,0,0,0,0,0,0,0,0,0,0,70,0,0,944,0,0,0,0,64,0,0,0,0,0,0,0,0,26624
23,1100,0,0,4,2,2,0,0,19,4,8192,0,65232,0,64,0,0,65475,193,0,0,0,51200,0,0,56452,56484,0,65504,0,0,64,0,0,912,256,0,0,944,64,0,0,0,115,0,0,0,65532,26688
24,1000,0,0,4,2,2,0,0,19,4,0,0,0,0,70,32768,8,136,524,0,0,0,0,0,0,0,0,0,0,0,0,70,0,0,944,0,0,0,0,64,0,0,0,0,0,0,0,0,26624
24,1100,0,0,4,2,2,0,0,19,4,8192,0,65232,0,64,0,0,65475,193,0,0,0,51200,0,0,56452,56484,0,65504,0,0,64,0,0,912,256,0,0,944,64,0,0,0,115,0,0,0,65532,26688
25,1000,0,0,4,2,2,0,0,19,4,0,0,0,0,70,32768,8,136,524,0,0,0,0,0,0,0,0,0,0,0,0,70,0,0,944,0,0,0,0,64,0,0,0,0,0,0,0,0,26624
25,1100,0,0,4,2,2,0,0,19,4,8192,0,65232,0,64,0,0,65475,193,0,0,0,51200,0,0,56452,56484,0,65504,0,0,64,0,0,912,256,0,0,944,64,0,0,0,115,0,0,0,65532,26688
26,1000,0,0,4,2,2,0,0,19,4,0,0,0,0,70,32768,8,136,524,0,0,0,0,0,0,0,0,0,0,0,0,70,0,0,944,0,0,0,0,64,0,0,0,0,0,0,0,0,26624
26,1100,0,0,4,2,2,0,0,19,4,8192,0,65232,0,64,0,0,65475,193,0,0,0,51200,0,0,56452,56484,0,65504,0,0,64,0,0,912,256,0,0,944,64,0,0,0,115,0,0,0,65532,26688
27,1000,0,0,4,2,2,0,0,19,4,0,0,0,0,70,32768,8,136,524,0,0,0,0,0,0,0,0,0,0,0,0,70,0,0,944,0,0,0,0,64,0,0,0,0,0,0,0,0,26624
27,1100,0,0,4,2,2,0,0,19,4,8192,0,65232,0,64,0,0,65475,193,0,0,0,51200,0,0,56452,56484,0,65504,0,0,64,0,0,912,256,0,0,944,64,0,0,0,115,0,0,0,65532,26688
28,1000,0,0,4,2,2,0,0,19,4,0,0,0,0,70,32768,8,136,524,0,0,0,0,0,0,0,0,0,0,0,0,70,0,0,944,0,0,0,0,64,0,0,0,0,0,0,0,0,26624
28,1100,0,0,4,2,2,0,0,19,4,8192,0,65232,0,64,0,0,65475,193,0,0,0,51200,0,0,56452,56484,0,65504,0,0,64,0,0,912,256,0,0,944,64,0,0,0,115,0,0,0,65532,26688
29,1000,0,0,4,2,2,0,0,19,4,0,0,0,0,70,32768,8,136,524,0,0,0,0,0,0,0,0,0,0,0,0,70,0,0,944,0,0,0,0,64,0,0,0,0,0,0,0,0,26624
29,1100,0,0,4,2,2,0,0,19,4,8192,0,65232,0,64,0,0,65475,193,0,0,0,51200,0,0,56452,56484,0,65504,0,0,64,0,0,912,256,0,0,944,64,0,0,0,115,0,0,0,65532,26688
30,1000,0,0,4,2,2,0,0,19,4,0,0,0,0,70,32768,8,136,524,0,0,0,0,0,0,0,0,0,0,0,0,70,0,0,944,0,0,0,0,64,0,0,0,0,0,0,0,0,26624
30,1100,0,0,4,2,2,0,0,19,4,8192,0,65232,0,64,0,0,65475,193,0,0,0,51200,0,0,56452,56484,0,65504,0,0,64,0,0,912,256,0,0,944,64,0,0,0,115,0,0,0,65532,26688
31,1000,0,0,4,2,2,0,0,19,4,0,0,0,0,70,32768,8,136,524,0,0,0,0,0,0,0,0,0,0,0,0,70,0,0,944,0,0,0,0,64,0,0,0,0,0,0,0,0,26624
31,1100,0,0,4,2,2,0,0,19,4,8192,0,65232,0,64,0,0,65475,193,0,0,0,51200,0,0,56452,56484,0,65504,0,0,64,0,0,912,256,0,0,944,64,0,0,0,115,0,0,0,65532,26688
32,1000,0,0,4,2,2,0,0,19,4,0,0,0,0,70,32768,8,136,524,0,0,0,0,0,0,0,0,0,0,0,0,70,0,0,944,0,0,0,0,64,0,0,0,0,0,0,0,0,26624
32,1100,0,0,4,2,2,0,0,19,4,8192,0,65232,0,64,0,0,65475,193,0,0,0,51200,0,0,56452,56484,0,65504,0,0,64,0,0,912,256,0,0,944,64,0,0,0,115,0,0,0,65532,26688
33,1000,0,0,4,2,2,0,0,19,4,0,0,0,0,70,32768,8,136,524,0,0,0,0,0,0,0,0,0,0,0,0,70,0,0,944,0,0,0,0,64,0,0,0,0,0,0,0,0,26624
33,1100,0,0,4,2,2,0,0,19,4,8192,0,65232,0,64,0,0,65475,193,0,0,0,51200,0,0,56452,56484,0,65504,0,0,64,0,0,912,256,0,0,944,64,0,0,0,115,0,0,0,65532,26688
34,1000,0,0,4,2,2,0,0,19,4,0,0,0,0,70,32768,8,136,524,0,0,0,0,0,0,0,0,0,0,0,0,70,0,0,944,0,0,0,0,64,0,0,0,0,0,0,0,0,26624
34,1100,0,0,4,2,2,0,0,19,4,8192,0,65232,0,64,0,0,65475,193,0,0,0,51200,0,0,56452,56484,0,65504,0,0,64,0,0,912,256,0,0,944,64,0,0,0,115,0,0,0,65532,26688
35,1000,0,0,4,2,2,0,0,19,4,0,0,0,0,70,32768,8,136,524,0,0,0,0,0,0,0,0,0,0,0,0,70,0,0,944,0,0,0,0,64,0,0,0,0,0,0,0,0,26624
35,1100,0,0,4,2,2,0,0,19,4,8192,0,65232,0,64,0,0,65475,193,0,0,0,51200,0,0,56452,56484,0,65504,0,0,64,0,0,912,256,0,0,944,64,0,0,0,115,0,0,0,65532,26688
36,1000,0,0,4,2,2,0,0,19,4,0,0,0,0,70,32768,8,136,524,0,0,0,0,0,0,0,0,0,0,0,0,70,0,0,944,0,0,0,0,64,0,0,0,0,0,0,0,0,26624
36,1100,0,0,4,2,2,0,0,19,4,8192,0,65232,0,64,0,0,65475,193,0,0,0,51200,0,0,56452,56484,0,65504,0,0,64,0,0,912,256,0,0,944,64,0,0,0,115,0,0,0,65532,26688
37,1000,0,0,4,2,2,0,0,19,4,0,0,0,0,70,32768,8,136,524,0,0,0,0,0,0,0,0,0,0,0,0,70,0,0,944,0,0,0,0,64,0,0,0,0,0,0,0,0,26624
37,1100,0,0,4,2,2,0,0,19,4,8192,0,65232,0,64,0,0,65475,193,0,0,0,51200,0,0,56452,56484,0,65504,0,0,64,0,0,912,256,0,0,944,64,0,0,0,115,0,0,0,65532,26688
38,1000,0,0,4,2,2,0,0,19,4,0,0,0,0,70,32768,8,136,524,0,0,0,0,0,0,0,0,0,0,0,0,70,0,0,944,0,0,0,0,64,0,0,0,0,0,0,0,0,26624
38,1100,0,0,4,2,2,0,0,19,4,8192,0,65232,0,64,0,0,65475,193,0,0,0,51200,0,0,56452,56484,0,65504,0,0,64,0,0,912,256,0,0,944,64,0,0,0,115,0,0,0,65532,26688
39,1000,0,0,4,2,2,0,0,19,4,0,0,0,0,70,32768,8,136,524,0,0,0,0,0,0,0,0,0,0,0,0,70,0,0,944,0,0,0,0,64,0,0,0,0,0,0,0,0,26624
39,1100,0,0,4,2,2,0,0,19,4,8192,0,65232,0,64,0,0,65475,193,0,0,0,51200,0,0,56452,56484,0,65504,0,0,64,0,0,912,256,0,0,944,64,0,0,0,115,0,0,0,65532,26688
40,1000,0,0,4,2,2,0,0,19,4,0,0,0,0,70,32768,8,136,524,0,0,0,0,0,0,0,0,0,0,0,0,70,0,0,944,0,0,0,0,64,0,0,0,0,0,0,0,0,26624
40,1100,0,0,4,2,2,0,0,19,4,8192,0,65232,0,64,0,0,65475,193,0,0,0,51200,0,0,56452,56484,0,65504,0,0,64,0,0,912,256,0,0,944,64,0,0,0,115,0,0,0,65532,26688
41,1000,0,0,4,2,2,0,0,19,4,0,0,0,0,70,32768,8,136,524,0,0,0,0,0,0,0,0,0,0,0,0,70,0,0,944,0,0,0,0,64,0,0,0,0,0,0,0,0,26624
41,1100,0,0,4,2,2,0,0,19,4,8192,0,65232,0,64,0,0,65475,193,0,0,0,51200,0,0,56452,56484,0,65504,0,0,64,0,0,912,256,0,0,944,64,0,0,0,115,0,0,0,65532,26688
42,1000,0,0,4,2,2,0,0,19,4,0,0,0,0,70,32768,8,136,524,0,0,0,0,0,0,0,0,0,0,0,0,70,0,0,944,0,0,0,0,64,0,0,0,0,0,0,0,0,26624
42,1100,0,0,4,2,2,0,0,19,4,8192,0,65232,0,64,0,0,65475,193,0,0,0,51200,0,0,56452,56484,0,65504,0,0,64,0,0,912,256,0,0,944,64,0,0,0,115,0,0,0,65532,26688
43,1000,0,0,4,2,2,0,0,19,4,0,0,0,0,70,32768,8,136,524,0,0,0,0,0,0,0,0,0,0,0,0,70,0,0,944,0,0,0,0,64,0,0,0,0,0,0,0,0,26624
43,1100,0,0,4,2,2,0,0,19,4,8192,0,65232,0,64,0,0,65475,193,0,0,0,51200,0,0,56452,56484,0,65504,0,0,64,0,0,912,256,0,0,944,64,0,0,0,115,0,0,0,65532,26688
44,1000,0,0,4,2,2,0,0,19,4,0,0,0,0,70,32768,8,136,524,0,0,0,0,0,0,0,0,0,0,0,0,70,0,0,944,0,0,0,0,64,0,0,0,0,0,0,0,0,26624
44,1100,0,0,4,2,2,0,0,19,4,8192,0,65232,0,64,0,0,65475,193,0,0,0,51200,0,0,56452,56484,0,65504,0,0,64,0,0,912,256,0,0,944,64,0,0,0,115,0,0,0,65532,26688
45,1000,0,0,4,2,2,0,0,19,4,0,0,0,0,70,32768,8,136,524,0,0,0,0,0,0,0,0,0,0,0,0,70,0,0,944,0,0,0,0,64,0,0,0,0,0,0,0,0,26624
45,1100,0,0,4,2,2,0,0,19,4,8192,0,65232,0,64,0,0,65475,193,0,0,0,51200,0,0,56452,56484,0,65504,0,0,64,0,0,912,256,0,0,944,64,0,0,0,115,0,0,0,65532,26688
46,1000,0,0,4,2,2,0,0,19,4,0,0,0,0,70,32768,8,136,524,0,0,0,0,0,0,0,0,0,0,0,0,70,0,0,944,0,0,0,0,64,0,0,0,0,0,0,0,0,26624
46,1100,0,0,4,2,2,0,0,19,4,8192,0,65232,0,64,0,0,65475,193,0,0,0,51200,0,0,56452,56484,0,65504,0,0,64,0,0,912,256,0,0,944,64,0,0,0,115,0,0,0,65532,26688
47,1000,0,0,4,2,2,0,0,19,4,0,0,0,0,70,32768,8,136,524,0,0,0,0,0,0,0,0,0,0,0,0,70,0,0,944,0,0,0,0,64,0,0,0,0,0,0,0,0,26624
47,1100,0,0,4,2,2,0,0,19,4,8192,0,65232,0,64,0,0,65475,193,0,0,0,51200,0,0,56452,56484,0,65504,0,0,64,0,0,912,256,0,0,944,64,0,0,0,115,0,0,0,65532,26688
48,1000,0,0,4,2,2,0,0,19,4,0,0,0,0,70,32768,8,136,524,0,0,0,0,0,0,0,0,0,0,0,0,70,0,0,944,0,0,0,0,64,0,0,0,0,0,0,0,0,26624
48,1100,0,0,4,2,2,0,0,19,4,8192,0,65232,0,64,0,0,65475,193,0,0,0,51200,0,0,56452,56484,0,65504,0,0,64,0,0,912,256,0,0,944,64,0,0,0,115,0,0,0,65532,26688
49,1000,0,0,4,2,2,0,0,19,4,0,0,0,0,70,32768,8,136,524,0,0,0,0,0,0,0,0,0,0,0,0,70,0,0,944,0,0,0,0,64,0,0,0,0,0,0,0,0,26624
49,1100,0,0,4,2,2,0,0,19,4,8192,0,65232,0,64,0,0,65475,193,0,0,0,51200,0,0,56452,56484,0,65504,0,0,64,0,0,912,256,0,0,944,64,0,0,0,115,0,0,0,65532,26688
50,1000,0,0,4,2,2,0,0,19,4,0,0,0,0,70,32768,8,136,524,0,0,0,0,0,0,0,0,0,0,0,0,70,0,0,944,0,0,0,0,64,0,0,0,0,0,0,0,0,26624
50,1100,0,0,4,2,2,0,0,19,4,8192,0,65232,0,64,0,0,65475,193,0,0,0,51200,0,0,56452,56484,0,65504,0,0,64,0,0,912,256,0,0,944,64,0,0,0,115,0,0,0,65532,26688
51,1000,0,0,4,2,2,0,0,19,4,0,0,0,0,70,32768,8,136,524,0,0,0,0,0,0,0,0,0,0,0,0,70,0,0,944,0,0,0,0,64,0,0,0,0,0,0,0,0,26624
51,1100,0,0,4,2,2,0,0,19,4,8192,0,65232,0,64,0,0,65475,193,0,0,0,51200,0,0,56452,56484,0,65504,0,0,64,0,0,912,256,0,0,944,64,0,0,0,115,0,0,0,65532,26688
52,1000,0,0,4,2,2,0,0,19,4,0,0,0,0,70,32768,8,136,524,0,0,0,0,0,0,0,0,0,0,0,0,70,0,0,944,0,0,0,0,64,0,0,0,0,0,0,0,0,26624
52,1100,0,0,4,2,2,0,0,19,4,8192,0,65232,0,64,0,0,65475,193,0,0,0,51200,0,0,56452,56484,0,65504,0,0,64,0,0,912,256,0,0,944,64,0,0,0,115,0,0,0,65532,26688
53,1000,0,0,4,2,2,0,0,19,4,0,0,0,0,70,32768,8,136,524,0,0,0,0,0,0,0,0,0,0,0,0,70,0,0,944,0,0,0,0,64,0,0,0,0,0,0,0,0,26624
53,1100,0,0,4,2,2,0,0,19,4,8192,0,65232,0,64,0,0,65475,193,0,0,0,51200,0,0,56452,56484,0,65504,0,0,64,0,0,912,256,0,0,944,64,0,0,0,115,0,0,0,65532,26688
54,1000,0,0,4,2,2,0,0,19,4,0,0,0,0,70,32768,8,136,524,0,0,0,0,0,0,0,0,0,0,0,0,70,0,0,944,0,0,0,0,64,0,0,0,0,0,0,0,0,26624
54,1100,0,0,4,2,2,0,0,19,4,8192,0,65232,0,64,0,0,65475,193,0,0,0,51200,0,0,56452,56484,0,65504,0,0,64,0,0,912,256,0,0,944,64,0,0,0,115,0,0,0,65532,26688
55,1000,0,0,4,2,2,0,0,19,4,0,0,0,0,70,32768,8,136,524,0,0,0,0,0,0,0,0,0,0,0,0,70,0,0,944,0,0,0,0,64,0,0,0,0,0,0,0,0,26624
55,1100,0,0,4,2,2,0,0,19,4,8192,0,65232,0,64,0,0,65475,193,0,0,0,51200,0,0,56452,56484,0,65504,0,0,64,0,0,912,256,0,0,944,64,0,0,0,115,0,0,0,65532,26688
56,1000,0,0,4,2,2,0,0,19,4,0,0,0,0,70,32768,8,136,524,0,0,0,0,0,0,0,0,0,0,0,0,70,0,0,944,0,0,0,0,64,0,0,0,0,0,0,0,0,26624
56,1100,0,0,4,2,2,0,0,19,4,8192,0,65232,0,64,0,0,65475,193,0,0,0,51200,0,0,56452,56484,0,65504,0,0,64,0,0,912,256,0,0,944,64,0,0,0,115,0,0,0,65532,26688
57,1000,0,0,4,2,2,0,0,19,4,0,0,0,0,70,32768,8,136,524,0,0,0,0,0,0,0,0,0,0,0,0,70,0,0,944,0,0,0,0,64,0,0,0,0,0,0,0,0,26624
57,1100,0,0,4,2,2,0,0,19,4,8192,0,65232,0,64,0,0,65475,193,0,0,0,51200,0,0,56452,56484,0,65504,0,0,64,0,0,912,256,0,0,944,64,0,0,0,115,0,0,0,65532,26688
58,1000,0,0,4,2,2,0,0,19,4,0,0,0,0,70,32768,8,136,524,0,0,0,0,0,0,0,0,0,0,0,0,70,0,0,944,0,0,0,0,64,0,0,0,0,0,0,0,0,26624
58,1100,0,0,4,2,2,0,0,19,4,8192,0,65232,0,64,0,0,65475,193,0,0,0,51200,0,0,56452,56484,0,65504,0,0,64,0,0,912,256,0,0,944,64,0,0,0,115,0,0,0,65532,26688
59,1000,0,0,4,2,2,0,0,19,4,0,0,0,0,70,32768,8,136,524,0,0,0,0,0,0,0,0,0,0,0,0,70,0,0,944,0,0,0,0,64,0,0,0,0,0,0,0,0,26624
59,1100,0,0,4,2,2,0,0,19,4,8192,0,65232,0,64,0,0,65475,193,0,0,0,51200,0,0,56452,56484,0,65504,0,0,64,0,0,912,256,0,0,944,64,0,0,0,115,0,0,0,65532,26688
60,1000,0,0,4,2,2,0,0,19,4,0,0,0,0,70,32768,8,136,524,0,0,0,0,0,0,0,0,0,0,0,0,70,0,0,944,0,0,0,0,64,0,0,0,0,0,0,0,0,26624
60,1100,0,0,4,2,2,0,0,19,4,8192,0,65232,0,64,0,0,65475,193,0,0,0,51200,0,0,56452,56484,0,65504,0,0,64,0,0,912,256,0,0,944,64,0,0,0,115,0,0,0,65532,26688
61,1000,0,0,4,2,2,0,0,19,4,0,0,0,0,70,32768,8,136,524,0,0,0,0,0,0,0,0,0,0,0,0,70,0,0,944,0,0,0,0,64,0,0,0,0,0,0,0,0,26624
61,1100,0,0,4,2,2,0,0,19,4,8192,0,65232,0,64,0,0,65475,193,0,0,0,51200,0,0,56452,56484,0,65504,0,0,64,0,0,912,256,0,0,944,64,0,0,0,115,0,0,0,65532,26688
62,1000,0,0,4,2,2,0,0,19,4,0,0,0,0,70,32768,8,136,524,0,0,0,0,0,0,0,0,0,0,0,0,70,0,0,944,0,0,0,0,64,0,0,0,0,0,0,0,0,26624
62,1100,0,0,4,2,2,0,0,19,4,8192,0,65232,0,64,0,0,65475,193,0,0,0,51200,0,0,56452,56484,0,65504,0,0,64,0,0,912,256,0,0,944,64,0,0,0,115,0,0,0,65532,26688
63,1000,0,0,4,2,2,0,0,19,4,0,0,0,0,70,32768,8,136,524,0,0,0,0,0,0,0,0,0,0,0,0,70,0,0,944,0,0,0,0,64,0,0,0,0,0,0,0,0,26624
63,1100,0,0,4,2,2,0,0,19,4,8192,0,65232,0,64,0,0,65475,193,0,0,0,51200,0,0,56452,56484,0,65504,0,0,64,0,0,912,256,0,0,944,64,0,0,0,115,0,0,0,65532,26688
64,1000,0,0,4,2,2,0,0,19,4,0,0,0,0,70,32768,8,136,524,0,0,0,0,0,0,0,0,0,0,0,0,70,0,0,944,0,0,0,0,64,0,0,0,0,0,0,0,0,26624
64,1100,0,0,4,2,2,0,0,19,4,8192,0,65232,0,64,0,0,65475,193,0,0,0,51200,0,0,56452,56484,0,65504,0,0,64,0,0,912,256,0,0,944,64,0,0,0,115,0,0,0,65532,26688
65,1000,0,0,4,2,2,0,0,19,4,0,0,0,0,70,32768,8,136,524,0,0,0,0,0,0,0,0,0,0,0,0,70,0,0,944,0,0,0,0,64,0,0,0,0,0,0,0,0,26624
65,1100,0,0,4,2,2,0,0,19,4,8192,0,65232,0,64,0,0,65475,193,0,0,0,51200,0,0,56452,56484,0,65504,0,0,64,0,0,912,256,0,0,944,64,0,0,0,115,0,0,0,65532,26688
66,1000,0,0,4,2,2,0,0,19,4,0,0,0,0,70,32768,8,136,524,0,0,0,0,0,0,0,0,0,0,0,0,70,0,0,944,0,0,0,0,64,0,0,0,0,0,0,0,0,26624
66,1100,0,0,4,2,2,0,0,19,4,8192,0,65232,0,64,0,0,65475,193,0,0,0,51200,0,0,56452,56484,0,65504,0,0,64,0,0,912,256,0,0,944,64,0,0,0,115,0,0,0,65532,26688
67,1000,0,0,4,2,2,0,0,19,4,0,0,0,0,70,32768,8,136,524,0,0,0,0,0,0,0,0,0,0,0,0,70,0,0,944,0,0,0,0,64,0,0,0,0,0,0,0,0,26624
67,1100,0,0,4,2,2,0,0,19,4,8192,0,65232,0,64,0,0,65475,193,0,0,0,51200,0,0,56452,56484,0,65504,0,0,64,0,0,912,256,0,0,944,64,0,0,0,115,0,0,0,65532,26688
68,1000,0,0,4,2,2,0,0,19,4,0,0,0,0,70,32768,8,136,524,0,0,0,0,0,0,0,0,0,0,0,0,70,0,0,944,0,0,0,0,64,0,0,0,0,0,0,0,0,26624
68,1100,0,0,4,2,2,0,0,19,4,8192,0,65232,0,64,0,0,65475,193,0,0,0,51200,0,0,56452,56484,0,65504,0,0,64,0,0,912,256,0,0,944,64,0,0,0,115,0,0,0,65532,26688
69,1000,0,0,4,2,2,0,0,19,4,0,0,0,0,70,32768,8,136,524,0,0,0,0,0,0,0,0,0,0,0,0,70,0,0,944,0,0,0,0,64,0,0,0,0,0,0,0,0,26624
69,1100,0,0,4,2,2,0,0,19,4,8192,0,65232,0,64,0,0,65475,193,0,0,0,51200,0,0,56452,56484,0,65504,0,0,64,0,0,912,256,0,0,944,64,0,0,0,115,0,0,0,65532,26688
70,1000,0,0,4,2,2,0,0,19,4,0,0,0,0,70,32768,8,136,524,0,0,0,0,0,0,0,0,0,0,0,0,70,0,0,944,0,0,0,0,64,0,0,0,0,0,0,0,0,26624
70,1100,0,0,4,2,2,0,0,19,4,8192,0,65232,0,64,0,0,65475,193,0,0,0,51200,0,0,56452,56484,0,65504,0,0,64,0,0,912,256,0,0,944,64,0,0,0,115,0,0,0,65532,26688
71,1000,0,0,4,2,2,0,0,19,4,0,0,0,0,70,32768,8,136,524,0,0,0,0,0,0,0,0,0,0,0,0,70,0,0,944,0,0,0,0,64,0,0,0,0,0,0,0,0,26624
71,1100,0,0,4,2,2,0,0,19,4,8192,0,65232,0,64,0,0,65475,193,0,0,0,51200,0,0,56452,56484,0,65504,0,0,64,0,0,912,256,0,0,944,64,0,0,0,115,0,0,0,65532,26688
72,1000,0,0,4,2,2,0,0,19,4,0,0,0,0,70,32768,8,136,524,0,0,0,0,0,0,0,0,0,0,0,0,70,0,0,944,0,0,0,0,64,0,0,0,0,0,0,0,0,26624
72,1100,0,0,4,2,2,0,0,19,4,8192,0,65232,0,64,0,0,65475,193,0,0,0,51200,0,0,56452,56484,0,65504,0,0,64,0,0,912,256,0,0,944,64,0,0,0,115,0,0,0,65532,26688
73,1000,0,0,4,2,2,0,0,19,4,0,0,0,0,70,32768,8,136,524,0,0,0,0,0,0,0,0,0,0,0,0,70,0,0,944,0,0,0,0,64,0,0,0,0,0,0,0,0,26624
73,1100,0,0,4,2,2,0,0,19,4,8192,0,65232,0,64,0,0,65475,193,0,0,0,51200,0,0,56452,56484,0,65504,0,0,64,0,0,912,256,0,0,944,64,0,0,0,115,0,0,0,65532,26688
74,1000,0,0,4,2,2,0,0,19,4,0,0,0,0,70,32768,8,136,524,0,0,0,0,0,0,0,0,0,0,0,0,70,0,0,944,0,0,0,0,64,0,0,0,0,0,0,0,0,26624
74,1100,0,0,4,2,2,0,0,19,4,8192,0,65232,0,64,0,0,65475,193,0,0,0,51200,0,0,56452,56484,0,65504,0,0,64,0,0,912,256,0,0,944,64,0,0,0,115,0,0,0,65532,26688
75,1000,0,0,4,2,2,0,0,19,4,0,0,0,0,70,32768,8,136,524,0,0,0,0,0,0,0,0,0,0,0,0,70,0,0,944,0,0,0,0,64,0,0,0,0,0,0,0,0,26624
75,1100,0,0,4,2,2,0,0,19,4,8192,0,65232,0,64,0,0,65475,193,0,0,0,51200,0,0,56452,56484,0,65504,0,0,64,0,0,912,256,0,0,944,64,0,0,0,115,0,0,0,65532,26688
76,1000,0,0,4,2,2,0,0,19,4,0,0,0,0,70,32768,8,136,524,0,0,0,0,0,0,0,0,0,0,0,0,70,0,0,944,0,0,0,0,64,0,0,0,0,0,0,0,0,26624
76,1100,0,0,4,2,2,0,0,19,4,8192,0,65232,0,64,0,0,65475,193,0,0,0,51200,0,0,56452,56484,0,65504,0,0,64,0,0,912,256,0,0,944,64,0,0,0,115,0,0,0,65532,26688
77,1000,0,0,4,2,2,0,0,19,4,0,0,0,0,70,32768,8,136,524,0,0,0,0,0,0,0,0,0,0,0,0,70,0,0,944,0,0,0,0,64,0,0,0,0,0,0,0,0,26624
77,1100,0,0,4,2,2,0,0,19,4,8192,0,65232,0,64,0,0,65475,193,0,0,0,51200,0,0,56452,56484,0,65504,0,0,64,0,0,912,256,0,0,944,64,0,0,0,115,0,0,0,65532,26688
78,1000,0,0,4,2,2,0,0,19,4,0,0,0,0,70,32768,8,136,524,0,0,0,0,0,0,0,0,0,0,0,0,70,0,0,944,0,0,0,0,64,0,0,0,0,0,0,0,0,26624
78,1100,0,0,4,2,2,0,0,19,4,8192,0,65232,0,64,0,0,65475,193,0,0,0,51200,0,0,56452,56484,0,65504,0,0,64,0,0,912,256,0,0,944,64,0,0,0,115,0,0,0,65532,26688
79,1000,0,0,4,2,2,0,0,19,4,0,0,0,0,70,32768,8,136,524,0,0,0,0,0,0,0,0,0,0,0,0,70,0,0,944,0,0,0,0,64,0,0,0,0,0,0,0,0,26624
79,1100,0,0,4,2,2,0,0,19,4,8192,0,65232,0,64,0,0,65475,193,0,0,0,51200,0,0,56452,56484,0,65504,0,0,64,0,0,912,256,0,0,944,64,0,0,0,115,0,0,0,65532,26688
80,1000,0,0,4,2,2,0,0,19,4,0,0,0,0,70,32768,8,136,524,0,0,0,0,0,0,0,0,0,0,0,0,70,0,0,944,0,0,0,0,64,0,0,0,0,0,0,0,0,26624
80,1100,0,0,4,2,2,0,0,19,4,8192,0,65232,0,64,0,0,65475,193,0,0,0,51200,0,0,56452,56484,0,65504,0,0,64,0,0,912,256,0,0,944,64,0,0,0,115,0,0,0,65532,26688
81,1000,0,0,4,2,2,0,0,19,4,0,0,0,0,70,32768,8,136,524,0,0,0,0,0,0,0,0,0,0,0,0,70,0,0,944,0,0,0,0,64,0,0,0,0,0,0,0,0,26624
81,1100,0,0,4,2,2,0,0,19,4,8192,0,65232,0,64,0,0,65475,193,0,0,0,51200,0,0,56452,56484,0,65504,0,0,64,0,0,912,256,0,0,944,64,0,0,0,115,0,0,0,65532,26688
82,1000,0,0,4,2,2,0,0,19,4,0,0,0,0,70,32768,8,136,524,0,0,0,0,0,0,0,0,0,0,0,0,70,0,0,944,0,0,0,0,64,0,0,0,0,0,0,0,0,26624
82,1100,0,0,4,2,2,0,0,19,4,8192,0,65232,0,64,0,0,65475,193,0,0,0,51200,0,0,56452,56484,0,65504,0,0,64,0,0,912,256,0,0,944,64,0,0,0,115,0,0,0,65532,26688
83,1000,0,0,4,2,2,0,0,19,4,0,0,0,0,70,32768,8,136,524,0,0,0,0,0,0,0,0,0,0,0,0,70,0,0,944,0,0,0,0,64,0,0,0,0,0,0,0,0,26624
83,1100,0,0,4,2,2,0,0,19,4,8192,0,65232,0,64,0,0,65475,193,0,0,0,51200,0,0,56452,56484,0,65504,0,0,64,0,0,912,256,0,0,944,64,0,0,0,115,0,0,0,65532,26688
84,1000,0,0,4,2,2,0,0,19,4,0,0,0,0,70,32768,8,136,524,0,0,0,0,0,0,0,0,0,0,0,0,70,0,0,944,0,0,0,0,64,0,0,0,0,0,0,0,0,26624
84,1100,0,0,4,2,2,0,0,19,4,8192,0,65232,0,64,0,0,65475,193,0,0,0,51200,0,0,56452,56484,0,65504,0,0,64,0,0,912,256,0,0,944,64,0,0,0,115,0,0,0,65532,26688
85,1000,0,0,4,2,2,0,0,19,4,0,0,0,0,70,32768,8,136,524,0,0,0,0,0,0,0,0,0,0,0,0,70,0,0,944,0,0,0,0,64,0,0,0,0,0,0,0,0,26624
85,1100,0,0,4,2,2,0,0,19,4,8192,0,65232,0,64,0,0,65475,193,0,0,0,51200,0,0,56452,56484,0,65504,0,0,64,0,0,912,256,0,0,944,64,0,0,0,115,0,0,0,65532,26688
86,1000,0,0,4,2,2,0,0,19,4,0,0,0,0,70,32768,8,136,524,0,0,0,0,0,0,0,0,0,0,0,0,70,0,0,944,0,0,0,0,64,0,0,0,0,0,0,0,0,26624
86,1100,0,0,4,2,2,0,0,19,4,8192,0,65232,0,64,0,0,65475,193,0,0,0,51200,0,0,56452,56484,0,65504,0,0,64,0,0,912,256,0,0,944,64,0,0,0,115,0,0,0,65532,26688
87,1000,0,0,4,2,2,0,0,19,4,0,0,0,0,70,32768,8,136,524,0,0,0,0,0,0,0,0,0,0,0,0,70,0,0,944,0,0,0,0,64,0,0,0,0,0,0,0,0,26624
87,1100,0,0,4,2,2,0,0,19,4,8192,0,65232,0,64,0,0,65475,193,0,0,0,51200,0,0,56452,56484,0,65504,0,0,64,0,0,912,256,0,0,944,64,0,0,0,115,0,0,0,65532,26688
88,1000,0,0,4,2,2,0,0,19,4,0,0,0,0,70,32768,8,136,524,0,0,0,0,0,0,0,0,0,0,0,0,70,0,0,944,0,0,0,0,64,0,0,0,0,0,0,0,0,26624
88,1100,0,0,4,2,2,0,0,19,4,8192,0,65232,0,64,0,0,65475,193,0,0,0,51200,0,0,56452,56484,0,65504,0,0,64,0,0,912,256,0,0,944,64,0,0,0,115,0,0,0,65532,26688
89,1000,0,0,4,2,2,0,0,19,4,0,0,0,0,70,32768,8,136,524,0,0,0,0,0,0,0,0,0,0,0,0,70,0,0,944,0,0,0,0,64,0,0,0,0,0,0,0,0,26624
89,1100,0,0,4,2,2,0,0,19,4,8192,0,65232,0,64,0,0,65475,193,0,0,0,51200,0,0,56452,56484,0,65504,0,0,64,0,0,912,256,0,0,944,64,0,0,0,115,0,0,0,65532,26688
90,1000,0,0,4,2,2,0,0,19,4,0,0,0,0,70,32768,8,136,524,0,0,0,0,0,0,0,0,0,0,0,0,70,0,0,944,0,0,0,0,64,0,0,0,0,0,0,0,0,26624
90,1100,0,0,4,2,2,0,0,19,4,8192,0,65232,0,64,0,0,65475,193,0,0,0,51200,0,0,56452,56484,0,65504,0,0,64,0,0,912,256,0,0,944,64,0,0,0,115,0,0,0,65532,26688
91,1000,0,0,4,2,2,0,0,19,4,0,0,0,0,70,32768,8,136,524,0,0,0,0,0,0,0,0,0,0,0,0,70,0,0,944,0,0,0,0,64,0,0,0,0,0,0,0,0,26624
91,1100,0,0,4,2,2,0,0,19,4,8192,0,65232,0,64,0,0,65475,193,0,0,0,51200,0,0,56452,56484,0,65504,0,0,64,0,0,912,256,0,0,944,64,0,0,0,115,0,0,0,65532,26688
92,1000,0,0,4,2,2,0,0,19,4,0,0,0,0,70,32768,8,136,524,0,0,0,0,0,0,0,0,0,0,0,0,70,0,0,944,0,0,0,0,64,0,0,0,0,0,0,0,0,26624
92,1100,0,0,4,2,2,0,0,19,4,8192,0,65232,0,64,0,0,65475,193,0,0,0,51200,0,0,56452,56484,0,65504,0,0,64,0,0,912,256,0,0,944,64,0,0,0,115,0,0,0,65532,26688
93,1000,0,0,4,2,2,0,0,19,4,0,0,0,0,70,32768,8,136,524,0,0,0,0,0,0,0,0,0,0,0,0,70,0,0,944,0,0,0,0,64,0,0,0,0,0,0,0,0,26624
93,1100,0,0,4,2,2,0,0,19,4,8192,0,65232,0,64,0,0,65475,193,0,0,0,51200,0,0,56452,56484,0,65504,0,0,64,0,0,912,256,0,0,944,64,0,0,0,115,0,0,0,65532,26688
94,1000,0,0,4,2,2,0,0,19,4,0,0,0,0,70,32768,8,136,524,0,0,0,0,0,0,0,0,0,0,0,0,70,0,0,944,0,0,0,0,64,0,0,0,0,0,0,0,0,26624
94,1100,0,0,4,2,2,0,0,19,4,8192,0,65232,0,64,0,0,65475,193,0,0,0,51200,0,0,56452,56484,0,65504,0,0,64,0,0,912,256,0,0,944,64,0,0,0,115,0,0,0,65532,26688
95,1000,0,0,4,2,2,0,0,19,4,0,0,0,0,70,32768,8,136,524,0,0,0,0,0,0,0,0,0,0,0,0,70,0,0,944,0,0,0,0,64,0,0,0,0,0,0,0,0,26624
95,1100,0,0,4,2,2,0,0,19,4,8192,0,65232,0,64,0,0,65475,193,0,0,0,51200,0,0,56452,56484,0,65504,0,0,64,0,0,912,256,0,0,944,64,0,0,0,115,0,0,0,65532,26688
96,1000,0,0,4,2,2,0,0,19,4,0,0,0,0,70,32768,8,136,524,0,0,0,0,0,0,0,0,0,0,0,0,70,0,0,944,0,0,0,0,64,0,0,0,0,0,0,0,0,26624
96,1100,0,0,4,2,2,0,0,19,4,8192,0,65232,0,64,0,0,65475,193,0,0,0,51200,0,0,56452,56484,0,65504,0,0,64,0,0,912,256,0,0,944,64,0,0,0,115,0,0,0,65532,26688
97,1000,0,0,4,2,2,0,0,19,4,0,0,0,0,70,32768,8,136,524,0,0,0,0,0,0,0,0,0,0,0,0,70,0,0,944,0,0,0,0,64,0,0,0,0,0,0,0,0,26624
97,1100,0,0,4,2,2,0,0,19,4,8192,0,65232,0,64,0,0,65475,193,0,0,0,51200,0,0,56452,56484,0,65504,0,0,64,0,0,912,256,0,0,944,64,0,0,0,115,0,0,0,65532,26688
98,1000,0,0,4,2,2,0,0,19,4,0,0,0,0,70,32768,8,136,524,0,0,0,0,0,0,0,0,0,0,0,0,70,0,0,944,0,0,0,0,64,0,0,0,0,0,0,0,0,26624
98,1100,0,0,4,2,2,0,0,19,4,8192,0,65232,0,64,0,0,65475,193,0,0,0,51200,0,0,56452,56484,0,65504,0,0,64,0,0,912,256,0,0,944,64,0,0,0,115,0,0,0,65532,26688
99,1000,0,0,4,2,2,0,0,19,4,0,0,0,0,70,32768,8,136,524,0,0,0,0,0,0,0,0,0,0,0,0,70,0,0,944,0,0,0,0,64,0,0,0,0,0,0,0,0,26624
99,1100,0,0,4,2,2,0,0,19,4,8192,0,65232,0,64,0,0,65475,193,0,0,0,51200,0,0,56452,56484,0,65504,0,0,64,0,0,912,256,0,0,944,64,0,0,0,115,0,0,0,65532,26688
100,1000,0,0,4,2,2,0,0,19,4,0,0,0,0,70,32768,8,136,524,0,0,0,0,0,0,0,0,0,0,0,0,70,0,0,944,0,0,0,0,64,0,0,0,0,0,0,0,0,26624
100,1100,0,0,4,2,2,0,0,19,4,8192,0,65232,0,64,0,0,65475,193,0,0,0,51200,0,0,56452,56484,0,65504,0,0,64,0,0,912,256,0,0,944,64,0,0,0,115,0,0,0,65532,26688
101,1000,0,0,4,2,2,0,0,19,4,0,0,0,0,70,32768,8,136,524,0,0,0,0,0,0,0,0,0,0,0,0,70,0,0,944,0,0,0,0,64,0,0,0,0,0,0,0,0,26624
101,1100,0,0,4,2,2,0,0,19,4,8192,0,65232,0,64,0,0,65475,193,0,0,0,51200,0,0,56452,56484,0,65504,0,0,64,0,0,912,256,0,0,944,64,0,0,0,115,0,0,0,65532,26688
102,1000,0,0,4,2,2,0,0,19,4,0,0,0,0,70,32768,8,136,524,0,0,0,0,0,0,0,0,0,0,0,0,70,0,0,944,0,0,0,0,64,0,0,0,0,0,0,0,0,26624
102,1100,0,0,4,2,2,0,0,19,4,8192,0,65232,0,64,0,0,65475,193,0,0,0,51200,0,0,56452,56484,0,65504,0,0,64,0,0,912,256,0,0,944,64,0,0,0,115,0,0,0,65532,26688
103,1000,0,0,4,2,2,0,0,19,4,0,0,0,0,70,32768,8,136,524,0,0,0,0,0,0,0,0,0,0,0,0,70,0,0,944,0,0,0,0,64,0,0,0,0,0,0,0,0,26624
103,1100,0,0,4,2,2,0,0,19,4,8192,0,65232,0,64,0,0,65475,193,0,0,0,51200,0,0,56452,56484,0,65504,0,0,64,0,0,912,256,0,0,944,64,0,0,0,115,0,0,0,65532,26688
104,1000,0,0,4,2,2,0,0,19,4,0,0,0,0,70,32768,8,136,524,0,0,0,0,0,0,0,0,0,0,0,0,70,0,0,944,0,0,0,0,64,0,0,0,0,0,0,0,0,26624
104,1100,0,0,4,2,2,0,0,19,4,8192,0,65232,0,64,0,0,65475,193,0,0,0,51200,0,0,56452,56484,0,65504,0,0,64,0,0,912,256,0,0,944,64,0,0,0,115,0,0,0,65532,26688
105,1000,0,0,4,2,2,0,0,19,4,0,0,0,0,70,32768,8,136,524,0,0,0,0,0,0,0,0,0,0,0,0,70,0,0,944,0,0,0,0,64,0,0,0,0,0,0,0,0,26624
105,1100,0,0,4,2,2,0,0,19,4,8192,0,65232,0,64,0,0,65475,193,0,0,0,51200,0,0,56452,56484,0,65504,0,0,64,0,0,912,256,0,0,944,64,0,0,0,115,0,0,0,65532,26688
106,1000,0,0,4,2,2,0,0,19,4,0,0,0,0,70,32768,8,136,524,0,0,0,0,0,0,0,0,0,0,0,0,70,0,0,944,0,0,0,0,64,0,0,0,0,0,0,0,0,26624
106,1100,0,0,4,2,2,0,0,19,4,8192,0,65232,0,64,0,0,65475,193,0,0,0,51200,0,0,56452,56484,0,65504,0,0,64,0,0,912,256,0,0,944,64,0,0,0,115,0,0,0,65532,26688
107,1000,0,0,4,2,2,0,0,19,4,0,0,0,0,70,32768,8,136,524,0,0,0,0,0,0,0,0,0,0,0,0,70,0,0,944,0,0,0,0,64,0,0,0,0,0,0,0,0,26624
107,1100,0,0,4,2,2,0,0,19,4,8192,0,65232,0,64,0,0,65475,193,0,0,0,51200,0,0,56452,56484,0,65504,0,0,64,0,0,912,256,0,0,944,64,0,0,0,115,0,0,0,65532,26688
108,1000,0,0,4,2,2,0,0,19,4,0,0,0,0,70,32768,8,136,524,0,0,0,0,0,0,0,0,0,0,0,0,70,0,0,944,0,0,0,0,64,0,0,0,0,0,0,0,0,26624
108,1100,0,0,4,2,2,0,0,19,4,8192,0,65232,0,64,0,0,65475,193,0,0,0,51200,0,0,56452,56484,0,65504,0,0,64,0,0,912,256,0,0,944,64,0,0,0,115,0,0,0,65532,26688
109,1000,0,0,4,2,2,0,0,19,4,0,0,0,0,70,32768,8,136,524,0,0,0,0,0,0,0,0,0,0,0,0,70,0,0,944,0,0,0,0,64,0,0,0,0,0,0,0,0,26624
109,1100,0,0,4,2,2,0,0,19,4,8192,0,65232,0,64,0,0,65475,193,0,0,0,51200,0,0,56452,56484,0,65504,0,0,64,0,0,912,256,0,0,944,64,0,0,0,115,0,0,0,65532,26688
110,1000,0,0,4,2,2,0,0,19,4,0,0,0,0,70,32768,8,136,524,0,0,0,0,0,0,0,0,0,0,0,0,70,0,0,944,0,0,0,0,64,0,0,0,0,0,0,0,0,26624
110,1100,0,0,4,2,2,0,0,19,4,8192,0,65232,0,64,0,0,65475,193,0,0,0,51200,0,0,56452,56484,0,65504,0,0,64,0,0,912,256,0,0,944,64,0,0,0,115,0,0,0,65532,26688
111,1000,0,0,4,2,2,0,0,19,4,0,0,0,0,70,32768,8,136,524,0,0,0,0,0,0,0,0,0,0,0,0,70,0,0,944,0,0,0,0,64,0,0,0,0,0,0,0,0,26624
111,1100,0,0,4,2,2,0,0,19,4,8192,0,65232,0,64,0,0,65475,193,0,0,0,51200,0,0,56452,56484,0,65504,0,0,64,0,0,912,256,0,0,944,64,0,0,0,115,0,0,0,65532,26688
112,1000,0,0,4,2,2,0,0,19,4,0,0,0,0,70,32768,8,136,524,0,0,0,0,0,0,0,0,0,0,0,0,70,0,0,944,0,0,0,0,64,0,0,0,0,0,0,0,0,26624
112,1100,0,0,4,2,2,0,0,19,4,8192,0,65232,0,64,0,0,65475,193,0,0,0,51200,0,0,56452,56484,0,65504,0,0,64,0,0,912,256,0,0,944,64,0,0,0,115,0,0,0,65532,26688
113,1000,0,0,4,2,2,0,0,19,4,0,0,0,0,70,32768,8,136,524,0,0,0,0,0,0,0,0,0,0,0,0,70,0,0,944,0,0,0,0,64,0,0,0,0,0,0,0,0,26624
113,1100,0,0,4,2,2,0,0,19,4,8192,0,65232,0,64,0,0,65475,193,0,0,0,51200,0,0,56452,56484,0,65504,0,0,64,0,0,912,256,0,0,944,64,0,0,0,115,0,0,0,65532,26688
114,1000,0,0,4,2,2,0,0,19,4,0,0,0,0,70,32768,8,136,524,0,0,0,0,0,0,0,0,0,0,0,0,70,0,0,944,0,0,0,0,64,0,0,0,0,0,0,0,0,26624
114,1100,0,0,4,2,2,0,0,19,4,8192,0,65232,0,64,0,0,65475,193,0,0,0,51200,0,0,56452,56484,0,65504,0,0,64,0,0,912,256,0,0,944,64,0,0,0,115,0,0,0,65532,26688
115,1000,0,0,4,2,2,0,0,19,4,0,0,0,0,70,32768,8,136,524,0,0,0,0,0,0,0,0,0,0,0,0,70,0,0,944,0,0,0,0,64,0,0,0,0,0,0,0,0,26624
115,1100,0,0,4,2,2,0,0,19,4,8192,0,65232,0,64,0,0,65475,193,0,0,0,51200,0,0,56452,56484,0,65504,0,0,64,0,0,912,256,0,0,944,64,0,0,0,115,0,0,0,65532,26688
116,1000,0,0,4,2,2,0,0,19,4,0,0,0,0,70,32768,8,136,524,0,0,0,0,0,0,0,0,0,0,0,0,70,0,0,944,0,0,0,0,64,0,0,0,0,0,0,0,0,26624
116,1100,0,0,4,2,2,0,0,19,4,8192,0,65232,0,64,0,0,65475,193,0,0,0,51200,0,0,56452,56484,0,65504,0,0,64,0,0,912,256,0,0,944,64,0,0,0,115,0,0,0,65532,26688
117,1000,0,0,4,2,2,0,0,19,4,0,0,0,0,70,32768,8,136,524,0,0,0,0,0,0,0,0,0,0,0,0,70,0,0,944,0,0,0,0,64,0,0,0,0,0,0,0,0,26624
117,1100,0,0,4,2,2,0,0,19,4,8192,0,65232,0,64,0,0,65475,193,0,0,0,51200,0,0,56452,56484,0,65504,0,0,64,0,0,912,256,0,0,944,64,0,0,0,115,0,0,0,65532,26688
118,1000,0,0,4,2,2,0,0,19,4,0,0,0,0,70,32768,8,136,524,0,0,0,0,0,0,0,0,0,0,0,0,70,0,0,944,0,0,0,0,64,0,0,0,0,0,0,0,0,26624
118,1100,0,0,4,2,2,0,0,19,4,8192,0,65232,0,64,0,0,65475,193,0,0,0,51200,0,0,56452,56484,0,65504,0,0,64,0,0,912,256,0,0,944,64,0,0,0,115,0,0,0,65532,26688
119,1000,0,0,4,2,2,0,0,19,4,0,0,0,0,70,32768,8,136,524,0,0,0,0,0,0,0,0,0,0,0,0,70,0,0,944,0,0,0,0,64,0,0,0,0,0,0,0,0,26624
119,1100,0,0,4,2,2,0,0,19,4,8192,0,65232,0,64,0,0,65475,193,0,0,0,51200,0,0,56452,56484,0,65504,0,0,64,0,0,912,256,0,0,944,64,0,0,0,115,0,0,0,65532,26688
120,1000,0,0,4,2,2,0,0,19,4,0,0,0,0,70,32768,8,136,524,0,0,0,0,0,0,0,0,0,0,0,0,70,0,0,944,0,0,0,0,64,0,0,0,0,0,0,0,0,26624
120,1100,0,0,4,2,2,0,0,19,4,8192,0,65232,0,64,0,0,65475,193,0,0,0,51200,0,0,56452,56484,0,65504,0,0,64,0,0,912,256,0,0,944,64,0,0,0,115,0,0,0,65532,26688
121,1000,0,0,4,2,2,0,0,19,4,0,0,0,0,70,32768,8,136,524,0,0,0,0,0,0,0,0,0,0,0,0,70,0,0,944,0,0,0,0,64,0,0,0,0,0,0,0,0,26624
121,1100,0,0,4,2,2,0,0,19,4,8192,0,65232,0,64,0,0,65475,193,0,0,0,51200,0,0,56452,56484,0,65504,0,0,64,0,0,912,256,0,0,944,64,0,0,0,115,0,0,0,65532,26688
122,1000,0,0,4,2,2,0,0,19,4,0,0,0,0,70,32768,8,136,524,0,0,0,0,0,0,0,0,0,0,0,0,70,0,0,944,0,0,0,0,64,0,0,0,0,0,0,0,0,26624
122,1100,0,0,4,2,2,0,0,19,4,8192,0,65232,0,64,0,0,65475,193,0,0,0,51200,0,0,56452,56484,0,65504,0,0,64,0,0,912,256,0,0,944,64,0,0,0,115,0,0,0,65532,26688
123,1000,0,0,4,2,2,0,0,19,4,0,0,0,0,70,32768,8,136,524,0,0,0,0,0,0,0,0,0,0,0,0,70,0,0,944,0,0,0,0,64,0,0,0,0,0,0,0,0,26624
123,1100,0,0,4,2,2,0,0,19,4,8192,0,65232,0,64,0,0,65475,193,0,0,0,51200,0,0,56452,56484,0,65504,0,0,64,0,0,912,256,0,0,944,64,0,0,0,115,0,0,0,65532,26688
124,1000,0,0,4,2,2,0,0,19,4,0,0,0,0,70,32768,8,136,524,0,0,0,0,0,0,0,0,0,0,0,0,70,0,0,944,0,0,0,0,64,0,0,0,0,0,0,0,0,26624
124,1100,0,0,4,2,2,0,0,19,4,8192,0,65232,0,64,0,0,65475,193,0,0,0,51200,0,0,56452,56484,0,65504,0,0,64,0,0,912,256,0,0,944,64,0,0,0,115,0,0,0,65532,26688
125,1000,0,0,4,2,2,0,0,19,4,0,0,0,0,70,32768,8,136,524,0,0,0,0,0,0,0,0,0,0,0,0,70,0,0,944,0,0,0,0,64,0,0,0,0,0,0,0,0,26624
125,1100,0,0,4,2,2,0,0,19,4,8192,0,65232,0,64,0,0,65475,193,0,0,0,51200,0,0,56452,56484,0,65504,0,0,64,0,0,912,256,0,0,944,64,0,0,0,115,0,0,0,65532,26688
126,1000,0,0,4,2,2,0,0,19,4,0,0,0,0,70,32768,8,136,524,0,0,0,0,0,0,0,0,0,0,0,0,70,0,0,944,0,0,0,0,64,0,0,0,0,0,0,0,0,26624
126,1100,0,0,4,2,2,0,0,19,4,8192,0,65232,0,64,0,0,65475,193,0,0,0,51200,0,0,56452,56484,0,65504,0,0,64,0,0,912,256,0,0,944,64,0,0,0,115,0,0,0,65532,26688
127,1000,0,0,4,2,2,0,0,19,4,0,0,0,0,70,32768,8,136,524,0,0,0,0,0,0,0,0,0,0,0,0,70,0,0,944,0,0,0,0,64,0,0,0,0,0,0,0,0,26624
127,1100,0,0,4,2,2,0,0,19,4,8192,0,65232,0,64,0,0,65475,193,0,0,0,51200,0,0,56452,56484,0,65504,0,0,64,0,0,912,256,0,0,944,64,0,0,0,115,0,0,0,65532,26688
128,1000,0,0,4,2,2,0,0,19,4,0,0,0,0,70,32768,8,136,524,0,0,0,0,0,0,0,0,0,0,0,0,70,0,0,944,0,0,0,0,64,0,0,0,0,0,0,0,0,26624
128,1100,0,0,4,2,2,0,0,19,4,8192,0,65232,0,64,0,0,65475,193,0,0,0,51200,0,0,56452,56484,0,65504,0,0,64,0,0,912,256,0,0,944,64,0,0,0,115,0,0,0,65532,26688
129,1000,0,0,4,2,2,0,0,19,4,0,0,0,0,70,32768,8,136,524,0,0,0,0,0,0,0,0,0,0,0,0,70,0,0,944,0,0,0,0,64,0,0,0,0,0,0,0,0,26624
129,1100,0,0,4,2,2,0,0,19,4,8192,0,65232,0,64,0,0,65475,193,0,0,0,51200,0,0,56452,56484,0,65504,0,0,64,0,0,912,256,0,0,944,64,0,0,0,115,0,0,0,65532,26688
130,1000,0,0,4,2,2,0,0,19,4,0,0,0,0,70,32768,8,136,524,0,0,0,0,0,0,0,0,0,0,0,0,70,0,0,944,0,0,0,0,64,0,0,0,0,0,0,0,0,26624
130,1100,0,0,4,2,2,0,0,19,4,8192,0,65232,0,64,0,0,65475,193,0,0,0,51200,0,0,56452,56484,0,65504,0,0,64,0,0,912,256,0,0,944,64,0,0,0,115,0,0,0,65532,26688
131,1000,0,0,4,2,2,0,0,19,4,0,0,0,0,70,32768,8,136,524,0,0,0,0,0,0,0,0,0,0,0,0,70,0,0,944,0,0,0,0,64,0,0,0,0,0,0,0,0,26624
131,1100,0,0,4,2,2,0,0,19,4,8192,0,65232,0,64,0,0,65475,193,0,0,0,51200,0,0,56452,56484,0,65504,0,0,64,0,0,912,256,0,0,944,64,0,0,0,115,0,0,0,65532,26688
132,1000,0,0,4,2,2,0,0,19,4,0,0,0,0,70,32768,8,136,524,0,0,0,0,0,0,0,0,0,0,0,0,70,0,0,944,0,0,0,0,64,0,0,0,0,0,0,0,0,26624
132,1100,0,0,4,2,2,0,0,19,4,8192,0,65232,0,64,0,0,65475,193,0,0,0,51200,0,0,56452,56484,0,65504,0,0,64,0,0,912,256,0,0,944,64,0,0,0,115,0,0,0,65532,26688
133,1000,0,0,4,2,2,0,0,19,4,0,0,0,0,70,32768,8,136,524,0,0,0,0,0,0,0,0,0,0,0,0,70,0,0,944,0,0,0,0,64,0,0,0,0,0,0,0,0,26624
133,1100,0,0,4,2,2,0,0,19,4,8192,0,65232,0,64,0,0,65475,193,0,0,0,51200,0,0,56452,56484,0,65504,0,0,64,0,0,912,256,0,0,944,64,0,0,0,115,0,0,0,65532,26688
134,1000,0,0,4,2,2,0,0,19,4,0,0,0,0,70,32768,8,136,524,0,0,0,0,0,0,0,0,0,0,0,0,70,0,0,944,0,0,0,0,64,0,0,0,0,0,0,0,0,26624
134,1100,0,0,4,2,2,0,0,19,4,8192,0,65232,0,64,0,0,65475,193,0,0,0,51200,0,0,56452,56484,0,65504,0,0,64,0,0,912,256,0,0,944,64,0,0,0,115,0,0,0,65532,26688
135,1000,0,0,4,2,2,0,0,19,4,0,0,0,0,70,32768,8,136,524,0,0,0,0,0,0,0,0,0,0,0,0,70,0,0,944,0,0,0,0,64,0,0,0,0,0,0,0,0,26624
135,1100,0,0,4,2,2,0,0,19,4,8192,0,65232,0,64,0,0,65475,193,0,0,0,51200,0,0,56452,56484,0,65504,0,0,64,0,0,912,256,0,0,944,64,0,0,0,115,0,0,0,65532,26688
136,1000,0,0,4,2,2,0,0,19,4,0,0,0,0,70,32768,8,136,524,0,0,0,0,0,0,0,0,0,0,0,0,70,0,0,944,0,0,0,0,64,0,0,0,0,0,0,0,0,26624
136,1100,0,0,4,2,2,0,0,19,4,8192,0,65232,0,64,0,0,65475,193,0,0,0,51200,0,0,56452,56484,0,65504,0,0,64,0,0,912,256,0,0,944,64,0,0,0,115,0,0,0,65532,26688
137,1000,0,0,4,2,2,0,0,19,4,0,0,0,0,70,32768,8,136,524,0,0,0,0,0,0,0,0,0,0,0,0,70,0,0,944,0,0,0,0,64,0,0,0,0,0,0,0,0,26624
137,1100,0,0,4,2,2,0,0,19,4,8192,0,65232,0,64,0,0,65475,193,0,0,0,51200,0,0,56452,56484,0,65504,0,0,64,0,0,912,256,0,0,944,64,0,0,0,115,0,0,0,65532,26688
138,1000,0,0,4,2,2,0,0,19,4,0,0,0,0,70,32768,8,136,524,0,0,0,0,0,0,0,0,0,0,0,0,70,0,0,944,0,0,0,0,64,0,0,0,0,0,0,0,0,26624
138,1100,0,0,4,2,2,0,0,19,4,8192,0,65232,0,64,0,0,65475,193,0,0,0,51200,0,0,56452,56484,0,65504,0,0,64,0,0,912,256,0,0,944,64,0,0,0,115,0,0,0,65532,26688
139,1000,0,0,4,2,2,0,0,19,4,0,0,0,0,70,32768,8,136,524,0,0,0,0,0,0,0,0,0,0,0,0,70,0,0,944,0,0,0,0,64,0,0,0,0,0,0,0,0,26624
139,1100,0,0,4,2,2,0,0,19,4,8192,0,65232,0,64,0,0,65475,193,0,0,0,51200,0,0,56452,56484,0,65504,0,0,64,0,0,912,256,0,0,944,64,0,0,0,115,0,0,0,65532,26688
140,1000,0,0,4,2,2,0,0,19,4,0,0,0,0,70,32768,8,136,524,0,0,0,0,0,0,0,0,0,0,0,0,70,0,0,944,0,0,0,0,64,0,0,0,0,0,0,0,0,26624
140,1100,0,0,4,2,2,0,0,19,4,8192,0,65232,0,64,0,0,65475,193,0,0,0,51200,0,0,56452,56484,0,65504,0,0,64,0,0,912,256,0,0,944,64,0,0,0,115,0,0,0,65532,26688
141,1000,0,0,4,2,2,0,0,19,4,0,0,0,0,70,32768,8,136,524,0,0,0,0,0,0,0,0,0,0,0,0,70,0,0,944,0,0,0,0,64,0,0,0,0,0,0,0,0,26624
141,1100,0,0,4,2,2,0,0,19,4,8192,0,65232,0,64,0,0,65475,193,0,0,0,51200,0,0,56452,56484,0,65504,0,0,64,0,0,912,256,0,0,944,64,0,0,0,115,0,0,0,65532,26688
142,1000,0,0,4,2,2,0,0,19,4,0,0,0,0,70,32768,8,136,524,0,0,0,0,0,0,0,0,0,0,0,0,70,0,0,944,0,0,0,0,64,0,0,0,0,0,0,0,0,26624
142,1100,0,0,4,2,2,0,0,19,4,8192,0,65232,0,64,0,0,65475,193,0,0,0,51200,0,0,56452,56484,0,65504,0,0,64,0,0,912,256,0,0,944,64,0,0,0,115,0,0,0,65532,26688
143,1000,0,0,4,2,2,0,0,19,4,0,0,0,0,70,32768,8,136,524,0,0,0,0,0,0,0,0,0,0,0,0,70,0,0,944,0,0,0,0,64,0,0,0,0,0,0,0,0,26624
143,1100,0,0,4,2,2,0,0,19,4,8192,0,65232,0,64,0,0,65475,193,0,0,0,51200,0,0,56452,56484,0,65504,0,0,64,0,0,912,256,0,0,944,64,0,0,0,115,0,0,0,65532,26688
144,1000,0,0,4,2,2,0,0,19,4,0,0,0,0,70,32768,8,136,524,0,0,0,0,0,0,0,0,0,0,0,0,70,0,0,944,0,0,0,0,64,0,0,0,0,0,0,0,0,26624
144,1100,0,0,4,2,2,0,0,19,4,8192,0,65232,0,64,0,0,65475,193,0,0,0,51200,0,0,56452,56484,0,65504,0,0,64,0,0,912,256,0,0,944,64,0,0,0,115,0,0,0,65532,26688
145,1000,0,0,4,2,2,0,0,19,4,0,0,0,0,70,32768,8,136,524,0,0,0,0,0,0,0,0,0,0,0,0,70,0,0,944,0,0,0,0,64,0,0,0,0,0,0,0,0,26624
145,1100,0,0,4,2,2,0,0,19,4,8192,0,65232,0,64,0,0,65475,193,0,0,0,51200,0,0,56452,56484,0,65504,0,0,64,0,0,912,256,0,0,944,64,0,0,0,115,0,0,0,65532,26688
146,1000,0,0,4,2,2,0,0,19,4,0,0,0,0,70,32768,8,136,524,0,0,0,0,0,0,0,0,0,0,0,0,70,0,0,944,0,0,0,0,64,0,0,0,0,0,0,0,0,26624
146,1100,0,0,4,2,2,0,0,19,4,8192,0,65232,0,64,0,0,65475,193,0,0,0,51200,0,0,56452,56484,0,65504,0,0,64,0,0,912,256,0,0,944,64,0,0,0,115,0,0,0,65532,26688
147,1000,0,0,4,2,2,0,0,19,4,0,0,0,0,70,32768,8,136,524,0,0,0,0,0,0,0,0,0,0,0,0,70,0,0,944,0,0,0,0,64,0,0,0,0,0,0,0,0,26624
147,1100,0,0,4,2,2,0,0,19,4,8192,0,65232,0,64,0,0,65475,193,0,0,0,51200,0,0,56452,56484,0,65504,0,0,64,0,0,912,256,0,0,944,64,0,0,0,115,0,0,0,65532,26688
148,1000,0,0,4,2,2,0,0,19,4,0,0,0,0,70,32768,8,136,524,0,0,0,0,0,0,0,0,0,0,0,0,70,0,0,944,0,0,0,0,64,0,0,0,0,0,0,0,0,26624
148,1100,0,0,4,2,2,0,0,19,4,8192,0,65232,0,64,0,0,65475,193,0,0,0,51200,0,0,56452,56484,0,65504,0,0,64,0,0,912,256,0,0,944,64,0,0,0,115,0,0,0,65532,26688
149,1000,0,0,4,2,2,0,0,19,4,0,0,0,0,70,32768,8,136,524,0,0,0,0,0,0,0,0,0,0,0,0,70,0,0,944,0,0,0,0,64,0,0,0,0,0,0,0,0,26624
149,1100,0,0,4,2,2,0,0,19,4,8192,0,65232,0,64,0,0,65475,193,0,0,0,51200,0,0,56452,56484,0,65504,0,0,64,0,0,912,256,0,0,944,64,0,0,0,115,0,0,0,65532,26688
150,1000,0,0,4,2,2,0,0,19,4,0,0,0,0,70,32768,8,136,524,0,0,0,0,0,0,0,0,0,0,0,0,70,0,0,944,0,0,0,0,64,0,0,0,0,0,0,0,0,26624
150,1100,0,0,4,2,2,0,0,19,4,8192,0,65232,0,64,0,0,65475,193,0,0,0,51200,0,0,56452,56484,0,65504,0,0,64,0,0,912,256,0,0,944,64,0,0,0,115,0,0,0,65532,26688
151,1000,0,0,4,2,2,0,0,19,4,0,0,0,0,70,32768,8,136,524,0,0,0,0,0,0,0,0,0,0,0,0,70,0,0,944,0,0,0,0,64,0,0,0,0,0,0,0,0,26624
151,1100,0,0,4,2,2,0,0,19,4,8192,0,65232,0,64,0,0,65475,193,0,0,0,51200,0,0,56452,56484,0,65504,0,0,64,0,0,912,256,0,0,944,64,0,0,0,115,0,0,0,65532,26688
152,1000,0,0,4,2,2,0,0,19,4,0,0,0,0,70,32768,8,136,524,0,0,0,0,0,0,0,0,0,0,0,0,70,0,0,944,0,0,0,0,64,0,0,0,0,0,0,0,0,26624
152,1100,0,0,4,2,2,0,0,19,4,8192,0,65232,0,64,0,0,65475,193,0,0,0,51200,0,0,56452,56484,0,65504,0,0,64,0,0,912,256,0,0,944,64,0,0,0,115,0,0,0,65532,26688
153,1000,0,0,4,2,2,0,0,19,4,0,0,0,0,70,32768,8,136,524,0,0,0,0,0,0,0,0,0,0,0,0,70,0,0,944,0,0,0,0,64,0,0,0,0,0,0,0,0,26624
153,1100,0,0,4,2,2,0,0,19,4,8192,0,65232,0,64,0,0,65475,193,0,0,0,51200,0,0,56452,56484,0,65504,0,0,64,0,0,912,256,0,0,944,64,0,0,0,115,0,0,0,65532,26688
154,1000,0,0,4,2,2,0,0,19,4,0,0,0,0,70,32768,8,136,524,0,0,0,0,0,0,0,0,0,0,0,0,70,0,0,944,0,0,0,0,64,0,0,0,0,0,0,0,0,26624
154,1100,0,0,4,2,2,0,0,19,4,8192,0,65232,0,64,0,0,65475,193,0,0,0,51200,0,0,56452,56484,0,65504,0,0,64,0,0,912,256,0,0,944,64,0,0,0,115,0,0,0,65532,26688
155,1000,0,0,4,2,2,0,0,19,4,0,0,0,0,70,32768,8,136,524,0,0,0,0,0,0,0,0,0,0,0,0,70,0,0,944,0,0,0,0,64,0,0,0,0,0,0,0,0,26624
155,1100,0,0,4,2,2,0,0,19,4,8192,0,65232,0,64,0,0,65475,193,0,0,0,51200,0,0,56452,56484,0,65504,0,0,64,0,0,912,256,0,0,944,64,0,0,0,115,0,0,0,65532,26688
156,1000,0,0,4,2,2,0,0,19,4,0,0,0,0,70,32768,8,136,524,0,0,0,0,0,0,0,0,0,0,0,0,70,0,0,944,0,0,0,0,64,0,0,0,0,0,0,0,0,26624
156,1100,0,0,4,2,2,0,0,19,4,8192,0,65232,0,64,0,0,65475,193,0,0,0,51200,0,0,56452,56484,0,65504,0,0,64,0,0,912,256,0,0,944,64,0,0,0,115,0,0,0,65532,26688
157,1000,0,0,4,2,2,0,0,19,4,0,0,0,0,70,32768,8,136,524,0,0,0,0,0,0,0,0,0,0,0,0,70,0,0,944,0,0,0,0,64,0,0,0,0,0,0,0,0,26624
157,1100,0,0,4,2,2,0,0,19,4,8192,0,65232,0,64,0,0,65475,193,0,0,0,51200,0,0,56452,56484,0,65504,0,0,64,0,0,912,256,0,0,944,64,0,0,0,115,0,0,0,65532,26688
158,1000,0,0,4,2,2,0,0,19,4,0,0,0,0,70,32768,8,136,524,0,0,0,0,0,0,0,0,0,0,0,0,70,0,0,944,0,0,0,0,64,0,0,0,0,0,0,0,0,26624
158,1100,0,0,4,2,2,0,0,19,4,8192,0,65232,0,64,0,0,65475,193,0,0,0,51200,0,0,56452,56484,0,65504,0,0,64,0,0,912,256,0,0,944,64,0,0,0,115,0,0,0,65532,26688
159,1000,0,0,4,2,2,0,0,19,4,0,0,0,0,70,32768,8,136,524,0,0,0,0,0,0,0,0,0,0,0,0,70,0,0,944,0,0,0,0,64,0,0,0,0,0,0,0,0,26624
159,1100,0,0,4,2,2,0,0,19,4,8192,0,65232,0,64,0,0,65475,193,0,0,0,51200,0,0,56452,56484,0,65504,0,0,64,0,0,912,256,0,0,944,64,0,0,0,115,0,0,0,65532,26688
160,1000,0,0,4,2,2,0,0,19,4,0,0,0,0,70,32768,8,136,524,0,0,0,0,0,0,0,0,0,0,0,0,70,0,0,944,0,0,0,0,64,0,0,0,0,0,0,0,0,26624
160,1100,0,0,4,2,2,0,0,19,4,8192,0,65232,0,64,0,0,65475,193,0,0,0,51200,0,0,56452,56484,0,65504,0,0,64,0,0,912,256,0,0,944,64,0,0,0,115,0,0,0,65532,26688
161,1000,0,0,4,2,2,0,0,19,4,0,0,0,0,70,32768,8,136,524,0,0,0,0,0,0,0,0,0,0,0,0,70,0,0,944,0,0,0,0,64,0,0,0,0,0,0,0,0,26624
161,1100,0,0,4,2,2,0,0,19,4,8192,0,65232,0,64,0,0,65475,193,0,0,0,51200,0,0,56452,56484,0,65504,0,0,64,0,0,912,256,0,0,944,64,0,0,0,115,0,0,0,65532,26688
162,1000,0,0,4,2,2,0,0,19,4,0,0,0,0,70,32768,8,136,524,0,0,0,0,0,0,0,0,0,0,0,0,70,0,0,944,0,0,0,0,64,0,0,0,0,0,0,0,0,26624
162,1100,0,0,4,2,2,0,0,19,4,8192,0,65232,0,64,0,0,65475,193,0,0,0,51200,0,0,56452,56484,0,65504,0,0,64,0,0,912,256,0,0,944,64,0,0,0,115,0,0,0,65532,26688
163,1000,0,0,4,2,2,0,0,19,4,0,0,0,0,70,32768,8,136,524,0,0,0,0,0,0,0,0,0,0,0,0,70,0,0,944,0,0,0,0,64,0,0,0,0,0,0,0,0,26624
163,1100,0,0,4,2,2,0,0,19,4,8192,0,65232,0,64,0,0,65475,193,0,0,0,51200,0,0,56452,56484,0,65504,0,0,64,0,0,912,256,0,0,944,64,0,0,0,115,0,0,0,65532,26688
164,1000,0,0,4,2,2,0,0,19,4,0,0,0,0,70,32768,8,136,524,0,0,0,0,0,0,0,0,0,0,0,0,70,0,0,944,0,0,0,0,64,0,0,0,0,0,0,0,0,26624
164,1100,0,0,4,2,2,0,0,19,4,8192,0,65232,0,64,0,0,65475,193,0,0,0,51200,0,0,56452,56484,0,65504,0,0,64,0,0,912,256,0,0,944,64,0,0,0,115,0,0,0,65532,26688
165,1000,0,0,4,2,2,0,0,19,4,0,0,0,0,70,32768,8,136,524,0,0,0,0,0,0,0,0,0,0,0,0,70,0,0,944,0,0,0,0,64,0,0,0,0,0,0,0,0,26624
165,1100,0,0,4,2,2,0,0,19,4,8192,0,65232,0,64,0,0,65475,193,0,0,0,51200,0,0,56452,56484,0,65504,0,0,64,0,0,912,256,0,0,944,64,0,0,0,115,0,0,0,65532,26688
166,1000,0,0,4,2,2,0,0,19,4,0,0,0,0,70,32768,8,136,524,0,0,0,0,0,0,0,0,0,0,0,0,70,0,0,944,0,0,0,0,64,0,0,0,0,0,0,0,0,26624
166,1100,0,0,4,2,2,0,0,19,4,8192,0,65232,0,64,0,0,65475,193,0,0,0,51200,0,0,56452,56484,0,65504,0,0,64,0,0,912,256,0,0,944,64,0,0,0,115,0,0,0,65532,26688
167,1000,0,0,4,2,2,0,0,19,4,0,0,0,0,70,32768,8,136,524,0,0,0,0,0,0,0,0,0,0,0,0,70,0,0,944,0,0,0,0,64,0,0,0,0,0,0,0,0,26624
167,1100,0,0,4,2,2,0,0,19,4,8192,0,65232,0,64,0,0,65475,193,0,0,0,51200,0,0,56452,56484,0,65504,0,0,64,0,0,912,256,0,0,944,64,0,0,0,115,0,0,0,65532,26688
168,1000,0,0,4,2,2,0,0,19,4,0,0,0,0,70,32768,8,136,524,0,0,0,0,0,0,0,0,0,0,0,0,70,0,0,944,0,0,0,0,64,0,0,0,0,0,0,0,0,26624
168,1100,0,0,4,2,2,0,0,19,4,8192,0,65232,0,64,0,0,65475,193,0,0,0,51200,0,0,56452,56484,0,65504,0,0,64,0,0,912,256,0,0,944,64,0,0,0,115,0,0,0,65532,26688
169,1000,0,0,4,2,2,0,0,19,4,0,0,0,0,70,32768,8,136,524,0,0,0,0,0,0,0,0,0,0,0,0,70,0,0,944,0,0,0,0,64,0,0,0,0,0,0,0,0,26624
169,1100,0,0,4,2,2,0,0,19,4,8192,0,65232,0,64,0,0,65475,193,0,0,0,51200,0,0,56452,56484,0,65504,0,0,64,0,0,912,256,0,0,944,64,0,0,0,115,0,0,0,65532,26688
170,1000,0,0,4,2,2,0,0,19,4,0,0,0,0,70,32768,8,136,524,0,0,0,0,0,0,0,0,0,0,0,0,70,0,0,944,0,0,0,0,64,0,0,0,0,0,0,0,0,26624
170,1100,0,0,4,2,2,0,0,19,4,8192,0,65232,0,64,0,0,65475,193,0,0,0,51200,0,0,56452,56484,0,65504,0,0,64,0,0,912,256,0,0,944,64,0,0,0,115,0,0,0,65532,26688
171,1000,0,0,4,2,2,0,0,19,4,0,0,0,0,70,32768,8,136,524,0,0,0,0,0,0,0,0,0,0,0,0,70,0,0,944,0,0,0,0,64,0,0,0,0,0,0,0,0,26624
171,1100,0,0,4,2,2,0,0,19,4,8192,0,65232,0,64,0,0,65475,193,0,0,0,51200,0,0,56452,56484,0,65504,0,0,64,0,0,912,256,0,0,944,64,0,0,0,115,0,0,0,65532,26688
172,1000,0,0,4,2,2,0,0,19,4,0,0,0,0,70,32768,8,136,524,0,0,0,0,0,0,0,0,0,0,0,0,70,0,0,944,0,0,0,0,64,0,0,0,0,0,0,0,0,26624
172,1100,0,0,4,2,2,0,0,19,4,8192,0,65232,0,64,0,0,65475,193,0,0,0,51200,0,0,56452,56484,0,65504,0,0,64,0,0,912,256,0,0,944,64,0,0,0,115,0,0,0,65532,26688
173,1000,0,0,4,2,2,0,0,19,4,0,0,0,0,70,32768,8,136,524,0,0,0,0,0,0,0,0,0,0,0,0,70,0,0,944,0,0,0,0,64,0,0,0,0,0,0,0,0,26624
173,1100,0,0,4,2,2,0,0,19,4,8192,0,65232,0,64,0,0,65475,193,0,0,0,51200,0,0,56452,56484,0,65504,0,0,64,0,0,912,256,0,0,944,64,0,0,0,115,0,0,0,65532,26688
174,1000,0,0,4,2,2,0,0,19,4,0,0,0,0,70,32768,8,136,524,0,0,0,0,0,0,0,0,0,0,0,0,70,0,0,944,0,0,0,0,64,0,0,0,0,0,0,0,0,26624
174,1100,0,0,4,2,2,0,0,19,4,8192,0,65232,0,64,0,0,65475,193,0,0,0,51200,0,0,56452,56484,0,65504,0,0,64,0,0,912,256,0,0,944,64,0,0,0,115,0,0,0,65532,26688
175,1000,0,0,4,2,2,0,0,19,4,0,0,0,0,70,32768,8,136,524,0,0,0,0,0,0,0,0,0,0,0,0,70,0,0,944,0,0,0,0,64,0,0,0,0,0,0,0,0,26624
175,1100,0,0,4,2,2,0,0,19,4,8192,0,65232,0,64,0,0,65475,193,0,0,0,51200,0,0,56452,56484,0,65504,0,0,64,0,0,912,256,0,0,944,64,0,0,0,115,0,0,0,65532,26688
176,1000,0,0,4,2,2,0,0,19,4,0,0,0,0,70,32768,8,136,524,0,0,0,0,0,0,0,0,0,0,0,0,70,0,0,944,0,0,0,0,64,0,0,0,0,0,0,0,0,26624
176,1100,0,0,4,2,2,0,0,19,4,8192,0,65232,0,64,0,0,65475,193,0,0,0,51200,0,0,56452,56484,0,65504,0,0,64,0,0,912,256,0,0,944,64,0,0,0,115,0,0,0,65532,26688
177,1000,0,0,4,2,2,0,0,19,4,0,0,0,0,70,32768,8,136,524,0,0,0,0,0,0,0,0,0,0,0,0,70,0,0,944,0,0,0,0,64,0,0,0,0,0,0,0,0,26624
177,1100,0,0,4,2,2,0,0,19,4,8192,0,65232,0,64,0,0,65475,193,0,0,0,51200,0,0,56452,56484,0,65504,0,0,64,0,0,912,256,0,0,944,64,0,0,0,115,0,0,0,65532,26688
178,1000,0,0,4,2,2,0,0,19,4,0,0,0,0,70,32768,8,136,524,0,0,0,0,0,0,0,0,0,0,0,0,70,0,0,944,0,0,0,0,64,0,0,0,0,0,0,0,0,26624
178,1100,0,0,4,2,2,0,0,19,4,8192,0,65232,0,64,0,0,65475,193,0,0,0,51200,0,0,56452,56484,0,65504,0,0,64,0,0,912,256,0,0,944,64,0,0,0,115,0,0,0,65532,26688
179,1000,0,0,4,2,2,0,0,19,4,0,0,0,0,70,32768,8,136,524,0,0,0,0,0,0,0,0,0,0,0,0,70,0,0,944,0,0,0,0,64,0,0,0,0,0,0,0,0,26624
179,1100,0,0,4,2,2,0,0,19,4,8192,0,65232,0,64,0,0,65475,193,0,0,0,51200,0,0,56452,56484,0,65504,0,0,64,0,0,912,256,0,0,944,64,0,0,0,115,0,0,0,65532,26688
180,1000,0,0,4,2,2,0,0,19,4,0,0,0,0,70,32768,8,136,524,0,0,0,0,0,0,0,0,0,0,0,0,70,0,0,944,0,0,0,0,64,0,0,0,0,0,0,0,0,26624
180,1100,0,0,4,2,2,0,0,19,4,8192,0,65232,0,64,0,0,65475,193,0,0,0,51200,0,0,56452,56484,0,65504,0,0,64,0,0,912,256,0,0,944,64,0,0,0,115,0,0,0,65532,26688
181,1000,0,0,4,2,2,0,0,19,4,0,0,0,0,70,32768,8,136,524,0,0,0,0,0,0,0,0,0,0,0,0,70,0,0,944,0,0,0,0,64,0,0,0,0,0,0,0,0,26624
181,1100,0,0,4,2,2,0,0,19,4,8192,0,65232,0,64,0,0,65475,193,0,0,0,51200,0,0,56452,56484,0,65504,0,0,64,0,0,912,256,0,0,944,64,0,0,0,115,0,0,0,65532,26688
182,1000,0,0,4,2,2,0,0,19,4,0,0,0,0,70,32768,8,136,524,0,0,0,0,0,0,0,0,0,0,0,0,70,0,0,944,0,0,0,0,64,0,0,0,0,0,0,0,0,26624
182,1100,0,0,4,2,2,0,0,19,4,8192,0,65232,0,64,0,0,65475,193,0,0,0,51200,0,0,56452,56484,0,65504,0,0,64,0,0,912,256,0,0,944,64,0,0,0,115,0,0,0,65532,26688
183,1000,0,0,4,2,2,0,0,19,4,0,0,0,0,70,32768,8,136,524,0,0,0,0,0,0,0,0,0,0,0,0,70,0,0,944,0,0,0,0,64,0,0,0,0,0,0,0,0,26624
183,1100,0,0,4,2,2,0,0,19,4,8192,0,65232,0,64,0,0,65475,193,0,0,0,51200,0,0,56452,56484,0,65504,0,0,64,0,0,912,256,0,0,944,64,0,0,0,115,0,0,0,65532,26688
184,1000,0,0,4,2,2,0,0,19,4,0,0,0,0,70,32768,8,136,524,0,0,0,0,0,0,0,0,0,0,0,0,70,0,0,944,0,0,0,0,64,0,0,0,0,0,0,0,0,26624
184,1100,0,0,4,2,2,0,0,19,4,8192,0,65232,0,64,0,0,65475,193,0,0,0,51200,0,0,56452,56484,0,65504,0,0,64,0,0,912,256,0,0,944,64,0,0,0,115,0,0,0,65532,26688
185,1000,0,0,4,2,2,0,0,19,4,0,0,0,0,70,32768,8,136,524,0,0,0,0,0,0,0,0,0,0,0,0,70,0,0,944,0,0,0,0,64,0,0,0,0,0,0,0,0,26624
185,1100,0,0,4,2,2,0,0,19,4,8192,0,65232,0,64,0,0,65475,193,0,0,0,51200,0,0,56452,56484,0,65504,0,0,64,0,0,912,256,0,0,944,64,0,0,0,115,0,0,0,65532,26688
186,1000,0,0,4,2,2,0,0,19,4,0,0,0,0,70,32768,8,136,524,0,0,0,0,0,0,0,0,0,0,0,0,70,0,0,944,0,0,0,0,64,0,0,0,0,0,0,0,0,26624
186,1100,0,0,4,2,2,0,0,19,4,8192,0,65232,0,64,0,0,65475,193,0,0,0,51200,0,0,56452,56484,0,65504,0,0,64,0,0,912,256,0,0,944,64,0,0,0,115,0,0,0,65532,26688
187,1000,0,0,4,2,2,0,0,19,4,0,0,0,0,70,32768,8,136,524,0,0,0,0,0,0,0,0,0,0,0,0,70,0,0,944,0,0,0,0,64,0,0,0,0,0,0,0,0,26624
187,1100,0,0,4,2,2,0,0,19,4,8192,0,65232,0,64,0,0,65475,193,0,0,0,51200,0,0,56452,56484,0,65504,0,0,64,0,0,912,256,0,0,944,64,0,0,0,115,0,0,0,65532,26688
188,1000,0,0,4,2,2,0,0,19,4,0,0,0,0,70,32768,8,136,524,0,0,0,0,0,0,0,0,0,0,0,0,70,0,0,944,0,0,0,0,64,0,0,0,0,0,0,0,0,26624
188,1100,0,0,4,2,2,0,0,19,4,8192,0,65232,0,64,0,0,65475,193,0,0,0,51200,0,0,56452,56484,0,65504,0,0,64,0,0,912,256,0,0,944,64,0,0,0,115,0,0,0,65532,26688
189,1000,0,0,4,2,2,0,0,19,4,0,0,0,0,70,32768,8,136,524,0,0,0,0,0,0,0,0,0,0,0,0,70,0,0,944,0,0,0,0,64,0,0,0,0,0,0,0,0,26624
189,1100,0,0,4,2,2,0,0,19,4,8192,0,65232,0,64,0,0,65475,193,0,0,0,51200,0,0,56452,56484,0,65504,0,0,64,0,0,912,256,0,0,944,64,0,0,0,115,0,0,0,65532,26688
190,1000,0,0,4,2,2,0,0,19,4,0,0,0,0,70,32768,8,136,524,0,0,0,0,0,0,0,0,0,0,0,0,70,0,0,944,0,0,0,0,64,0,0,0,0,0,0,0,0,26624
190,1100,0,0,4,2,2,0,0,19,4,8192,0,65232,0,64,0,0,65475,193,0,0,0,51200,0,0,56452,56484,0,65504,0,0,64,0,0,912,256,0,0,944,64,0,0,0,115,0,0,0,65532,26688
191,1000,0,0,4,2,2,0,0,19,4,0,0,0,0,70,32768,8,136,524,0,0,0,0,0,0,0,0,0,0,0,0,70,0,0,944,0,0,0,0,64,0,0,0,0,0,0,0,0,26624
191,1100,0,0,4,2,2,0,0,19,4,8192,0,65232,0,64,0,0,65475,193,0,0,0,51200,0,0,56452,56484,0,65504,0,0,64,0,0,912,256,0,0,944,64,0,0,0,115,0,0,0,65532,26688
192,1000,0,0,4,2,2,0,0,19,4,0,0,0,0,70,32768,8,136,524,0,0,0,0,0,0,0,0,0,0,0,0,70,0,0,944,0,0,0,0,64,0,0,0,0,0,0,0,0,26624
192,1100,0,0,4,2,2,0,0,19,4,8192,0,65232,0,64,0,0,65475,193,0,0,0,51200,0,0,56452,56484,0,65504,0,0,64,0,0,912,256,0,0,944,64,0,0,0,115,0,0,0,65532,26688
193,1000,0,0,4,2,2,0,0,19,4,0,0,0,0,70,32768,8,136,524,0,0,0,0,0,0,0,0,0,0,0,0,70,0,0,944,0,0,0,0,64,0,0,0,0,0,0,0,0,26624
193,1100,0,0,4,2,2,0,0,19,4,8192,0,65232,0,64,0,0,65475,193,0,0,0,51200,0,0,56452,56484,0,65504,0,0,64,0,0,912,256,0,0,944,64,0,0,0,115,0,0,0,65532,26688
194,1000,0,0,4,2,2,0,0,19,4,0,0,0,0,70,32768,8,136,524,0,0,0,0,0,0,0,0,0,0,0,0,70,0,0,944,0,0,0,0,64,0,0,0,0,0,0,0,0,26624
194,1100,0,0,4,2,2,0,0,19,4,8192,0,65232,0,64,0,0,65475,193,0,0,0,51200,0,0,56452,56484,0,65504,0,0,64,0,0,912,256,0,0,944,64,0,0,0,115,0,0,0,65532,26688
195,1000,0,0,4,2,2,0,0,19,4,0,0,0,0,70,32768,8,136,524,0,0,0,0,0,0,0,0,0,0,0,0,70,0,0,944,0,0,0,0,64,0,0,0,0,0,0,0,0,26624
195,1100,0,0,4,2,2,0,0,19,4,8192,0,65232,0,64,0,0,65475,193,0,0,0,51200,0,0,56452,56484,0,65504,0,0,64,0,0,912,256,0,0,944,64,0,0,0,115,0,0,0,65532,26688
196,1000,0,0,4,2,2,0,0,19,4,0,0,0,0,70,32768,8,136,524,0,0,0,0,0,0,0,0,0,0,0,0,70,0,0,944,0,0,0,0,64,0,0,0,0,0,0,0,0,26624
196,1100,0,0,4,2,2,0,0,19,4,8192,0,65232,0,64,0,0,65475,193,0,0,0,51200,0,0,56452,56484,0,65504,0,0,64,0,0,912,256,0,0,944,64,0,0,0,115,0,0,0,65532,26688
197,1000,0,0,4,2,2,0,0,19,4,0,0,0,0,70,32768,8,136,524,0,0,0,0,0,0,0,0,0,0,0,0,70,0,0,944,0,0,0,0,64,0,0,0,0,0,0,0,0,26624
197,1100,0,0,4,2,2,0,0,19,4,8192,0,65232,0,64,0,0,65475,193,0,0,0,51200,0,0,56452,56484,0,65504,0,0,64,0,0,912,256,0,0,944,64,0,0,0,115,0,0,0,65532,26688
198,1000,0,0,4,2,2,0,0,19,4,0,0,0,0,70,32768,8,136,524,0,0,0,0,0,0,0,0,0,0,0,0,70,0,0,944,0,0,0,0,64,0,0,0,0,0,0,0,0,26624
198,1100,0,0,4,2,2,0,0,19,4,8192,0,65232,0,64,0,0,65475,193,0,0,0,51200,0,0,56452,56484,0,65504,0,0,64,0,0,912,256,0,0,944,64,0,0,0,115,0,0,0,65532,26688
199,1000,0,0,4,2,2,0,0,19,4,0,0,0,0,70,32768,8,136,524,0,0,0,0,0,0,0,0,0,0,0,0,70,0,0,944,0,0,0,0,64,0,0,0,0,0,0,0,0,26624
199,1100,0,0,4,2,2,0,0,19,4,8192,0,65232,0,64,0,0,65475,193,0,0,0,51200,0,0,56452,56484,0,65504,0,0,64,0,0,912,256,0,0,944,64,0,0,0,115,0,0,0,65532,26688
200,1000,0,0,4,2,2,0,0,19,4,0,0,0,0,70,32768,8,136,524,0,0,0,0,0,0,0,0,0,0,0,0,70,0,0,944,0,0,0,0,64,0,0,0,0,0,0,0,0,26624
200,1100,0,0,4,2,2,0,0,19,4,8192,0,65232,0,64,0,0,65475,193,0,0,0,51200,0,0,56452,56484,0,65504,0,0,64,0,0,912,256,0,0,944,64,0,0,0,115,0,0,0,65532,26688
201,1000,0,0,4,2,2,0,0,19,4,0,0,0,0,70,32768,8,136,524,0,0,0,0,0,0,0,0,0,0,0,0,70,0,0,944,0,0,0,0,64,0,0,0,0,0,0,0,0,26624
201,1100,0,0,4,2,2,0,0,19,4,8192,0,65232,0,64,0,0,65475,193,0,0,0,51200,0,0,56452,56484,0,65504,0,0,64,0,0,912,256,0,0,944,64,0,0,0,115,0,0,0,65532,26688
202,1000,0,0,4,2,2,0,0,19,4,0,0,0,0,70,32768,8,136,524,0,0,0,0,0,0,0,0,0,0,0,0,70,0,0,944,0,0,0,0,64,0,0,0,0,0,0,0,0,26624
202,1100,0,0,4,2,2,0,0,19,4,8192,0,65232,0,64,0,0,65475,193,0,0,0,51200,0,0,56452,56484,0,65504,0,0,64,0,0,912,256,0,0,944,64,0,0,0,115,0,0,0,65532,26688
203,1000,0,0,4,2,2,0,0,19,4,0,0,0,0,70,32768,8,136,524,0,0,0,0,0,0,0,0,0,0,0,0,70,0,0,944,0,0,0,0,64,0,0,0,0,0,0,0,0,26624
203,1100,0,0,4,2,2,0,0,19,4,8192,0,65232,0,64,0,0,65475,193,0,0,0,51200,0,0,56452,56484,0,65504,0,0,64,0,0,912,256,0,0,944,64,0,0,0,115,0,0,0,65532,26688
204,1000,0,0,4,2,2,0,0,19,4,0,0,0,0,70,32768,8,136,524,0,0,0,0,0,0,0,0,0,0,0,0,70,0,0,944,0,0,0,0,64,0,0,0,0,0,0,0,0,26624
204,1100,0,0,4,2,2,0,0,19,4,8192,0,65232,0,64,0,0,65475,193,0,0,0,51200,0,0,56452,56484,0,65504,0,0,64,0,0,912,256,0,0,944,64,0,0,0,115,0,0,0,65532,26688
205,1000,0,0,4,2,2,0,0,19,4,0,0,0,0,70,32768,8,136,524,0,0,0,0,0,0,0,0,0,0,0,0,70,0,0,944,0,0,0,0,64,0,0,0,0,0,0,0,0,26624
205,1100,0,0,4,2,2,0,0,19,4,8192,0,65232,0,64,0,0,65475,193,0,0,0,51200,0,0,56452,56484,0,65504,0,0,64,0,0,912,256,0,0,944,64,0,0,0,115,0,0,0,65532,26688
206,1000,0,0,4,2,2,0,0,19,4,0,0,0,0,70,32768,8,136,524,0,0,0,0,0,0,0,0,0,0,0,0,70,0,0,944,0,0,0,0,64,0,0,0,0,0,0,0,0,26624
206,1100,0,0,4,2,2,0,0,19,4,8192,0,65232,0,64,0,0,65475,193,0,0,0,51200,0,0,56452,56484,0,65504,0,0,64,0,0,912,256,0,0,944,64,0,0,0,115,0,0,0,65532,26688
207,1000,0,0,4,2,2,0,0,19,4,0,0,0,0,70,32768,8,136,524,0,0,0,0,0,0,0,0,0,0,0,0,70,0,0,944,0,0,0,0,64,0,0,0,0,0,0,0,0,26624
207,1100,0,0,4,2,2,0,0,19,4,8192,0,65232,0,64,0,0,65475,193,0,0,0,51200,0,0,56452,56484,0,65504,0,0,64,0,0,912,256,0,0,944,64,0,0,0,115,0,0,0,65532,26688
208,1000,0,0,4,2,2,0,0,19,4,0,0,0,0,70,32768,8,136,524,0,0,0,0,0,0,0,0,0,0,0,0,70,0,0,944,0,0,0,0,64,0,0,0,0,0,0,0,0,26624
208,1100,0,0,4,2,2,0,0,19,4,8192,0,65232,0,64,0,0,65475,193,0,0,0,51200,0,0,56452,56484,0,65504,0,0,64,0,0,912,256,0,0,944,64,0,0,0,115,0,0,0,65532,26688
209,1000,0,0,4,2,2,0,0,19,4,0,0,0,0,70,32768,8,136,524,0,0,0,0,0,0,0,0,0,0,0,0,70,0,0,944,0,0,0,0,64,0,0,0,0,0,0,0,0,26624
209,1100,0,0,4,2,2,0,0,19,4,8192,0,65232,0,64,0,0,65475,193,0,0,0,51200,0,0,56452,56484,0,65504,0,0,64,0,0,912,256,0,0,944,64,0,0,0,115,0,0,0,65532,26688
210,1000,0,0,4,2,2,0,0,19,4,0,0,0,0,70,32768,8,136,524,0,0,0,0,0,0,0,0,0,0,0,0,70,0,0,944,0,0,0,0,64,0,0,0,0,0,0,0,0,26624
210,1100,0,0,4,2,2,0,0,19,4,8192,0,65232,0,64,0,0,65475,193,0,0,0,51200,0,0,56452,56484,0,65504,0,0,64,0,0,912,256,0,0,944,64,0,0,0,115,0,0,0,65532,26688
211,1000,0,0,4,2,2,0,0,19,4,0,0,0,0,70,32768,8,136,524,0,0,0,0,0,0,0,0,0,0,0,0,70,0,0,944,0,0,0,0,64,0,0,0,0,0,0,0,0,26624
211,1100,0,0,4,2,2,0,0,19,4,8192,0,65232,0,64,0,0,65475,193,0,0,0,51200,0,0,56452,56484,0,65504,0,0,64,0,0,912,256,0,0,944,64,0,0,0,115,0,0,0,65532,26688
212,1000,0,0,4,2,2,0,0,19,4,0,0,0,0,70,32768,8,136,524,0,0,0,0,0,0,0,0,0,0,0,0,70,0,0,944,0,0,0,0,64,0,0,0,0,0,0,0,0,26624
212,1100,0,0,4,2,2,0,0,19,4,8192,0,65232,0,64,0,0,65475,193,0,0,0,51200,0,0,56452,56484,0,65504,0,0,64,0,0,912,256,0,0,944,64,0,0,0,115,0,0,0,65532,26688
213,1000,0,0,4,2,2,0,0,19,4,0,0,0,0,70,32768,8,136,524,0,0,0,0,0,0,0,0,0,0,0,0,70,0,0,944,0,0,0,0,64,0,0,0,0,0,0,0,0,26624
213,1100,0,0,4,2,2,0,0,19,4,8192,0,65232,0,64,0,0,65475,193,0,0,0,51200,0,0,56452,56484,0,65504,0,0,64,0,0,912,256,0,0,944,64,0,0,0,115,0,0,0,65532,26688
214,1000,0,0,4,2,2,0,0,19,4,0,0,0,0,70,32768,8,136,524,0,0,0,0,0,0,0,0,0,0,0,0,70,0,0,944,0,0,0,0,64,0,0,0,0,0,0,0,0,26624
214,1100,0,0,4,2,2,0,0,19,4,8192,0,65232,0,64,0,0,65475,193,0,0,0,51200,0,0,56452,56484,0,65504,0,0,64,0,0,912,256,0,0,944,64,0,0,0,115,0,0,0,65532,26688
215,1000,0,0,4,2,2,0,0,19,4,0,0,0,0,70,32768,8,136,524,0,0,0,0,0,0,0,0,0,0,0,0,70,0,0,944,0,0,0,0,64,0,0,0,0,0,0,0,0,26624
215,1100,0,0,4,2,2,0,0,19,4,8192,0,65232,0,64,0,0,65475,193,0,0,0,51200,0,0,56452,56484,0,65504,0,0,64,0,0,912,256,0,0,944,64,0,0,0,115,0,0,0,65532,26688
216,1000,0,0,4,2,2,0,0,19,4,0,0,0,0,70,32768,8,136,524,0,0,0,0,0,0,0,0,0,0,0,0,70,0,0,944,0,0,0,0,64,0,0,0,0,0,0,0,0,26624
216,1100,0,0,4,2,2,0,0,19,4,8192,0,65232,0,64,0,0,65475,193,0,0,0,51200,0,0,56452,56484,0,65504,0,0,64,0,0,912,256,0,0,944,64,0,0,0,115,0,0,0,65532,26688
217,1000,0,0,4,2,2,0,0,19,4,0,0,0,0,70,32768,8,136,524,0,0,0,0,0,0,0,0,0,0,0,0,70,0,0,944,0,0,0,0,64,0,0,0,0,0,0,0,0,26624
217,1100,0,0,4,2,2,0,0,19,4,8192,0,65232,0,64,0,0,65475,193,0,0,0,51200,0,0,56452,56484,0,65504,0,0,64,0,0,912,256,0,0,944,64,0,0,0,115,0,0,0,65532,26688
218,1000,0,0,4,2,2,0,0,19,4,0,0,0,0,70,32768,8,136,524,0,0,0,0,0,0,0,0,0,0,0,0,70,0,0,944,0,0,0,0,64,0,0,0,0,0,0,0,0,26624
218,1100,0,0,4,2,2,0,0,19,4,8192,0,65232,0,64,0,0,65475,193,0,0,0,51200,0,0,56452,56484,0,65504,0,0,64,0,0,912,256,0,0,944,64,0,0,0,115,0,0,0,65532,26688
219,1000,0,0,4,2,2,0,0,19,4,0,0,0,0,70,32768,8,136,524,0,0,0,0,0,0,0,0,0,0,0,0,70,0,0,944,0,0,0,0,64,0,0,0,0,0,0,0,0,26624
219,1100,0,0,4,2,2,0,0,19,4,8192,0,65232,0,64,0,0,65475,193,0,0,0,51200,0,0,56452,56484,0,65504,0,0,64,0,0,912,256,0,0,944,64,0,0,0,115,0,0,0,65532,26688
220,1000,0,0,4,2,2,0,0,19,4,0,0,0,0,70,32768,8,136,524,0,0,0,0,0,0,0,0,0,0,0,0,70,0,0,944,0,0,0,0,64,0,0,0,0,0,0,0,0,26624
220,1100,0,0,4,2,2,0,0,19,4,8192,0,65232,0,64,0,0,65475,193,0,0,0,51200,0,0,56452,56484,0,65504,0,0,64,0,0,912,256,0,0,944,64,0,0,0,115,0,0,0,65532,26688
221,1000,0,0,4,2,2,0,0,19,4,0,0,0,0,70,32768,8,136,524,0,0,0,0,0,0,0,0,0,0,0,0,70,0,0,944,0,0,0,0,64,0,0,0,0,0,0,0,0,26624
221,1100,0,0,4,2,2,0,0,19,4,8192,0,65232,0,64,0,0,65475,193,0,0,0,51200,0,0,56452,56484,0,65504,0,0,64,0,0,912,256,0,0,944,64,0,0,0,115,0,0,0,65532,26688
222,1000,0,0,4,2,2,0,0,19,4,0,0,0,0,70,32768,8,136,524,0,0,0,0,0,0,0,0,0,0,0,0,70,0,0,944,0,0,0,0,64,0,0,0,0,0,0,0,0,26624
222,1100,0,0,4,2,2,0,0,19,4,8192,0,65232,0,64,0,0,65475,193,0,0,0,51200,0,0,56452,56484,0,65504,0,0,64,0,0,912,256,0,0,944,64,0,0,0,115,0,0,0,65532,26688
223,1000,0,0,4,2,2,0,0,19,4,0,0,0,0,70,32768,8,136,524,0,0,0,0,0,0,0,0,0,0,0,0,70,0,0,944,0,0,0,0,64,0,0,0,0,0,0,0,0,26624
223,1100,0,0,4,2,2,0,0,19,4,8192,0,65232,0,64,0,0,65475,193,0,0,0,51200,0,0,56452,56484,0,65504,0,0,64,0,0,912,256,0,0,944,64,0,0,0,115,0,0,0,65532,26688
224,1000,0,0,4,2,2,0,0,19,4,0,0,0,0,70,32768,8,136,524,0,0,0,0,0,0,0,0,0,0,0,0,70,0,0,944,0,0,0,0,64,0,0,0,0,0,0,0,0,26624
224,1100,0,0,4,2,2,0,0,19,4,8192,0,65232,0,64,0,0,65475,193,0,0,0,51200,0,0,56452,56484,0,65504,0,0,64,0,0,912,256,0,0,944,64,0,0,0,115,0,0,0,65532,26688
225,1000,0,0,4,2,2,0,0,19,4,0,0,0,0,70,32768,8,136,524,0,0,0,0,0,0,0,0,0,0,0,0,70,0,0,944,0,0,0,0,64,0,0,0,0,0,0,0,0,26624
225,1100,0,0,4,2,2,0,0,19,4,8192,0,65232,0,64,0,0,65475,193,0,0,0,51200,0,0,56452,56484,0,65504,0,0,64,0,0,912,256,0,0,944,64,0,0,0,115,0,0,0,65532,26688
226,1000,0,0,4,2,2,0,0,19,4,0,0,0,0,70,32768,8,136,524,0,0,0,0,0,0,0,0,0,0,0,0,70,0,0,944,0,0,0,0,64,0,0,0,0,0,0,0,0,26624
226,1100,0,0,4,2,2,0,0,19,4,8192,0,65232,0,64,0,0,65475,193,0,0,0,51200,0,0,56452,56484,0,65504,0,0,64,0,0,912,256,0,0,944,64,0,0,0,115,0,0,0,65532,26688
227,1000,0,0,4,2,2,0,0,19,4,0,0,0,0,70,32768,8,136,524,0,0,0,0,0,0,0,0,0,0,0,0,70,0,0,944,0,0,0,0,64,0,0,0,0,0,0,0,0,26624
227,1100,0,0,4,2,2,0,0,19,4,8192,0,65232,0,64,0,0,65475,193,0,0,0,51200,0,0,56452,56484,0,65504,0,0,64,0,0,912,256,0,0,944,64,0,0,0,115,0,0,0,65532,26688
228,1000,0,0,4,2,2,0,0,19,4,0,0,0,0,70,32768,8,136,524,0,0,0,0,0,0,0,0,0,0,0,0,70,0,0,944,0,0,0,0,64,0,0,0,0,0,0,0,0,26624
228,1100,0,0,4,2,2,0,0,19,4,8192,0,65232,0,64,0,0,65475,193,0,0,0,51200,0,0,56452,56484,0,65504,0,0,64,0,0,912,256,0,0,944,64,0,0,0,115,0,0,0,65532,26688
229,1000,0,0,4,2,2,0,0,19,4,0,0,0,0,70,32768,8,136,524,0,0,0,0,0,0,0,0,0,0,0,0,70,0,0,944,0,0,0,0,64,0,0,0,0,0,0,0,0,26624
229,1100,0,0,4,2,2,0,0,19,4,8192,0,65232,0,64,0,0,65475,193,0,0,0,51200,0,0,56452,56484,0,65504,0,0,64,0,0,912,256,0,0,944,64,0,0,0,115,0,0,0,65532,26688
230,1000,0,0,4,2,2,0,0,19,4,0,0,0,0,70,32768,8,136,524,0,0,0,0,0,0,0,0,0,0,0,0,70,0,0,944,0,0,0,0,64,0,0,0,0,0,0,0,0,26624
230,1100,0,0,4,2,2,0,0,19,4,8192,0,65232,0,64,0,0,65475,193,0,0,0,51200,0,0,56452,56484,0,65504,0,0,64,0,0,912,256,0,0,944,64,0,0,0,115,0,0,0,65532,26688
231,1000,0,0,4,2,2,0,0,19,4,0,0,0,0,70,32768,8,136,524,0,0,0,0,0,0,0,0,0,0,0,0,70,0,0,944,0,0,0,0,64,0,0,0,0,0,0,0,0,26624
231,1100,0,0,4,2,2,0,0,19,4,8192,0,65232,0,64,0,0,65475,193,0,0,0,51200,0,0,56452,56484,0,65504,0,0,64,0,0,912,256,0,0,944,64,0,0,0,115,0,0,0,65532,26688
232,1000,0,0,4,2,2,0,0,19,4,0,0,0,0,70,32768,8,136,524,0,0,0,0,0,0,0,0,0,0,0,0,70,0,0,944,0,0,0,0,64,0,0,0,0,0,0,0,0,26624
232,1100,0,0,4,2,2,0,0,19,4,8192,0,65232,0,64,0,0,65475,193,0,0,0,51200,0,0,56452,56484,0,65504,0,0,64,0,0,912,256,0,0,944,64,0,0,0,115,0,0,0,65532,26688
233,1000,0,0,4,2,2,0,0,19,4,0,0,0,0,70,32768,8,136,524,0,0,0,0,0,0,0,0,0,0,0,0,70,0,0,944,0,0,0,0,64,0,0,0,0,0,0,0,0,26624
233,1100,0,0,4,2,2,0,0,19,4,8192,0,65232,0,64,0,0,65475,193,0,0,0,51200,0,0,56452,56484,0,65504,0,0,64,0,0,912,256,0,0,944,64,0,0,0,115,0,0,0,65532,26688
234,1000,0,0,4,2,2,0,0,19,4,0,0,0,0,70,32768,8,136,524,0,0,0,0,0,0,0,0,0,0,0,0,70,0,0,944,0,0,0,0,64,0,0,0,0,0,0,0,0,26624
234,1100,0,0,4,2,2,0,0,19,4,8192,0,65232,0,64,0,0,65475,193,0,0,0,51200,0,0,56452,56484,0,65504,0,0,64,0,0,912,256,0,0,944,64,0,0,0,115,0,0,0,65532,26688
235,1000,0,0,4,2,2,0,0,19,4,0,0,0,0,70,32768,8,136,524,0,0,0,0,0,0,0,0,0,0,0,0,70,0,0,944,0,0,0,0,64,0,0,0,0,0,0,0,0,26624
235,1100,0,0,4,2,2,0,0,19,4,8192,0,65232,0,64,0,0,65475,193,0,0,0,51200,0,0,56452,56484,0,65504,0,0,64,0,0,912,256,0,0,944,64,0,0,0,115,0,0,0,65532,26688
236,1000,0,0,4,2,2,0,0,19,4,0,0,0,0,70,32768,8,136,524,0,0,0,0,0,0,0,0,0,0,0,0,70,0,0,944,0,0,0,0,64,0,0,0,0,0,0,0,0,26624
236,1100,0,0,4,2,2,0,0,19,4,8192,0,65232,0,64,0,0,65475,193,0,0,0,51200,0,0,56452,56484,0,65504,0,0,64,0,0,912,256,0,0,944,64,0,0,0,115,0,0,0,65532,26688
237,1000,0,0,4,2,2,0,0,19,4,0,0,0,0,70,32768,8,136,524,0,0,0,0,0,0,0,0,0,0,0,0,70,0,0,944,0,0,0,0,64,0,0,0,0,0,0,0,0,26624
237,1100,0,0,4,2,2,0,0,19,4,8192,0,65232,0,64,0,0,65475,193,0,0,0,51200,0,0,56452,56484,0,65504,0,0,64,0,0,912,256,0,0,944,64,0,0,0,115,0,0,0,65532,26688
238,1000,0,0,4,2,2,0,0,19,4,0,0,0,0,70,32768,8,136,524,0,0,0,0,0,0,0,0,0,0,0,0,70,0,0,944,0,0,0,0,64,0,0,0,0,0,0,0,0,26624
238,1100,0,0,4,2,2,0,0,19,4,8192,0,65232,0,64,0,0,65475,193,0,0,0,51200,0,0,56452,56484,0,65504,0,0,64,0,0,912,256,0,0,944,64,0,0,0,115,0,0,0,65532,26688
239,1000,0,0,4,2,2,0,0,19,4,0,0,0,0,70,32768,8,136,524,0,0,0,0,0,0,0,0,0,0,0,0,70,0,0,944,0,0,0,0,64,0,0,0,0,0,0,0,0,26624
239,1100,0,0,4,2,2,0,0,19,4,8192,0,65232,0,64,0,0,65475,193,0,0,0,51200,0,0,56452,56484,0,65504,0,0,64,0,0,912,256,0,0,944,64,0,0,0,115,0,0,0,65532,26688
240,1000,0,0,4,2,2,0,0,19,4,0,0,0,0,70,32768,8,136,524,0,0,0,0,0,0,0,0,0,0,0,0,70,0,0,944,0,0,0,0,64,0,0,0,0,0,0,0,0,26624
240,1100,0,0,4,2,2,0,0,19,4,8192,0,65232,0,64,0,0,65475,193,0,0,0,51200,0,0,56452,56484,0,65504,0,0,64,0,0,912,256,0,0,944,64,0,0,0,115,0,0,0,65532,26688
241,1000,0,0,4,2,2,0,0,19,4,0,0,0,0,70,32768,8,136,524,0,0,0,0,0,0,0,0,0,0,0,0,70,0,0,944,0,0,0,0,64,0,0,0,0,0,0,0,0,26624
241,1100,0,0,4,2,2,0,0,19,4,8192,0,65232,0,64,0,0,65475,193,0,0,0,51200,0,0,56452,56484,0,65504,0,0,64,0,0,912,256,0,0,944,64,0,0,0,115,0,0,0,65532,26688
242,1000,0,0,4,2,2,0,0,19,4,0,0,0,0,70,32768,8,136,524,0,0,0,0,0,0,0,0,0,0,0,0,70,0,0,944,0,0,0,0,64,0,0,0,0,0,0,0,0,26624
242,1100,0,0,4,2,2,0,0,19,4,8192,0,65232,0,64,0,0,65475,193,0,0,0,51200,0,0,56452,56484,0,65504,0,0,64,0,0,912,256,0,0,944,64,0,0,0,115,0,0,0,65532,26688
243,1000,0,0,4,2,2,0,0,19,4,0,0,0,0,70,32768,8,136,524,0,0,0,0,0,0,0,0,0,0,0,0,70,0,0,944,0,0,0,0,64,0,0,0,0,0,0,0,0,26624
243,1100,0,0,4,2,2,0,0,19,4,8192,0,65232,0,64,0,0,65475,193,0,0,0,51200,0,0,56452,56484,0,65504,0,0,64,0,0,912,256,0,0,944,64,0,0,0,115,0,0,0,65532,26688
244,1000,0,0,4,2,2,0,0,19,4,0,0,0,0,70,32768,8,136,524,0,0,0,0,0,0,0,0,0,0,0,0,70,0,0,944,0,0,0,0,64,0,0,0,0,0,0,0,0,26624
244,1100,0,0,4,2,2,0,0,19,4,8192,0,65232,0,64,0,0,65475,193,0,0,0,51200,0,0,56452,56484,0,65504,0,0,64,0,0,912,256,0,0,944,64,0,0,0,115,0,0,0,65532,26688
245,1000,0,0,4,2,2,0,0,19,4,0,0,0,0,70,32768,8,136,524,0,0,0,0,0,0,0,0,0,0,0,0,70,0,0,944,0,0,0,0,64,0,0,0,0,0,0,0,0,26624
245,1100,0,0,4,2,2,0,0,19,4,8192,0,65232,0,64,0,0,65475,193,0,0,0,51200,0,0,56452,56484,0,65504,0,0,64,0,0,912,256,0,0,944,64,0,0,0,115,0,0,0,65532,26688
246,1000,0,0,4,2,2,0,0,19,4,0,0,0,0,70,32768,8,136,524,0,0,0,0,0,0,0,0,0,0,0,0,70,0,0,944,0,0,0,0,64,0,0,0,0,0,0,0,0,26624
246,1100,0,0,4,2,2,0,0,19,4,8192,0,65232,0,64,0,0,65475,193,0,0,0,51200,0,0,56452,56484,0,65504,0,0,64,0,0,912,256,0,0,944,64,0,0,0,115,0,0,0,65532,26688
247,1000,0,0,4,2,2,0,0,19,4,0,0,0,0,70,32768,8,136,524,0,0,0,0,0,0,0,0,0,0,0,0,70,0,0,944,0,0,0,0,64,0,0,0,0,0,0,0,0,26624
247,1100,0,0,4,2,2,0,0,19,4,8192,0,65232,0,64,0,0,65475,193,0,0,0,51200,0,0,56452,56484,0,65504,0,0,64,0,0,912,256,0,0,944,64,0,0,0,115,0,0,0,65532,26688
248,1000,0,0,4,2,2,0,0,19,4,0,0,0,0,70,32768,8,136,524,0,0,0,0,0,0,0,0,0,0,0,0,70,0,0,944,0,0,0,0,64,0,0,0,0,0,0,0,0,26624
248,1100,0,0,4,2,2,0,0,19,4,8192,0,65232,0,64,0,0,65475,193,0,0,0,51200,0,0,56452,56484,0,65504,0,0,64,0,0,912,256,0,0,944,64,0,0,0,115,0,0,0,65532,26688
249,1000,0,0,4,2,2,0,0,19,4,0,0,0,0,70,32768,8,136,524,0,0,0,0,0,0,0,0,0,0,0,0,70,0,0,944,0,0,0,0,64,0,0,0,0,0,0,0,0,26624
249,1100,0,0,4,2,2,0,0,19,4,8192,0,65232,0,64,0,0,65475,193,0,0,0,51200,0,0,56452,56484,0,65504,0,0,64,0,0,912,256,0,0,944,64,0,0,0,115,0,0,0,65532,26688
250,1000,0,0,4,2,2,0,0,19,4,0,0,0,0,70,32768,8,136,524,0,0,0,0,0,0,0,0,0,0,0,0,70,0,0,944,0,0,0,0,64,0,0,0,0,0,0,0,0,26624
250,1100,0,0,4,2,2,0,0,19,4,8192,0,65232,0,64,0,0,65475,193,0,0,0,51200,0,0,56452,56484,0,65504,0,0,64,0,0,912,256,0,0,944,64,0,0,0,115,0,0,0,65532,26688
251,1000,0,0,4,2,2,0,0,19,4,0,0,0,0,70,32768,8,136,524,0,0,0,0,0,0,0,0,0,0,0,0,70,0,0,944,0,0,0,0,64,0,0,0,0,0,0,0,0,26624
251,1100,0,0,4,2,2,0,0,19,4,8192,0,65232,0,64,0,0,65475,193,0,0,0,51200,0,0,56452,56484,0,65504,0,0,64,0,0,912,256,0,0,944,64,0,0,0,115,0,0,0,65532,26688
252,1000,0,0,4,2,2,0,0,19,4,0,0,0,0,70,32768,8,136,524,0,0,0,0,0,0,0,0,0,0,0,0,70,0,0,944,0,0,0,0,64,0,0,0,0,0,0,0,0,26624
252,1100,0,0,4,2,2,0,0,19,4,8192,0,65232,0,64,0,0,65475,193,0,0,0,51200,0,0,56452,56484,0,65504,0,0,64,0,0,912,256,0,0,944,64,0,0,0,115,0,0,0,65532,26688
253,1000,0,0,4,2,2,0,0,19,4,0,0,0,0,70,32768,8,136,524,0,0,0,0,0,0,0,0,0,0,0,0,70,0,0,944,0,0,0,0,64,0,0,0,0,0,0,0,0,26624
253,1100,0,0,4,2,2,0,0,19,4,8192,0,65232,0,64,0,0,65475,193,0,0,0,51200,0,0,56452,56484,0,65504,0,0,64,0,0,912,256,0,0,944,64,0,0,0,115,0,0,0,65532,26688
254,1000,0,0,4,2,2,0,0,19,4,0,0,0,0,70,32768,8,136,524,0,0,0,0,0,0,0,0,0,0,0,0,70,0,0,944,0,0,0,0,64,0,0,0,0,0,0,0,0,26624
254,1100,0,0,4,2,2,0,0,19,4,8192,0,65232,0,64,0,0,65475,193,0,0,0,51200,0,0,56452,56484,0,65504,0,0,64,0,0,912,256,0,0,944,64,0,0,0,115,0,0,0,65532,26688
255,1000,0,0,4,2,2,0,0,19,4,0,0,0,0,70,32768,8,136,524,0,0,0,0,0,0,0,0,0,0,0,0,70,0,0,944,0,0,0,0,64,0,0,0,0,0,0,0,0,26624
255,1100,0,0,4,2,2,0,0,19,4,8192,0,65232,0,64,0,0,65475,193,0,0,0,51200,0,0,56452,56484,0,65504,0,0,64,0,0,912,256,0,0,944,64,0,0,0,115,0,0,0,65532,26688
256,1000,0,0,4,2,2,0,0,19,4,0,0,0,0,70,32768,8,136,524,0,0,0,0,0,0,0,0,0,0,0,0,70,0,0,944,0,0,0,0,64,0,0,0,0,0,0,0,0,26624
256,1100,0,0,4,2,2,0,0,19,4,8192,0,65232,0,64,0,0,65475,193,0,0,0,51200,0,0,56452,56484,0,65504,0,0,64,0,0,912,256,0,0,944,64,0,0,0,115,0,0,0,65532,26688
257,1000,0,0,4,2,2,0,0,19,4,0,0,0,0,70,32768,8,136,524,0,0,0,0,0,0,0,0,0,0,0,0,70,0,0,944,0,0,0,0,64,0,0,0,0,0,0,0,0,26624
257,1100,0,0,4,2,2,0,0,19,4,8192,0,65232,0,64,0,0,65475,193,0,0,0,51200,0,0,56452,56484,0,65504,0,0,64,0,0,912,256,0,0,944,64,0,0,0,115,0,0,0,65532,26688
258,1000,0,0,4,2,2,0,0,19,4,0,0,0,0,70,32768,8,136,524,0,0,0,0,0,0,0,0,0,0,0,0,70,0,0,944,0,0,0,0,64,0,0,0,0,0,0,0,0,26624
258,1100,0,0,4,2,2,0,0,19,4,8192,0,65232,0,64,0,0,65475,193,0,0,0,51200,0,0,56452,56484,0,65504,0,0,64,0,0,912,256,0,0,944,64,0,0,0,115,0,0,0,65532,26688
259,1000,0,0,4,2,2,0,0,19,4,0,0,0,0,70,32768,8,136,524,0,0,0,0,0,0,0,0,0,0,0,0,70,0,0,944,0,0,0,0,64,0,0,0,0,0,0,0,0,26624
259,1100,0,0,4,2,2,0,0,19,4,8192,0,65232,0,64,0,0,65475,193,0,0,0,51200,0,0,56452,56484,0,65504,0,0,64,0,0,912,256,0,0,944,64,0,0,0,115,0,0,0,65532,26688
260,1000,0,0,4,2,2,0,0,19,4,0,0,0,0,70,32768,8,136,524,0,0,0,0,0,0,0,0,0,0,0,0,70,0,0,944,0,0,0,0,64,0,0,0,0,0,0,0,0,26624
260,1100,0,0,4,2,2,0,0,19,4,8192,0,65232,0,64,0,0,65475,193,0,0,0,51200,0,0,56452,56484,0,65504,0,0,64,0,0,912,256,0,0,944,64,0,0,0,115,0,0,0,65532,26688
261,1000,0,0,4,2,2,0,0,19,4,0,0,0,0,70,32768,8,136,524,0,0,0,0,0,0,0,0,0,0,0,0,70,0,0,944,0,0,0,0,64,0,0,0,0,0,0,0,0,26624
261,1100,0,0,4,2,2,0,0,19,4,8192,0,65232,0,64,0,0,65475,193,0,0,0,51200,0,0,56452,56484,0,65504,0,0,64,0,0,912,256,0,0,944,64,0,0,0,115,0,0,0,65532,26688
262,1000,0,0,4,2,2,0,0,19,4,0,0,0,0,70,32768,8,136,524,0,0,0,0,0,0,0,0,0,0,0,0,70,0,0,944,0,0,0,0,64,0,0,0,0,0,0,0,0,26624
262,1100,0,0,4,2,2,0,0,19,4,8192,0,65232,0,64,0,0,65475,193,0,0,0,51200,0,0,56452,56484,0,65504,0,0,64,0,0,912,256,0,0,944,64,0,0,0,115,0,0,0,65532,26688
263,1000,0,0,4,2,2,0,0,19,4,0,0,0,0,70,32768,8,136,524,0,0,0,0,0,0,0,0,0,0,0,0,70,0,0,944,0,0,0,0,64,0,0,0,0,0,0,0,0,26624
263,1100,0,0,4,2,2,0,0,19,4,8192,0,65232,0,64,0,0,65475,193,0,0,0,51200,0,0,56452,56484,0,65504,0,0,64,0,0,912,256,0,0,944,64,0,0,0,115,0,0,0,65532,26688
264,1000,0,0,4,2,2,0,0,19,4,0,0,0,0,70,32768,8,136,524,0,0,0,0,0,0,0,0,0,0,0,0,70,0,0,944,0,0,0,0,64,0,0,0,0,0,0,0,0,26624
264,1100,0,0,4,2,2,0,0,19,4,8192,0,65232,0,64,0,0,65475,193,0,0,0,51200,0,0,56452,56484,0,65504,0,0,64,0,0,912,256,0,0,944,64,0,0,0,115,0,0,0,65532,26688
265,1000,0,0,4,2,2,0,0,19,4,0,0,0,0,70,32768,8,136,524,0,0,0,0,0,0,0,0,0,0,0,0,70,0,0,944,0,0,0,0,64,0,0,0,0,0,0,0,0,26624
265,1100,0,0,4,2,2,0,0,19,4,8192,0,65232,0,64,0,0,65475,193,0,0,0,51200,0,0,56452,56484,0,65504,0,0,64,0,0,912,256,0,0,944,64,0,0,0,115,0,0,0,65532,26688
266,1000,0,0,4,2,2,0,0,19,4,0,0,0,0,70,32768,8,136,524,0,0,0,0,0,0,0,0,0,0,0,0,70,0,0,944,0,0,0,0,64,0,0,0,0,0,0,0,0,26624
266,1100,0,0,4,2,2,0,0,19,4,8192,0,65232,0,64,0,0,65475,193,0,0,0,51200,0,0,56452,56484,0,65504,0,0,64,0,0,912,256,0,0,944,64,0,0,0,115,0,0,0,65532,26688
267,1000,0,0,4,2,2,0,0,19,4,0,0,0,0,70,32768,8,136,524,0,0,0,0,0,0,0,0,0,0,0,0,70,0,0,944,0,0,0,0,64,0,0,0,0,0,0,0,0,26624
267,1100,0,0,4,2,2,0,0,19,4,8192,0,65232,0,64,0,0,65475,193,0,0,0,51200,0,0,56452,56484,0,65504,0,0,64,0,0,912,256,0,0,944,64,0,0,0,115,0,0,0,65532,26688
268,1000,0,0,4,2,2,0,0,19,4,0,0,0,0,70,32768,8,136,524,0,0,0,0,0,0,0,0,0,0,0,0,70,0,0,944,0,0,0,0,64,0,0,0,0,0,0,0,0,26624
268,1100,0,0,4,2,2,0,0,19,4,8192,0,65232,0,64,0,0,65475,193,0,0,0,51200,0,0,56452,56484,0,65504,0,0,64,0,0,912,256,0,0,944,64,0,0,0,115,0,0,0,65532,26688
269,1000,0,0,4,2,2,0,0,19,4,0,0,0,0,70,32768,8,136,524,0,0,0,0,0,0,0,0,0,0,0,0,70,0,0,944,0,0,0,0,64,0,0,0,0,0,0,0,0,26624
269,1100,0,0,4,2,2,0,0,19,4,8192,0,65232,0,64,0,0,65475,193,0,0,0,51200,0,0,56452,56484,0,65504,0,0,64,0,0,912,256,0,0,944,64,0,0,0,115,0,0,0,65532,26688
270,1000,0,0,4,2,2,0,0,19,4,0,0,0,0,70,32768,8,136,524,0,0,0,0,0,0,0,0,0,0,0,0,70,0,0,944,0,0,0,0,64,0,0,0,0,0,0,0,0,26624
270,1100,0,0,4,2,2,0,0,19,4,8192,0,65232,0,64,0,0,65475,193,0,0,0,51200,0,0,56452,56484,0,65504,0,0,64,0,0,912,256,0,0,944,64,0,0,0,115,0,0,0,65532,26688
271,1000,0,0,4,2,2,0,0,19,4,0,0,0,0,70,32768,8,136,524,0,0,0,0,0,0,0,0,0,0,0,0,70,0,0,944,0,0,0,0,64,0,0,0,0,0,0,0,0,26624
271,1100,0,0,4,2,2,0,0,19,4,8192,0,65232,0,64,0,0,65475,193,0,0,0,51200,0,0,56452,56484,0,65504,0,0,64,0,0,912,256,0,0,944,64,0,0,0,115,0,0,0,65532,26688
272,1000,0,0,4,2,2,0,0,19,4,0,0,0,0,70,32768,8,136,524,0,0,0,0,0,0,0,0,0,0,0,0,70,0,0,944,0,0,0,0,64,0,0,0,0,0,0,0,0,26624
272,1100,0,0,4,2,2,0,0,19,4,8192,0,65232,0,64,0,0,65475,193,0,0,0,51200,0,0,56452,56484,0,65504,0,0,64,0,0,912,256,0,0,944,64,0,0,0,115,0,0,0,65532,26688
273,1000,0,0,4,2,2,0,0,19,4,0,0,0,0,70,32768,8,136,524,0,0,0,0,0,0,0,0,0,0,0,0,70,0,0,944,0,0,0,0,64,0,0,0,0,0,0,0,0,26624
273,1100,0,0,4,2,2,0,0,19,4,8192,0,65232,0,64,0,0,65475,193,0,0,0,51200,0,0,56452,56484,0,65504,0,0,64,0,0,912,256,0,0,944,64,0,0,0,115,0,0,0,65532,26688
274,1000,0,0,4,2,2,0,0,19,4,0,0,0,0,70,32768,8,136,524,0,0,0,0,0,0,0,0,0,0,0,0,70,0,0,944,0,0,0,0,64,0,0,0,0,0,0,0,0,26624
274,1100,0,0,4,2,2,0,0,19,4,8192,0,65232,0,64,0,0,65475,193,0,0,0,51200,0,0,56452,56484,0,65504,0,0,64,0,0,912,256,0,0,944,64,0,0,0,115,0,0,0,65532,26688
275,1000,0,0,4,2,2,0,0,19,4,0,0,0,0,70,32768,8,136,524,0,0,0,0,0,0,0,0,0,0,0,0,70,0,0,944,0,0,0,0,64,0,0,0,0,0,0,0,0,26624
275,1100,0,0,4,2,2,0,0,19,4,8192,0,65232,0,64,0,0,65475,193,0,0,0,51200,0,0,56452,56484,0,65504,0,0,64,0,0,912,256,0,0,944,64,0,0,0,115,0,0,0,65532,26688
276,1000,0,0,4,2,2,0,0,19,4,0,0,0,0,70,32768,8,136,524,0,0,0,0,0,0,0,0,0,0,0,0,70,0,0,944,0,0,0,0,64,0,0,0,0,0,0,0,0,26624
276,1100,0,0,4,2,2,0,0,19,4,8192,0,65232,0,64,0,0,65475,193,0,0,0,51200,0,0,56452,56484,0,65504,0,0,64,0,0,912,256,0,0,944,64,0,0,0,115,0,0,0,65532,26688
277,1000,0,0,4,2,2,0,0,19,4,0,0,0,0,70,32768,8,136,524,0,0,0,0,0,0,0,0,0,0,0,0,70,0,0,944,0,0,0,0,64,0,0,0,0,0,0,0,0,26624
277,1100,0,0,4,2,2,0,0,19,4,8192,0,65232,0,64,0,0,65475,193,0,0,0,51200,0,0,56452,56484,0,65504,0,0,64,0,0,912,256,0,0,944,64,0,0,0,115,0,0,0,65532,26688
278,1000,0,0,4,2,2,0,0,19,4,0,0,0,0,70,32768,8,136,524,0,0,0,0,0,0,0,0,0,0,0,0,70,0,0,944,0,0,0,0,64,0,0,0,0,0,0,0,0,26624
278,1100,0,0,4,2,2,0,0,19,4,8192,0,65232,0,64,0,0,65475,193,0,0,0,51200,0,0,56452,56484,0,65504,0,0,64,0,0,912,256,0,0,944,64,0,0,0,115,0,0,0,65532,26688
279,1000,0,0,4,2,2,0,0,19,4,0,0,0,0,70,32768,8,136,524,0,0,0,0,0,0,0,0,0,0,0,0,70,0,0,944,0,0,0,0,64,0,0,0,0,0,0,0,0,26624
279,1100,0,0,4,2,2,0,0,19,4,8192,0,65232,0,64,0,0,65475,193,0,0,0,51200,0,0,56452,56484,0,65504,0,0,64,0,0,912,256,0,0,944,64,0,0,0,115,0,0,0,65532,26688
280,1000,0,0,4,2,2,0,0,19,4,0,0,0,0,70,32768,8,136,524,0,0,0,0,0,0,0,0,0,0,0,0,70,0,0,944,0,0,0,0,64,0,0,0,0,0,0,0,0,26624
280,1100,0,0,4,2,2,0,0,19,4,8192,0,65232,0,64,0,0,65475,193,0,0,0,51200,0,0,56452,56484,0,65504,0,0,64,0,0,912,256,0,0,944,64,0,0,0,115,0,0,0,65532,26688
281,1000,0,0,4,2,2,0,0,19,4,0,0,0,0,70,32768,8,136,524,0,0,0,0,0,0,0,0,0,0,0,0,70,0,0,944,0,0,0,0,64,0,0,0,0,0,0,0,0,26624
281,1100,0,0,4,2,2,0,0,19,4,8192,0,65232,0,64,0,0,65475,193,0,0,0,51200,0,0,56452,56484,0,65504,0,0,64,0,0,912,256,0,0,944,64,0,0,0,115,0,0,0,65532,26688
282,1000,0,0,4,2,2,0,0,19,4,0,0,0,0,70,32768,8,136,524,0,0,0,0,0,0,0,0,0,0,0,0,70,0,0,944,0,0,0,0,64,0,0,0,0,0,0,0,0,26624
282,1100,0,0,4,2,2,0,0,19,4,8192,0,65232,0,64,0,0,65475,193,0,0,0,51200,0,0,56452,56484,0,65504,0,0,64,0,0,912,256,0,0,944,64,0,0,0,115,0,0,0,65532,26688
283,1000,0,0,4,2,2,0,0,19,4,0,0,0,0,70,32768,8,136,524,0,0,0,0,0,0,0,0,0,0,0,0,70,0,0,944,0,0,0,0,64,0,0,0,0,0,0,0,0,26624
283,1100,0,0,4,2,2,0,0,19,4,8192,0,65232,0,64,0,0,65475,193,0,0,0,51200,0,0,56452,56484,0,65504,0,0,64,0,0,912,256,0,0,944,64,0,0,0,115,0,0,0,65532,26688
284,1000,0,0,4,2,2,0,0,19,4,0,0,0,0,70,32768,8,136,524,0,0,0,0,0,0,0,0,0,0,0,0,70,0,0,944,0,0,0,0,64,0,0,0,0,0,0,0,0,26624
284,1100,0,0,4,2,2,0,0,19,4,8192,0,65232,0,64,0,0,65475,193,0,0,0,51200,0,0,56452,56484,0,65504,0,0,64,0,0,912,256,0,0,944,64,0,0,0,115,0,0,0,65532,26688
285,1000,0,0,4,2,2,0,0,19,4,0,0,0,0,70,32768,8,136,524,0,0,0,0,0,0,0,0,0,0,0,0,70,0,0,944,0,0,0,0,64,0,0,0,0,0,0,0,0,26624
285,1100,0,0,4,2,2,0,0,19,4,8192,0,65232,0,64,0,0,65475,193,0,0,0,51200,0,0,56452,56484,0,65504,0,0,64,0,0,912,256,0,0,944,64,0,0,0,115,0,0,0,65532,26688
286,1000,0,0,4,2,2,0,0,19,4,0,0,0,0,70,32768,8,136,524,0,0,0,0,0,0,0,0,0,0,0,0,70,0,0,944,0,0,0,0,64,0,0,0,0,0,0,0,0,26624
286,1100,0,0,4,2,2,0,0,19,4,8192,0,65232,0,64,0,0,65475,193,0,0,0,51200,0,0,56452,56484,0,65504,0,0,64,0,0,912,256,0,0,944,64,0,0,0,115,0,0,0,65532,26688
287,1000,0,0,4,2,2,0,0,19,4,0,0,0,0,70,32768,8,136,524,0,0,0,0,0,0,0,0,0,0,0,0,70,0,0,944,0,0,0,0,64,0,0,0,0,0,0,0,0,26624
287,1100,0,0,4,2,2,0,0,19,4,8192,0,65232,0,64,0,0,65475,193,0,0,0,51200,0,0,56452,56484,0,65504,0,0,64,0,0,912,256,0,0,944,64,0,0,0,115,0,0,0,65532,26688
288,1000,0,0,4,2,2,0,0,19,4,0,0,0,0,70,32768,8,136,524,0,0,0,0,0,0,0,0,0,0,0,0,70,0,0,944,0,0,0,0,64,0,0,0,0,0,0,0,0,26624
288,1100,0,0,4,2,2,0,0,19,4,8192,0,65232,0,64,0,0,65475,193,0,0,0,51200,0,0,56452,56484,0,65504,0,0,64,0,0,912,256,0,0,944,64,0,0,0,115,0,0,0,65532,26688
289,1000,0,0,4,2,2,0,0,19,4,0,0,0,0,70,32768,8,136,524,0,0,0,0,0,0,0,0,0,0,0,0,70,0,0,944,0,0,0,0,64,0,0,0,0,0,0,0,0,26624
289,1100,0,0,4,2,2,0,0,19,4,8192,0,65232,0,64,0,0,65475,193,0,0,0,51200,0,0,56452,56484,0,65504,0,0,64,0,0,912,256,0,0,944,64,0,0,0,115,0,0,0,65532,26688
290,1000,0,0,4,2,2,0,0,19,4,0,0,0,0,70,32768,8,136,524,0,0,0,0,0,0,0,0,0,0,0,0,70,0,0,944,0,0,0,0,64,0,0,0,0,0,0,0,0,26624
290,1100,0,0,4,2,2,0,0,19,4,8192,0,65232,0,64,0,0,65475,193,0,0,0,51200,0,0,56452,56484,0,65504,0,0,64,0,0,912,256,0,0,944,64,0,0,0,115,0,0,0,65532,26688
291,1000,0,0,4,2,2,0,0,19,4,0,0,0,0,70,32768,8,136,524,0,0,0,0,0,0,0,0,0,0,0,0,70,0,0,944,0,0,0,0,64,0,0,0,0,0,0,0,0,26624
291,1100,0,0,4,2,2,0,0,19,4,8192,0,65232,0,64,0,0,65475,193,0,0,0,51200,0,0,56452,56484,0,65504,0,0,64,0,0,912,256,0,0,944,64,0,0,0,115,0,0,0,65532,26688
292,1000,0,0,4,2,2,0,0,19,4,0,0,0,0,70,32768,8,136,524,0,0,0,0,0,0,0,0,0,0,0,0,70,0,0,944,0,0,0,0,64,0,0,0,0,0,0,0,0,26624
292,1100,0,0,4,2,2,0,0,19,4,8192,0,65232,0,64,0,0,65475,193,0,0,0,51200,0,0,56452,56484,0,65504,0,0,64,0,0,912,256,0,0,944,64,0,0,0,115,0,0,0,65532,26688
293,1000,0,0,4,2,2,0,0,19,4,0,0,0,0,70,32768,8,136,524,0,0,0,0,0,0,0,0,0,0,0,0,70,0,0,944,0,0,0,0,64,0,0,0,0,0,0,0,0,26624
293,1100,0,0,4,2,2,0,0,19,4,8192,0,65232,0,64,0,0,65475,193,0,0,0,51200,0,0,56452,56484,0,65504,0,0,64,0,0,912,256,0,0,944,64,0,0,0,115,0,0,0,65532,26688
294,1000,0,0,4,2,2,0,0,19,4,0,0,0,0,70,32768,8,136,524,0,0,0,0,0,0,0,0,0,0,0,0,70,0,0,944,0,0,0,0,64,0,0,0,0,0,0,0,0,26624
294,1100,0,0,4,2,2,0,0,19,4,8192,0,65232,0,64,0,0,65475,193,0,0,0,51200,0,0,56452,56484,0,65504,0,0,64,0,0,912,256,0,0,944,64,0,0,0,115,0,0,0,65532,26688
295,1000,0,0,4,2,2,0,0,19,4,0,0,0,0,70,32768,8,136,524,0,0,0,0,0,0,0,0,0,0,0,0,70,0,0,944,0,0,0,0,64,0,0,0,0,0,0,0,0,26624
295,1100,0,0,4,2,2,0,0,19,4,8192,0,65232,0,64,0,0,65475,193,0,0,0,51200,0,0,56452,56484,0,65504,0,0,64,0,0,912,256,0,0,944,64,0,0,0,115,0,0,0,65532,26688
296,1000,0,0,4,2,2,0,0,19,4,0,0,0,0,70,32768,8,136,524,0,0,0,0,0,0,0,0,0,0,0,0,70,0,0,944,0,0,0,0,64,0,0,0,0,0,0,0,0,26624
296,1100,0,0,4,2,2,0,0,19,4,8192,0,65232,0,64,0,0,65475,193,0,0,0,51200,0,0,56452,56484,0,65504,0,0,64,0,0,912,256,0,0,944,64,0,0,0,115,0,0,0,65532,26688
297,1000,0,0,4,2,2,0,0,19,4,0,0,0,0,70,32768,8,136,524,0,0,0,0,0,0,0,0,0,0,0,0,70,0,0,944,0,0,0,0,64,0,0,0,0,0,0,0,0,26624
297,1100,0,0,4,2,2,0,0,19,4,8192,0,65232,0,64,0,0,65475,193,0,0,0,51200,0,0,56452,56484,0,65504,0,0,64,0,0,912,256,0,0,944,64,0,0,0,115,0,0,0,65532,26688
298,1000,0,0,4,2,2,0,0,19,4,0,0,0,0,70,32768,8,136,524,0,0,0,0,0,0,0,0,0,0,0,0,70,0,0,944,0,0,0,0,64,0,0,0,0,0,0,0,0,26624
298,1100,0,0,4,2,2,0,0,19,4,8192,0,65232,0,64,0,0,65475,193,0,0,0,51200,0,0,56452,56484,0,65504,0,0,64,0,0,912,256,0,0,944,64,0,0,0,115,0,0,0,65532,26688
299,1000,0,0,4,2,2,0,0,19,4,0,0,0,0,70,32768,8,136,524,0,0,0,0,0,0,0,0,0,0,0,0,70,0,0,944,0,0,0,0,64,0,0,0,0,0,0,0,0,26624
299,1100,0,0,4,2,2,0,0,19,4,8192,0,65232,0,64,0,0,65475,193,0,0,0,51200,0,0,56452,56484,0,65504,0,0,64,0,0,912,256,0,0,944,64,0,0,0,115,0,0,0,65532,26688
300,1000,0,0,4,2,2,0,0,19,4,0,0,0,0,70,32768,8,136,524,0,0,0,0,0,0,0,0,0,0,0,0,70,0,0,944,0,0,0,0,64,0,0,0,0,0,0,0,0,26624
300,1100,0,0,4,2,2,0,0,19,4,8192,0,65232,0,64,0,0,65475,193,0,0,0,51200,0,0,56452,56484,0,65504,0,0,64,0,0,912,256,0,0,944,64,0,0,0,115,0,0,0,65532,26688
301,1000,0,0,4,2,2,0,0,19,4,0,0,0,0,70,32768,8,136,524,0,0,0,0,0,0,0,0,0,0,0,0,70,0,0,944,0,0,0,0,64,0,0,0,0,0,0,0,0,26624
301,1100,0,0,4,2,2,0,0,19,4,8192,0,65232,0,64,0,0,65475,193,0,0,0,51200,0,0,56452,56484,0,65504,0,0,64,0,0,912,256,0,0,944,64,0,0,0,115,0,0,0,65532,26688
302,1000,0,0,4,2,2,0,0,19,4,0,0,0,0,70,32768,8,136,524,0,0,0,0,0,0,0,0,0,0,0,0,70,0,0,944,0,0,0,0,64,0,0,0,0,0,0,0,0,26624
302,1100,0,0,4,2,2,0,0,19,4,8192,0,65232,0,64,0,0,65475,193,0,0,0,51200,0,0,56452,56484,0,65504,0,0,64,0,0,912,256,0,0,944,64,0,0,0,115,0,0,0,65532,26688
303,1000,0,0,4,2,2,0,0,19,4,0,0,0,0,70,32768,8,136,524,0,0,0,0,0,0,0,0,0,0,0,0,70,0,0,944,0,0,0,0,64,0,0,0,0,0,0,0,0,26624
303,1100,0,0,4,2,2,0,0,19,4,8192,0,65232,0,64,0,0,65475,193,0,0,0,51200,0,0,56452,56484,0,65504,0,0,64,0,0,912,256,0,0,944,64,0,0,0,115,0,0,0,65532,26688
304,1000,0,0,4,2,2,0,0,19,4,0,0,0,0,70,32768,8,136,524,0,0,0,0,0,0,0,0,0,0,0,0,70,0,0,944,0,0,0,0,64,0,0,0,0,0,0,0,0,26624
304,1100,0,0,4,2,2,0,0,19,4,8192,0,65232,0,64,0,0,65475,193,0,0,0,51200,0,0,56452,56484,0,65504,0,0,64,0,0,912,256,0,0,944,64,0,0,0,115,0,0,0,65532,26688
305,1000,0,0,4,2,2,0,0,19,4,0,0,0,0,70,32768,8,136,524,0,0,0,0,0,0,0,0,0,0,0,0,70,0,0,944,0,0,0,0,64,0,0,0,0,0,0,0,0,26624
305,1100,0,0,4,2,2,0,0,19,4,8192,0,65232,0,64,0,0,65475,193,0,0,0,51200,0,0,56452,56484,0,65504,0,0,64,0,0,912,256,0,0,944,64,0,0,0,115,0,0,0,65532,26688
306,1000,0,0,4,2,2,0,0,19,4,0,0,0,0,70,32768,8,136,524,0,0,0,0,0,0,0,0,0,0,0,0,70,0,0,944,0,0,0,0,64,0,0,0,0,0,0,0,0,26624
306,1100,0,0,4,2,2,0,0,19,4,8192,0,65232,0,64,0,0,65475,193,0,0,0,51200,0,0,56452,56484,0,65504,0,0,64,0,0,912,256,0,0,944,64,0,0,0,115,0,0,0,65532,26688
307,1000,0,0,4,2,2,0,0,19,4,0,0,0,0,70,32768,8,136,524,0,0,0,0,0,0,0,0,0,0,0,0,70,0,0,944,0,0,0,0,64,0,0,0,0,0,0,0,0,26624
307,1100,0,0,4,2,2,0,0,19,4,8192,0,65232,0,64,0,0,65475,193,0,0,0,51200,0,0,56452,56484,0,65504,0,0,64,0,0,912,256,0,0,944,64,0,0,0,115,0,0,0,65532,26688
308,1000,0,0,4,2,2,0,0,19,4,0,0,0,0,70,32768,8,136,524,0,0,0,0,0,0,0,0,0,0,0,0,70,0,0,944,0,0,0,0,64,0,0,0,0,0,0,0,0,26624
308,1100,0,0,4,2,2,0,0,19,4,8192,0,65232,0,64,0,0,65475,193,0,0,0,51200,0,0,56452,56484,0,65504,0,0,64,0,0,912,256,0,0,944,64,0,0,0,115,0,0,0,65532,26688
309,1000,0,0,4,2,2,0,0,19,4,0,0,0,0,70,32768,8,136,524,0,0,0,0,0,0,0,0,0,0,0,0,70,0,0,944,0,0,0,0,64,0,0,0,0,0,0,0,0,26624
309,1100,0,0,4,2,2,0,0,19,4,8192,0,65232,0,64,0,0,65475,193,0,0,0,51200,0,0,56452,56484,0,65504,0,0,64,0,0,912,256,0,0,944,64,0,0,0,115,0,0,0,65532,26688
310,1000,0,0,4,2,2,0,0,19,4,0,0,0,0,70,32768,8,136,524,0,0,0,0,0,0,0,0,0,0,0,0,70,0,0,944,0,0,0,0,64,0,0,0,0,0,0,0,0,26624
310,1100,0,0,4,2,2,0,0,19,4,8192,0,65232,0,64,0,0,65475,193,0,0,0,51200,0,0,56452,56484,0,65504,0,0,64,0,0,912,256,0,0,944,64,0,0,0,115,0,0,0,65532,26688
311,1000,0,0,4,2,2,0,0,19,4,0,0,0,0,70,32768,8,136,524,0,0,0,0,0,0,0,0,0,0,0,0,70,0,0,944,0,0,0,0,64,0,0,0,0,0,0,0,0,26624
311,1100,0,0,4,2,2,0,0,19,4,8192,0,65232,0,64,0,0,65475,193,0,0,0,51200,0,0,56452,56484,0,65504,0,0,64,0,0,912,256,0,0,944,64,0,0,0,115,0,0,0,65532,26688
312,1000,0,0,4,2,2,0,0,19,4,0,0,0,0,70,32768,8,136,524,0,0,0,0,0,0,0,0,0,0,0,0,70,0,0,944,0,0,0,0,64,0,0,0,0,0,0,0,0,26624
312,1100,0,0,4,2,2,0,0,19,4,8192,0,65232,0,64,0,0,65475,193,0,0,0,51200,0,0,56452,56484,0,65504,0,0,64,0,0,912,256,0,0,944,64,0,0,0,115,0,0,0,65532,26688
313,1000,0,0,4,2,2,0,0,19,4,0,0,0,0,70,32768,8,136,524,0,0,0,0,0,0,0,0,0,0,0,0,70,0,0,944,0,0,0,0,64,0,0,0,0,0,0,0,0,26624
313,1100,0,0,4,2,2,0,0,19,4,8192,0,65232,0,64,0,0,65475,193,0,0,0,51200,0,0,56452,56484,0,65504,0,0,64,0,0,912,256,0,0,944,64,0,0,0,115,0,0,0,65532,26688
314,1000,0,0,4,2,2,0,0,19,4,0,0,0,0,70,32768,8,136,524,0,0,0,0,0,0,0,0,0,0,0,0,70,0,0,944,0,0,0,0,64,0,0,0,0,0,0,0,0,26624
314,1100,0,0,4,2,2,0,0,19,4,8192,0,65232,0,64,0,0,65475,193,0,0,0,51200,0,0,56452,56484,0,65504,0,0,64,0,0,912,256,0,0,944,64,0,0,0,115,0,0,0,65532,26688
315,1000,0,0,4,2,2,0,0,19,4,0,0,0,0,70,32768,8,136,524,0,0,0,0,0,0,0,0,0,0,0,0,70,0,0,944,0,0,0,0,64,0,0,0,0,0,0,0,0,26624
315,1100,0,0,4,2,2,0,0,19,4,8192,0,65232,0,64,0,0,65475,193,0,0,0,51200,0,0,56452,56484,0,65504,0,0,64,0,0,912,256,0,0,944,64,0,0,0,115,0,0,0,65532,26688
316,1000,0,0,4,2,2,0,0,19,4,0,0,0,0,70,32768,8,136,524,0,0,0,0,0,0,0,0,0,0,0,0,70,0,0,944,0,0,0,0,64,0,0,0,0,0,0,0,0,26624
316,1100,0,0,4,2,2,0,0,19,4,8192,0,65232,0,64,0,0,65475,193,0,0,0,51200,0,0,56452,56484,0,65504,0,0,64,0,0,912,256,0,0,944,64,0,0,0,115,0,0,0,65532,26688
317,1000,0,0,4,2,2,0,0,19,4,0,0,0,0,70,32768,8,136,524,0,0,0,0,0,0,0,0,0,0,0,0,70,0,0,944,0,0,0,0,64,0,0,0,0,0,0,0,0,26624
317,1100,0,0,4,2,2,0,0,19,4,8192,0,65232,0,64,0,0,65475,193,0,0,0,51200,0,0,56452,56484,0,65504,0,0,64,0,0,912,256,0,0,944,64,0,0,0,115,0,0,0,65532,26688
318,1000,0,0,4,2,2,0,0,19,4,0,0,0,0,70,32768,8,136,524,0,0,0,0,0,0,0,0,0,0,0,0,70,0,0,944,0,0,0,0,64,0,0,0,0,0,0,0,0,26624
318,1100,0,0,4,2,2,0,0,19,4,8192,0,65232,0,64,0,0,65475,193,0,0,0,51200,0,0,56452,56484,0,65504,0,0,64,0,0,912,256,0,0,944,64,0,0,0,115,0,0,0,65532,26688
319,1000,0,0,4,2,2,0,0,19,4,0,0,0,0,70,32768,8,136,524,0,0,0,0,0,0,0,0,0,0,0,0,70,0,0,944,0,0,0,0,64,0,0,0,0,0,0,0,0,26624
319,1100,0,0,4,2,2,0,0,19,4,8192,0,65232,0,64,0,0,65475,193,0,0,0,51200,0,0,56452,56484,0,65504,0,0,64,0,0,912,256,0,0,944,64,0,0,0,115,0,0,0,65532,26688
320,1000,0,0,4,2,2,0,0,19,4,0,0,0,0,70,32768,8,136,524,0,0,0,0,0,0,0,0,0,0,0,0,70,0,0,944,0,0,0,0,64,0,0,0,0,0,0,0,0,26624
320,1100,0,0,4,2,2,0,0,19,4,8192,0,65232,0,64,0,0,65475,193,0,0,0,51200,0,0,56452,56484,0,65504,0,0,64,0,0,912,256,0,0,944,64,0,0,0,115,0,0,0,65532,26688
321,1000,0,0,4,2,2,0,0,19,4,0,0,0,0,70,32768,8,136,524,0,0,0,0,0,0,0,0,0,0,0,0,70,0,0,944,0,0,0,0,64,0,0,0,0,0,0,0,0,26624
321,1100,0,0,4,2,2,0,0,19,4,8192,0,65232,0,64,0,0,65475,193,0,0,0,51200,0,0,56452,56484,0,65504,0,0,64,0,0,912,256,0,0,944,64,0,0,0,115,0,0,0,65532,26688
322,1000,0,0,4,2,2,0,0,19,4,0,0,0,0,70,32768,8,136,524,0,0,0,0,0,0,0,0,0,0,0,0,70,0,0,944,0,0,0,0,64,0,0,0,0,0,0,0,0,26624
322,1100,0,0,4,2,2,0,0,19,4,8192,0,65232,0,64,0,0,65475,193,0,0,0,51200,0,0,56452,56484,0,65504,0,0,64,0,0,912,256,0,0,944,64,0,0,0,115,0,0,0,65532,26688
323,1000,0,0,4,2,2,0,0,19,4,0,0,0,0,70,32768,8,136,524,0,0,0,0,0,0,0,0,0,0,0,0,70,0,0,944,0,0,0,0,64,0,0,0,0,0,0,0,0,26624
323,1100,0,0,4,2,2,0,0,19,4,8192,0,65232,0,64,0,0,65475,193,0,0,0,51200,0,0,56452,56484,0,65504,0,0,64,0,0,912,256,0,0,944,64,0,0,0,115,0,0,0,65532,26688
324,1000,0,0,4,2,2,0,0,19,4,0,0,0,0,70,32768,8,136,524,0,0,0,0,0,0,0,0,0,0,0,0,70,0,0,944,0,0,0,0,64,0,0,0,0,0,0,0,0,26624
324,1100,0,0,4,2,2,0,0,19,4,8192,0,65232,0,64,0,0,65475,193,0,0,0,51200,0,0,56452,56484,0,65504,0,0,64,0,0,912,256,0,0,944,64,0,0,0,115,0,0,0,65532,26688
325,1000,0,0,4,2,2,0,0,19,4,0,0,0,0,70,32768,8,136,524,0,0,0,0,0,0,0,0,0,0,0,0,70,0,0,944,0,0,0,0,64,0,0,0,0,0,0,0,0,26624
325,1100,0,0,4,2,2,0,0,19,4,8192,0,65232,0,64,0,0,65475,193,0,0,0,51200,0,0,56452,56484,0,65504,0,0,64,0,0,912,256,0,0,944,64,0,0,0,115,0,0,0,65532,26688
326,1000,0,0,4,2,2,0,0,19,4,0,0,0,0,70,32768,8,136,524,0,0,0,0,0,0,0,0,0,0,0,0,70,0,0,944,0,0,0,0,64,0,0,0,0,0,0,0,0,26624
326,1100,0,0,4,2,2,0,0,19,4,8192,0,65232,0,64,0,0,65475,193,0,0,0,51200,0,0,56452,56484,0,65504,0,0,64,0,0,912,256,0,0,944,64,0,0,0,115,0,0,0,65532,26688
327,1000,0,0,4,2,2,0,0,19,4,0,0,0,0,70,32768,8,136,524,0,0,0,0,0,0,0,0,0,0,0,0,70,0,0,944,0,0,0,0,64,0,0,0,0,0,0,0,0,26624
327,1100,0,0,4,2,2,0,0,19,4,8192,0,65232,0,64,0,0,65475,193,0,0,0,51200,0,0,56452,56484,0,65504,0,0,64,0,0,912,256,0,0,944,64,0,0,0,115,0,0,0,65532,26688
328,1000,0,0,4,2,2,0,0,19,4,0,0,0,0,70,32768,8,136,524,0,0,0,0,0,0,0,0,0,0,0,0,70,0,0,944,0,0,0,0,64,0,0,0,0,0,0,0,0,26624
328,1100,0,0,4,2,2,0,0,19,4,8192,0,65232,0,64,0,0,65475,193,0,0,0,51200,0,0,56452,56484,0,65504,0,0,64,0,0,912,256,0,0,944,64,0,0,0,115,0,0,0,65532,26688
329,1000,0,0,4,2,2,0,0,19,4,0,0,0,0,70,32768,8,136,524,0,0,0,0,0,0,0,0,0,0,0,0,70,0,0,944,0,0,0,0,64,0,0,0,0,0,0,0,0,26624
329,1100,0,0,4,2,2,0,0,19,4,8192,0,65232,0,64,0,0,65475,193,0,0,0,51200,0,0,56452,56484,0,65504,0,0,64,0,0,912,256,0,0,944,64,0,0,0,115,0,0,0,65532,26688
330,1000,0,0,4,2,2,0,0,19,4,0,0,0,0,70,32768,8,136,524,0,0,0,0,0,0,0,0,0,0,0,0,70,0,0,944,0,0,0,0,64,0,0,0,0,0,0,0,0,26624
330,1100,0,0,4,2,2,0,0,19,4,8192,0,65232,0,64,0,0,65475,193,0,0,0,51200,0,0,56452,56484,0,65504,0,0,64,0,0,912,256,0,0,944,64,0,0,0,115,0,0,0,65532,26688
331,1000,0,0,4,2,2,0,0,19,4,0,0,0,0,70,32768,8,136,524,0,0,0,0,0,0,0,0,0,0,0,0,70,0,0,944,0,0,0,0,64,0,0,0,0,0,0,0,0,26624
331,1100,0,0,4,2,2,0,0,19,4,8192,0,65232,0,64,0,0,65475,193,0,0,0,51200,0,0,56452,56484,0,65504,0,0,64,0,0,912,256,0,0,944,64,0,0,0,115,0,0,0,65532,26688
332,1000,0,0,4,2,2,0,0,19,4,0,0,0,0,70,32768,8,136,524,0,0,0,0,0,0,0,0,0,0,0,0,70,0,0,944,0,0,0,0,64,0,0,0,0,0,0,0,0,26624
332,1100,0,0,4,2,2,0,0,19,4,8192,0,65232,0,64,0,0,65475,193,0,0,0,51200,0,0,56452,56484,0,65504,0,0,64,0,0,912,256,0,0,944,64,0,0,0,115,0,0,0,65532,26688
333,1000,0,0,4,2,2,0,0,19,4,0,0,0,0,70,32768,8,136,524,0,0,0,0,0,0,0,0,0,0,0,0,70,0,0,944,0,0,0,0,64,0,0,0,0,0,0,0,0,26624
333,1100,0,0,4,2,2,0,0,19,4,8192,0,65232,0,64,0,0,65475,193,0,0,0,51200,0,0,56452,56484,0,65504,0,0,64,0,0,912,256,0,0,944,64,0,0,0,115,0,0,0,65532,26688
334,1000,0,0,4,2,2,0,0,19,4,0,0,0,0,70,32768,8,136,524,0,0,0,0,0,0,0,0,0,0,0,0,70,0,0,944,0,0,0,0,64,0,0,0,0,0,0,0,0,26624
334,1100,0,0,4,2,2,0,0,19,4,8192,0,65232,0,64,0,0,65475,193,0,0,0,51200,0,0,56452,56484,0,65504,0,0,64,0,0,912,256,0,0,944,64,0,0,0,115,0,0,0,65532,26688
335,1000,0,0,4,2,2,0,0,19,4,0,0,0,0,70,32768,8,136,524,0,0,0,0,0,0,0,0,0,0,0,0,70,0,0,944,0,0,0,0,64,0,0,0,0,0,0,0,0,26624
335,1100,0,0,4,2,2,0,0,19,4,8192,0,65232,0,64,0,0,65475,193,0,0,0,51200,0,0,56452,56484,0,65504,0,0,64,0,0,912,256,0,0,944,64,0,0,0,115,0,0,0,65532,26688
336,1000,0,0,4,2,2,0,0,19,4,0,0,0,0,70,32768,8,136,524,0,0,0,0,0,0,0,0,0,0,0,0,70,0,0,944,0,0,0,0,64,0,0,0,0,0,0,0,0,26624
336,1100,0,0,4,2,2,0,0,19,4,8192,0,65232,0,64,0,0,65475,193,0,0,0,51200,0,0,56452,56484,0,65504,0,0,64,0,0,912,256,0,0,944,64,0,0,0,115,0,0,0,65532,26688
337,1000,0,0,4,2,2,0,0,19,4,0,0,0,0,70,32768,8,136,524,0,0,0,0,0,0,0,0,0,0,0,0,70,0,0,944,0,0,0,0,64,0,0,0,0,0,0,0,0,26624
337,1100,0,0,4,2,2,0,0,19,4,8192,0,65232,0,64,0,0,65475,193,0,0,0,51200,0,0,56452,56484,0,65504,0,0,64,0,0,912,256,0,0,944,64,0,0,0,115,0,0,0,65532,26688
338,1000,0,0,4,2,2,0,0,19,4,0,0,0,0,70,32768,8,136,524,0,0,48,0,0,0,0,0,0,0,0,0,70,6,0,944,0,0,0,944,64,0,0,0,0,0,0,0,65532,26624
338,1100,0,0,4,2,2,0,0,19,4,8192,0,65232,0,64,0,0,65475,193,0,0,0,51200,0,0,56452,56484,0,65504,0,0,64,0,0,912,256,0,0,944,64,0,0,0,115,0,0,0,65532,26688
339,1000,0,0,4,2,2,0,0,19,4,0,0,0,0,70,32768,8,136,524,0,0,48,0,0,0,0,0,0,0,0,0,70,6,0,944,0,0,0,944,64,0,0,0,0,0,0,0,65532,26624
339,1100,0,0,4,2,2,0,0,19,4,8192,0,65232,0,64,0,0,65475,193,0,0,0,51200,0,0,56452,56484,0,65504,0,0,64,0,0,912,256,0,0,944,64,0,0,0,115,0,0,0,65532,26688
340,1000,0,0,4,2,2,0,0,19,4,0,0,0,0,70,32768,8,136,524,0,0,48,0,0,0,0,0,0,0,0,0,70,6,0,944,0,0,0,944,64,0,0,0,0,0,0,0,65532,26624
340,1100,0,0,4,2,2,0,0,19,4,8192,0,65232,0,64,0,0,65475,193,0,0,0,51200,0,0,56452,56484,0,65504,0,0,64,0,0,912,256,0,0,944,64,0,0,0,115,0,0,0,65532,26688
341,1000,0,0,4,2,2,0,0,19,4,0,0,0,0,70,32768,8,136,524,0,0,48,0,0,0,0,0,0,0,0,0,70,6,0,944,0,0,0,944,64,0,0,0,0,0,0,0,65532,26624
341,1100,0,0,4,2,2,0,0,19,4,8192,0,65232,0,64,0,0,65475,193,0,0,0,51200,0,0,56452,56484,0,65504,0,0,64,0,0,912,256,0,0,944,64,0,0,0,115,0,0,0,65532,26688
342,1000,0,0,4,2,2,0,0,19,4,0,0,0,0,70,32768,8,136,524,0,0,48,0,0,0,0,0,0,0,0,0,70,6,0,944,0,0,0,944,64,0,0,0,0,0,0,0,65532,26624
342,1100,0,0,4,2,2,0,0,19,4,8192,0,65232,0,64,0,0,65475,193,0,0,0,51200,0,0,56452,56484,0,65504,0,0,64,0,0,912,256,0,0,944,64,0,0,0,115,0,0,0,65532,26688
343,1000,0,0,4,2,2,0,0,19,4,0,0,0,0,70,32768,8,136,524,0,0,48,0,0,0,0,0,0,0,0,0,70,6,0,944,0,0,0,944,64,0,0,0,0,0,0,0,65532,26624
343,1100,0,0,4,2,2,0,0,19,4,8192,0,65232,0,64,0,0,65475,193,0,0,0,51200,0,0,56452,56484,0,65504,0,0,64,0,0,912,256,0,0,944,64,0,0,0,115,0,0,0,65532,26688
344,1000,0,0,4,2,2,0,0,19,4,0,0,0,0,70,32768,8,136,524,0,0,48,0,0,0,0,0,0,0,0,0,70,6,0,944,0,32768,0,944,64,0,0,0,0,0,0,0,2,26624
344,1100,0,0,4,2,2,0,0,19,4,8192,0,65232,0,64,0,0,65475,193,0,0,0,51200,0,0,56452,56484,0,65504,0,0,64,0,0,912,256,0,0,944,64,0,0,0,115,0,0,0,65532,26688
345,1000,0,0,4,2,2,0,0,19,4,0,0,0,65535,70,32768,8,136,524,0,0,48,0,0,0,0,0,0,0,0,0,70,6,0,944,512,32768,0,944,64,0,0,0,2,0,0,0,2,26624
345,1100,0,0,4,2,2,0,0,19,4,8192,0,65232,0,64,0,0,65475,193,0,0,0,51200,0,0,56452,56484,0,65504,0,0,64,0,0,912,256,0,0,944,64,0,0,0,115,0,0,0,65532,26688
346,1000,0,0,4,2,2,0,0,19,4,0,65280,0,65533,70,32768,8,136,523,0,0,48,0,0,0,0,0,0,0,0,0,70,6,0,944,512,32768,0,944,64,0,0,0,4,0,0,0,2,26624
346,1100,0,0,4,2,2,0,0,19,4,8192,0,65232,0,64,0,0,65475,193,0,0,0,51200,0,0,56452,56484,0,65504,0,0,64,0,0,912,256,0,0,944,64,0,0,0,115,0,0,0,65532,26688
347,1000,0,0,4,2,2,0,0,19,4,0,64512,0,65531,70,32768,8,136,523,0,0,48,0,0,0,0,0,0,0,0,0,70,6,0,944,512,32768,0,944,64,0,0,0,6,0,0,0,2,26624
347,1100,0,0,4,2,2,0,0,19,4,8192,0,65232,0,64,0,0,65475,193,0,0,0,51200,0,0,56452,56484,0,65504,0,0,64,0,0,912,256,0,0,944,64,0,0,0,115,0,0,0,65532,26688
348,1000,0,0,4,2,2,0,0,19,4,0,63232,0,65529,70,32768,8,136,523,0,0,48,0,0,0,0,0,0,0,0,0,70,6,0,944,512,32768,0,944,64,0,0,0,8,0,0,0,2,26624
348,1100,0,0,4,2,2,0,0,19,4,8192,0,65232,0,64,0,0,65475,193,0,0,0,51200,0,0,56452,56484,0,65504,0,0,64,0,0,912,256,0,0,944,64,0,0,0,115,0,0,0,65532,26688
349,1000,0,0,4,2,2,0,0,19,4,0,61440,0,65527,70,32768,8,136,523,0,0,48,0,0,0,0,0,0,0,0,0,70,6,0,944,512,32768,0,944,64,0,0,0,10,0,0,0,2,26624
349,1100,0,0,4,2,2,0,0,19,4,8192,0,65232,0,64,0,0,65475,193,0,0,0,51200,0,0,56452,56484,0,65504,0,0,64,0,0,912,256,0,0,944,64,0,0,0,115,0,0,0,65532,26688
350,1000,0,0,4,2,2,0,0,19,4,0,59136,0,65525,70,32768,8,136,523,0,0,48,0,0,0,0,0,0,0,0,0,70,6,0,944,512,32768,0,944,64,0,0,0,12,0,0,0,2,26624
350,1100,0,0,4,2,2,0,0,19,4,8192,0,65232,0,64,0,0,65475,193,0,0,0,51200,0,0,56452,56484,0,65504,0,0,64,0,0,912,256,0,0,944,64,0,0,0,115,0,0,0,65532,26688
351,1000,0,0,4,2,2,0,0,19,4,0,56320,0,65523,70,32768,8,136,523,0,0,48,0,0,0,0,0,0,0,0,0,70,6,0,944,512,32768,0,944,64,0,0,0,14,0,0,0,2,26624
351,1100,0,0,4,2,2,0,0,19,4,8192,0,65232,0,64,0,0,65475,193,0,0,0,51200,0,0,56452,56484,0,65504,0,0,64,0,0,912,256,0,0,944,64,0,0,0,115,0,0,0,65532,26688
352,1000,0,0,4,2,2,0,0,19,4,0,52992,0,65521,70,32768,8,136,523,0,0,48,0,0,0,0,0,0,0,0,0,70,6,0,944,512,32768,0,944,64,0,0,0,16,0,0,0,2,26624
352,1100,0,0,4,2,2,0,0,19,4,8192,0,65232,0,64,0,0,65475,193,0,0,0,51200,0,0,56452,56484,0,65504,0,0,64,0,0,912,256,0,0,944,64,0,0,0,115,0,0,0,65532,26688
353,1000,0,0,4,2,2,0,0,19,4,0,49152,0,65519,70,32768,8,136,523,0,0,48,0,0,0,0,0,0,0,0,0,70,6,0,944,1024,32768,0,944,64,0,0,0,18,0,0,0,2,26624
353,1100,0,0,4,2,2,0,0,19,4,8192,0,65232,0,64,0,0,65475,193,0,0,0,51200,0,0,56452,56484,0,65504,0,0,64,0,0,912,256,0,0,944,64,0,0,0,115,0,0,0,65532,26688
354,1000,0,0,4,2,2,0,0,19,4,0,44800,0,65517,70,32768,8,136,523,0,0,48,0,0,0,0,0,0,0,0,0,70,6,0,944,1024,32768,0,944,64,0,0,0,20,0,0,0,2,26624
354,1100,0,0,4,2,2,0,0,19,4,8192,0,65232,0,64,0,0,65475,193,0,0,0,51200,0,0,56452,56484,0,65504,0,0,64,0,0,912,256,0,0,944,64,0,0,0,115,0,0,0,65532,26688
355,1000,0,0,4,2,2,0,0,19,4,0,39936,0,65515,70,32768,8,136,523,0,0,48,0,0,0,0,0,0,0,0,0,70,6,0,944,1024,32768,0,944,64,0,0,0,22,0,0,0,2,26624
355,1100,0,0,4,2,2,0,0,19,4,8192,0,65232,0,64,0,0,65475,193,0,0,0,51200,0,0,56452,56484,0,65504,0,0,64,0,0,912,256,0,0,944,64,0,0,0,115,0,0,0,65532,26688
356,1000,0,0,4,2,2,0,0,19,4,0,34560,0,65513,70,32768,8,136,523,0,0,48,0,0,0,0,0,0,0,0,0,70,6,0,944,1024,32768,0,944,64,0,0,0,24,0,0,0,2,26624
356,1100,0,0,4,2,2,0,0,19,4,8192,0,65232,0,64,0,0,65475,193,0,0,0,51200,0,0,56452,56484,0,65504,0,0,64,0,0,912,256,0,0,944,64,0,0,0,115,0,0,0,65532,26688
357,1000,0,0,4,2,2,0,0,19,4,0,28672,0,65511,70,32768,8,136,523,0,0,48,0,0,0,0,0,0,0,0,0,70,6,0,944,1024,32768,0,944,64,0,0,0,26,0,0,0,2,26624
357,1100,0,0,4,2,2,0,0,19,4,8192,0,65232,0,64,0,0,65475,193,0,0,0,51200,0,0,56452,56484,0,65504,0,0,64,0,0,912,256,0,0,944,64,0,0,0,115,0,0,0,65532,26688
358,1000,0,0,4,2,2,0,0,19,4,0,22272,0,65509,70,32768,8,136,523,0,0,48,0,0,0,0,0,0,0,0,0,70,6,0,944,1024,32768,0,944,64,0,0,0,28,0,0,0,2,26624
358,1100,0,0,4,2,2,0,0,19,4,8192,0,65232,0,64,0,0,65475,193,0,0,0,51200,0,0,56452,56484,0,65504,0,0,64,0,0,912,256,0,0,944,64,0,0,0,115,0,0,0,65532,26688
359,1000,0,0,4,2,2,0,0,19,4,0,15360,0,65507,70,32768,8,136,523,0,0,48,0,0,0,0,0,0,0,0,0,70,6,0,944,1024,32768,0,944,64,0,0,0,30,0,0,0,2,26624
359,1100,0,0,4,2,2,0,0,19,4,8192,0,65232,0,64,0,0,65475,193,0,0,0,51200,0,0,56452,56484,0,65504,0,0,64,0,0,912,256,0,0,944,64,0,0,0,115,0,0,0,65532,26688
360,1000,0,0,4,2,2,0,0,19,4,0,7936,0,65505,70,32768,8,136,523,0,0,48,0,0,0,0,0,0,0,0,0,70,6,0,944,1024,32768,0,944,64,0,0,0,32,0,0,0,2,26624
360,1100,0,0,4,2,2,0,0,19,4,8192,0,65232,0,64,0,0,65475,193,0,0,0,51200,0,0,56452,56484,0,65504,0,0,64,0,0,912,256,0,0,944,64,0,0,0,115,0,0,0,65532,26688
361,1000,0,0,4,2,2,0,0,19,4,0,0,0,65503,70,32768,8,136,523,0,0,48,0,0,0,0,0,0,0,0,0,70,6,0,944,1536,32768,0,944,64,0,0,0,34,0,0,0,2,26624
361,1100,0,0,4,2,2,0,0,19,4,8192,0,65232,0,64,0,0,65475,193,0,0,0,51200,0,0,56452,56484,0,65504,0,0,64,0,0,912,256,0,0,944,64,0,0,0,115,0,0,0,65532,26688
362,1000,0,0,4,2,2,0,0,19,4,0,57088,0,65501,70,32768,8,136,522,0,0,48,0,0,0,0,0,0,0,0,0,70,6,0,944,1536,32768,0,944,64,0,0,0,36,0,0,0,2,26624
362,1100,0,0,4,2,2,0,0,19,4,8192,0,65232,0,64,0,0,65475,193,0,0,0,51200,0,0,56452,56484,0,65504,0,0,64,0,0,912,256,0,0,944,64,0,0,0,115,0,0,0,65532,26688
363,1000,0,0,4,2,2,0,0,19,4,0,48128,0,65499,70,32768,8,136,522,0,0,48,0,0,0,0,0,0,0,0,0,70,6,0,944,1536,32768,0,944,64,0,0,0,38,0,0,0,2,26624
363,1100,0,0,4,2,2,0,0,19,4,8192,0,65232,0,64,0,0,65475,193,0,0,0,51200,0,0,56452,56484,0,65504,0,0,64,0,0,912,256,0,0,944,64,0,0,0,115,0,0,0,65532,26688
364,1000,0,0,4,2,2,0,0,19,4,0,38656,0,65497,70,32768,8,136,522,0,0,48,0,0,0,0,0,0,0,0,0,70,6,0,944,1536,32768,0,944,64,0,0,0,40,0,0,0,2,26624
364,1100,0,0,4,2,2,0,0,19,4,8192,0,65232,0,64,0,0,65475,193,0,0,0,51200,0,0,56452,56484,0,65504,0,0,64,0,0,912,256,0,0,944,64,0,0,0,115,0,0,0,65532,26688
365,1000,0,0,4,2,2,0,0,19,4,0,28672,0,65495,70,32768,8,136,522,0,0,48,0,0,0,0,0,0,0,0,0,70,6,0,944,1536,32768,0,944,64,0,0,0,42,0,0,0,2,26624
365,1100,0,0,4,2,2,0,0,19,4,8192,0,65232,0,64,0,0,65475,193,0,0,0,51200,0,0,56452,56484,0,65504,0,0,64,0,0,912,256,0,0,944,64,0,0,0,115,0,0,0,65532,26688
366,1000,0,0,4,2,2,0,0,19,4,0,18176,0,65493,70,32768,8,136,522,0,0,48,0,0,0,0,0,0,0,0,0,70,6,0,944,1536,32768,0,944,64,0,0,0,44,0,0,0,2,26624
366,1100,0,0,4,2,2,0,0,19,4,8192,0,65232,0,64,0,0,65475,193,0,0,0,51200,0,0,56452,56484,0,65504,0,0,64,0,0,912,256,0,0,944,64,0,0,0,115,0,0,0,65532,26688
367,1000,0,0,4,2,2,0,0,19,4,0,7168,0,65491,70,32768,8,136,522,0,0,48,0,0,0,0,0,0,0,0,0,70,6,0,944,1536,32768,0,944,64,0,0,0,46,0,0,0,2,26624
367,1100,0,0,4,2,2,0,0,19,4,8192,0,65232,0,64,0,0,65475,193,0,0,0,51200,0,0,56452,56484,0,65504,0,0,64,0,0,912,256,0,0,944,64,0,0,0,115,0,0,0,65532,26688
368,1000,0,0,4,2,2,0,0,19,4,0,61184,0,65489,70,32768,8,136,521,0,0,48,0,0,0,0,0,0,0,0,0,70,6,0,944,1536,32768,0,944,64,0,0,0,48,0,0,0,2,26624
368,1100,0,0,4,2,2,0,0,19,4,8192,0,65232,0,64,0,0,65475,193,0,0,0,51200,0,0,56452,56484,0,65504,0,0,64,0,0,912,256,0,0,944,64,0,0,0,115,0,0,0,65532,26688
369,1000,0,0,4,2,2,0,0,19,4,0,49152,0,65487,70,32768,8,136,521,0,0,48,0,0,0,0,0,0,0,0,0,70,6,0,944,2048,32768,0,944,64,0,0,0,50,0,0,0,2,26624
369,1100,0,0,4,2,2,0,0,19,4,8192,0,65232,0,64,0,0,65475,193,0,0,0,51200,0,0,56452,56484,0,65504,0,0,64,0,0,912,256,0,0,944,64,0,0,0,115,0,0,0,65532,26688
370,1000,0,0,4,2,2,0,0,19,4,0,36608,0,65485,70,32768,8,136,521,0,0,48,0,0,0,0,0,0,0,0,0,70,6,0,944,2048,32768,0,944,64,0,0,0,52,0,0,0,2,26624
370,1100,0,0,4,2,2,0,0,19,4,8192,0,65232,0,64,0,0,65475,193,0,0,0,51200,0,0,56452,56484,0,65504,0,0,64,0,0,912,256,0,0,944,64,0,0,0,115,0,0,0,65532,26688
371,1000,0,0,4,2,2,0,0,19,4,0,23552,0,65483,70,32768,8,136,521,0,0,48,0,0,0,0,0,0,0,0,0,70,6,0,944,2048,32768,0,944,64,0,0,0,54,0,0,0,2,26624
371,1100,0,0,4,2,2,0,0,19,4,8192,0,65232,0,64,0,0,65475,193,0,0,0,51200,0,0,56452,56484,0,65504,0,0,64,0,0,912,256,0,0,944,64,0,0,0,115,0,0,0,65532,26688
372,1000,0,0,4,2,2,0,0,19,4,0,9984,0,65481,70,32768,8,136,521,0,0,48,0,0,0,0,0,0,0,0,0,70,6,0,944,2048,32768,0,944,64,0,0,0,56,0,0,0,2,26624
372,1100,0,0,4,2,2,0,0,19,4,8192,0,65232,0,64,0,0,65475,193,0,0,0,51200,0,0,56452,56484,0,65504,0,0,64,0,0,912,256,0,0,944,64,0,0,0,115,0,0,0,65532,26688
373,1000,0,0,4,2,2,0,0,19,4,0,61440,0,65479,70,32768,8,136,520,0,0,48,0,0,0,0,0,0,0,0,0,70,6,0,944,2048,32768,0,944,64,0,0,0,58,0,0,0,2,26624
373,1100,0,0,4,2,2,0,0,19,4,8192,0,65232,0,64,0,0,65475,193,0,0,0,51200,0,0,56452,56484,0,65504,0,0,64,0,0,912,256,0,0,944,64,0,0,0,115,0,0,0,65532,26688
374,1000,0,0,4,2,2,0,0,19,4,0,46848,0,65477,70,32768,8,136,520,0,0,48,0,0,0,0,0,0,0,0,0,70,6,0,944,2048,32768,0,944,64,0,0,0,60,0,0,0,2,26624
374,1100,0,0,4,2,2,0,0,19,4,8192,0,65232,0,64,0,0,65475,193,0,0,0,51200,0,0,56452,56484,0,65504,0,0,64,0,0,912,256,0,0,944,64,0,0,0,115,0,0,0,65532,26688
375,1000,0,0,4,2,2,0,0,19,4,0,31744,0,65475,70,32768,8,136,520,0,0,48,0,0,0,0,0,0,0,0,0,70,6,0,944,2048,32768,0,944,64,0,0,0,62,0,0,0,2,26624
375,1100,0,0,4,2,2,0,0,19,4,8192,0,65232,0,64,0,0,65475,193,0,0,0,51200,0,0,56452,56484,0,65504,0,0,64,0,0,912,256,0,0,944,64,0,0,0,115,0,0,0,65532,26688
376,1000,0,0,4,2,2,0,0,19,4,0,16128,0,65473,70,32768,8,136,520,0,0,48,0,0,0,0,0,0,0,0,0,70,6,0,944,2048,32768,0,944,64,0,0,0,64,0,0,0,2,26624
376,1100,0,0,4,2,2,0,0,19,4,8192,0,65232,0,64,0,0,65475,193,0,0,0,51200,0,0,56452,56484,0,65504,0,0,64,0,0,912,256,0,0,944,64,0,0,0,115,0,0,0,65532,26688
377,1000,0,0,4,2,2,0,0,19,4,0,0,0,65471,70,32768,8,136,520,0,0,48,0,0,0,0,0,0,0,0,0,70,6,0,944,2560,32768,0,944,64,0,0,0,66,0,0,0,2,26624
377,1100,0,0,4,2,2,0,0,19,4,8192,0,65232,0,64,0,0,65475,193,0,0,0,51200,0,0,56452,56484,0,65504,0,0,64,0,0,912,256,0,0,944,64,0,0,0,115,0,0,0,65532,26688
378,1000,0,0,4,2,2,0,0,19,4,0,48896,0,65469,70,32768,8,136,519,0,0,48,0,0,0,0,0,0,0,0,0,70,6,0,944,2560,32768,0,944,64,0,0,0,68,0,0,0,2,26624
378,1100,0,0,4,2,2,0,0,19,4,8192,0,65232,0,64,0,0,65475,193,0,0,0,51200,0,0,56452,56484,0,65504,0,0,64,0,0,912,256,0,0,944,64,0,0,0,115,0,0,0,65532,26688
379,1000,0,0,4,2,2,0,0,19,4,0,31744,0,65467,70,32768,8,136,519,0,0,48,0,0,0,0,0,0,0,0,0,70,6,0,944,2560,32768,0,944,64,0,0,0,70,0,0,0,2,26624
379,1100,0,0,4,2,2,0,0,19,4,8192,0,65232,0,64,0,0,65475,193,0,0,0,51200,0,0,56452,56484,0,65504,0,0,64,0,0,912,256,0,0,944,64,0,0,0,115,0,0,0,65532,26688
380,1000,0,0,4,2,2,0,0,19,4,0,14080,0,65465,70,32768,8,136,519,0,0,48,0,0,0,0,0,0,0,0,0,70,6,0,944,2560,32768,0,944,64,0,0,0,72,0,0,0,2,26624
380,1100,0,0,4,2,2,0,0,19,4,8192,0,65232,0,64,0,0,65475,193,0,0,0,51200,0,0,56452,56484,0,65504,0,0,64,0,0,912,256,0,0,944,64,0,0,0,115,0,0,0,65532,26688
381,1000,0,0,4,2,2,0,0,19,4,0,61440,0,65463,70,32768,8,136,518,0,0,48,0,0,0,0,0,0,0,0,0,70,6,0,944,2560,32768,0,944,64,0,0,0,74,0,0,0,2,26624
381,1100,0,0,4,2,2,0,0,19,4,8192,0,65232,0,64,0,0,65475,193,0,0,0,51200,0,0,56452,56484,0,65504,0,0,64,0,0,912,256,0,0,944,64,0,0,0,115,0,0,0,65532,26688
382,1000,0,0,4,2,2,0,0,19,4,0,42752,0,65461,70,32768,8,136,518,0,0,48,0,0,0,0,0,0,0,0,0,70,6,0,944,2560,32768,0,944,64,0,0,0,76,0,0,0,2,26624
382,1100,0,0,4,2,2,0,0,19,4,8192,0,65232,0,64,0,0,65475,193,0,0,0,51200,0,0,56452,56484,0,65504,0,0,64,0,0,912,256,0,0,944,64,0,0,0,115,0,0,0,65532,26688
383,1000,0,0,4,2,2,0,0,19,4,0,23552,0,65459,70,32768,8,136,518,0,0,48,0,0,0,0,0,0,0,0,0,70,6,0,944,2560,32768,0,944,64,0,0,0,78,0,0,0,2,26624
383,1100,0,0,4,2,2,0,0,19,4,8192,0,65232,0,64,0,0,65475,193,0,0,0,51200,0,0,56452,56484,0,65504,0,0,64,0,0,912,256,0,0,944,64,0,0,0,115,0,0,0,65532,26688
384,1000,0,0,4,2,2,0,0,19,4,0,3840,0,65457,70,32768,8,136,518,0,0,48,0,0,0,0,0,0,0,0,0,70,6,0,944,2560,32768,0,944,64,0,0,0,80,0,0,0,2,26624
384,1100,0,0,4,2,2,0,0,19,4,8192,0,65232,0,64,0,0,65475,193,0,0,0,51200,0,0,56452,56484,0,65504,0,0,64,0,0,912,256,0,0,944,64,0,0,0,115,0,0,0,65532,26688
385,1000,0,0,4,2,2,0,0,19,4,0,49152,0,65455,70,32768,8,136,517,0,0,48,0,0,0,0,0,0,0,0,0,70,6,0,944,3072,32768,0,944,64,0,0,0,82,0,0,0,2,26624
385,1100,0,0,4,2,2,0,0,19,4,8192,0,65232,0,64,0,0,65475,193,0,0,0,51200,0,0,56452,56484,0,65504,0,0,64,0,0,912,256,0,0,944,64,0,0,0,115,0,0,0,65532,26688
386,1000,0,0,4,2,2,0,0,19,4,0,28416,0,65453,70,32768,8,136,517,0,0,48,0,0,0,0,0,0,0,0,0,70,6,0,944,3072,32768,0,944,64,0,0,0,84,0,0,0,2,26624
386,1100,0,0,4,2,2,0,0,19,4,8192,0,65232,0,64,0,0,65475,193,0,0,0,51200,0,0,56452,56484,0,65504,0,0,64,0,0,912,256,0,0,944,64,0,0,0,115,0,0,0,65532,26688
387,1000,0,0,4,2,2,0,0,19,4,0,7168,0,65451,70,32768,8,136,517,0,0,48,0,0,0,0,0,0,0,0,0,70,6,0,944,3072,32768,0,944,64,0,0,0,86,0,0,0,2,26624
387,1100,0,0,4,2,2,0,0,19,4,8192,0,65232,0,64,0,0,65475,193,0,0,0,51200,0,0,56452,56484,0,65504,0,0,64,0,0,912,256,0,0,944,64,0,0,0,115,0,0,0,65532,26688
388,1000,0,0,4,2,2,0,0,19,4,0,50944,0,65449,70,32768,8,136,516,0,0,48,0,0,0,0,0,0,0,0,0,70,6,0,944,3072,32768,0,944,64,0,0,0,88,0,0,0,2,26624
388,1100,0,0,4,2,2,0,0,19,4,8192,0,65232,0,64,0,0,65475,193,0,0,0,51200,0,0,56452,56484,0,65504,0,0,64,0,0,912,256,0,0,944,64,0,0,0,115,0,0,0,65532,26688
389,1000,0,0,4,2,2,0,0,19,4,0,28672,0,65447,70,32768,8,136,516,0,0,48,0,0,0,0,0,0,0,0,0,70,6,0,944,3072,32768,0,944,64,0,0,0,90,0,0,0,2,26624
389,1100,0,0,4,2,2,0,0,19,4,8192,0,65232,0,64,0,0,65475,193,0,0,0,51200,0,0,56452,56484,0,65504,0,0,64,0,0,912,256,0,0,944,64,0,0,0,115,0,0,0,65532,26688
390,1000,0,0,4,2,2,0,0,19,4,0,5888,0,65445,70,32768,8,136,516,0,0,48,0,0,0,0,0,0,0,0,0,70,6,0,944,3072,32768,0,944,64,0,0,0,92,0,0,0,2,26624
390,1100,0,0,4,2,2,0,0,19,4,8192,0,65232,0,64,0,0,65475,193,0,0,0,51200,0,0,56452,56484,0,65504,0,0,64,0,0,912,256,0,0,944,64,0,0,0,115,0,0,0,65532,26688
391,1000,0,0,4,2,2,0,0,19,4,0,48128,0,65443,70,32768,8,136,515,0,0,48,0,0,0,0,0,0,0,0,0,70,6,0,944,3072,32768,0,944,64,0,0,0,94,0,0,0,2,26624
391,1100,0,0,4,2,2,0,0,19,4,8192,0,65232,0,64,0,0,65475,193,0,0,0,51200,0,0,56452,56484,0,65504,0,0,64,0,0,912,256,0,0,944,64,0,0,0,115,0,0,0,65532,26688
392,1000,0,0,4,2,2,0,0,19,4,0,24320,0,65441,70,32768,8,136,515,0,0,48,0,0,0,0,0,0,0,0,0,70,6,0,944,3072,32768,0,944,64,0,0,0,96,0,0,0,2,26624
392,1100,0,0,4,2,2,0,0,19,4,8192,0,65232,0,64,0,0,65475,193,0,0,0,51200,0,0,56452,56484,0,65504,0,0,64,0,0,912,256,0,0,944,64,0,0,0,115,0,0,0,65532,26688
393,1000,0,0,4,2,2,0,0,19,4,0,0,0,65439,70,32768,8,136,515,0,0,48,0,0,0,0,0,0,0,0,0,70,6,0,944,3584,32768,0,944,64,0,0,0,98,0,0,0,2,26624
393,1100,0,0,4,2,2,0,0,19,4,8192,0,65232,0,64,0,0,65475,193,0,0,0,51200,0,0,56452,56484,0,65504,0,0,64,0,0,912,256,0,0,944,64,0,0,0,115,0,0,0,65532,26688
394,1000,0,0,4,2,2,0,0,19,4,0,40704,0,65437,70,32768,8,136,514,0,0,48,0,0,0,0,0,0,0,0,0,70,6,0,944,3584,32768,0,944,64,0,0,0,100,0,0,0,2,26624
394,1100,0,0,4,2,2,0,0,19,4,8192,0,65232,0,64,0,0,65475,193,0,0,0,51200,0,0,56452,56484,0,65504,0,0,64,0,0,912,256,0,0,944,64,0,0,0,115,0,0,0,65532,26688
395,1000,0,0,4,2,2,0,0,19,4,0,15360,0,65435,70,32768,8,136,514,0,0,48,0,0,0,0,0,0,0,0,0,70,6,0,944,3584,32768,0,944,64,0,0,0,102,0,0,0,2,26624
395,1100,0,0,4,2,2,0,0,19,4,8192,0,65232,0,64,0,0,65475,193,0,0,0,51200,0,0,56452,56484,0,65504,0,0,64,0,0,912,256,0,0,944,64,0,0,0,115,0,0,0,65532,26688
396,1000,0,0,4,2,2,0,0,19,4,0,55040,0,65433,70,32768,8,136,513,0,0,48,0,0,0,0,0,0,0,0,0,70,6,0,944,3584,32768,0,944,64,0,0,0,104,0,0,0,2,26624
396,1100,0,0,4,2,2,0,0,19,4,8192,0,65232,0,64,0,0,65475,193,0,0,0,51200,0,0,56452,56484,0,65504,0,0,64,0,0,912,256,0,0,944,64,0,0,0,115,0,0,0,65532,26688
397,1000,0,0,4,2,2,0,0,19,4,0,28672,0,65431,70,32768,8,136,513,0,0,48,0,0,0,0,0,0,0,0,0,70,6,0,944,3584,32768,0,944,64,0,0,0,106,0,0,0,2,26624
397,1100,0,0,4,2,2,0,0,19,4,8192,0,65232,0,64,0,0,65475,193,0,0,0,51200,0,0,56452,56484,0,65504,0,0,64,0,0,912,256,0,0,944,64,0,0,0,115,0,0,0,65532,26688
398,1000,0,0,4,2,2,0,0,19,4,0,1792,0,65429,70,32768,8,136,513,0,0,48,0,0,0,0,0,0,0,0,0,70,6,0,944,3584,32768,0,944,64,0,0,0,108,0,0,0,2,26624
398,1100,0,0,4,2,2,0,0,19,4,8192,0,65232,0,64,0,0,65475,193,0,0,0,51200,0,0,56452,56484,0,65504,0,0,64,0,0,912,256,0,0,944,64,0,0,0,115,0,0,0,65532,26688
399,1000,0,0,4,2,2,0,0,19,4,0,39936,0,65427,70,32768,8,136,512,0,0,48,0,0,0,0,0,0,0,0,0,70,6,0,944,3584,32768,0,944,64,0,0,0,110,0,0,0,2,26624
399,1100,0,0,4,2,2,0,0,19,4,8192,0,65232,0,64,0,0,65475,193,0,0,0,51200,0,0,56452,56484,0,65504,0,0,64,0,0,912,256,0,0,944,64,0,0,0,115,0,0,0,65532,26688
400,1000,0,0,4,2,2,0,0,19,4,0,12032,0,65425,70,32768,8,136,512,0,0,48,0,0,0,0,0,0,0,0,0,70,6,0,944,3584,32768,0,944,64,0,0,0,112,0,0,0,2,26624
400,1100,0,0,4,2,2,0,0,19,4,8192,0,65232,0,64,0,0,65475,193,0,0,0,51200,0,0,56452,56484,0,65504,0,0,64,0,0,912,256,0,0,944,64,0,0,0,115,0,0,0,65532,26688
401,1000,0,0,4,2,2,0,0,19,4,0,49152,0,65423,70,32768,8,136,511,0,0,48,0,0,0,0,0,0,0,0,0,70,6,0,944,4096,32768,0,944,64,0,0,0,114,0,0,0,2,26624
401,1100,0,0,4,2,2,0,0,19,4,8192,0,65232,0,64,0,0,65475,193,0,0,0,51200,0,0,56452,56484,0,65504,0,0,64,0,0,912,256,0,0,944,64,0,0,0,115,0,0,0,65532,26688
402,1000,0,0,4,2,2,0,0,19,4,0,20224,0,65421,70,32768,8,136,511,0,0,48,0,0,0,0,0,0,0,0,0,70,6,0,944,4096,32768,0,944,64,0,0,0,116,0,0,0,2,26624
402,1100,0,0,4,2,2,0,0,19,4,8192,0,65232,0,64,0,0,65475,193,0,0,0,51200,0,0,56452,56484,0,65504,0,0,64,0,0,912,256,0,0,944,64,0,0,0,115,0,0,0,65532,26688
403,1000,0,0,4,2,2,0,0,19,4,0,56320,0,65419,70,32768,8,136,510,0,0,48,0,0,0,0,0,0,0,0,0,70,6,0,944,4096,32768,0,944,64,0,0,0,118,0,0,0,2,26624
403,1100,0,0,4,2,2,0,0,19,4,8192,0,65232,0,64,0,0,65475,193,0,0,0,51200,0,0,56452,56484,0,65504,0,0,64,0,0,912,256,0,0,944,64,0,0,0,115,0,0,0,65532,26688
404,1000,0,0,4,2,2,0,0,19,4,0,26368,0,65417,70,32768,8,136,510,0,0,48,0,0,0,0,0,0,0,0,0,70,6,0,944,4096,32768,0,944,64,0,0,0,120,0,0,0,2,26624
404,1100,0,0,4,2,2,0,0,19,4,8192,0,65232,0,64,0,0,65475,193,0,0,0,51200,0,0,56452,56484,0,65504,0,0,64,0,0,912,256,0,0,944,64,0,0,0,115,0,0,0,65532,26688
405,1000,0,0,4,2,2,0,0,19,4,0,61440,0,65415,70,32768,8,136,509,0,0,48,0,0,0,0,0,0,0,0,0,70,6,0,944,4096,32768,0,944,64,0,0,0,122,0,0,0,2,26624
405,1100,0,0,4,2,2,0,0,19,4,8192,0,65232,0,64,0,0,65475,193,0,0,0,51200,0,0,56452,56484,0,65504,0,0,64,0,0,912,256,0,0,944,64,0,0,0,115,0,0,0,65532,26688
406,1000,0,0,4,2,2,0,0,19,4,0,30464,0,65413,70,32768,8,136,509,0,0,48,0,0,0,0,0,0,0,0,0,70,6,0,944,4096,32768,0,944,64,0,0,0,124,0,0,0,2,26624
406,1100,0,0,4,2,2,0,0,19,4,8192,0,65232,0,64,0,0,65475,193,0,0,0,51200,0,0,56452,56484,0,65504,0,0,64,0,0,912,256,0,0,944,64,0,0,0,115,0,0,0,65532,26688
407,1000,0,0,4,2,2,0,0,19,4,0,64512,0,65411,70,32768,8,136,508,0,0,48,0,0,0,0,0,0,0,0,0,70,6,0,944,4096,32768,0,944,64,0,0,0,126,0,0,0,2,26624
407,1100,0,0,4,2,2,0,0,19,4,8192,0,65232,0,64,0,0,65475,193,0,0,0,51200,0,0,56452,56484,0,65504,0,0,64,0,0,912,256,0,0,944,64,0,0,0,115,0,0,0,65532,26688
408,1000,0,0,4,2,2,0,0,19,4,0,32512,0,65409,70,32768,8,136,508,0,0,48,0,0,0,0,0,0,0,0,0,70,6,0,944,4096,32768,0,944,64,0,0,0,128,0,0,0,2,26624
408,1100,0,0,4,2,2,0,0,19,4,8192,0,65232,0,64,0,0,65475,193,0,0,0,51200,0,0,56452,56484,0,65504,0,0,64,0,0,912,256,0,0,944,64,0,0,0,115,0,0,0,65532,26688
409,1000,0,0,4,2,2,0,0,19,4,0,0,0,65407,70,32768,8,136,508,0,0,48,0,0,0,0,0,0,0,0,0,70,6,0,944,4608,32768,0,944,64,0,0,0,130,0,0,0,2,26624
409,1100,0,0,4,2,2,0,0,19,4,8192,0,65232,0,64,0,0,65475,193,0,0,0,51200,0,0,56452,56484,0,65504,0,0,64,0,0,912,256,0,0,944,64,0,0,0,115,0,0,0,65532,26688
410,1000,0,0,4,2,2,0,0,19,4,0,32512,0,65405,70,32768,8,136,507,0,0,48,0,0,0,0,0,0,0,0,0,70,6,0,944,4608,32768,0,944,64,0,0,0,132,0,0,0,2,26624
410,1100,0,0,4,2,2,0,0,19,4,8192,0,65232,0,64,0,0,65475,193,0,0,0,51200,0,0,56452,56484,0,65504,0,0,64,0,0,912,256,0,0,944,64,0,0,0,115,0,0,0,65532,26688
411,1000,0,0,4,2,2,0,0,19,4,0,64512,0,65403,70,32768,8,136,506,0,0,48,0,0,0,0,0,0,0,0,0,70,6,0,944,4608,32768,0,944,64,0,0,0,134,0,0,0,2,26624
411,1100,0,0,4,2,2,0,0,19,4,8192,0,65232,0,64,0,0,65475,193,0,0,0,51200,0,0,56452,56484,0,65504,0,0,64,0,0,912,256,0,0,944,64,0,0,0,115,0,0,0,65532,26688
412,1000,0,0,4,2,2,0,0,19,4,0,30464,0,65401,70,32768,8,136,506,0,0,48,0,0,0,0,0,0,0,0,0,70,6,0,944,4608,32768,0,944,64,0,0,0,136,0,0,0,2,26624
412,1100,0,0,4,2,2,0,0,19,4,8192,0,65232,0,64,0,0,65475,193,0,0,0,51200,0,0,56452,56484,0,65504,0,0,64,0,0,912,256,0,0,944,64,0,0,0,115,0,0,0,65532,26688
413,1000,0,0,4,2,2,0,0,19,4,0,61440,0,65399,70,32768,8,136,505,0,0,48,0,0,0,0,0,0,0,0,0,70,6,0,944,4608,32768,0,944,64,0,0,0,138,0,0,0,2,26624
413,1100,0,0,4,2,2,0,0,19,4,8192,0,65232,0,64,0,0,65475,193,0,0,0,51200,0,0,56452,56484,0,65504,0,0,64,0,0,912,256,0,0,944,64,0,0,0,115,0,0,0,65532,26688
414,1000,0,0,4,2,2,0,0,19,4,0,26368,0,65397,70,32768,8,136,505,0,0,48,0,0,0,0,0,0,0,0,0,70,6,0,944,4608,32768,0,944,64,0,0,0,140,0,0,0,2,26624
414,1100,0,0,4,2,2,0,0,19,4,8192,0,65232,0,64,0,0,65475,193,0,0,0,51200,0,0,56452,56484,0,65504,0,0,64,0,0,912,256,0,0,944,64,0,0,0,115,0,0,0,65532,26688
415,1000,0,0,4,2,2,0,0,19,4,0,56320,0,65395,70,32768,8,136,504,0,0,48,0,0,0,0,0,0,0,0,0,70,6,0,944,4608,32768,0,944,64,0,0,0,142,0,0,0,2,26624
415,1100,0,0,4,2,2,0,0,19,4,8192,0,65232,0,64,0,0,65475,193,0,0,0,51200,0,0,56452,56484,0,65504,0,0,64,0,0,912,256,0,0,944,64,0,0,0,115,0,0,0,65532,26688
416,1000,0,0,4,2,2,0,0,19,4,0,20224,0,65393,70,32768,8,136,504,0,0,48,0,0,0,0,0,0,0,0,0,70,6,0,944,4608,32768,0,944,64,0,0,0,144,0,0,0,2,26624
416,1100,0,0,4,2,2,0,0,19,4,8192,0,65232,0,64,0,0,65475,193,0,0,0,51200,0,0,56452,56484,0,65504,0,0,64,0,0,912,256,0,0,944,64,0,0,0,115,0,0,0,65532,26688
417,1000,0,0,4,2,2,0,0,19,4,0,49152,0,65391,70,32768,8,136,503,0,0,48,0,0,0,0,0,0,0,0,0,70,6,0,944,5120,32768,0,944,64,0,0,0,146,0,0,0,2,26624
417,1100,0,0,4,2,2,0,0,19,4,8192,0,65232,0,64,0,0,65475,193,0,0,0,51200,0,0,56452,56484,0,65504,0,0,64,0,0,912,256,0,0,944,64,0,0,0,115,0,0,0,65532,26688
418,1000,0,0,4,2,2,0,0,19,4,0,12032,0,65389,70,32768,8,136,503,0,0,48,0,0,0,0,0,0,0,0,0,70,6,0,944,5120,32768,0,944,64,0,0,0,148,0,0,0,2,26624
418,1100,0,0,4,2,2,0,0,19,4,8192,0,65232,0,64,0,0,65475,193,0,0,0,51200,0,0,56452,56484,0,65504,0,0,64,0,0,912,256,0,0,944,64,0,0,0,115,0,0,0,65532,26688
419,1000,0,0,4,2,2,0,0,19,4,0,39936,0,65387,70,32768,8,136,502,0,0,48,0,0,0,0,0,0,0,0,0,70,6,0,944,5120,32768,0,944,64,0,0,0,150,0,0,0,2,26624
419,1100,0,0,4,2,2,0,0,19,4,8192,0,65232,0,64,0,0,65475,193,0,0,0,51200,0,0,56452,56484,0,65504,0,0,64,0,0,912,256,0,0,944,64,0,0,0,115,0,0,0,65532,26688
420,1000,0,0,4,2,2,0,0,19,4,0,1792,0,65385,70,32768,8,136,502,0,0,48,0,0,0,0,0,0,0,0,0,70,6,0,944,5120,32768,0,944,64,0,0,0,152,0,0,0,2,26624
420,1100,0,0,4,2,2,0,0,19,4,8192,0,65232,0,64,0,0,65475,193,0,0,0,51200,0,0,56452,56484,0,65504,0,0,64,0,0,912,256,0,0,944,64,0,0,0,115,0,0,0,65532,26688
421,1000,0,0,4,2,2,0,0,19,4,0,28672,0,65383,70,32768,8,136,501,0,0,48,0,0,0,0,0,0,0,0,0,70,6,0,944,5120,32768,0,944,64,0,0,0,154,0,0,0,2,26624
421,1100,0,0,4,2,2,0,0,19,4,8192,0,65232,0,64,0,0,65475,193,0,0,0,51200,0,0,56452,56484,0,65504,0,0,64,0,0,912,256,0,0,944,64,0,0,0,115,0,0,0,65532,26688
422,1000,0,0,4,2,2,0,0,19,4,0,55040,0,65381,70,32768,8,136,500,0,0,48,0,0,0,0,0,0,0,0,0,70,6,0,944,5120,32768,0,944,64,0,0,0,156,0,0,0,2,26624
422,1100,0,0,4,2,2,0,0,19,4,8192,0,65232,0,64,0,0,65475,193,0,0,0,51200,0,0,56452,56484,0,65504,0,0,64,0,0,912,256,0,0,944,64,0,0,0,115,0,0,0,65532,26688
423,1000,0,0,4,2,2,0,0,19,4,0,15360,0,65379,70,32768,8,136,500,0,0,48,0,0,0,0,0,0,0,0,0,70,6,0,944,5120,32768,0,944,64,0,0,0,158,0,0,0,2,26624
423,1100,0,0,4,2,2,0,0,19,4,8192,0,65232,0,64,0,0,65475,193,0,0,0,51200,0,0,56452,56484,0,65504,0,0,64,0,0,912,256,0,0,944,64,0,0,0,115,0,0,0,65532,26688
424,1000,0,0,4,2,2,0,0,19,4,0,40704,0,65377,70,32768,8,136,499,0,0,48,0,0,0,0,0,0,0,0,0,70,6,0,944,5120,32768,0,944,64,0,0,0,160,0,0,0,2,26624
424,1100,0,0,4,2,2,0,0,19,4,8192,0,65232,0,64,0,0,65475,193,0,0,0,51200,0,0,56452,56484,0,65504,0,0,64,0,0,912,256,0,0,944,64,0,0,0,115,0,0,0,65532,26688
425,1000,0,0,4,2,2,0,0,19,4,0,0,0,65375,70,32768,8,136,499,0,0,48,0,0,0,0,0,0,0,0,0,70,6,0,944,5632,32768,0,944,64,0,0,0,162,0,0,0,2,26624
425,1100,0,0,4,2,2,0,0,19,4,8192,0,65232,0,64,0,0,65475,193,0,0,0,51200,0,0,56452,56484,0,65504,0,0,64,0,0,912,256,0,0,944,64,0,0,0,115,0,0,0,65532,26688
426,1000,0,0,4,2,2,0,0,19,4,0,24320,0,65373,70,32768,8,136,498,0,0,48,0,0,0,0,0,0,0,0,0,70,6,0,944,5632,32768,0,944,64,0,0,0,164,0,0,0,2,26624
426,1100,0,0,4,2,2,0,0,19,4,8192,0,65232,0,64,0,0,65475,193,0,0,0,51200,0,0,56452,56484,0,65504,0,0,64,0,0,912,256,0,0,944,64,0,0,0,115,0,0,0,65532,26688
427,1000,0,0,4,2,2,0,0,19,4,0,48128,0,65371,70,32768,8,136,497,0,0,48,0,0,0,0,0,0,0,0,0,70,6,0,944,5632,32768,0,944,64,0,0,0,166,0,0,0,2,26624
427,1100,0,0,4,2,2,0,0,19,4,8192,0,65232,0,64,0,0,65475,193,0,0,0,51200,0,0,56452,56484,0,65504,0,0,64,0,0,912,256,0,0,944,64,0,0,0,115,0,0,0,65532,26688
428,1000,0,0,4,2,2,0,0,19,4,0,5888,0,65369,70,32768,8,136,497,0,0,48,0,0,0,0,0,0,0,0,0,70,6,0,944,5632,32768,0,944,64,0,0,0,168,0,0,0,2,26624
428,1100,0,0,4,2,2,0,0,19,4,8192,0,65232,0,64,0,0,65475,193,0,0,0,51200,0,0,56452,56484,0,65504,0,0,64,0,0,912,256,0,0,944,64,0,0,0,115,0,0,0,65532,26688
429,1000,0,0,4,2,2,0,0,19,4,0,28672,0,65367,70,32768,8,136,496,0,0,48,0,0,0,0,0,0,0,0,0,70,6,0,944,5632,32768,0,944,64,0,0,0,170,0,0,0,2,26624
429,1100,0,0,4,2,2,0,0,19,4,8192,0,65232,0,64,0,0,65475,193,0,0,0,51200,0,0,56452,56484,0,65504,0,0,64,0,0,912,256,0,0,944,64,0,0,0,115,0,0,0,65532,26688
430,1000,0,0,4,2,2,0,0,19,4,0,50944,0,65365,70,32768,8,136,495,0,0,48,0,0,0,0,0,0,0,0,0,70,6,0,944,5632,32768,0,944,64,0,0,0,172,0,0,0,2,26624
430,1100,0,0,4,2,2,0,0,19,4,8192,0,65232,0,64,0,0,65475,193,0,0,0,51200,0,0,56452,56484,0,65504,0,0,64,0,0,912,256,0,0,944,64,0,0,0,115,0,0,0,65532,26688
431,1000,0,0,4,2,2,0,0,19,4,0,7168,0,65363,70,32768,8,136,495,0,0,48,0,0,0,0,0,0,0,0,0,70,6,0,944,5632,32768,0,944,64,0,0,0,174,0,0,0,2,26624
431,1100,0,0,4,2,2,0,0,19,4,8192,0,65232,0,64,0,0,65475,193,0,0,0,51200,0,0,56452,56484,0,65504,0,0,64,0,0,912,256,0,0,944,64,0,0,0,115,0,0,0,65532,26688
432,1000,0,0,4,2,2,0,0,19,4,0,28416,0,65361,70,32768,8,136,494,0,0,48,0,0,0,0,0,0,0,0,0,70,6,0,944,5632,32768,0,944,64,0,0,0,176,0,0,0,2,26624
432,1100,0,0,4,2,2,0,0,19,4,8192,0,65232,0,64,0,0,65475,193,0,0,0,51200,0,0,56452,56484,0,65504,0,0,64,0,0,912,256,0,0,944,64,0,0,0,115,0,0,0,65532,26688
433,1000,0,0,4,2,2,0,0,19,4,0,49152,0,65359,70,32768,8,136,493,0,0,48,0,0,0,0,0,0,0,0,0,70,6,0,944,6144,32768,0,944,64,0,0,0,178,0,0,0,2,26624
433,1100,0,0,4,2,2,0,0,19,4,8192,0,65232,0,64,0,0,65475,193,0,0,0,51200,0,0,56452,56484,0,65504,0,0,64,0,0,912,256,0,0,944,64,0,0,0,115,0,0,0,65532,26688
434,1000,0,0,4,2,2,0,0,19,4,0,3840,0,65357,70,32768,8,136,493,0,0,48,0,0,0,0,0,0,0,0,0,70,6,0,944,6144,32768,0,944,64,0,0,0,180,0,0,0,2,26624
434,1100,0,0,4,2,2,0,0,19,4,8192,0,65232,0,64,0,0,65475,193,0,0,0,51200,0,0,56452,56484,0,65504,0,0,64,0,0,912,256,0,0,944,64,0,0,0,115,0,0,0,65532,26688
435,1000,0,0,4,2,2,0,0,19,4,0,23552,0,65355,70,32768,8,136,492,0,0,48,0,0,0,0,0,0,0,0,0,70,6,0,944,6144,32768,0,944,64,0,0,0,182,0,0,0,2,26624
435,1100,0,0,4,2,2,0,0,19,4,8192,0,65232,0,64,0,0,65475,193,0,0,0,51200,0,0,56452,56484,0,65504,0,0,64,0,0,912,256,0,0,944,64,0,0,0,115,0,0,0,65532,26688
436,1000,0,0,4,2,2,0,0,19,4,0,42752,0,65353,70,32768,8,136,491,0,0,48,0,0,0,0,0,0,0,0,0,70,6,0,944,6144,32768,0,944,64,0,0,0,184,0,0,0,2,26624
436,1100,0,0,4,2,2,0,0,19,4,8192,0,65232,0,64,0,0,65475,193,0,0,0,51200,0,0,56452,56484,0,65504,0,0,64,0,0,912,256,0,0,944,64,0,0,0,115,0,0,0,65532,26688
437,1000,0,0,4,2,2,0,0,19,4,0,61440,0,65351,70,32768,8,136,490,0,0,48,0,0,0,0,0,0,0,0,0,70,6,0,944,6144,32768,0,944,64,0,0,0,186,0,0,0,2,26624
437,1100,0,0,4,2,2,0,0,19,4,8192,0,65232,0,64,0,0,65475,193,0,0,0,51200,0,0,56452,56484,0,65504,0,0,64,0,0,912,256,0,0,944,64,0,0,0,115,0,0,0,65532,26688
438,1000,0,0,4,2,2,0,0,19,4,0,14080,0,65349,70,32768,8,136,490,0,0,48,0,0,0,0,0,0,0,0,0,70,6,0,944,6144,32768,0,944,64,0,0,0,188,0,0,0,2,26624
438,1100,0,0,4,2,2,0,0,19,4,8192,0,65232,0,64,0,0,65475,193,0,0,0,51200,0,0,56452,56484,0,65504,0,0,64,0,0,912,256,0,0,944,64,0,0,0,115,0,0,0,65532,26688
439,1000,0,0,4,2,2,0,0,19,4,0,31744,0,65347,70,32768,8,136,489,0,0,48,0,0,0,0,0,0,0,0,0,70,6,0,944,6144,32768,0,944,64,0,0,0,190,0,0,0,2,26624
439,1100,0,0,4,2,2,0,0,19,4,8192,0,65232,0,64,0,0,65475,193,0,0,0,51200,0,0,56452,56484,0,65504,0,0,64,0,0,912,256,0,0,944,64,0,0,0,115,0,0,0,65532,26688
440,1000,0,0,4,2,2,0,0,19,4,0,48896,0,65345,70,32768,8,136,488,0,0,48,0,0,0,0,0,0,0,0,0,70,6,0,944,6144,32768,0,944,64,0,0,0,192,0,0,0,2,26624
440,1100,0,0,4,2,2,0,0,19,4,8192,0,65232,0,64,0,0,65475,193,0,0,0,51200,0,0,56452,56484,0,65504,0,0,64,0,0,912,256,0,0,944,64,0,0,0,115,0,0,0,65532,26688
441,1000,0,0,4,2,2,0,0,19,4,0,0,0,65343,70,32768,8,136,488,0,0,48,0,0,0,0,0,0,0,0,0,70,6,0,944,6656,32768,0,944,64,0,0,0,194,0,0,0,2,26624
441,1100,0,0,4,2,2,0,0,19,4,8192,0,65232,0,64,0,0,65475,193,0,0,0,51200,0,0,56452,56484,0,65504,0,0,64,0,0,912,256,0,0,944,64,0,0,0,115,0,0,0,65532,26688
442,1000,0,0,4,2,2,0,0,19,4,0,16128,0,65341,70,32768,8,136,487,0,0,48,0,0,0,0,0,0,0,0,0,70,6,0,944,6656,32768,0,944,64,0,0,0,196,0,0,0,2,26624
442,1100,0,0,4,2,2,0,0,19,4,8192,0,65232,0,64,0,0,65475,193,0,0,0,51200,0,0,56452,56484,0,65504,0,0,64,0,0,912,256,0,0,944,64,0,0,0,115,0,0,0,65532,26688
443,1000,0,0,4,2,2,0,0,19,4,0,31744,0,65339,70,32768,8,136,486,0,0,48,0,0,0,0,0,0,0,0,0,70,6,0,944,6656,32768,0,944,64,0,0,0,198,0,0,0,2,26624
443,1100,0,0,4,2,2,0,0,19,4,8192,0,65232,0,64,0,0,65475,193,0,0,0,51200,0,0,56452,56484,0,65504,0,0,64,0,0,912,256,0,0,944,64,0,0,0,115,0,0,0,65532,26688
444,1000,0,0,4,2,2,0,0,19,4,0,46848,0,65337,70,32768,8,136,485,0,0,48,0,0,0,0,0,0,0,0,0,70,6,0,944,6656,32768,0,944,64,0,0,0,200,0,0,0,2,26624
444,1100,0,0,4,2,2,0,0,19,4,8192,0,65232,0,64,0,0,65475,193,0,0,0,51200,0,0,56452,56484,0,65504,0,0,64,0,0,912,256,0,0,944,64,0,0,0,115,0,0,0,65532,26688
445,1000,0,0,4,2,2,0,0,19,4,0,61440,0,65335,70,32768,8,136,484,0,0,48,0,0,0,0,0,0,0,0,0,70,6,0,944,6656,32768,0,944,64,0,0,0,202,0,0,0,2,26624
445,1100,0,0,4,2,2,0,0,19,4,8192,0,65232,0,64,0,0,65475,193,0,0,0,51200,0,0,56452,56484,0,65504,0,0,64,0,0,912,256,0,0,944,64,0,0,0,115,0,0,0,65532,26688
446,1000,0,0,4,2,2,0,0,19,4,0,9984,0,65333,70,32768,8,136,484,0,0,48,0,0,0,0,0,0,0,0,0,70,6,0,944,6656,32768,0,944,64,0,0,0,204,0,0,0,2,26624
446,1100,0,0,4,2,2,0,0,19,4,8192,0,65232,0,64,0,0,65475,193,0,0,0,51200,0,0,56452,56484,0,65504,0,0,64,0,0,912,256,0,0,944,64,0,0,0,115,0,0,0,65532,26688
447,1000,0,0,4,2,2,0,0,19,4,0,23552,0,65331,70,32768,8,136,483,0,0,48,0,0,0,0,0,0,0,0,0,70,6,0,944,6656,32768,0,944,64,0,0,0,206,0,0,0,2,26624
447,1100,0,0,4,2,2,0,0,19,4,8192,0,65232,0,64,0,0,65475,193,0,0,0,51200,0,0,56452,56484,0,65504,0,0,64,0,0,912,256,0,0,944,64,0,0,0,115,0,0,0,65532,26688
448,1000,0,0,4,2,2,0,0,19,4,0,36608,0,65329,70,32768,8,136,482,0,0,48,0,0,0,0,0,0,0,0,0,70,6,0,944,6656,32768,0,944,64,0,0,0,208,0,0,0,2,26624
448,1100,0,0,4,2,2,0,0,19,4,8192,0,65232,0,64,0,0,65475,193,0,0,0,51200,0,0,56452,56484,0,65504,0,0,64,0,0,912,256,0,0,944,64,0,0,0,115,0,0,0,65532,26688
449,1000,0,0,4,2,2,0,0,19,4,0,49152,0,65327,70,32768,8,136,481,0,0,48,0,0,0,0,0,0,0,0,0,70,6,0,944,7168,32768,0,944,64,0,0,0,210,0,0,0,2,26624
449,1100,0,0,4,2,2,0,0,19,4,8192,0,65232,0,64,0,0,65475,193,0,0,0,51200,0,0,56452,56484,0,65504,0,0,64,0,0,912,256,0,0,944,64,0,0,0,115,0,0,0,65532,26688
450,1000,0,0,4,2,2,0,0,19,4,0,61184,0,65325,70,32768,8,136,480,0,0,48,0,0,0,0,0,0,0,0,0,70,6,0,944,7168,32768,0,944,64,0,0,0,212,0,0,0,2,26624
450,1100,0,0,4,2,2,0,0,19,4,8192,0,65232,0,64,0,0,65475,193,0,0,0,51200,0,0,56452,56484,0,65504,0,0,64,0,0,912,256,0,0,944,64,0,0,0,115,0,0,0,65532,26688
451,1000,0,0,4,2,2,0,0,19,4,0,7168,0,65323,70,32768,8,136,480,0,0,48,0,0,0,0,0,0,0,0,0,70,6,0,944,7168,32768,0,944,64,0,0,0,214,0,0,0,2,26624
451,1100,0,0,4,2,2,0,0,19,4,8192,0,65232,0,64,0,0,65475,193,0,0,0,51200,0,0,56452,56484,0,65504,0,0,64,0,0,912,256,0,0,944,64,0,0,0,115,0,0,0,65532,26688
452,1000,0,0,4,2,2,0,0,19,4,0,18176,0,65321,70,32768,8,136,479,0,0,48,0,0,0,0,0,0,0,0,0,70,6,0,944,7168,32768,0,944,64,0,0,0,216,0,0,0,2,26624
452,1100,0,0,4,2,2,0,0,19,4,8192,0,65232,0,64,0,0,65475,193,0,0,0,51200,0,0,56452,56484,0,65504,0,0,64,0,0,912,256,0,0,944,64,0,0,0,115,0,0,0,65532,26688
453,1000,0,0,4,2,2,0,0,19,4,0,28672,0,65319,70,32768,8,136,478,0,0,48,0,0,0,0,0,0,0,0,0,70,6,0,944,7168,32768,0,944,64,0,0,0,218,0,0,0,2,26624
453,1100,0,0,4,2,2,0,0,19,4,8192,0,65232,0,64,0,0,65475,193,0,0,0,51200,0,0,56452,56484,0,65504,0,0,64,0,0,912,256,0,0,944,64,0,0,0,115,0,0,0,65532,26688
454,1000,0,0,4,2,2,0,0,19,4,0,38656,0,65317,70,32768,8,136,477,0,0,48,0,0,0,0,0,0,0,0,0,70,6,0,944,7168,32768,0,944,64,0,0,0,220,0,0,0,2,26624
454,1100,0,0,4,2,2,0,0,19,4,8192,0,65232,0,64,0,0,65475,193,0,0,0,51200,0,0,56452,56484,0,65504,0,0,64,0,0,912,256,0,0,944,64,0,0,0,115,0,0,0,65532,26688
455,1000,0,0,4,2,2,0,0,19,4,0,48128,0,65315,70,32768,8,136,476,0,0,48,0,0,0,0,0,0,0,0,0,70,6,0,944,7168,32768,0,944,64,0,0,0,222,0,0,0,2,26624
455,1100,0,0,4,2,2,0,0,19,4,8192,0,65232,0,64,0,0,65475,193,0,0,0,51200,0,0,56452,56484,0,65504,0,0,64,0,0,912,256,0,0,944,64,0,0,0,115,0,0,0,65532,26688
456,1000,0,0,4,2,2,0,0,19,4,0,57088,0,65313,70,32768,8,136,475,0,0,48,0,0,0,0,0,0,0,0,0,70,6,0,944,7168,32768,0,944,64,0,0,0,224,0,0,0,2,26624
456,1100,0,0,4,2,2,0,0,19,4,8192,0,65232,0,64,0,0,65475,193,0,0,0,51200,0,0,56452,56484,0,65504,0,0,64,0,0,912,256,0,0,944,64,0,0,0,115,0,0,0,65532,26688
457,1000,0,0,4,2,2,0,0,19,4,0,0,0,65311,70,32768,8,136,475,0,0,48,0,0,0,0,0,0,0,0,0,70,6,0,944,7680,32768,0,944,64,0,0,0,226,0,0,0,2,26624
457,1100,0,0,4,2,2,0,0,19,4,8192,0,65232,0,64,0,0,65475,193,0,0,0,51200,0,0,56452,56484,0,65504,0,0,64,0,0,912,256,0,0,944,64,0,0,0,115,0,0,0,65532,26688
458,1000,0,0,4,2,2,0,0,19,4,0,7936,0,65309,70,32768,8,136,474,0,0,48,0,0,0,0,0,0,0,0,0,70,6,0,944,7680,32768,0,944,64,0,0,0,228,0,0,0,2,26624
458,1100,0,0,4,2,2,0,0,19,4,8192,0,65232,0,64,0,0,65475,193,0,0,0,51200,0,0,56452,56484,0,65504,0,0,64,0,0,912,256,0,0,944,64,0,0,0,115,0,0,0,65532,26688
459,1000,0,0,4,2,2,0,0,19,4,0,15360,0,65307,70,32768,8,136,473,0,0,48,0,0,0,0,0,0,0,0,0,70,6,0,944,7680,32768,0,944,64,0,0,0,230,0,0,0,2,26624
459,1100,0,0,4,2,2,0,0,19,4,8192,0,65232,0,64,0,0,65475,193,0,0,0,51200,0,0,56452,56484,0,65504,0,0,64,0,0,912,256,0,0,944,64,0,0,0,115,0,0,0,65532,26688
460,1000,0,0,4,2,2,0,0,19,4,0,22272,0,65305,70,32768,8,136,472,0,0,48,0,0,0,0,0,0,0,0,0,70,6,0,944,7680,32768,0,944,64,0,0,0,232,0,0,0,2,26624
460,1100,0,0,4,2,2,0,0,19,4,8192,0,65232,0,64,0,0,65475,193,0,0,0,51200,0,0,56452,56484,0,65504,0,0,64,0,0,912,256,0,0,944,64,0,0,0,115,0,0,0,65532,26688
461,1000,0,0,4,2,2,0,0,19,4,0,28672,0,65303,70,32768,8,136,471,0,0,48,0,0,0,0,0,0,0,0,0,70,6,0,944,7680,32768,0,944,64,0,0,0,234,0,0,0,2,26624
461,1100,0,0,4,2,2,0,0,19,4,8192,0,65232,0,64,0,0,65475,193,0,0,0,51200,0,0,56452,56484,0,65504,0,0,64,0,0,912,256,0,0,944,64,0,0,0,115,0,0,0,65532,26688
462,1000,0,0,4,2,2,0,0,19,4,0,34560,0,65301,70,32768,8,136,470,0,0,48,0,0,0,0,0,0,0,0,0,70,6,0,944,7680,32768,0,944,64,0,0,0,236,0,0,0,2,26624
462,1100,0,0,4,2,2,0,0,19,4,8192,0,65232,0,64,0,0,65475,193,0,0,0,51200,0,0,56452,56484,0,65504,0,0,64,0,0,912,256,0,0,944,64,0,0,0,115,0,0,0,65532,26688
463,1000,0,0,4,2,2,0,0,19,4,0,39936,0,65299,70,32768,8,136,469,0,0,48,0,0,0,0,0,0,0,0,0,70,6,0,944,7680,32768,0,944,64,0,0,0,238,0,0,0,2,26624
463,1100,0,0,4,2,2,0,0,19,4,8192,0,65232,0,64,0,0,65475,193,0,0,0,51200,0,0,56452,56484,0,65504,0,0,64,0,0,912,256,0,0,944,64,0,0,0,115,0,0,0,65532,26688
464,1000,0,0,4,2,2,0,0,19,4,0,44800,0,65297,70,32768,8,136,468,0,0,48,0,0,0,0,0,0,0,0,0,70,6,0,944,7680,32768,0,944,64,0,0,0,240,0,0,0,2,26624
464,1100,0,0,4,2,2,0,0,19,4,8192,0,65232,0,64,0,0,65475,193,0,0,0,51200,0,0,56452,56484,0,65504,0,0,64,0,0,912,256,0,0,944,64,0,0,0,115,0,0,0,65532,26688
465,1000,0,0,4,2,2,0,0,19,4,0,49152,0,65295,70,32768,8,136,467,0,0,48,0,0,0,0,0,0,0,0,0,70,6,0,944,8192,32768,0,944,64,0,0,0,242,0,0,0,2,26624
465,1100,0,0,4,2,2,0,0,19,4,8192,0,65232,0,64,0,0,65475,193,0,0,0,51200,0,0,56452,56484,0,65504,0,0,64,0,0,912,256,0,0,944,64,0,0,0,115,0,0,0,65532,26688
466,1000,0,0,4,2,2,0,0,19,4,0,52992,0,65293,70,32768,8,136,466,0,0,48,0,0,0,0,0,0,0,0,0,70,6,0,944,8192,32768,0,944,64,0,0,0,244,0,0,0,2,26624
466,1100,0,0,4,2,2,0,0,19,4,8192,0,65232,0,64,0,0,65475,193,0,0,0,51200,0,0,56452,56484,0,65504,0,0,64,0,0,912,256,0,0,944,64,0,0,0,115,0,0,0,65532,26688
467,1000,0,0,4,2,2,0,0,19,4,0,56320,0,65291,70,32768,8,136,465,0,0,48,0,0,0,0,0,0,0,0,0,70,6,0,944,8192,32768,0,944,64,0,0,0,246,0,0,0,2,26624
467,1100,0,0,4,2,2,0,0,19,4,8192,0,65232,0,64,0,0,65475,193,0,0,0,51200,0,0,56452,56484,0,65504,0,0,64,0,0,912,256,0,0,944,64,0,0,0,115,0,0,0,65532,26688
468,1000,0,0,4,2,2,0,0,19,4,0,59136,0,65289,70,32768,8,136,464,0,0,48,0,0,0,0,0,0,0,0,0,70,6,0,944,8192,32768,0,944,64,0,0,0,248,0,0,0,2,26624
468,1100,0,0,4,2,2,0,0,19,4,8192,0,65232,0,64,0,0,65475,193,0,0,0,51200,0,0,56452,56484,0,65504,0,0,64,0,0,912,256,0,0,944,64,0,0,0,115,0,0,0,65532,26688
469,1000,0,0,4,2,2,0,0,19,4,0,61440,0,65287,70,32768,8,136,463,0,0,48,0,0,0,0,0,0,0,0,0,70,6,0,944,8192,32768,0,944,64,0,0,0,250,0,0,0,2,26624
469,1100,0,0,4,2,2,0,0,19,4,8192,0,65232,0,64,0,0,65475,193,0,0,0,51200,0,0,56452,56484,0,65504,0,0,64,0,0,912,256,0,0,944,64,0,0,0,115,0,0,0,65532,26688
470,1000,0,0,4,2,2,0,0,19,4,0,63232,0,65285,70,32768,8,136,462,0,0,48,0,0,0,0,0,0,0,0,0,70,6,0,944,8192,32768,0,944,64,0,0,0,252,0,0,0,2,26624
470,1100,0,0,4,2,2,0,0,19,4,8192,0,65232,0,64,0,0,65475,193,0,0,0,51200,0,0,56452,56484,0,65504,0,0,64,0,0,912,256,0,0,944,64,0,0,0,115,0,0,0,65532,26688
471,1000,0,0,4,2,2,0,0,19,4,0,64512,0,65283,70,32768,8,136,461,0,0,48,0,0,0,0,0,0,0,0,0,70,6,0,944,8192,32768,0,944,64,0,0,0,254,0,0,0,2,26624
471,1100,0,0,4,2,2,0,0,19,4,8192,0,65232,0,64,0,0,65475,193,0,0,0,51200,0,0,56452,56484,0,65504,0,0,64,0,0,912,256,0,0,944,64,0,0,0,115,0,0,0,65532,26688
472,1000,0,0,4,2,2,0,0,19,4,0,65280,0,65281,70,32768,8,136,460,0,0,48,0,0,0,0,0,0,0,0,0,70,6,0,944,8192,32768,0,944,64,0,0,0,256,0,0,0,4,26624
472,1100,0,0,4,2,2,0,0,19,4,8192,0,65232,0,64,0,0,65475,193,0,0,0,51200,0,0,56452,56484,0,65504,0,0,64,0,0,912,256,0,0,944,64,0,0,0,115,0,0,0,65532,26688
473,1000,0,0,4,2,2,0,0,19,4,0,0,0,65277,70,32768,8,136,460,0,0,48,0,0,0,0,0,0,0,0,0,70,6,0,944,8256,32768,0,944,64,0,0,0,260,0,0,0,4,26624
473,1100,0,0,4,2,2,0,0,19,4,8192,0,65232,0,64,0,0,65475,193,0,0,0,51200,0,0,56452,56484,0,65504,0,0,64,0,0,912,256,0,0,944,64,0,0,0,115,0,0,0,65532,26688
474,1000,0,0,4,2,2,0,0,19,4,0,64768,0,65273,70,32768,8,136,458,0,0,48,0,0,0,0,0,0,0,0,0,70,6,0,944,8256,32768,0,944,64,0,0,0,264,0,0,0,4,26624
474,1100,0,0,4,2,2,0,0,19,4,8192,0,65232,0,64,0,0,65475,193,0,0,0,51200,0,0,56452,56484,0,65504,0,0,64,0,0,912,256,0,0,944,64,0,0,0,115,0,0,0,65532,26688
475,1000,0,0,4,2,2,0,0,19,4,0,62976,0,65269,70,32768,8,136,457,0,0,48,0,0,0,0,0,0,0,0,0,70,6,0,944,8256,32768,0,944,64,0,0,0,268,0,0,0,4,26624
475,1100,0,0,4,2,2,0,0,19,4,8192,0,65232,0,64,0,0,65475,193,0,0,0,51200,0,0,56452,56484,0,65504,0,0,64,0,0,912,256,0,0,944,64,0,0,0,115,0,0,0,65532,26688
476,1000,0,0,4,2,2,0,0,19,4,0,60160,0,65265,70,32768,8,136,456,0,0,48,0,0,0,0,0,0,0,0,0,70,6,0,944,8256,32768,0,944,64,0,0,0,272,0,0,0,4,26624
476,1100,0,0,4,2,2,0,0,19,4,8192,0,65232,0,64,0,0,65475,193,0,0,0,51200,0,0,56452,56484,0,65504,0,0,64,0,0,912,256,0,0,944,64,0,0,0,115,0,0,0,65532,26688
477,1000,0,0,4,2,2,0,0,19,4,0,56320,0,65261,70,32768,8,136,455,0,0,48,0,0,0,0,0,0,0,0,0,70,6,0,944,8256,32768,0,944,64,0,0,0,276,0,0,0,4,26624
477,1100,0,0,4,2,2,0,0,19,4,8192,0,65232,0,64,0,0,65475,193,0,0,0,51200,0,0,56452,56484,0,65504,0,0,64,0,0,912,256,0,0,944,64,0,0,0,115,0,0,0,65532,26688
478,1000,0,0,4,2,2,0,0,19,4,0,51456,0,65257,70,32768,8,136,454,0,0,48,0,0,0,0,0,0,0,0,0,70,6,0,944,8256,32768,0,944,64,0,0,0,280,0,0,0,4,26624
478,1100,0,0,4,2,2,0,0,19,4,8192,0,65232,0,64,0,0,65475,193,0,0,0,51200,0,0,56452,56484,0,65504,0,0,64,0,0,912,256,0,0,944,64,0,0,0,115,0,0,0,65532,26688
479,1000,0,0,4,2,2,0,0,19,4,0,45568,0,65253,70,32768,8,136,453,0,0,48,0,0,0,0,0,0,0,0,0,70,6,0,944,8256,32768,0,944,64,0,0,0,284,0,0,0,4,26624
479,1100,0,0,4,2,2,0,0,19,4,8192,0,65232,0,64,0,0,65475,193,0,0,0,51200,0,0,56452,56484,0,65504,0,0,64,0,0,912,256,0,0,944,64,0,0,0,115,0,0,0,65532,26688
480,1000,0,0,4,2,2,0,0,19,4,0,38656,0,65249,70,32768,8,136,452,0,0,48,0,0,0,0,0,0,0,0,0,70,6,0,944,8256,32768,0,944,64,0,0,0,288,0,0,0,4,26624
480,1100,0,0,4,2,2,0,0,19,4,8192,0,65232,0,64,0,0,65475,193,0,0,0,51200,0,0,56452,56484,0,65504,0,0,64,0,0,912,256,0,0,944,64,0,0,0,115,0,0,0,65532,26688
481,1000,0,0,4,2,2,0,0,19,4,0,30720,0,65245,70,32768,8,136,451,0,0,48,0,0,0,0,0,0,0,0,0,70,6,0,944,8320,32768,0,944,64,0,0,0,292,0,0,0,4,26624
481,1100,0,0,4,2,2,0,0,19,4,8192,0,65232,0,64,0,0,65475,193,0,0,0,51200,0,0,56452,56484,0,65504,0,0,64,0,0,912,256,0,0,944,64,0,0,0,115,0,0,0,65532,26688
482,1000,0,0,4,2,2,0,0,19,4,0,21760,0,65241,70,32768,8,136,450,0,0,48,0,0,0,0,0,0,0,0,0,70,6,0,944,8320,32768,0,944,64,0,0,0,296,0,0,0,4,26624
482,1100,0,0,4,2,2,0,0,19,4,8192,0,65232,0,64,0,0,65475,193,0,0,0,51200,0,0,56452,56484,0,65504,0,0,64,0,0,912,256,0,0,944,64,0,0,0,115,0,0,0,65532,26688
483,1000,0,0,4,2,2,0,0,19,4,0,11776,0,65237,70,32768,8,136,449,0,0,48,0,0,0,0,0,0,0,0,0,70,6,0,944,8320,32768,0,944,64,0,0,0,300,0,0,0,4,26624
483,1100,0,0,4,2,2,0,0,19,4,8192,0,65232,0,64,0,0,65475,193,0,0,0,51200,0,0,56452,56484,0,65504,0,0,64,0,0,912,256,0,0,944,64,0,0,0,115,0,0,0,65532,26688
484,1000,0,0,4,2,2,0,0,19,4,0,768,0,65233,70,32768,8,136,448,0,0,48,0,0,0,0,0,0,0,0,0,70,6,0,944,8320,32768,0,944,64,0,0,0,304,0,0,0,4,26624
484,1100,0,0,4,2,2,0,0,19,4,8192,0,65232,0,64,0,0,65475,193,0,0,0,51200,0,0,56452,56484,0,65504,0,0,64,0,0,912,256,0,0,944,64,0,0,0,115,0,0,0,65532,26688
485,1000,0,0,4,2,2,0,0,19,4,0,54272,0,65229,70,32768,8,136,446,0,0,48,0,0,0,0,0,0,0,0,0,70,6,0,944,8320,32768,0,944,64,0,0,0,308,0,0,0,4,26624
485,1100,0,0,4,2,2,0,0,19,4,8192,0,65232,0,64,0,0,65475,193,0,0,0,51200,0,0,56452,56484,0,65504,0,0,64,0,0,912,256,0,0,944,64,0,0,0,115,0,0,0,65532,26688
486,1000,0,0,4,2,2,0,0,19,4,0,41216,0,65225,70,32768,8,136,445,0,0,48,0,0,0,0,0,0,0,0,0,70,6,0,944,8320,32768,0,944,64,0,0,0,312,0,0,0,4,26624
486,1100,0,0,4,2,2,0,0,19,4,8192,0,65232,0,64,0,0,65475,193,0,0,0,51200,0,0,56452,56484,0,65504,0,0,64,0,0,912,256,0,0,944,64,0,0,0,115,0,0,0,65532,26688
487,1000,0,0,4,2,2,0,0,19,4,0,27136,0,65221,70,32768,8,136,444,0,0,48,0,0,0,0,0,0,0,0,0,70,6,0,944,8320,32768,0,944,64,0,0,0,316,0,0,0,4,26624
487,1100,0,0,4,2,2,0,0,19,4,8192,0,65232,0,64,0,0,65475,193,0,0,0,51200,0,0,56452,56484,0,65504,0,0,64,0,0,912,256,0,0,944,64,0,0,0,115,0,0,0,65532,26688
488,1000,0,0,4,2,2,0,0,19,4,0,12032,0,65217,70,32768,8,136,443,0,0,48,0,0,0,0,0,0,0,0,0,70,6,0,944,8320,32768,0,944,64,0,0,0,320,0,0,0,4,26624
488,1100,0,0,4,2,2,0,0,19,4,8192,0,65232,0,64,0,0,65475,193,0,0,0,51200,0,0,56452,56484,0,65504,0,0,64,0,0,912,256,0,0,944,64,0,0,0,115,0,0,0,65532,26688
489,1000,0,0,4,2,2,0,0,19,4,0,61440,0,65213,70,32768,8,136,441,0,0,48,0,0,0,0,0,0,0,0,0,70,6,0,944,8384,32768,0,944,64,0,0,0,324,0,0,0,4,26624
489,1100,0,0,4,2,2,0,0,19,4,8192,0,65232,0,64,0,0,65475,193,0,0,0,51200,0,0,56452,56484,0,65504,0,0,64,0,0,912,256,0,0,944,64,0,0,0,115,0,0,0,65532,26688
490,1000,0,0,4,2,2,0,0,19,4,0,44288,0,65209,70,32768,8,136,440,0,0,48,0,0,0,0,0,0,0,0,0,70,6,0,944,8384,32768,0,944,64,0,0,0,328,0,0,0,4,26624
490,1100,0,0,4,2,2,0,0,19,4,8192,0,65232,0,64,0,0,65475,193,0,0,0,51200,0,0,56452,56484,0,65504,0,0,64,0,0,912,256,0,0,944,64,0,0,0,115,0,0,0,65532,26688
491,1000,0,0,4,2,2,0,0,19,4,0,26112,0,65205,70,32768,8,136,439,0,0,48,0,0,0,0,0,0,0,0,0,70,6,0,944,8384,32768,0,944,64,0,0,0,332,0,0,0,4,26624
491,1100,0,0,4,2,2,0,0,19,4,8192,0,65232,0,64,0,0,65475,193,0,0,0,51200,0,0,56452,56484,0,65504,0,0,64,0,0,912,256,0,0,944,64,0,0,0,115,0,0,0,65532,26688
492,1000,0,0,4,2,2,0,0,19,4,0,6912,0,65201,70,32768,8,136,438,0,0,48,0,0,0,0,0,0,0,0,0,70,6,0,944,8384,32768,0,944,64,0,0,0,336,0,0,0,4,26624
492,1100,0,0,4,2,2,0,0,19,4,8192,0,65232,0,64,0,0,65475,193,0,0,0,51200,0,0,56452,56484,0,65504,0,0,64,0,0,912,256,0,0,944,64,0,0,0,115,0,0,0,65532,26688
493,1000,0,0,4,2,2,0,0,19,4,0,52224,0,65197,70,32768,8,136,436,0,0,48,0,0,0,0,0,0,0,0,0,70,6,0,944,8384,32768,0,944,64,0,0,0,340,0,0,0,4,26624
493,1100,0,0,4,2,2,0,0,19,4,8192,0,65232,0,64,0,0,65475,193,0,0,0,51200,0,0,56452,56484,0,65504,0,0,64,0,0,912,256,0,0,944,64,0,0,0,115,0,0,0,65532,26688
494,1000,0,0,4,2,2,0,0,19,4,0,30976,0,65193,70,32768,8,136,435,0,0,48,0,0,0,0,0,0,0,0,0,70,6,0,944,8384,32768,0,944,64,0,0,0,344,0,0,0,4,26624
494,1100,0,0,4,2,2,0,0,19,4,8192,0,65232,0,64,0,0,65475,193,0,0,0,51200,0,0,56452,56484,0,65504,0,0,64,0,0,912,256,0,0,944,64,0,0,0,115,0,0,0,65532,26688
495,1000,0,0,4,2,2,0,0,19,4,0,8704,0,65189,70,32768,8,136,434,0,0,48,0,0,0,0,0,0,0,0,0,70,6,0,944,8384,32768,0,944,64,0,0,0,348,0,0,0,4,26624
495,1100,0,0,4,2,2,0,0,19,4,8192,0,65232,0,64,0,0,65475,193,0,0,0,51200,0,0,56452,56484,0,65504,0,0,64,0,0,912,256,0,0,944,64,0,0,0,115,0,0,0,65532,26688
496,1000,0,0,4,2,2,0,0,19,4,0,50944,0,65185,70,32768,8,136,432,0,0,48,0,0,0,0,0,0,0,0,0,70,6,0,944,8384,32768,0,944,64,0,0,0,352,0,0,0,4,26624
496,1100,0,0,4,2,2,0,0,19,4,8192,0,65232,0,64,0,0,65475,193,0,0,0,51200,0,0,56452,56484,0,65504,0,0,64,0,0,912,256,0,0,944,64,0,0,0,115,0,0,0,65532,26688
497,1000,0,0,4,2,2,0,0,19,4,0,26624,0,65181,70,32768,8,136,431,0,0,48,0,0,0,0,0,0,0,0,0,70,6,0,944,8448,32768,0,944,64,0,0,0,356,0,0,0,4,26624
497,1100,0,0,4,2,2,0,0,19,4,8192,0,65232,0,64,0,0,65475,193,0,0,0,51200,0,0,56452,56484,0,65504,0,0,64,0,0,912,256,0,0,944,64,0,0,0,115,0,0,0,65532,26688
498,1000,0,0,4,2,2,0,0,19,4,0,1280,0,65177,70,32768,8,136,430,0,0,48,0,0,0,0,0,0,0,0,0,70,6,0,944,8448,32768,0,944,64,0,0,0,360,0,0,0,4,26624
498,1100,0,0,4,2,2,0,0,19,4,8192,0,65232,0,64,0,0,65475,193,0,0,0,51200,0,0,56452,56484,0,65504,0,0,64,0,0,912,256,0,0,944,64,0,0,0,115,0,0,0,65532,26688
499,1000,0,0,4,2,2,0,0,19,4,0,40448,0,65173,70,32768,8,136,428,0,0,48,0,0,0,0,0,0,0,0,0,70,6,0,944,8448,32768,0,944,64,0,0,0,364,0,0,0,4,26624
499,1100,0,0,4,2,2,0,0,19,4,8192,0,65232,0,64,0,0,65475,193,0,0,0,51200,0,0,56452,56484,0,65504,0,0,64,0,0,912,256,0,0,944,64,0,0,0,115,0,0,0,65532,26688
500,1000,0,0,4,2,2,0,0,19,4,0,13056,0,65169,70,32768,8,136,427,0,0,48,0,0,0,0,0,0,0,0,0,70,6,0,944,8448,32768,0,944,64,0,0,0,368,0,0,0,4,26624
500,1100,0,0,4,2,2,0,0,19,4,8192,0,65232,0,64,0,0,65475,193,0,0,0,51200,0,0,56452,56484,0,65504,0,0,64,0,0,912,256,0,0,944,64,0,0,0,115,0,0,0,65532,26688
501,1000,0,0,4,2,2,0,0,19,4,0,50176,0,65165,70,32768,8,136,425,0,0,48,0,0,0,0,0,0,0,0,0,70,6,0,944,8448,32768,0,944,64,0,0,0,372,0,0,0,4,26624
501,1100,0,0,4,2,2,0,0,19,4,8192,0,65232,0,64,0,0,65475,193,0,0,0,51200,0,0,56452,56484,0,65504,0,0,64,0,0,912,256,0,0,944,64,0,0,0,115,0,0,0,65532,26688
502,1000,0,0,4,2,2,0,0,19,4,0,20736,0,65161,70,32768,8,136,424,0,0,48,0,0,0,0,0,0,0,0,0,70,6,0,944,8448,32768,0,944,64,0,0,0,376,0,0,0,4,26624
502,1100,0,0,4,2,2,0,0,19,4,8192,0,65232,0,64,0,0,65475,193,0,0,0,51200,0,0,56452,56484,0,65504,0,0,64,0,0,912,256,0,0,944,64,0,0,0,115,0,0,0,65532,26688
503,1000,0,0,4,2,2,0,0,19,4,0,55808,0,65157,70,32768,8,136,422,0,0,48,0,0,0,0,0,0,0,0,0,70,6,0,944,8448,32768,0,944,64,0,0,0,380,0,0,0,4,26624
503,1100,0,0,4,2,2,0,0,19,4,8192,0,65232,0,64,0,0,65475,193,0,0,0,51200,0,0,56452,56484,0,65504,0,0,64,0,0,912,256,0,0,944,64,0,0,0,115,0,0,0,65532,26688
504,1000,0,0,4,2,2,0,0,19,4,0,24320,0,65153,70,32768,8,136,421,0,0,48,0,0,0,0,0,0,0,0,0,70,6,0,944,8448,32768,0,944,64,0,0,0,384,0,0,0,6,26624
504,1100,0,0,4,2,2,0,0,19,4,8192,0,65232,0,64,0,0,65475,193,0,0,0,51200,0,0,56452,56484,0,65504,0,0,64,0,0,912,256,0,0,944,64,0,0,0,115,0,0,0,65532,26688
505,1000,0,0,4,2,2,0,0,19,4,0,57344,0,65147,70,32768,8,136,419,0,0,48,0,0,0,0,0,0,0,0,0,70,6,0,944,8512,32768,0,944,64,0,0,0,390,0,0,0,6,26624
505,1100,0,0,4,2,2,0,0,19,4,8192,0,65232,0,64,0,0,65475,193,0,0,0,51200,0,0,56452,56484,0,65504,0,0,64,0,0,912,256,0,0,944,64,0,0,0,115,0,0,0,65532,26688
506,1000,0,0,4,2,2,0,0,19,4,0,23296,0,65141,70,32768,8,136,418,0,0,48,0,0,0,0,0,0,0,0,0,70,6,0,944,8512,32768,0,944,64,0,0,0,396,0,0,0,6,26624
506,1100,0,0,4,2,2,0,0,19,4,8192,0,65232,0,64,0,0,65475,193,0,0,0,51200,0,0,56452,56484,0,65504,0,0,64,0,0,912,256,0,0,944,64,0,0,0,115,0,0,0,65532,26688
507,1000,0,0,4,2,2,0,0,19,4,0,53248,0,65135,70,32768,8,136,416,0,0,48,0,0,0,0,0,0,0,0,0,70,6,0,944,8512,32768,0,944,64,0,0,0,402,0,0,0,6,26624
507,1100,0,0,4,2,2,0,0,19,4,8192,0,65232,0,64,0,0,65475,193,0,0,0,51200,0,0,56452,56484,0,65504,0,0,64,0,0,912,256,0,0,944,64,0,0,0,115,0,0,0,65532,26688
508,1000,512,0,4,2,2,0,0,19,4,0,16128,0,65129,70,32768,8,136,415,0,0,48,0,0,0,0,0,0,0,0,0,70,6,65448,944,8512,33282,0,944,64,0,0,0,408,0,0,0,6,26624
508,1100,512,0,4,2,2,0,0,19,4,8192,0,65232,0,64,0,0,65475,193,0,0,0,51200,0,0,56452,56484,0,65504,0,0,64,0,0,912,256,0,0,944,64,0,0,0,115,0,0,0,65532,26688
509,1000,0,0,4,2,2,0,0,19,4,0,43008,0,65123,70,32768,8,136,413,0,0,48,65525,0,0,65525,65525,0,0,0,0,70,6,65360,944,8512,33280,0,944,64,0,0,0,414,0,0,0,6,26624
509,1100,0,0,4,2,2,0,0,19,4,8192,0,65232,0,64,0,0,65475,193,0,0,0,51200,0,0,56452,56484,0,65504,0,0,64,0,0,912,256,0,0,944,64,0,0,0,115,0,0,0,65532,26688
510,1000,0,0,4,2,2,0,0,19,4,0,2816,65535,65117,70,32768,8,136,412,0,0,48,65503,0,0,65503,65503,0,0,0,0,70,6,65272,944,8512,33280,0,944,64,0,0,0,420,0,0,0,6,26624
510,1100,0,0,4,2,2,0,0,19,4,8192,0,65232,0,64,0,0,65475,193,0,0,0,51200,0,0,56452,56484,0,65504,0,0,64,0,0,912,256,0,0,944,64,0,0,0,115,0,0,0,65532,26688
511,1000,0,0,4,2,2,0,0,19,4,65280,26624,65534,65111,70,32768,8,135,410,0,0,48,65470,0,0,65470,65470,0,0,0,0,70,6,65184,944,8512,33280,0,944,64,0,0,0,426,0,0,0,6,26624
511,1100,0,0,4,2,2,0,0,19,4,8192,0,65232,0,64,0,0,65475,193,0,0,0,51200,0,0,56452,56484,0,65504,0,0,64,0,0,912,256,0,0,944,64,0,0,0,115,0,0,0,65532,26688
512,1000,0,0,4,2,2,0,0,19,4,64768,48896,65533,65105,70,32768,8,135,408,0,0,48,65426,0,0,65426,65426,0,0,0,0,70,6,65096,944,8512,33280,0,944,64,0,0,0,432,0,0,0,6,26624
512,1100,0,0,4,2,2,0,0,19,4,8192,0,65232,0,64,0,0,65475,193,0,0,0,51200,0,0,56452,56484,0,65504,0,0,64,0,0,912,256,0,0,944,64,0,0,0,115,0,0,0,65532,26688
513,1000,0,0,4,2,2,0,0,19,4,64000,4096,65531,65099,70,32768,8,135,407,0,0,48,65371,0,0,65371,65371,0,0,0,0,70,6,65008,944,8576,33280,0,944,64,0,0,0,438,0,0,0,6,26624
513,1100,0,0,4,2,2,0,0,19,4,8192,0,65232,0,64,0,0,65475,193,0,0,0,51200,0,0,56452,56484,0,65504,0,0,64,0,0,912,256,0,0,944,64,0,0,0,115,0,0,0,65532,26688
514,1000,0,0,4,2,2,0,0,19,4,62720,23296,65528,65093,70,32768,8,135,405,0,0,48,65305,0,0,65305,65305,0,0,0,0,70,6,64920,944,8576,33280,0,944,64,0,0,0,444,0,0,0,6,26624
514,1100,0,0,4,2,2,0,0,19,4,8192,0,65232,0,64,0,0,65475,193,0,0,0,51200,0,0,56452,56484,0,65504,0,0,64,0,0,912,256,0,0,944,64,0,0,0,115,0,0,0,65532,26688
515,1000,0,0,4,2,2,0,0,19,4,60672,40960,65526,65087,70,32768,8,135,403,0,0,48,65228,0,0,65228,65228,0,0,0,0,70,6,64832,944,8576,33280,0,944,64,0,0,0,450,0,0,0,6,26624
515,1100,0,0,4,2,2,0,0,19,4,8192,0,65232,0,64,0,0,65475,193,0,0,0,51200,0,0,56452,56484,0,65504,0,0,64,0,0,912,256,0,0,944,64,0,0,0,115,0,0,0,65532,26688
516,1000,0,0,4,2,2,0,0,19,4,58112,57088,65522,65081,70,32768,8,135,401,0,0,48,65140,0,0,65140,65140,0,0,0,0,70,6,64744,944,8576,33280,0,944,64,0,0,0,456,0,0,0,6,26624
516,1100,0,0,4,2,2,0,0,19,4,8192,0,65232,0,64,0,0,65475,193,0,0,0,51200,0,0,56452,56484,0,65504,0,0,64,0,0,912,256,0,0,944,64,0,0,0,115,0,0,0,65532,26688
517,1000,0,0,4,2,2,0,0,19,4,54528,6144,65518,65075,70,32768,8,135,400,0,0,48,65041,0,0,65041,65041,0,0,0,0,70,6,64656,944,8576,33280,0,944,64,0,0,0,462,0,0,0,6,26624
517,1100,0,0,4,2,2,0,0,19,4,8192,0,65232,0,64,0,0,65475,193,0,0,0,51200,0,0,56452,56484,0,65504,0,0,64,0,0,912,256,0,0,944,64,0,0,0,115,0,0,0,65532,26688
518,1000,0,0,4,2,2,0,0,19,4,49920,19200,65513,65069,70,32768,8,135,398,0,0,48,64931,0,0,64931,64931,0,0,0,0,70,6,64792,944,8576,32768,0,944,64,0,0,0,468,0,0,0,6,26624
518,1100,0,0,4,2,2,0,0,19,4,8192,0,65232,0,64,0,0,65475,193,0,0,0,51200,0,0,56452,56484,0,65504,0,0,64,0,0,912,256,0,0,944,64,0,0,0,115,0,0,0,65532,26688
519,1000,0,0,4,2,2,0,0,19,4,44032,30720,65508,65063,70,32768,8,135,396,0,0,48,64838,0,0,64838,64838,0,0,0,0,70,6,64928,944,8576,32768,0,944,64,0,0,0,474,0,0,0,6,26624
519,1100,0,0,4,2,2,0,0,19,4,8192,0,65232,0,64,0,0,65475,193,0,0,0,51200,0,0,56452,56484,0,65504,0,0,64,0,0,912,256,0,0,944,64,0,0,0,115,0,0,0,65532,26688
520,1000,0,0,4,2,2,0,0,19,4,36864,40704,65503,65057,70,32768,8,135,394,0,0,48,64762,0,0,64762,64762,0,0,0,0,70,6,65064,944,8576,32768,0,944,64,0,0,0,480,0,0,0,6,26624
520,1100,0,0,4,2,2,0,0,19,4,8192,0,65232,0,64,0,0,65475,193,0,0,0,51200,0,0,56452,56484,0,65504,0,0,64,0,0,912,256,0,0,944,64,0,0,0,115,0,0,0,65532,26688
521,1000,0,0,4,2,2,0,0,19,4,28416,49152,65500,65052,70,32768,8,135,392,0,0,48,64703,0,0,64703,64703,0,0,0,0,70,6,65200,944,8640,32768,0,944,64,0,0,0,486,0,0,0,6,26624
521,1100,0,0,4,2,2,0,0,19,4,8192,0,65232,0,64,0,0,65475,193,0,0,0,51200,0,0,56452,56484,0,65504,0,0,64,0,0,912,256,0,0,944,64,0,0,0,115,0,0,0,65532,26688
522,1000,0,0,4,2,2,0,0,19,4,19200,56320,65496,65046,70,32768,8,135,390,0,0,48,64661,0,0,64661,64661,0,0,0,0,70,6,65336,944,8640,32768,0,944,64,0,0,0,492,0,0,0,6,26624
522,1100,0,0,4,2,2,0,0,19,4,8192,0,65232,0,64,0,0,65475,193,0,0,0,51200,0,0,56452,56484,0,65504,0,0,64,0,0,912,256,0,0,944,64,0,0,0,115,0,0,0,65532,26688
523,1000,0,0,4,2,2,0,0,19,4,8960,61952,65494,65040,70,32768,8,135,388,0,0,48,64636,0,0,64636,64636,0,0,0,0,70,6,65472,944,8640,32768,0,944,64,0,0,0,498,0,0,0,6,26624
523,1100,0,0,4,2,2,0,0,19,4,8192,0,65232,0,64,0,0,65475,193,0,0,0,51200,0,0,56452,56484,0,65504,0,0,64,0,0,912,256,0,0,944,64,0,0,0,115,0,0,0,65532,26688
524,1000,0,0,4,2,2,0,0,19,4,63744,512,65492,65034,70,32768,8,134,387,0,0,48,64628,0,0,64628,64628,0,0,0,0,70,6,0,944,8640,32768,0,944,64,0,0,0,504,0,0,0,6,26624
524,1100,0,0,4,2,2,0,0,19,4,8192,0,65232,0,64,0,0,65475,193,0,0,0,51200,0,0,56452,56484,0,65504,0,0,64,0,0,912,256,0,0,944,64,0,0,0,115,0,0,0,65532,26688
525,1000,0,0,4,2,2,0,0,19,4,52480,3072,65491,65028,70,32768,8,134,385,0,0,48,64628,0,0,64628,64628,0,0,0,0,70,6,0,944,8640,32768,0,944,64,0,0,0,510,0,0,0,6,26624
525,1100,0,0,4,2,2,0,0,19,4,8192,0,65232,0,64,0,0,65475,193,0,0,0,51200,0,0,56452,56484,0,65504,0,0,64,0,0,912,256,0,0,944,64,0,0,0,115,0,0,0,65532,26688
526,1000,0,0,4,2,2,0,0,19,4,40960,4096,65491,65022,70,32768,8,134,383,0,0,48,64628,0,0,64628,64628,0,0,0,0,70,6,0,944,8640,32768,0,944,64,0,0,0,516,0,0,0,8,26624
526,1100,0,0,4,2,2,0,0,19,4,8192,0,65232,0,64,0,0,65475,193,0,0,0,51200,0,0,56452,56484,0,65504,0,0,64,0,0,912,256,0,0,944,64,0,0,0,115,0,0,0,65532,26688
527,1000,0,0,4,2,2,0,0,19,4,29440,3584,65490,65014,70,32768,8,134,381,0,0,48,64628,0,0,64628,64628,0,0,0,0,70,6,0,944,8640,32768,0,944,64,0,0,0,524,0,0,0,8,26624
527,1100,0,0,4,2,2,0,0,19,4,8192,0,65232,0,64,0,0,65475,193,0,0,0,51200,0,0,56452,56484,0,65504,0,0,64,0,0,912,256,0,0,944,64,0,0,0,115,0,0,0,65532,26688
528,1000,0,0,4,2,2,0,0,19,4,17664,1024,65489,65006,70,32768,8,134,379,0,0,48,64628,0,0,64628,64628,0,0,0,0,70,6,0,944,8640,32768,0,944,64,0,0,0,532,0,0,0,8,26624
528,1100,0,0,4,2,2,0,0,19,4,8192,0,65232,0,64,0,0,65475,193,0,0,0,51200,0,0,56452,56484,0,65504,0,0,64,0,0,912,256,0,0,944,64,0,0,0,115,0,0,0,65532,26688
529,1000,0,0,4,2,2,0,0,19,4,5632,61952,65489,64998,70,32768,8,134,376,0,0,48,64628,0,0,64628,64628,0,0,0,0,70,6,0,944,8704,32768,0,944,64,0,0,0,540,0,0,0,8,26624
529,1100,0,0,4,2,2,0,0,19,4,8192,0,65232,0,64,0,0,65475,193,0,0,0,51200,0,0,56452,56484,0,65504,0,0,64,0,0,912,256,0,0,944,64,0,0,0,115,0,0,0,65532,26688
530,1000,0,0,4,2,2,0,0,19,4,59136,55296,65488,64991,70,32768,8,133,374,0,0,48,64628,0,0,64628,64628,0,0,0,0,70,6,0,944,8704,32768,0,944,64,0,0,0,548,0,0,0,8,26624
530,1100,0,0,4,2,2,0,0,19,4,8192,0,65232,0,64,0,0,65475,193,0,0,0,51200,0,0,56452,56484,0,65504,0,0,64,0,0,912,256,0,0,944,64,0,0,0,115,0,0,0,65532,26688
531,1000,0,0,4,2,2,0,0,19,4,46848,46848,65487,64983,70,32768,8,133,372,0,0,48,64628,0,0,64628,64628,0,0,0,0,70,6,0,944,8704,32768,0,944,64,0,0,0,556,0,0,0,8,26624
531,1100,0,0,4,2,2,0,0,19,4,8192,0,65232,0,64,0,0,65475,193,0,0,0,51200,0,0,56452,56484,0,65504,0,0,64,0,0,912,256,0,0,944,64,0,0,0,115,0,0,0,65532,26688
532,1000,0,0,4,2,2,0,0,19,4,34304,36352,65486,64975,70,32768,8,133,370,0,0,48,64628,0,0,64628,64628,0,0,0,0,70,6,0,944,8704,32768,0,944,64,0,0,0,564,0,0,0,8,26624
532,1100,0,0,4,2,2,0,0,19,4,8192,0,65232,0,64,0,0,65475,193,0,0,0,51200,0,0,56452,56484,0,65504,0,0,64,0,0,912,256,0,0,944,64,0,0,0,115,0,0,0,65532,26688
533,1000,0,0,4,2,2,0,0,19,4,21504,23808,65486,64967,70,32768,8,133,368,0,0,48,64628,0,0,64628,64628,0,0,0,0,70,6,0,944,8704,32768,0,944,64,0,0,0,572,0,0,0,8,26624
533,1100,0,0,4,2,2,0,0,19,4,8192,0,65232,0,64,0,0,65475,193,0,0,0,51200,0,0,56452,56484,0,65504,0,0,64,0,0,912,256,0,0,944,64,0,0,0,115,0,0,0,65532,26688
534,1000,0,0,4,2,2,0,0,19,4,8704,9216,65485,64959,70,32768,8,133,366,0,0,48,64628,0,0,64628,64628,0,0,0,0,70,6,0,944,8704,32768,0,944,64,0,0,0,580,0,0,0,8,26624
534,1100,0,0,4,2,2,0,0,19,4,8192,0,65232,0,64,0,0,65475,193,0,0,0,51200,0,0,56452,56484,0,65504,0,0,64,0,0,912,256,0,0,944,64,0,0,0,115,0,0,0,65532,26688
535,1000,0,0,4,2,2,0,0,19,4,61184,58112,65484,64951,70,32768,8,132,363,0,0,48,64628,0,0,64628,64628,0,0,0,0,70,6,0,944,8704,32768,0,944,64,0,0,0,588,0,0,0,8,26624
535,1100,0,0,4,2,2,0,0,19,4,8192,0,65232,0,64,0,0,65475,193,0,0,0,51200,0,0,56452,56484,0,65504,0,0,64,0,0,912,256,0,0,944,64,0,0,0,115,0,0,0,65532,26688
536,1000,0,0,4,2,2,0,0,19,4,47872,39424,65484,64943,70,32768,8,132,361,0,0,48,64628,0,0,64628,64628,0,0,0,0,70,6,0,944,8704,32768,0,944,64,0,0,0,596,0,0,0,8,26624
536,1100,0,0,4,2,2,0,0,19,4,8192,0,65232,0,64,0,0,65475,193,0,0,0,51200,0,0,56452,56484,0,65504,0,0,64,0,0,912,256,0,0,944,64,0,0,0,115,0,0,0,65532,26688
537,1000,0,0,4,2,2,0,0,19,4,34560,18688,65483,64935,70,32768,8,132,359,0,0,48,64628,0,0,64628,64628,0,0,0,0,70,6,0,944,8768,32768,0,944,64,0,0,0,604,0,0,0,8,26624
537,1100,0,0,4,2,2,0,0,19,4,8192,0,65232,0,64,0,0,65475,193,0,0,0,51200,0,0,56452,56484,0,65504,0,0,64,0,0,912,256,0,0,944,64,0,0,0,115,0,0,0,65532,26688
538,1000,0,0,4,2,2,0,0,19,4,20992,61440,65482,64927,70,32768,8,132,356,0,0,48,64628,0,0,64628,64628,0,0,0,0,70,6,0,944,8768,32768,0,944,64,0,0,0,612,0,0,0,8,26624
538,1100,0,0,4,2,2,0,0,19,4,8192,0,65232,0,64,0,0,65475,193,0,0,0,51200,0,0,56452,56484,0,65504,0,0,64,0,0,912,256,0,0,944,64,0,0,0,115,0,0,0,65532,26688
539,1000,0,0,4,2,2,0,0,19,4,7168,36608,65482,64919,70,32768,8,132,354,0,0,48,64628,0,0,64628,64628,0,0,0,0,70,6,0,944,8768,32768,0,944,64,0,0,0,620,0,0,0,8,26624
539,1100,0,0,4,2,2,0,0,19,4,8192,0,65232,0,64,0,0,65475,193,0,0,0,51200,0,0,56452,56484,0,65504,0,0,64,0,0,912,256,0,0,944,64,0,0,0,115,0,0,0,65532,26688
540,1000,0,0,4,2,2,0,0,19,4,58880,9728,65481,64911,70,32768,8,131,352,0,0,48,64628,0,0,64628,64628,0,0,0,0,70,6,0,944,8768,32768,0,944,64,0,0,0,628,0,0,0,8,26624
540,1100,0,0,4,2,2,0,0,19,4,8192,0,65232,0,64,0,0,65475,193,0,0,0,51200,0,0,56452,56484,0,65504,0,0,64,0,0,912,256,0,0,944,64,0,0,0,115,0,0,0,65532,26688
541,1000,0,0,4,2,2,0,0,19,4,44800,46336,65480,64903,70,32768,8,131,349,0,0,48,64628,0,0,64628,64628,0,0,0,0,70,6,0,944,8768,32768,0,944,64,0,0,0,636,0,0,0,8,26624
541,1100,0,0,4,2,2,0,0,19,4,8192,0,65232,0,64,0,0,65475,193,0,0,0,51200,0,0,56452,56484,0,65504,0,0,64,0,0,912,256,0,0,944,64,0,0,0,115,0,0,0,65532,26688
542,1000,0,0,4,2,2,0,0,19,4,30464,15360,65480,64895,70,32768,8,131,347,0,0,48,64628,0,0,64628,64628,0,0,0,0,70,6,0,944,8768,32768,0,944,64,0,0,0,644,0,0,0,10,26624
542,1100,0,0,4,2,2,0,0,19,4,8192,0,65232,0,64,0,0,65475,193,0,0,0,51200,0,0,56452,56484,0,65504,0,0,64,0,0,912,256,0,0,944,64,0,0,0,115,0,0,0,65532,26688
543,1000,0,0,4,2,2,0,0,19,4,16128,47872,65479,64885,70,32768,8,131,344,0,0,48,64628,0,0,64628,64628,0,0,0,0,70,6,0,944,8768,32768,0,944,64,0,0,0,654,0,0,0,10,26624
543,1100,0,0,4,2,2,0,0,19,4,8192,0,65232,0,64,0,0,65475,193,0,0,0,51200,0,0,56452,56484,0,65504,0,0,64,0,0,912,256,0,0,944,64,0,0,0,115,0,0,0,65532,26688
544,1000,256,0,4,2,2,0,0,19,4,1536,12288,65478,64875,70,32768,8,131,342,0,0,48,64628,0,0,64628,64628,0,0,0,0,70,6,88,944,8768,33025,0,944,64,0,0,0,664,0,0,0,10,26624
544,1100,256,0,4,2,2,0,0,19,4,8192,0,65232,0,64,0,0,65475,193,0,0,0,51200,0,0,56452,56484,0,65504,0,0,64,0,0,912,256,0,0,944,64,0,0,0,115,0,0,0,65532,26688
545,1000,0,0,4,2,2,0,0,19,4,52224,39680,65477,64865,70,32768,8,130,339,0,0,48,64639,0,0,64639,64639,0,0,0,0,70,6,176,944,8832,33024,0,944,64,0,0,0,674,0,0,0,10,26624
545,1100,0,0,4,2,2,0,0,19,4,8192,0,65232,0,64,0,0,65475,193,0,0,0,51200,0,0,56452,56484,0,65504,0,0,64,0,0,912,256,0,0,944,64,0,0,0,115,0,0,0,65532,26688
546,1000,0,0,4,2,2,0,0,19,4,37120,64512,65477,64855,70,32768,8,130,336,0,0,48,64661,0,0,64661,64661,0,0,0,0,70,6,264,944,8832,33024,0,944,64,0,0,0,684,0,0,0,10,26624
546,1100,0,0,4,2,2,0,0,19,4,8192,0,65232,0,64,0,0,65475,193,0,0,0,51200,0,0,56452,56484,0,65504,0,0,64,0,0,912,256,0,0,944,64,0,0,0,115,0,0,0,65532,26688
547,1000,0,0,4,2,2,0,0,19,4,22016,21248,65477,64845,70,32768,8,130,334,0,0,48,64694,0,0,64694,64694,0,0,0,0,70,6,352,944,8832,33024,0,944,64,0,0,0,694,0,0,0,10,26624
547,1100,0,0,4,2,2,0,0,19,4,8192,0,65232,0,64,0,0,65475,193,0,0,0,51200,0,0,56452,56484,0,65504,0,0,64,0,0,912,256,0,0,944,64,0,0,0,115,0,0,0,65532,26688
548,1000,0,0,4,2,2,0,0,19,4,6912,40960,65479,64835,70,32768,8,130,331,0,0,48,64738,0,0,64738,64738,0,0,0,0,70,6,440,944,8832,33024,0,944,64,0,0,0,704,0,0,0,10,26624
548,1100,0,0,4,2,2,0,0,19,4,8192,0,65232,0,64,0,0,65475,193,0,0,0,51200,0,0,56452,56484,0,65504,0,0,64,0,0,912,256,0,0,944,64,0,0,0,115,0,0,0,65532,26688
549,1000,0,0,4,2,2,0,0,19,4,57856,58112,65481,64825,70,32768,8,129,328,0,0,48,64793,0,0,64793,64793,0,0,0,0,70,6,528,944,8832,33024,0,944,64,0,0,0,714,0,0,0,10,26624
549,1100,0,0,4,2,2,0,0,19,4,8192,0,65232,0,64,0,0,65475,193,0,0,0,51200,0,0,56452,56484,0,65504,0,0,64,0,0,912,256,0,0,944,64,0,0,0,115,0,0,0,65532,26688
550,1000,0,0,4,2,2,0,0,19,4,43776,7168,65484,64814,70,32768,8,129,326,0,0,48,64859,0,0,64859,64859,0,0,0,0,70,6,616,944,8832,33024,0,944,64,0,0,0,724,0,0,0,10,26624
550,1100,0,0,4,2,2,0,0,19,4,8192,0,65232,0,64,0,0,65475,193,0,0,0,51200,0,0,56452,56484,0,65504,0,0,64,0,0,912,256,0,0,944,64,0,0,0,115,0,0,0,65532,26688
551,1000,0,0,4,2,2,0,0,19,4,30464,18944,65488,64804,70,32768,8,129,323,0,0,48,64936,0,0,64936,64936,0,0,0,0,70,6,704,944,8832,33024,0,944,64,0,0,0,734,0,0,0,10,26624
551,1100,0,0,4,2,2,0,0,19,4,8192,0,65232,0,64,0,0,65475,193,0,0,0,51200,0,0,56452,56484,0,65504,0,0,64,0,0,912,256,0,0,944,64,0,0,0,115,0,0,0,65532,26688
552,1000,0,0,4,2,2,0,0,19,4,18176,28160,65493,64794,70,32768,8,129,320,0,0,48,65024,0,0,65024,65024,0,0,0,0,70,6,792,944,8832,33024,0,944,64,0,0,0,744,0,0,0,10,26624
552,1100,0,0,4,2,2,0,0,19,4,8192,0,65232,0,64,0,0,65475,193,0,0,0,51200,0,0,56452,56484,0,65504,0,0,64,0,0,912,256,0,0,944,64,0,0,0,115,0,0,0,65532,26688
553,1000,0,0,4,2,2,0,0,19,4,7168,34816,65499,64783,70,32768,8,129,317,0,0,48,65123,0,0,65123,65123,0,0,0,0,70,6,880,944,8896,33024,0,944,64,0,0,0,754,0,0,0,10,26624
553,1100,0,0,4,2,2,0,0,19,4,8192,0,65232,0,64,0,0,65475,193,0,0,0,51200,0,0,56452,56484,0,65504,0,0,64,0,0,912,256,0,0,944,64,0,0,0,115,0,0,0,65532,26688
554,1000,0,0,4,2,2,0,0,19,4,63232,38656,65505,64773,70,32768,8,128,314,0,0,48,65233,0,0,65233,65233,0,0,0,0,70,6,968,944,8896,33024,0,944,64,0,0,0,764,0,0,0,10,26624
554,1100,0,0,4,2,2,0,0,19,4,8192,0,65232,0,64,0,0,65475,193,0,0,0,51200,0,0,56452,56484,0,65504,0,0,64,0,0,912,256,0,0,944,64,0,0,0,115,0,0,0,65532,26688
555,1000,0,0,4,2,2,0,0,19,4,55296,39936,65513,64763,70,32768,8,128,311,0,0,48,65354,0,0,65354,65354,0,0,0,0,70,6,1056,944,8896,33024,0,944,64,0,0,0,774,0,0,0,1,26624
555,1100,0,0,4,2,2,0,0,19,4,8192,0,65232,0,64,0,0,65475,193,0,0,0,51200,0,0,56452,56484,0,65504,0,0,64,0,0,912,256,0,0,944,64,0,0,0,115,0,0,0,65532,26688
556,1000,0,0,4,2,2,0,0,19,4,49408,38656,65522,64762,70,32768,8,128,308,0,0,48,65486,0,0,65486,65486,0,0,0,0,70,6,1144,944,8896,33024,0,944,64,0,0,0,775,0,0,0,1,26624
556,1100,0,0,4,2,2,0,0,19,4,8192,0,65232,0,64,0,0,65475,193,0,0,0,51200,0,0,56452,56484,0,65504,0,0,64,0,0,912,256,0,0,944,64,0,0,0,115,0,0,0,65532,26688
557,1000,0,0,4,2,2,0,0,19,4,45824,37120,65532,64761,70,32768,8,128,305,0,0,48,93,0,0,93,93,0,0,0,0,70,6,1232,944,8896,33024,0,944,64,0,0,0,776,0,0,0,1,26624
557,1100,0,0,4,2,2,0,0,19,4,8192,0,65232,0,64,0,0,65475,193,0,0,0,51200,0,0,56452,56484,0,65504,0,0,64,0,0,912,256,0,0,944,64,0,0,0,115,0,0,0,65532,26688
558,1000,0,0,4,2,2,0,0,19,4,44800,35328,6,64760,70,32768,8,128,302,0,0,48,247,0,0,247,247,0,0,0,0,70,6,1320,944,8896,33024,0,944,64,0,0,0,777,0,0,0,1,26624
558,1100,0,0,4,2,2,0,0,19,4,8192,0,65232,0,64,0,0,65475,193,0,0,0,51200,0,0,56452,56484,0,65504,0,0,64,0,0,912,256,0,0,944,64,0,0,0,115,0,0,0,65532,26688
559,1000,0,0,4,2,2,0,0,19,4,46336,33280,18,64759,70,32768,8,128,299,0,0,48,412,0,0,412,412,0,0,0,0,70,6,1408,944,8896,33024,0,944,64,0,0,0,778,0,0,0,1,26624
559,1100,0,0,4,2,2,0,0,19,4,8192,0,65232,0,64,0,0,65475,193,0,0,0,51200,0,0,56452,56484,0,65504,0,0,64,0,0,912,256,0,0,944,64,0,0,0,115,0,0,0,65532,26688
560,1000,0,0,4,2,2,0,0,19,4,50944,30976,30,64758,70,32768,8,128,296,0,0,48,588,0,0,588,588,0,0,0,0,70,6,1496,944,8896,33024,0,944,64,0,0,0,779,0,0,0,1,26624
560,1100,0,0,4,2,2,0,0,19,4,8192,0,65232,0,64,0,0,65475,193,0,0,0,51200,0,0,56452,56484,0,65504,0,0,64,0,0,912,256,0,0,944,64,0,0,0,115,0,0,0,65532,26688
561,1000,0,0,4,2,2,0,0,19,4,58624,28416,43,64758,70,32768,8,128,293,0,0,48,775,0,0,775,775,0,0,0,0,70,6,1584,944,8960,33024,0,944,64,0,0,0,780,0,0,0,1,26624
561,1100,0,0,4,2,2,0,0,19,4,8192,0,65232,0,64,0,0,65475,193,0,0,0,51200,0,0,56452,56484,0,65504,0,0,64,0,0,912,256,0,0,944,64,0,0,0,115,0,0,0,65532,26688
562,1000,0,0,4,2,2,0,0,19,4,4096,25856,57,64758,70,32768,8,129,290,0,0,48,973,0,0,973,973,0,0,0,0,70,6,1672,944,8960,33024,0,944,64,0,0,0,781,0,0,0,1,26624
562,1100,0,0,4,2,2,0,0,19,4,8192,0,65232,0,64,0,0,65475,193,0,0,0,51200,0,0,56452,56484,0,65504,0,0,64,0,0,912,256,0,0,944,64,0,0,0,115,0,0,0,65532,26688
563,1000,0,0,4,2,2,0,0,19,4,18688,23296,72,64758,70,32768,8,129,287,0,0,48,1182,0,0,1182,1182,0,0,0,0,70,6,1760,944,8960,33024,0,944,64,0,0,0,782,0,0,0,1,26624
563,1100,0,0,4,2,2,0,0,19,4,8192,0,65232,0,64,0,0,65475,193,0,0,0,51200,0,0,56452,56484,0,65504,0,0,64,0,0,912,256,0,0,944,64,0,0,0,115,0,0,0,65532,26688
564,1000,0,0,4,2,2,0,0,19,4,37120,20736,88,64758,70,32768,8,129,284,0,0,48,1402,0,0,1402,1402,0,0,0,0,70,6,1848,944,8960,33024,0,944,64,0,0,0,783,0,0,0,1,26624
564,1100,0,0,4,2,2,0,0,19,4,8192,0,65232,0,64,0,0,65475,193,0,0,0,51200,0,0,56452,56484,0,65504,0,0,64,0,0,912,256,0,0,944,64,0,0,0,115,0,0,0,65532,26688
565,1000,0,0,4,2,2,0,0,19,4,59648,18176,105,64760,70,32768,8,129,281,0,0,48,1633,0,0,1633,1633,0,0,0,0,70,6,1936,944,8960,33024,0,944,64,0,0,0,784,0,0,0,1,26624
565,1100,0,0,4,2,2,0,0,19,4,8192,0,65232,0,64,0,0,65475,193,0,0,0,51200,0,0,56452,56484,0,65504,0,0,64,0,0,912,256,0,0,944,64,0,0,0,115,0,0,0,65532,26688
566,1000,0,0,4,2,2,0,0,19,4,20992,16128,122,64761,70,32768,8,130,278,0,0,48,1875,0,0,1875,1875,0,0,0,0,70,6,2024,944,8960,33024,0,944,64,0,0,0,785,0,0,0,1,26624
566,1100,0,0,4,2,2,0,0,19,4,8192,0,65232,0,64,0,0,65475,193,0,0,0,51200,0,0,56452,56484,0,65504,0,0,64,0,0,912,256,0,0,944,64,0,0,0,115,0,0,0,65532,26688
567,1000,0,0,4,2,2,0,0,19,4,52224,14336,140,64763,70,32768,8,130,275,0,0,48,2128,0,0,2128,2128,0,0,0,0,70,6,2112,944,8960,33024,0,944,64,0,0,0,786,0,0,0,1,26624
567,1100,0,0,4,2,2,0,0,19,4,8192,0,65232,0,64,0,0,65475,193,0,0,0,51200,0,0,56452,56484,0,65504,0,0,64,0,0,912,256,0,0,944,64,0,0,0,115,0,0,0,65532,26688
568,1000,0,0,4,2,2,0,0,19,4,22528,13056,159,64766,70,32768,8,131,272,0,0,48,2392,0,0,2392,2392,0,0,0,0,70,6,2200,944,8960,33024,0,944,64,0,0,0,787,0,0,0,1,26624
568,1100,0,0,4,2,2,0,0,19,4,8192,0,65232,0,64,0,0,65475,193,0,0,0,51200,0,0,56452,56484,0,65504,0,0,64,0,0,912,256,0,0,944,64,0,0,0,115,0,0,0,65532,26688
569,1000,0,0,4,2,2,0,0,19,4,63232,12544,179,64769,70,32768,8,131,269,0,0,48,2667,0,0,2667,2667,0,0,0,0,70,6,2288,944,9024,33024,0,944,64,0,0,0,788,0,0,0,1,26624
569,1100,0,0,4,2,2,0,0,19,4,8192,0,65232,0,64,0,0,65475,193,0,0,0,51200,0,0,56452,56484,0,65504,0,0,64,0,0,912,256,0,0,944,64,0,0,0,115,0,0,0,65532,26688
570,1000,0,0,4,2,2,0,0,19,4,43520,12800,199,64773,70,32768,8,132,266,0,0,48,2953,0,0,2953,2953,0,0,0,0,70,6,2376,944,9024,33024,0,944,64,0,0,0,789,0,0,0,1,26624
570,1100,0,0,4,2,2,0,0,19,4,8192,0,65232,0,64,0,0,65475,193,0,0,0,51200,0,0,56452,56484,0,65504,0,0,64,0,0,912,256,0,0,944,64,0,0,0,115,0,0,0,65532,26688
571,1000,0,0,4,2,2,0,0,19,4,28928,14080,220,64778,70,32768,8,133,263,0,0,48,3250,0,0,3250,3250,0,0,0,0,70,6,2304,944,9024,33024,0,944,64,0,0,0,790,0,0,0,1,26624
571,1100,0,0,4,2,2,0,0,19,4,8192,0,65232,0,64,0,0,65475,193,0,0,0,51200,0,0,56452,56484,0,65504,0,0,64,0,0,912,256,0,0,944,64,0,0,0,115,0,0,0,65532,26688
572,1000,0,0,4,2,2,0,0,19,4,19712,16640,242,64783,70,32768,8,134,260,0,0,48,3538,0,0,3538,3538,0,0,0,0,70,6,2304,944,9024,33024,0,944,64,0,0,0,791,0,0,0,1,26624
572,1100,0,0,4,2,2,0,0,19,4,8192,0,65232,0,64,0,0,65475,193,0,0,0,51200,0,0,56452,56484,0,65504,0,0,64,0,0,912,256,0,0,944,64,0,0,0,115,0,0,0,65532,26688
573,1000,0,0,4,2,2,0,0,19,4,16128,20480,263,64789,70,32768,8,135,257,0,0,48,3826,0,0,3826,3826,0,0,0,0,70,6,2304,944,9024,33024,0,944,64,0,0,0,792,0,0,0,1,26624
573,1100,0,0,4,2,2,0,0,19,4,8192,0,65232,0,64,0,0,65475,193,0,0,0,51200,0,0,56452,56484,0,65504,0,0,64,0,0,912,256,0,0,944,64,0,0,0,115,0,0,0,65532,26688
574,1000,0,0,4,2,2,0,0,19,4,17920,25856,284,64796,70,32768,8,136,254,0,0,48,4114,0,0,4114,4114,0,0,0,0,70,6,2304,944,9024,33024,0,944,64,0,0,0,793,0,0,0,1,26624
574,1100,0,0,4,2,2,0,0,19,4,8192,0,65232,0,64,0,0,65475,193,0,0,0,51200,0,0,56452,56484,0,65504,0,0,64,0,0,912,256,0,0,944,64,0,0,0,115,0,0,0,65532,26688
575,1000,0,0,4,2,2,0,0,19,4,25088,33024,305,64803,70,32768,8,137,251,0,0,48,4402,0,0,4402,4402,0,0,0,0,70,6,2304,944,9024,33024,0,944,64,0,0,0,794,0,0,0,1,26624
575,1100,0,0,4,2,2,0,0,19,4,8192,0,65232,0,64,0,0,65475,193,0,0,0,51200,0,0,56452,56484,0,65504,0,0,64,0,0,912,256,0,0,944,64,0,0,0,115,0,0,0,65532,26688
576,1000,0,0,4,2,2,0,0,19,4,37632,41984,325,64811,70,32768,8,138,248,0,0,48,4690,0,0,4690,4690,0,0,0,0,70,6,2304,944,9024,33024,0,944,64,0,0,0,795,0,0,0,1,26624
576,1100,0,0,4,2,2,0,0,19,4,8192,0,65232,0,64,0,0,65475,193,0,0,0,51200,0,0,56452,56484,0,65504,0,0,64,0,0,912,256,0,0,944,64,0,0,0,115,0,0,0,65532,26688
577,1000,0,0,4,2,2,0,0,19,4,55296,52992,345,64820,70,32768,8,139,245,0,0,48,4978,0,0,4978,4978,0,0,0,0,70,6,2304,944,9088,33024,0,944,64,0,0,0,796,0,0,0,1,26624
577,1100,0,0,4,2,2,0,0,19,4,8192,0,65232,0,64,0,0,65475,193,0,0,0,51200,0,0,56452,56484,0,65504,0,0,64,0,0,912,256,0,0,944,64,0,0,0,115,0,0,0,65532,26688
578,1000,0,0,4,2,2,0,0,19,4,12544,768,366,64828,70,32768,8,141,243,0,0,48,5266,0,0,5266,5266,0,0,0,0,70,6,2304,944,9088,33024,0,944,64,0,0,0,797,0,0,0,1,26624
578,1100,0,0,4,2,2,0,0,19,4,8192,0,65232,0,64,0,0,65475,193,0,0,0,51200,0,0,56452,56484,0,65504,0,0,64,0,0,912,256,0,0,944,64,0,0,0,115,0,0,0,65532,26688
579,1000,0,0,4,2,2,0,0,19,4,40704,16128,385,64838,70,32768,8,142,240,0,0,48,5554,0,0,5554,5554,0,0,0,0,70,6,2304,944,9088,33024,0,944,64,0,0,0,798,0,0,0,1,26624
579,1100,0,0,4,2,2,0,0,19,4,8192,0,65232,0,64,0,0,65475,193,0,0,0,51200,0,0,56452,56484,0,65504,0,0,64,0,0,912,256,0,0,944,64,0,0,0,115,0,0,0,65532,26688
580,1000,0,0,4,2,2,0,0,19,4,8192,34048,405,64848,70,32768,8,144,237,0,0,48,5842,0,0,5842,5842,0,0,0,0,70,6,2304,944,9088,33024,0,944,64,0,0,0,799,0,0,0,1,26624
580,1100,0,0,4,2,2,0,0,19,4,8192,0,65232,0,64,0,0,65475,193,0,0,0,51200,0,0,56452,56484,0,65504,0,0,64,0,0,912,256,0,0,944,64,0,0,0,115,0,0,0,65532,26688
581,1000,0,0,4,2,2,0,0,19,4,46336,54528,425,64859,70,32768,8,145,234,0,0,48,6130,0,0,6130,6130,0,0,0,0,70,6,2295,944,9088,33024,0,944,64,0,0,0,800,0,0,0,1,26624
581,1100,0,0,4,2,2,0,0,19,4,8192,0,65232,0,64,0,0,65475,193,0,0,0,51200,0,0,56452,56484,0,65504,0,0,64,0,0,912,256,0,0,944,64,0,0,0,115,0,0,0,65532,26688
582,1000,0,0,4,2,2,0,0,19,4,24064,12288,444,64870,70,32768,8,147,232,0,0,48,6416,0,0,6416,6416,0,0,0,0,70,6,2373,944,9088,33024,0,944,64,0,0,0,801,0,0,0,1,26624
582,1100,0,0,4,2,2,0,0,19,4,8192,0,65232,0,64,0,0,65475,193,0,0,0,51200,0,0,56452,56484,0,65504,0,0,64,0,0,912,256,0,0,944,64,0,0,0,115,0,0,0,65532,26688
583,1000,0,0,4,2,2,0,0,19,4,6656,38400,462,64881,70,32768,8,149,229,0,0,48,6712,0,0,6712,6712,0,0,0,0,70,6,2295,944,9088,33024,0,944,64,0,0,0,802,0,0,0,1,26624
583,1100,0,0,4,2,2,0,0,19,4,8192,0,65232,0,64,0,0,65475,193,0,0,0,51200,0,0,56452,56484,0,65504,0,0,64,0,0,912,256,0,0,944,64,0,0,0,115,0,0,0,65532,26688
584,1000,0,0,4,2,2,0,0,19,4,59392,1792,481,64894,70,32768,8,150,227,0,0,48,6998,0,0,6998,6998,0,0,0,0,70,6,2373,944,9088,33024,0,944,64,0,0,0,803,0,0,0,1,26624
584,1100,0,0,4,2,2,0,0,19,4,8192,0,65232,0,64,0,0,65475,193,0,0,0,51200,0,0,56452,56484,0,65504,0,0,64,0,0,912,256,0,0,944,64,0,0,0,115,0,0,0,65532,26688
585,1000,0,0,4,2,2,0,0,19,4,51456,34048,499,64907,70,32768,8,152,224,0,0,48,7294,0,0,7294,7294,0,0,0,0,70,6,2295,944,9152,33024,0,944,64,0,0,0,804,0,0,0,1,26624
585,1100,0,0,4,2,2,0,0,19,4,8192,0,65232,0,64,0,0,65475,193,0,0,0,51200,0,0,56452,56484,0,65504,0,0,64,0,0,912,256,0,0,944,64,0,0,0,115,0,0,0,65532,26688
586,1000,0,0,4,2,2,0,0,19,4,48128,4096,518,64920,70,32768,8,154,222,0,0,48,7580,0,0,7580,7580,0,0,0,0,70,6,2373,944,9152,33024,0,944,64,0,0,0,805,0,0,0,1,26624
586,1100,0,0,4,2,2,0,0,19,4,8192,0,65232,0,64,0,0,65475,193,0,0,0,51200,0,0,56452,56484,0,65504,0,0,64,0,0,912,256,0,0,944,64,0,0,0,115,0,0,0,65532,26688
587,1000,0,0,4,2,2,0,0,19,4,49664,43008,535,64934,70,32768,8,156,219,0,0,48,7876,0,0,7876,7876,0,0,0,0,70,6,2228,944,9152,32768,0,944,64,0,0,0,806,0,0,0,1,26624
587,1100,0,0,4,2,2,0,0,19,4,8192,0,65232,0,64,0,0,65475,193,0,0,0,51200,0,0,56452,56484,0,65504,0,0,64,0,0,912,256,0,0,944,64,0,0,0,115,0,0,0,65532,26688
588,1000,0,0,4,2,2,0,0,19,4,55552,19968,553,64949,70,32768,8,158,217,0,0,48,8154,0,0,8154,8154,0,0,0,0,70,6,2083,944,9152,32768,0,944,64,0,0,0,807,0,0,0,1,26624
588,1100,0,0,4,2,2,0,0,19,4,8192,0,65232,0,64,0,0,65475,193,0,0,0,51200,0,0,56452,56484,0,65504,0,0,64,0,0,912,256,0,0,944,64,0,0,0,115,0,0,0,65532,26688
589,1000,0,0,4,2,2,0,0,19,4,512,768,569,64963,70,32768,8,161,215,0,0,48,8414,0,0,8414,8414,0,0,0,0,70,6,1939,944,9152,32768,0,944,64,0,0,0,808,0,0,0,1,26624
589,1100,0,0,4,2,2,0,0,19,4,8192,0,65232,0,64,0,0,65475,193,0,0,0,51200,0,0,56452,56484,0,65504,0,0,64,0,0,912,256,0,0,944,64,0,0,0,115,0,0,0,65532,26688
590,1000,0,0,4,2,2,0,0,19,4,15104,50688,584,64977,70,32768,8,163,212,0,0,48,8656,0,0,8656,8656,0,0,0,0,70,6,1795,944,9152,32768,0,944,64,0,0,0,809,0,0,0,1,26624
590,1100,0,0,4,2,2,0,0,19,4,8192,0,65232,0,64,0,0,65475,193,0,0,0,51200,0,0,56452,56484,0,65504,0,0,64,0,0,912,256,0,0,944,64,0,0,0,115,0,0,0,65532,26688
591,1000,0,0,4,2,2,0,0,19,4,33536,38656,597,64990,70,32768,8,165,210,0,0,48,8880,0,0,8880,8880,0,0,0,0,70,6,1652,944,9152,32768,0,944,64,0,0,0,810,0,0,0,1,26624
591,1100,0,0,4,2,2,0,0,19,4,8192,0,65232,0,64,0,0,65475,193,0,0,0,51200,0,0,56452,56484,0,65504,0,0,64,0,0,912,256,0,0,944,64,0,0,0,115,0,0,0,65532,26688
592,1000,0,0,4,2,2,0,0,19,4,55296,29952,610,65002,70,32768,8,167,208,0,0,48,9086,0,0,9086,9086,0,0,0,0,70,6,1510,944,9152,32768,0,944,64,0,0,0,811,0,0,0,1,26624
592,1100,0,0,4,2,2,0,0,19,4,8192,0,65232,0,64,0,0,65475,193,0,0,0,51200,0,0,56452,56484,0,65504,0,0,64,0,0,912,256,0,0,944,64,0,0,0,115,0,0,0,65532,26688
593,1000,0,0,4,2,2,0,0,19,4,14848,24320,621,65014,70,32768,8,170,206,0,0,48,9274,0,0,9274,9274,0,0,0,0,70,6,1368,944,9216,32768,0,944,64,0,0,0,812,0,0,0,1,26624
593,1100,0,0,4,2,2,0,0,19,4,8192,0,65232,0,64,0,0,65475,193,0,0,0,51200,0,0,56452,56484,0,65504,0,0,64,0,0,912,256,0,0,944,64,0,0,0,115,0,0,0,65532,26688
594,1000,0,0,4,2,2,0,0,19,4,42752,21760,631,65024,70,32768,8,172,204,0,0,48,9445,0,0,9445,9445,0,0,0,0,70,6,1227,944,9216,32768,0,944,64,0,0,0,813,0,0,0,1,26624
594,1100,0,0,4,2,2,0,0,19,4,8192,0,65232,0,64,0,0,65475,193,0,0,0,51200,0,0,56452,56484,0,65504,0,0,64,0,0,912,256,0,0,944,64,0,0,0,115,0,0,0,65532,26688
595,1000,0,0,4,2,2,0,0,19,4,7680,21760,640,65034,70,32768,8,175,202,0,0,48,9598,0,0,9598,9598,0,0,0,0,70,6,1086,944,9216,32768,0,944,64,0,0,0,814,0,0,0,1,26624
595,1100,0,0,4,2,2,0,0,19,4,8192,0,65232,0,64,0,0,65475,193,0,0,0,51200,0,0,56452,56484,0,65504,0,0,64,0,0,912,256,0,0,944,64,0,0,0,115,0,0,0,65532,26688
596,1000,0,0,4,2,2,0,0,19,4,40448,24320,648,65043,70,32768,8,177,200,0,0,48,9733,0,0,9733,9733,0,0,0,0,70,6,946,944,9216,32768,0,944,64,0,0,0,815,0,0,0,1,26624
596,1100,0,0,4,2,2,0,0,19,4,8192,0,65232,0,64,0,0,65475,193,0,0,0,51200,0,0,56452,56484,0,65504,0,0,64,0,0,912,256,0,0,944,64,0,0,0,115,0,0,0,65532,26688
597,1000,0,0,4,2,2,0,0,19,4,9728,29184,655,65051,70,32768,8,180,198,0,0,48,9851,0,0,9851,9851,0,0,0,0,70,6,806,944,9216,32768,0,944,64,0,0,0,816,0,0,0,1,26624
597,1100,0,0,4,2,2,0,0,19,4,8192,0,65232,0,64,0,0,65475,193,0,0,0,51200,0,0,56452,56484,0,65504,0,0,64,0,0,912,256,0,0,944,64,0,0,0,115,0,0,0,65532,26688
598,1000,0,0,4,2,2,0,0,19,4,46336,36096,661,65058,70,32768,8,182,196,0,0,48,9951,0,0,9951,9951,0,0,0,0,70,6,667,944,9216,32768,0,944,64,0,0,0,817,0,0,0,1,26624
598,1100,0,0,4,2,2,0,0,19,4,8192,0,65232,0,64,0,0,65475,193,0,0,0,51200,0,0,56452,56484,0,65504,0,0,64,0,0,912,256,0,0,944,64,0,0,0,115,0,0,0,65532,26688
599,1000,0,0,4,2,2,0,0,19,4,18944,44800,667,65063,70,32768,8,185,194,0,0,48,10034,0,0,10034,10034,0,0,0,0,70,6,528,944,9216,32768,0,944,64,0,0,0,818,0,0,0,1,26624
599,1100,0,0,4,2,2,0,0,19,4,8192,0,65232,0,64,0,0,65475,193,0,0,0,51200,0,0,56452,56484,0,65504,0,0,64,0,0,912,256,0,0,944,64,0,0,0,115,0,0,0,65532,26688
600,1000,0,0,4,2,2,0,0,19,4,58624,54784,671,65068,70,32768,8,187,192,0,0,48,10100,0,0,10100,10100,0,0,0,0,70,6,390,944,9216,32768,0,944,64,0,0,0,819,0,0,0,1,26624
600,1100,0,0,4,2,2,0,0,19,4,8192,0,65232,0,64,0,0,65475,193,0,0,0,51200,0,0,56452,56484,0,65504,0,0,64,0,0,912,256,0,0,944,64,0,0,0,115,0,0,0,65532,26688
601,1000,0,0,4,2,2,0,0,19,4,33792,512,675,65072,70,32768,8,190,191,0,0,48,10148,0,0,10148,10148,0,0,0,0,70,6,253,944,9280,32768,0,944,64,0,0,0,820,0,0,0,1,26624
601,1100,0,0,4,2,2,0,0,19,4,8192,0,65232,0,64,0,0,65475,193,0,0,0,51200,0,0,56452,56484,0,65504,0,0,64,0,0,912,256,0,0,944,64,0,0,0,115,0,0,0,65532,26688
602,1000,0,0,4,2,2,0,0,19,4,9984,12800,678,65074,70,32768,8,193,189,0,0,48,10179,0,0,10179,10179,0,0,0,0,70,6,116,944,9280,32768,0,944,64,0,0,0,821,0,0,0,1,26624
602,1100,0,0,4,2,2,0,0,19,4,8192,0,65232,0,64,0,0,65475,193,0,0,0,51200,0,0,56452,56484,0,65504,0,0,64,0,0,912,256,0,0,944,64,0,0,0,115,0,0,0,65532,26688
603,1000,0,0,4,2,2,0,0,19,4,52480,25600,680,65076,70,32768,8,195,187,0,0,48,10193,0,0,10193,10193,0,0,0,0,70,6,0,944,9280,32768,0,944,64,0,0,0,822,0,0,0,1,26624
603,1100,0,0,4,2,2,0,0,19,4,8192,0,65232,0,64,0,0,65475,193,0,0,0,51200,0,0,56452,56484,0,65504,0,0,64,0,0,912,256,0,0,944,64,0,0,0,115,0,0,0,65532,26688
604,1000,0,0,4,2,2,0,0,19,4,29952,38912,682,65076,70,32768,8,198,185,0,0,48,10193,0,0,10193,10193,0,0,0,0,70,6,0,944,9280,32768,0,944,64,0,0,0,823,0,0,0,1,26624
604,1100,0,0,4,2,2,0,0,19,4,8192,0,65232,0,64,0,0,65475,193,0,0,0,51200,0,0,56452,56484,0,65504,0,0,64,0,0,912,256,0,0,944,64,0,0,0,115,0,0,0,65532,26688
605,1000,0,0,4,2,2,0,0,19,4,7936,52224,683,65076,70,32768,8,201,183,0,0,48,10193,0,0,10193,10193,0,0,0,0,70,6,0,944,9280,32768,0,944,64,0,0,0,824,0,0,0,1,26624
605,1100,0,0,4,2,2,0,0,19,4,8192,0,65232,0,64,0,0,65475,193,0,0,0,51200,0,0,56452,56484,0,65504,0,0,64,0,0,912,256,0,0,944,64,0,0,0,115,0,0,0,65532,26688
606,1000,0,0,4,2,2,0,0,19,4,51712,0,683,65075,70,32768,8,203,182,0,0,48,10193,0,0,10193,10193,0,0,0,0,70,6,0,944,9280,32768,0,944,64,0,0,0,825,0,0,0,1,26624
606,1100,0,0,4,2,2,0,0,19,4,8192,0,65232,0,64,0,0,65475,193,0,0,0,51200,0,0,56452,56484,0,65504,0,0,64,0,0,912,256,0,0,944,64,0,0,0,115,0,0,0,65532,26688
607,1000,0,0,4,2,2,0,0,19,4,29952,13056,684,65074,70,32768,8,206,180,0,0,48,10193,0,0,10193,10193,0,0,0,0,70,6,0,944,9280,32768,0,944,64,0,0,0,826,0,0,0,1,26624
607,1100,0,0,4,2,2,0,0,19,4,8192,0,65232,0,64,0,0,65475,193,0,0,0,51200,0,0,56452,56484,0,65504,0,0,64,0,0,912,256,0,0,944,64,0,0,0,115,0,0,0,65532,26688
608,1000,0,0,4,2,2,0,0,19,4,8448,25856,685,65074,70,32768,8,209,178,0,0,48,10193,0,0,10193,10193,0,0,0,0,70,6,0,944,9280,32768,0,944,64,0,0,0,827,0,0,0,1,26624
608,1100,0,0,4,2,2,0,0,19,4,8192,0,65232,0,64,0,0,65475,193,0,0,0,51200,0,0,56452,56484,0,65504,0,0,64,0,0,912,256,0,0,944,64,0,0,0,115,0,0,0,65532,26688
609,1000,0,0,4,2,2,0,0,19,4,52736,38656,686,65073,70,32768,8,211,176,0,0,48,10193,0,0,10193,10193,0,0,0,0,70,6,0,944,9344,32768,0,944,64,0,0,0,828,0,0,0,1,26624
609,1100,0,0,4,2,2,0,0,19,4,8192,0,65232,0,64,0,0,65475,193,0,0,0,51200,0,0,56452,56484,0,65504,0,0,64,0,0,912,256,0,0,944,64,0,0,0,115,0,0,0,65532,26688
610,1000,0,0,4,2,2,0,0,19,4,31744,51200,687,65073,70,32768,8,214,174,0,0,48,10193,0,0,10193,10193,0,0,0,0,70,6,0,944,9344,32768,0,944,64,0,0,0,829,0,0,0,1,26624
610,1100,0,0,4,2,2,0,0,19,4,8192,0,65232,0,64,0,0,65475,193,0,0,0,51200,0,0,56452,56484,0,65504,0,0,64,0,0,912,256,0,0,944,64,0,0,0,115,0,0,0,65532,26688
611,1000,0,0,4,2,2,0,0,19,4,11008,63744,688,65072,70,32768,8,217,172,0,0,48,10193,0,0,10193,10193,0,0,0,0,70,6,0,944,9344,32768,0,944,64,0,0,0,830,0,0,0,1,26624
611,1100,0,0,4,2,2,0,0,19,4,8192,0,65232,0,64,0,0,65475,193,0,0,0,51200,0,0,56452,56484,0,65504,0,0,64,0,0,912,256,0,0,944,64,0,0,0,115,0,0,0,65532,26688
612,1000,0,0,4,2,2,0,0,19,4,56064,10496,688,65072,70,32768,8,219,171,0,0,48,10193,0,0,10193,10193,0,0,0,0,70,6,0,944,9344,32768,0,944,64,0,0,0,831,0,0,0,1,26624
612,1100,0,0,4,2,2,0,0,19,4,8192,0,65232,0,64,0,0,65475,193,0,0,0,51200,0,0,56452,56484,0,65504,0,0,64,0,0,912,256,0,0,944,64,0,0,0,115,0,0,0,65532,26688
613,1000,0,0,4,2,2,0,0,19,4,35584,22784,689,65071,70,32768,8,222,169,0,0,48,10193,0,0,10193,10193,0,0,0,0,70,6,0,944,9344,32768,0,944,64,0,0,0,832,0,0,0,0,26624
613,1100,0,0,4,2,2,0,0,19,4,8192,0,65232,0,64,0,0,65475,193,0,0,0,51200,0,0,56452,56484,0,65504,0,0,64,0,0,912,256,0,0,944,64,0,0,0,115,0,0,0,65532,26688
614,1000,0,0,4,2,2,0,0,19,4,15360,34816,689,65071,70,32768,8,225,167,0,0,48,10193,0,0,10193,10193,0,0,0,0,70,6,0,944,9344,32768,0,944,64,0,0,0,832,0,0,32768,0,26624
614,1100,0,0,4,2,2,0,0,19,4,8192,0,65232,0,64,0,0,65475,193,0,0,0,51200,0,0,56452,56484,0,65504,0,0,64,0,0,912,256,0,0,944,64,0,0,0,115,0,0,0,65532,26688
615,1000,0,0,4,2,2,0,0,19,4,60672,46848,690,65070,70,32768,8,227,165,0,0,48,10193,0,0,10193,10193,0,0,0,0,70,6,0,944,9344,32768,0,944,64,0,0,0,833,0,0,0,0,26624
615,1100,0,0,4,2,2,0,0,19,4,8192,0,65232,0,64,0,0,65475,193,0,0,0,51200,0,0,56452,56484,0,65504,0,0,64,0,0,912,256,0,0,944,64,0,0,0,115,0,0,0,65532,26688
616,1000,256,0,4,2,2,0,0,19,4,40704,58624,690,65070,70,32768,8,230,163,0,0,48,10193,0,0,10193,10193,0,0,0,0,70,6,87,944,9344,33025,0,944,64,0,0,0,833,0,0,32768,0,26624
616,1100,256,0,4,2,2,0,0,19,4,8192,0,65232,0,64,0,0,65475,193,0,0,0,51200,0,0,56452,56484,0,65504,0,0,64,0,0,912,256,0,0,944,64,0,0,0,115,0,0,0,65532,26688
617,1000,0,0,4,2,2,0,0,19,4,20736,4864,691,65070,70,32768,8,233,162,0,0,48,10203,0,0,10203,10203,0,0,0,0,70,6,173,944,9408,33024,0,944,64,0,0,0,834,0,0,0,0,26624
617,1100,0,0,4,2,2,0,0,19,4,8192,0,65232,0,64,0,0,65475,193,0,0,0,51200,0,0,56452,56484,0,65504,0,0,64,0,0,912,256,0,0,944,64,0,0,0,115,0,0,0,65532,26688
618,1000,0,0,4,2,2,0,0,19,4,1024,16640,691,65071,70,32768,8,236,160,0,0,48,10224,0,0,10224,10224,0,0,0,0,70,6,258,944,9408,33024,0,944,64,0,0,0,834,0,0,32768,0,26624
618,1100,0,0,4,2,2,0,0,19,4,8192,0,65232,0,64,0,0,65475,193,0,0,0,51200,0,0,56452,56484,0,65504,0,0,64,0,0,912,256,0,0,944,64,0,0,0,115,0,0,0,65532,26688
619,1000,0,0,4,2,2,0,0,19,4,46848,28672,693,65071,70,32768,8,238,158,0,0,48,10256,0,0,10256,10256,0,0,0,0,70,6,343,944,9408,33024,0,944,64,0,0,0,835,0,0,0,0,26624
619,1100,0,0,4,2,2,0,0,19,4,8192,0,65232,0,64,0,0,65475,193,0,0,0,51200,0,0,56452,56484,0,65504,0,0,64,0,0,912,256,0,0,944,64,0,0,0,115,0,0,0,65532,26688
620,1000,0,0,4,2,2,0,0,19,4,27648,40704,694,65074,70,32768,8,241,156,0,0,48,10298,0,0,10298,10298,0,0,0,0,70,6,427,944,9408,33024,0,944,64,0,0,0,835,0,0,32768,0,26624
620,1100,0,0,4,2,2,0,0,19,4,8192,0,65232,0,64,0,0,65475,193,0,0,0,51200,0,0,56452,56484,0,65504,0,0,64,0,0,912,256,0,0,944,64,0,0,0,115,0,0,0,65532,26688
621,1000,0,0,4,2,2,0,0,19,4,8704,53504,697,65076,70,32768,8,244,154,0,0,48,10351,0,0,10351,10351,0,0,0,0,70,6,510,944,9408,33024,0,944,64,0,0,0,836,0,0,0,0,26624
621,1100,0,0,4,2,2,0,0,19,4,8192,0,65232,0,64,0,0,65475,193,0,0,0,51200,0,0,56452,56484,0,65504,0,0,64,0,0,912,256,0,0,944,64,0,0,0,115,0,0,0,65532,26688
622,1000,0,0,4,2,2,0,0,19,4,56064,1280,700,65079,70,32768,8,246,153,0,0,48,10414,0,0,10414,10414,0,0,0,0,70,6,593,944,9408,33024,0,944,64,0,0,0,836,0,0,32768,0,26624
622,1100,0,0,4,2,2,0,0,19,4,8192,0,65232,0,64,0,0,65475,193,0,0,0,51200,0,0,56452,56484,0,65504,0,0,64,0,0,912,256,0,0,944,64,0,0,0,115,0,0,0,65532,26688
623,1000,0,0,4,2,2,0,0,19,4,38656,15360,703,65083,70,32768,8,249,151,0,0,48,10488,0,0,10488,10488,0,0,0,0,70,6,675,944,9408,33024,0,944,64,0,0,0,837,0,0,0,0,26624
623,1100,0,0,4,2,2,0,0,19,4,8192,0,65232,0,64,0,0,65475,193,0,0,0,51200,0,0,56452,56484,0,65504,0,0,64,0,0,912,256,0,0,944,64,0,0,0,115,0,0,0,65532,26688
624,1000,0,0,4,2,2,0,0,19,4,22016,30464,706,65088,70,32768,8,252,149,0,0,48,10572,0,0,10572,10572,0,0,0,0,70,6,757,944,9408,33024,0,944,64,0,0,0,837,0,0,32768,0,26624
624,1100,0,0,4,2,2,0,0,19,4,8192,0,65232,0,64,0,0,65475,193,0,0,0,51200,0,0,56452,56484,0,65504,0,0,64,0,0,912,256,0,0,944,64,0,0,0,115,0,0,0,65532,26688
625,1000,0,0,4,2,2,0,0,19,4,6144,46848,711,65093,70,32768,8,255,147,0,0,48,10666,0,0,10666,10666,0,0,0,0,70,6,838,944,9472,33024,0,944,64,0,0,0,838,0,0,0,0,26624
625,1100,0,0,4,2,2,0,0,19,4,8192,0,65232,0,64,0,0,65475,193,0,0,0,51200,0,0,56452,56484,0,65504,0,0,64,0,0,912,256,0,0,944,64,0,0,0,115,0,0,0,65532,26688
626,1000,0,0,4,2,2,0,0,19,4,57088,64512,715,65100,70,32768,8,257,145,0,0,48,10770,0,0,10770,10770,0,0,0,0,70,6,918,944,9472,33024,0,944,64,0,0,0,838,0,0,32768,0,26624
626,1100,0,0,4,2,2,0,0,19,4,8192,0,65232,0,64,0,0,65475,193,0,0,0,51200,0,0,56452,56484,0,65504,0,0,64,0,0,912,256,0,0,944,64,0,0,0,115,0,0,0,65532,26688
627,1000,0,0,4,2,2,0,0,19,4,43520,18432,720,65106,70,32768,8,260,144,0,0,48,10884,0,0,10884,10884,0,0,0,0,70,6,998,944,9472,33024,0,944,64,0,0,0,839,0,0,0,0,26624
627,1100,0,0,4,2,2,0,0,19,4,8192,0,65232,0,64,0,0,65475,193,0,0,0,51200,0,0,56452,56484,0,65504,0,0,64,0,0,912,256,0,0,944,64,0,0,0,115,0,0,0,65532,26688
628,1000,0,0,4,2,2,0,0,19,4,31232,39424,725,65114,70,32768,8,263,142,0,0,48,11008,0,0,11008,11008,0,0,0,0,70,6,1077,944,9472,33024,0,944,64,0,0,0,839,0,0,32768,0,26624
628,1100,0,0,4,2,2,0,0,19,4,8192,0,65232,0,64,0,0,65475,193,0,0,0,51200,0,0,56452,56484,0,65504,0,0,64,0,0,912,256,0,0,944,64,0,0,0,115,0,0,0,65532,26688
629,1000,0,0,4,2,2,0,0,19,4,20224,62464,730,65122,70,32768,8,266,140,0,0,48,11142,0,0,11142,11142,0,0,0,0,70,6,1155,944,9472,33024,0,944,64,0,0,0,840,0,0,0,0,26624
629,1100,0,0,4,2,2,0,0,19,4,8192,0,65232,0,64,0,0,65475,193,0,0,0,51200,0,0,56452,56484,0,65504,0,0,64,0,0,912,256,0,0,944,64,0,0,0,115,0,0,0,65532,26688
630,1000,0,0,4,2,2,0,0,19,4,10496,22016,736,65132,70,32768,8,269,139,0,0,48,11286,0,0,11286,11286,0,0,0,0,70,6,1233,944,9472,33024,0,944,64,0,0,0,840,0,0,32768,0,26624
630,1100,0,0,4,2,2,0,0,19,4,8192,0,65232,0,64,0,0,65475,193,0,0,0,51200,0,0,56452,56484,0,65504,0,0,64,0,0,912,256,0,0,944,64,0,0,0,115,0,0,0,65532,26688
631,1000,0,0,4,2,2,0,0,19,4,2304,49664,742,65142,70,32768,8,272,137,0,0,48,11440,0,0,11440,11440,0,0,0,0,70,6,1310,944,9472,33024,0,944,64,0,0,0,841,0,0,0,0,26624
631,1100,0,0,4,2,2,0,0,19,4,8192,0,65232,0,64,0,0,65475,193,0,0,0,51200,0,0,56452,56484,0,65504,0,0,64,0,0,912,256,0,0,944,64,0,0,0,115,0,0,0,65532,26688
632,1000,0,0,4,2,2,0,0,19,4,61184,14336,748,65153,70,32768,8,274,136,0,0,48,11603,0,0,11603,11603,0,0,0,0,70,6,1387,944,9472,33024,0,944,64,0,0,0,841,0,0,32768,0,26624
632,1100,0,0,4,2,2,0,0,19,4,8192,0,65232,0,64,0,0,65475,193,0,0,0,51200,0,0,56452,56484,0,65504,0,0,64,0,0,912,256,0,0,944,64,0,0,0,115,0,0,0,65532,26688
633,1000,0,0,4,2,2,0,0,19,4,56064,47360,755,65164,70,32768,8,277,134,0,0,48,11776,0,0,11776,11776,0,0,0,0,70,6,1463,944,9536,33024,0,944,64,0,0,0,842,0,0,0,0,26624
633,1100,0,0,4,2,2,0,0,19,4,8192,0,65232,0,64,0,0,65475,193,0,0,0,51200,0,0,56452,56484,0,65504,0,0,64,0,0,912,256,0,0,944,64,0,0,0,115,0,0,0,65532,26688
634,1000,0,0,4,2,2,0,0,19,4,52736,17664,761,65177,70,32768,8,280,133,0,0,48,11958,0,0,11958,11958,0,0,0,0,70,6,1538,944,9536,33024,0,944,64,0,0,0,842,0,0,32768,0,26624
634,1100,0,0,4,2,2,0,0,19,4,8192,0,65232,0,64,0,0,65475,193,0,0,0,51200,0,0,56452,56484,0,65504,0,0,64,0,0,912,256,0,0,944,64,0,0,0,115,0,0,0,65532,26688
635,1000,0,0,4,2,2,0,0,19,4,50944,56832,768,65189,70,32768,8,283,131,0,0,48,12150,0,0,12150,12150,0,0,0,0,70,6,1613,944,9536,33024,0,944,64,0,0,0,843,0,0,0,0,26624
635,1100,0,0,4,2,2,0,0,19,4,8192,0,65232,0,64,0,0,65475,193,0,0,0,51200,0,0,56452,56484,0,65504,0,0,64,0,0,912,256,0,0,944,64,0,0,0,115,0,0,0,65532,26688
636,1000,0,0,4,2,2,0,0,19,4,50944,33536,774,65204,70,32768,8,286,130,0,0,48,12351,0,0,12351,12351,0,0,0,0,70,6,1687,944,9536,33024,0,944,64,0,0,0,843,0,0,32768,0,26624
636,1100,0,0,4,2,2,0,0,19,4,8192,0,65232,0,64,0,0,65475,193,0,0,0,51200,0,0,56452,56484,0,65504,0,0,64,0,0,912,256,0,0,944,64,0,0,0,115,0,0,0,65532,26688
637,1000,0,0,4,2,2,0,0,19,4,52480,14080,781,65218,70,32768,8,289,129,0,0,48,12561,0,0,12561,12561,0,0,0,0,70,6,1761,944,9536,33024,0,944,64,0,0,0,844,0,0,0,0,26624
637,1100,0,0,4,2,2,0,0,19,4,8192,0,65232,0,64,0,0,65475,193,0,0,0,51200,0,0,56452,56484,0,65504,0,0,64,0,0,912,256,0,0,944,64,0,0,0,115,0,0,0,65532,26688
638,1000,0,0,4,2,2,0,0,19,4,55808,63744,787,65234,70,32768,8,292,127,0,0,48,12781,0,0,12781,12781,0,0,0,0,70,6,1834,944,9536,33024,0,944,64,0,0,0,844,0,0,32768,0,26624
638,1100,0,0,4,2,2,0,0,19,4,8192,0,65232,0,64,0,0,65475,193,0,0,0,51200,0,0,56452,56484,0,65504,0,0,64,0,0,912,256,0,0,944,64,0,0,0,115,0,0,0,65532,26688
639,1000,0,0,4,2,2,0,0,19,4,60672,51968,795,65250,70,32768,8,295,126,0,0,48,13010,0,0,13010,13010,0,0,0,0,70,6,1684,944,9536,32768,0,944,64,0,0,0,845,0,0,0,0,26624
639,1100,0,0,4,2,2,0,0,19,4,8192,0,65232,0,64,0,0,65475,193,0,0,0,51200,0,0,56452,56484,0,65504,0,0,64,0,0,912,256,0,0,944,64,0,0,0,115,0,0,0,65532,26688
640,1000,0,0,4,2,2,0,0,19,4,2048,44288,801,65268,70,32768,8,299,125,0,0,48,13220,0,0,13220,13220,0,0,0,0,70,6,1535,944,9536,32768,0,944,64,0,0,0,845,0,0,32768,0,26624
640,1100,0,0,4,2,2,0,0,19,4,8192,0,65232,0,64,0,0,65475,193,0,0,0,51200,0,0,56452,56484,0,65504,0,0,64,0,0,912,256,0,0,944,64,0,0,0,115,0,0,0,65532,26688
641,1000,0,0,4,2,2,0,0,19,4,10496,41216,807,65284,70,32768,8,302,124,0,0,48,13411,0,0,13411,13411,0,0,0,0,70,6,1388,944,9600,32768,0,944,64,0,0,0,846,0,0,0,0,26624
641,1100,0,0,4,2,2,0,0,19,4,8192,0,65232,0,64,0,0,65475,193,0,0,0,51200,0,0,56452,56484,0,65504,0,0,64,0,0,912,256,0,0,944,64,0,0,0,115,0,0,0,65532,26688
642,1000,0,0,4,2,2,0,0,19,4,20480,42240,811,65299,70,32768,8,305,123,0,0,48,13584,0,0,13584,13584,0,0,0,0,70,6,1242,944,9600,32768,0,944,64,0,0,0,846,0,0,32768,0,26624
642,1100,0,0,4,2,2,0,0,19,4,8192,0,65232,0,64,0,0,65475,193,0,0,0,51200,0,0,56452,56484,0,65504,0,0,64,0,0,912,256,0,0,944,64,0,0,0,115,0,0,0,65532,26688
643,1000,0,0,4,2,2,0,0,19,4,31488,47104,816,65312,70,32768,8,308,122,0,0,48,13739,0,0,13739,13739,0,0,0,0,70,6,1097,944,9600,32768,0,944,64,0,0,0,847,0,0,0,0,26624
643,1100,0,0,4,2,2,0,0,19,4,8192,0,65232,0,64,0,0,65475,193,0,0,0,51200,0,0,56452,56484,0,65504,0,0,64,0,0,912,256,0,0,944,64,0,0,0,115,0,0,0,65532,26688
644,1000,0,0,4,2,2,0,0,19,4,43776,55296,820,65324,70,32768,8,311,121,0,0,48,13876,0,0,13876,13876,0,0,0,0,70,6,953,944,9600,32768,0,944,64,0,0,0,847,0,0,32768,0,26624
644,1100,0,0,4,2,2,0,0,19,4,8192,0,65232,0,64,0,0,65475,193,0,0,0,51200,0,0,56452,56484,0,65504,0,0,64,0,0,912,256,0,0,944,64,0,0,0,115,0,0,0,65532,26688
645,1000,0,0,4,2,2,0,0,19,4,57088,1024,823,65335,70,32768,8,314,121,0,0,48,13995,0,0,13995,13995,0,0,0,0,70,6,810,944,9600,32768,0,944,64,0,0,0,848,0,0,0,0,26624
645,1100,0,0,4,2,2,0,0,19,4,8192,0,65232,0,64,0,0,65475,193,0,0,0,51200,0,0,56452,56484,0,65504,0,0,64,0,0,912,256,0,0,944,64,0,0,0,115,0,0,0,65532,26688
646,1000,0,0,4,2,2,0,0,19,4,5632,15104,825,65344,70,32768,8,318,120,0,0,48,14096,0,0,14096,14096,0,0,0,0,70,6,668,944,9600,32768,0,944,64,0,0,0,848,0,0,32768,0,26624
646,1100,0,0,4,2,2,0,0,19,4,8192,0,65232,0,64,0,0,65475,193,0,0,0,51200,0,0,56452,56484,0,65504,0,0,64,0,0,912,256,0,0,944,64,0,0,0,115,0,0,0,65532,26688
647,1000,0,0,4,2,2,0,0,19,4,20224,31488,828,65352,70,32768,8,321,119,0,0,48,14179,0,0,14179,14179,0,0,0,0,70,6,527,944,9600,32768,0,944,64,0,0,0,849,0,0,0,0,26624
647,1100,0,0,4,2,2,0,0,19,4,8192,0,65232,0,64,0,0,65475,193,0,0,0,51200,0,0,56452,56484,0,65504,0,0,64,0,0,912,256,0,0,944,64,0,0,0,115,0,0,0,65532,26688
648,1000,0,0,4,2,2,0,0,19,4,35584,49920,830,65358,70,32768,8,324,118,0,0,48,14244,0,0,14244,14244,0,0,0,0,70,6,387,944,9600,32768,0,944,64,0,0,0,849,0,0,32768,0,26624
648,1100,0,0,4,2,2,0,0,19,4,8192,0,65232,0,64,0,0,65475,193,0,0,0,51200,0,0,56452,56484,0,65504,0,0,64,0,0,912,256,0,0,944,64,0,0,0,115,0,0,0,65532,26688
649,1000,0,0,4,2,2,0,0,19,4,51456,4352,832,65363,70,32768,8,327,118,0,0,48,14292,0,0,14292,14292,0,0,0,0,70,6,249,944,9664,32768,0,944,64,0,0,0,850,0,0,0,0,26624
649,1100,0,0,4,2,2,0,0,19,4,8192,0,65232,0,64,0,0,65475,193,0,0,0,51200,0,0,56452,56484,0,65504,0,0,64,0,0,912,256,0,0,944,64,0,0,0,115,0,0,0,65532,26688
650,1000,0,0,4,2,2,0,0,19,4,2304,25600,833,65367,70,32768,8,331,117,0,0,48,14323,0,0,14323,14323,0,0,0,0,70,6,112,944,9664,32768,0,944,64,0,0,0,850,0,0,32768,0,26624
650,1100,0,0,4,2,2,0,0,19,4,8192,0,65232,0,64,0,0,65475,193,0,0,0,51200,0,0,56452,56484,0,65504,0,0,64,0,0,912,256,0,0,944,64,0,0,0,115,0,0,0,65532,26688
651,1000,0,0,4,2,2,0,0,19,4,18944,47872,834,65369,70,32768,8,334,116,0,0,48,14337,0,0,14337,14337,0,0,0,0,70,6,0,944,9664,32768,0,944,64,0,0,0,851,0,0,0,0,26624
651,1100,0,0,4,2,2,0,0,19,4,8192,0,65232,0,64,0,0,65475,193,0,0,0,51200,0,0,56452,56484,0,65504,0,0,64,0,0,912,256,0,0,944,64,0,0,0,115,0,0,0,65532,26688
652,1000,0,0,4,2,2,0,0,19,4,35840,5120,834,65371,70,32768,8,337,116,0,0,48,14337,0,0,14337,14337,0,0,0,0,70,6,0,944,9664,32768,0,944,64,0,0,0,851,0,0,32768,0,26624
652,1100,0,0,4,2,2,0,0,19,4,8192,0,65232,0,64,0,0,65475,193,0,0,0,51200,0,0,56452,56484,0,65504,0,0,64,0,0,912,256,0,0,944,64,0,0,0,115,0,0,0,65532,26688
653,1000,0,0,4,2,2,0,0,19,4,52736,28416,835,65370,70,32768,8,340,115,0,0,48,14337,0,0,14337,14337,0,0,0,0,70,6,0,944,9664,32768,0,944,64,0,0,0,852,0,0,0,0,26624
653,1100,0,0,4,2,2,0,0,19,4,8192,0,65232,0,64,0,0,65475,193,0,0,0,51200,0,0,56452,56484,0,65504,0,0,64,0,0,912,256,0,0,944,64,0,0,0,115,0,0,0,65532,26688
654,1000,0,0,4,2,2,0,0,19,4,4352,51456,835,65370,70,32768,8,344,114,0,0,48,14337,0,0,14337,14337,0,0,0,0,70,6,0,944,9664,32768,0,944,64,0,0,0,852,0,0,32768,0,26624
654,1100,0,0,4,2,2,0,0,19,4,8192,0,65232,0,64,0,0,65475,193,0,0,0,51200,0,0,56452,56484,0,65504,0,0,64,0,0,912,256,0,0,944,64,0,0,0,115,0,0,0,65532,26688
655,1000,0,0,4,2,2,0,0,19,4,21504,8960,836,65370,70,32768,8,347,114,0,0,48,14337,0,0,14337,14337,0,0,0,0,70,6,0,944,9664,32768,0,944,64,0,0,0,853,0,0,0,0,26624
655,1100,0,0,4,2,2,0,0,19,4,8192,0,65232,0,64,0,0,65475,193,0,0,0,51200,0,0,56452,56484,0,65504,0,0,64,0,0,912,256,0,0,944,64,0,0,0,115,0,0,0,65532,26688
656,1000,0,0,4,2,2,0,0,19,4,38912,32000,836,65370,70,32768,8,350,113,0,0,48,14337,0,0,14337,14337,0,0,0,0,70,6,0,944,9664,32768,0,944,64,0,0,0,853,0,0,32768,0,26624
656,1100,0,0,4,2,2,0,0,19,4,8192,0,65232,0,64,0,0,65475,193,0,0,0,51200,0,0,56452,56484,0,65504,0,0,64,0,0,912,256,0,0,944,64,0,0,0,115,0,0,0,65532,26688
657,1000,0,0,4,2,2,0,0,19,4,56320,55040,837,65370,70,32768,8,353,112,0,0,48,14337,0,0,14337,14337,0,0,0,0,70,6,0,944,9728,32768,0,944,64,0,0,0,854,0,0,0,0,26624
657,1100,0,0,4,2,2,0,0,19,4,8192,0,65232,0,64,0,0,65475,193,0,0,0,51200,0,0,56452,56484,0,65504,0,0,64,0,0,912,256,0,0,944,64,0,0,0,115,0,0,0,65532,26688
658,1000,0,0,4,2,2,0,0,19,4,8448,12544,837,65370,70,32768,8,357,112,0,0,48,14337,0,0,14337,14337,0,0,0,0,70,6,0,944,9728,32768,0,944,64,0,0,0,854,0,0,32768,0,26624
658,1100,0,0,4,2,2,0,0,19,4,8192,0,65232,0,64,0,0,65475,193,0,0,0,51200,0,0,56452,56484,0,65504,0,0,64,0,0,912,256,0,0,944,64,0,0,0,115,0,0,0,65532,26688
659,1000,0,0,4,2,2,0,0,19,4,26112,35584,838,65370,70,32768,8,360,111,0,0,48,14337,0,0,14337,14337,0,0,0,0,70,6,0,944,9728,32768,0,944,64,0,0,0,855,0,0,0,0,26624
659,1100,0,0,4,2,2,0,0,19,4,8192,0,65232,0,64,0,0,65475,193,0,0,0,51200,0,0,56452,56484,0,65504,0,0,64,0,0,912,256,0,0,944,64,0,0,0,115,0,0,0,65532,26688
660,1000,0,0,4,2,2,0,0,19,4,44032,58624,838,65370,70,32768,8,363,110,0,0,48,14337,0,0,14337,14337,0,0,0,0,70,6,0,944,9728,32768,0,944,64,0,0,0,855,0,0,32768,0,26624
660,1100,0,0,4,2,2,0,0,19,4,8192,0,65232,0,64,0,0,65475,193,0,0,0,51200,0,0,56452,56484,0,65504,0,0,64,0,0,912,256,0,0,944,64,0,0,0,115,0,0,0,65532,26688
661,1000,0,0,4,2,2,0,0,19,4,61952,16128,839,65370,70,32768,8,366,110,0,0,48,14337,0,0,14337,14337,0,0,0,0,70,6,0,944,9728,32768,0,944,64,0,0,0,856,0,0,0,0,26624
661,1100,0,0,4,2,2,0,0,19,4,8192,0,65232,0,64,0,0,65475,193,0,0,0,51200,0,0,56452,56484,0,65504,0,0,64,0,0,912,256,0,0,944,64,0,0,0,115,0,0,0,65532,26688
662,1000,0,0,4,2,2,0,0,19,4,14592,39168,839,65370,70,32768,8,370,109,0,0,48,14337,0,0,14337,14337,0,0,0,0,70,6,0,944,9728,32768,0,944,64,0,0,0,856,0,0,32768,0,26624
662,1100,0,0,4,2,2,0,0,19,4,8192,0,65232,0,64,0,0,65475,193,0,0,0,51200,0,0,56452,56484,0,65504,0,0,64,0,0,912,256,0,0,944,64,0,0,0,115,0,0,0,65532,26688
663,1000,0,0,4,2,2,0,0,19,4,32768,62208,840,65369,70,32768,8,373,108,0,0,48,14337,0,0,14337,14337,0,0,0,0,70,6,0,944,9728,32768,0,944,64,0,0,0,857,0,0,0,0,26624
663,1100,0,0,4,2,2,0,0,19,4,8192,0,65232,0,64,0,0,65475,193,0,0,0,51200,0,0,56452,56484,0,65504,0,0,64,0,0,912,256,0,0,944,64,0,0,0,115,0,0,0,65532,26688
664,1000,0,0,4,2,2,0,0,19,4,51200,19456,840,65369,70,32768,8,376,108,0,0,48,14337,0,0,14337,14337,0,0,0,0,70,6,0,944,9728,32768,0,944,64,0,0,0,857,0,0,32768,0,26624
664,1100,0,0,4,2,2,0,0,19,4,8192,0,65232,0,64,0,0,65475,193,0,0,0,51200,0,0,56452,56484,0,65504,0,0,64,0,0,912,256,0,0,944,64,0,0,0,115,0,0,0,65532,26688
665,1000,0,0,4,2,2,0,0,19,4,4096,42240,841,65369,70,32768,8,380,107,0,0,48,14337,0,0,14337,14337,0,0,0,0,70,6,0,944,9792,32768,0,944,64,0,0,0,858,0,0,0,0,26624
665,1100,0,0,4,2,2,0,0,19,4,8192,0,65232,0,64,0,0,65475,193,0,0,0,51200,0,0,56452,56484,0,65504,0,0,64,0,0,912,256,0,0,944,64,0,0,0,115,0,0,0,65532,26688
666,1000,256,0,4,2,2,0,0,19,4,22784,65024,841,65369,70,32768,8,383,106,0,0,48,14337,0,0,14337,14337,0,0,0,0,70,6,87,944,9792,33025,0,944,64,0,0,0,858,0,0,32768,0,26624
666,1100,256,0,4,2,2,0,0,19,4,8192,0,65232,0,64,0,0,65475,193,0,0,0,51200,0,0,56452,56484,0,65504,0,0,64,0,0,912,256,0,0,944,64,0,0,0,115,0,0,0,65532,26688
667,1000,0,0,4,2,2,0,0,19,4,41472,22272,842,65369,70,32768,8,386,106,0,0,48,14347,0,0,14347,14347,0,0,0,0,70,6,173,944,9792,33024,0,944,64,0,0,0,859,0,0,0,0,26624
667,1100,0,0,4,2,2,0,0,19,4,8192,0,65232,0,64,0,0,65475,193,0,0,0,51200,0,0,56452,56484,0,65504,0,0,64,0,0,912,256,0,0,944,64,0,0,0,115,0,0,0,65532,26688
668,1000,0,0,4,2,2,0,0,19,4,60416,45056,842,65370,70,32768,8,389,105,0,0,48,14368,0,0,14368,14368,0,0,0,0,70,6,258,944,9792,33024,0,944,64,0,0,0,859,0,0,32768,0,26624
668,1100,0,0,4,2,2,0,0,19,4,8192,0,65232,0,64,0,0,65475,193,0,0,0,51200,0,0,56452,56484,0,65504,0,0,64,0,0,912,256,0,0,944,64,0,0,0,115,0,0,0,65532,26688
669,1000,0,0,4,2,2,0,0,19,4,13824,2560,843,65371,70,32768,8,393,105,0,0,48,14400,0,0,14400,14400,0,0,0,0,70,6,343,944,9792,33024,0,944,64,0,0,0,860,0,0,0,0,26624
669,1100,0,0,4,2,2,0,0,19,4,8192,0,65232,0,64,0,0,65475,193,0,0,0,51200,0,0,56452,56484,0,65504,0,0,64,0,0,912,256,0,0,944,64,0,0,0,115,0,0,0,65532,26688
670,1000,0,0,4,2,2,0,0,19,4,33024,25856,844,65374,70,32768,8,396,104,0,0,48,14442,0,0,14442,14442,0,0,0,0,70,6,427,944,9792,33024,0,944,64,0,0,0,860,0,0,32768,0,26624
670,1100,0,0,4,2,2,0,0,19,4,8192,0,65232,0,64,0,0,65475,193,0,0,0,51200,0,0,56452,56484,0,65504,0,0,64,0,0,912,256,0,0,944,64,0,0,0,115,0,0,0,65532,26688
671,1000,0,0,4,2,2,0,0,19,4,52480,49920,846,65377,70,32768,8,399,103,0,0,48,14495,0,0,14495,14495,0,0,0,0,70,6,510,944,9792,33024,0,944,64,0,0,0,861,0,0,0,0,26624
671,1100,0,0,4,2,2,0,0,19,4,8192,0,65232,0,64,0,0,65475,193,0,0,0,51200,0,0,56452,56484,0,65504,0,0,64,0,0,912,256,0,0,944,64,0,0,0,115,0,0,0,65532,26688
672,1000,0,0,4,2,2,0,0,19,4,6912,9216,846,65381,70,32768,8,403,103,0,0,48,14558,0,0,14558,14558,0,0,0,0,70,6,593,944,9792,33024,0,944,64,0,0,0,861,0,0,32768,0,26624
672,1100,0,0,4,2,2,0,0,19,4,8192,0,65232,0,64,0,0,65475,193,0,0,0,51200,0,0,56452,56484,0,65504,0,0,64,0,0,912,256,0,0,944,64,0,0,0,115,0,0,0,65532,26688
673,1000,0,0,4,2,2,0,0,19,4,26880,35072,848,65386,70,32768,8,406,102,0,0,48,14632,0,0,14632,14632,0,0,0,0,70,6,675,944,9856,33024,0,944,64,0,0,0,862,0,0,0,0,26624
673,1100,0,0,4,2,2,0,0,19,4,8192,0,65232,0,64,0,0,65475,193,0,0,0,51200,0,0,56452,56484,0,65504,0,0,64,0,0,912,256,0,0,944,64,0,0,0,115,0,0,0,65532,26688
674,1000,0,0,4,2,2,0,0,19,4,47360,62208,849,65392,70,32768,8,409,101,0,0,48,14716,0,0,14716,14716,0,0,0,0,70,6,757,944,9856,33024,0,944,64,0,0,0,862,0,0,32768,0,26624
674,1100,0,0,4,2,2,0,0,19,4,8192,0,65232,0,64,0,0,65475,193,0,0,0,51200,0,0,56452,56484,0,65504,0,0,64,0,0,912,256,0,0,944,64,0,0,0,115,0,0,0,65532,26688
675,1000,0,0,4,2,2,0,0,19,4,2560,25344,852,65399,70,32768,8,413,101,0,0,48,14810,0,0,14810,14810,0,0,0,0,70,6,838,944,9856,33024,0,944,64,0,0,0,863,0,0,0,0,26624
675,1100,0,0,4,2,2,0,0,19,4,8192,0,65232,0,64,0,0,65475,193,0,0,0,51200,0,0,56452,56484,0,65504,0,0,64,0,0,912,256,0,0,944,64,0,0,0,115,0,0,0,65532,26688
676,1000,0,0,4,2,2,0,0,19,4,24064,55808,853,65407,70,32768,8,416,100,0,0,48,14914,0,0,14914,14914,0,0,0,0,70,6,918,944,9856,33024,0,944,64,0,0,0,863,0,0,32768,0,26624
676,1100,0,0,4,2,2,0,0,19,4,8192,0,65232,0,64,0,0,65475,193,0,0,0,51200,0,0,56452,56484,0,65504,0,0,64,0,0,912,256,0,0,944,64,0,0,0,115,0,0,0,65532,26688
677,1000,0,0,4,2,2,0,0,19,4,45824,22784,855,65415,70,32768,8,419,100,0,0,48,15028,0,0,15028,15028,0,0,0,0,70,6,994,944,9856,33024,0,944,64,0,0,0,864,0,0,0,0,26624
677,1100,0,0,4,2,2,0,0,19,4,8192,0,65232,0,64,0,0,65475,193,0,0,0,51200,0,0,56452,56484,0,65504,0,0,64,0,0,912,256,0,0,944,64,0,0,0,115,0,0,0,65532,26688
678,1000,0,0,4,2,2,0,0,19,4,2560,57344,856,65424,70,32768,8,423,99,0,0,48,15152,0,0,15152,15152,0,0,0,0,70,6,1069,944,9856,33024,0,944,64,0,0,0,864,0,0,32768,0,26624
678,1100,0,0,4,2,2,0,0,19,4,8192,0,65232,0,64,0,0,65475,193,0,0,0,51200,0,0,56452,56484,0,65504,0,0,64,0,0,912,256,0,0,944,64,0,0,0,115,0,0,0,65532,26688
679,1000,0,0,4,2,2,0,0,19,4,25088,28672,858,65435,80,32768,8,426,99,0,0,32,15285,0,0,15285,15285,0,0,0,0,80,16,1143,944,9856,33024,0,944,64,0,0,0,865,0,0,0,0,26624
679,1100,0,0,4,2,2,0,0,19,4,8192,0,65232,0,64,0,0,65475,193,0,0,0,51200,0,0,56452,56484,0,65504,0,0,64,0,0,912,256,0,0,944,64,0,0,0,115,0,0,0,65532,26688
680,1000,0,0,4,2,2,0,0,19,4,48128,2816,860,65445,80,32768,8,429,99,0,0,32,15427,0,0,15427,15427,0,0,0,0,80,16,1216,944,9856,33024,0,944,64,0,0,0,865,0,0,32768,0,26624
680,1100,0,0,4,2,2,0,0,19,4,8192,0,65232,0,64,0,0,65475,193,0,0,0,51200,0,0,56452,56484,0,65504,0,0,64,0,0,912,256,0,0,944,64,0,0,0,115,0,0,0,65532,26688
681,1000,0,0,4,2,2,0,0,19,4,6144,45056,862,65457,80,32768,8,433,98,0,0,32,15579,0,0,15579,15579,0,0,0,0,80,16,1288,944,9920,33024,0,944,64,0,0,0,866,0,0,0,0,26624
681,1100,0,0,4,2,2,0,0,19,4,8192,0,65232,0,64,0,0,65475,193,0,0,0,51200,0,0,56452,56484,0,65504,0,0,64,0,0,912,256,0,0,944,64,0,0,0,115,0,0,0,65532,26688
682,1000,0,0,4,2,2,0,0,19,4,30208,24832,863,65470,80,32768,8,436,98,0,0,32,15740,0,0,15740,15740,0,0,0,0,80,16,1359,944,9920,33024,0,944,64,0,0,0,866,0,0,32768,0,26624
682,1100,0,0,4,2,2,0,0,19,4,8192,0,65232,0,64,0,0,65475,193,0,0,0,51200,0,0,56452,56484,0,65504,0,0,64,0,0,912,256,0,0,944,64,0,0,0,115,0,0,0,65532,26688
683,1000,0,0,4,2,2,0,0,19,4,54528,7936,865,65483,80,32768,8,439,98,0,0,32,15909,0,0,15909,15909,0,0,0,0,80,16,1208,944,9920,32768,0,944,64,0,0,0,867,0,0,0,0,26624
683,1100,0,0,4,2,2,0,0,19,4,8192,0,65232,0,64,0,0,65475,193,0,0,0,51200,0,0,56452,56484,0,65504,0,0,64,0,0,912,256,0,0,944,64,0,0,0,115,0,0,0,65532,26688
684,1000,0,0,4,2,2,0,0,19,4,13824,59904,866,65497,80,32768,8,443,97,0,0,32,16060,0,0,16060,16060,0,0,0,0,80,16,1059,944,9920,32768,0,944,64,0,0,0,867,0,0,32768,0,26624
684,1100,0,0,4,2,2,0,0,19,4,8192,0,65232,0,64,0,0,65475,193,0,0,0,51200,0,0,56452,56484,0,65504,0,0,64,0,0,912,256,0,0,944,64,0,0,0,115,0,0,0,65532,26688
685,1000,0,0,4,2,2,0,0,19,4,38912,49920,867,65510,80,32768,8,446,97,0,0,32,16192,0,0,16192,16192,0,0,0,0,80,16,912,944,9920,32768,0,944,64,0,0,0,868,0,0,0,0,26624
685,1100,0,0,4,2,2,0,0,19,4,8192,0,65232,0,64,0,0,65475,193,0,0,0,51200,0,0,56452,56484,0,65504,0,0,64,0,0,912,256,0,0,944,64,0,0,0,115,0,0,0,65532,26688
686,1000,0,0,4,2,2,0,0,19,4,64256,43264,867,65521,80,32768,8,449,97,0,0,32,16306,0,0,16306,16306,0,0,0,0,80,16,766,944,9920,32768,0,944,64,0,0,0,868,0,0,32768,0,26624
686,1100,0,0,4,2,2,0,0,19,4,8192,0,65232,0,64,0,0,65475,193,0,0,0,51200,0,0,56452,56484,0,65504,0,0,64,0,0,912,256,0,0,944,64,0,0,0,115,0,0,0,65532,26688
687,1000,0,0,4,2,2,0,0,19,4,24064,39424,868,65530,80,32768,8,453,97,0,0,32,16401,0,0,16401,16401,0,0,0,0,80,16,622,944,9920,32768,0,944,64,0,0,0,869,0,0,0,0,26624
687,1100,0,0,4,2,2,0,0,19,4,8192,0,65232,0,64,0,0,65475,193,0,0,0,51200,0,0,56452,56484,0,65504,0,0,64,0,0,912,256,0,0,944,64,0,0,0,115,0,0,0,65532,26688
688,1000,0,0,4,2,2,0,0,19,4,49664,37888,868,2,80,32768,8,456,97,0,0,32,16478,0,0,16478,16478,0,0,0,0,80,16,480,944,9920,32768,0,944,64,0,0,0,869,0,0,32768,0,26624
688,1100,0,0,4,2,2,0,0,19,4,8192,0,65232,0,64,0,0,65475,193,0,0,0,51200,0,0,56452,56484,0,65504,0,0,64,0,0,912,256,0,0,944,64,0,0,0,115,0,0,0,65532,26688
689,1000,0,0,4,2,2,0,0,19,4,9728,38400,869,8,80,32768,8,460,97,0,0,32,16538,0,0,16538,16538,0,0,0,0,80,16,339,944,9984,32768,0,944,64,0,0,0,870,0,0,0,0,26624
689,1100,0,0,4,2,2,0,0,19,4,8192,0,65232,0,64,0,0,65475,193,0,0,0,51200,0,0,56452,56484,0,65504,0,0,64,0,0,912,256,0,0,944,64,0,0,0,115,0,0,0,65532,26688
690,1000,0,0,4,2,2,0,0,19,4,35584,40448,869,13,80,32768,8,463,97,0,0,32,16580,0,0,16580,16580,0,0,0,0,80,16,200,944,9984,32768,0,944,64,0,0,0,870,0,0,32768,0,26624
690,1100,0,0,4,2,2,0,0,19,4,8192,0,65232,0,64,0,0,65475,193,0,0,0,51200,0,0,56452,56484,0,65504,0,0,64,0,0,912,256,0,0,944,64,0,0,0,115,0,0,0,65532,26688
691,1000,0,0,4,2,2,0,0,19,4,61440,43776,870,17,80,32768,8,466,97,0,0,32,16605,0,0,16605,16605,0,0,0,0,80,16,63,944,9984,32768,0,944,64,0,0,0,871,0,0,0,0,26624
691,1100,0,0,4,2,2,0,0,19,4,8192,0,65232,0,64,0,0,65475,193,0,0,0,51200,0,0,56452,56484,0,65504,0,0,64,0,0,912,256,0,0,944,64,0,0,0,115,0,0,0,65532,26688
692,1000,0,0,4,2,2,0,0,19,4,22016,48128,870,19,80,32768,8,470,97,0,0,32,16612,0,0,16612,16612,0,0,0,0,80,16,0,944,9984,32768,0,944,64,0,0,0,871,0,0,32768,0,26624
692,1100,0,0,4,2,2,0,0,19,4,8192,0,65232,0,64,0,0,65475,193,0,0,0,51200,0,0,56452,56484,0,65504,0,0,64,0,0,912,256,0,0,944,64,0,0,0,115,0,0,0,65532,26688
693,1000,0,0,4,2,2,0,0,19,4,48128,52992,871,20,80,32768,8,473,97,0,0,32,16612,0,0,16612,16612,0,0,0,0,80,16,0,944,9984,32768,0,944,64,0,0,0,872,0,0,0,0,26624
693,1100,0,0,4,2,2,0,0,19,4,8192,0,65232,0,64,0,0,65475,193,0,0,0,51200,0,0,56452,56484,0,65504,0,0,64,0,0,912,256,0,0,944,64,0,0,0,115,0,0,0,65532,26688
694,1000,0,0,4,2,2,0,0,19,4,8960,58112,871,20,80,32768,8,477,97,0,0,32,16612,0,0,16612,16612,0,0,0,0,80,16,0,944,9984,32768,0,944,64,0,0,0,872,0,0,32768,0,26624
694,1100,0,0,4,2,2,0,0,19,4,8192,0,65232,0,64,0,0,65475,193,0,0,0,51200,0,0,56452,56484,0,65504,0,0,64,0,0,912,256,0,0,944,64,0,0,0,115,0,0,0,65532,26688
695,1000,0,0,4,2,2,0,0,19,4,35328,63232,872,20,80,32768,8,480,97,0,0,32,16612,0,0,16612,16612,0,0,0,0,80,16,0,944,9984,32768,0,944,64,0,0,0,873,0,0,0,0,26624
695,1100,0,0,4,2,2,0,0,19,4,8192,0,65232,0,64,0,0,65475,193,0,0,0,51200,0,0,56452,56484,0,65504,0,0,64,0,0,912,256,0,0,944,64,0,0,0,115,0,0,0,65532,26688
696,1000,0,0,4,2,2,0,0,19,4,61952,2816,872,20,80,32768,8,483,98,0,0,32,16612,0,0,16612,16612,0,0,0,0,80,16,0,944,9984,32768,0,944,64,0,0,0,873,0,0,32768,0,26624
696,1100,0,0,4,2,2,0,0,19,4,8192,0,65232,0,64,0,0,65475,193,0,0,0,51200,0,0,56452,56484,0,65504,0,0,64,0,0,912,256,0,0,944,64,0,0,0,115,0,0,0,65532,26688
697,1000,0,0,4,2,2,0,0,19,4,23040,7936,873,20,80,32768,8,487,98,0,0,32,16612,0,0,16612,16612,0,0,0,0,80,16,0,944,10048,32768,0,944,64,0,0,0,874,0,0,0,0,26624
697,1100,0,0,4,2,2,0,0,19,4,8192,0,65232,0,64,0,0,65475,193,0,0,0,51200,0,0,56452,56484,0,65504,0,0,64,0,0,912,256,0,0,944,64,0,0,0,115,0,0,0,65532,26688
698,1000,0,0,4,2,2,0,0,19,4,49920,13056,873,20,80,32768,8,490,98,0,0,32,16612,0,0,16612,16612,0,0,0,0,80,16,0,944,10048,32768,0,944,64,0,0,0,874,0,0,32768,0,26624
698,1100,0,0,4,2,2,0,0,19,4,8192,0,65232,0,64,0,0,65475,193,0,0,0,51200,0,0,56452,56484,0,65504,0,0,64,0,0,912,256,0,0,944,64,0,0,0,115,0,0,0,65532,26688
699,1000,0,0,4,2,2,0,0,19,4,11264,18176,874,20,80,32768,8,494,98,0,0,32,16612,0,0,16612,16612,0,0,0,0,80,16,0,944,10048,32768,0,944,64,0,0,0,875,0,0,0,0,26624
699,1100,0,0,4,2,2,0,0,19,4,8192,0,65232,0,64,0,0,65475,193,0,0,0,51200,0,0,56452,56484,0,65504,0,0,64,0,0,912,256,0,0,944,64,0,0,0,115,0,0,0,65532,26688
700,1000,0,0,4,2,2,0,0,19,4,38400,23296,874,20,80,32768,8,497,98,0,0,32,16612,0,0,16612,16612,0,0,0,0,80,16,0,944,10048,32768,0,944,64,0,0,0,875,0,0,32768,0,26624
700,1100,0,0,4,2,2,0,0,19,4,8192,0,65232,0,64,0,0,65475,193,0,0,0,51200,0,0,56452,56484,0,65504,0,0,64,0,0,912,256,0,0,944,64,0,0,0,115,0,0,0,65532,26688
701,1000,0,0,4,2,2,0,0,19,4,0,28416,875,20,80,32768,8,501,98,0,0,32,16612,0,0,16612,16612,0,0,0,0,80,16,0,944,10048,32768,0,944,64,0,0,0,876,0,0,0,0,26624
701,1100,0,0,4,2,2,0,0,19,4,8192,0,65232,0,64,0,0,65475,193,0,0,0,51200,0,0,56452,56484,0,65504,0,0,64,0,0,912,256,0,0,944,64,0,0,0,115,0,0,0,65532,26688
702,1000,0,0,4,2,2,0,0,19,4,27392,33536,875,20,80,32768,8,504,98,0,0,32,16612,0,0,16612,16612,0,0,0,0,80,16,0,944,10048,32768,0,944,64,0,0,0,876,0,0,32768,0,26624
702,1100,0,0,4,2,2,0,0,19,4,8192,0,65232,0,64,0,0,65475,193,0,0,0,51200,0,0,56452,56484,0,65504,0,0,64,0,0,912,256,0,0,944,64,0,0,0,115,0,0,0,65532,26688
703,1000,0,0,4,2,2,0,0,19,4,54784,38656,876,20,80,32768,8,507,98,0,0,32,16612,0,0,16612,16612,0,0,0,0,80,16,0,944,10048,32768,0,944,64,0,0,0,877,0,0,0,0,26624
703,1100,0,0,4,2,2,0,0,19,4,8192,0,65232,0,64,0,0,65475,193,0,0,0,51200,0,0,56452,56484,0,65504,0,0,64,0,0,912,256,0,0,944,64,0,0,0,115,0,0,0,65532,26688
704,1000,0,0,4,2,2,0,0,19,4,16896,43776,876,20,80,32768,8,511,98,0,0,32,16612,0,0,16612,16612,0,0,0,0,80,16,0,944,10048,32768,0,944,64,0,0,0,877,0,0,32768,0,26624
704,1100,0,0,4,2,2,0,0,19,4,8192,0,65232,0,64,0,0,65475,193,0,0,0,51200,0,0,56452,56484,0,65504,0,0,64,0,0,912,256,0,0,944,64,0,0,0,115,0,0,0,65532,26688
705,1000,0,0,4,2,2,0,0,19,4,44544,48896,877,20,80,32768,8,514,98,0,0,32,16612,0,0,16612,16612,0,0,0,0,80,16,0,944,10112,32768,0,944,64,0,0,0,878,0,0,0,0,26624
705,1100,0,0,4,2,2,0,0,19,4,8192,0,65232,0,64,0,0,65475,193,0,0,0,51200,0,0,56452,56484,0,65504,0,0,64,0,0,912,256,0,0,944,64,0,0,0,115,0,0,0,65532,26688
706,1000,0,0,4,2,2,0,0,19,4,6912,54016,877,20,80,32768,8,518,98,0,0,32,16612,0,0,16612,16612,0,0,0,0,80,16,0,944,10112,32768,0,944,64,0,0,0,878,0,0,32768,0,26624
706,1100,0,0,4,2,2,0,0,19,4,8192,0,65232,0,64,0,0,65475,193,0,0,0,51200,0,0,56452,56484,0,65504,0,0,64,0,0,912,256,0,0,944,64,0,0,0,115,0,0,0,65532,26688
707,1000,0,0,4,2,2,0,0,19,4,34816,59136,878,20,80,32768,8,521,98,0,0,32,16612,0,0,16612,16612,0,0,0,0,80,16,0,944,10112,32768,0,944,64,0,0,0,879,0,0,0,0,26624
707,1100,0,0,4,2,2,0,0,19,4,8192,0,65232,0,64,0,0,65475,193,0,0,0,51200,0,0,56452,56484,0,65504,0,0,64,0,0,912,256,0,0,944,64,0,0,0,115,0,0,0,65532,26688
708,1000,0,0,4,2,2,0,0,19,4,62976,64256,878,20,80,32768,8,524,98,0,0,32,16612,0,0,16612,16612,0,0,0,0,80,16,0,944,10112,32768,0,944,64,0,0,0,879,0,0,32768,0,26624
708,1100,0,0,4,2,2,0,0,19,4,8192,0,65232,0,64,0,0,65475,193,0,0,0,51200,0,0,56452,56484,0,65504,0,0,64,0,0,912,256,0,0,944,64,0,0,0,115,0,0,0,65532,26688
709,1000,0,0,4,2,2,0,0,19,4,25600,3840,879,20,80,32768,8,528,99,0,0,32,16612,0,0,16612,16612,0,0,0,0,80,16,0,944,10112,32768,0,944,64,0,0,0,880,0,0,0,0,26624
709,1100,0,0,4,2,2,0,0,19,4,8192,0,65232,0,64,0,0,65475,193,0,0,0,51200,0,0,56452,56484,0,65504,0,0,64,0,0,912,256,0,0,944,64,0,0,0,115,0,0,0,65532,26688
710,1000,0,0,4,2,2,0,0,19,4,54016,8960,879,20,80,32768,8,531,99,0,0,32,16612,0,0,16612,16612,0,0,0,0,80,16,0,944,10112,32768,0,944,64,0,0,0,880,0,0,32768,0,26624
710,1100,0,0,4,2,2,0,0,19,4,8192,0,65232,0,64,0,0,65475,193,0,0,0,51200,0,0,56452,56484,0,65504,0,0,64,0,0,912,256,0,0,944,64,0,0,0,115,0,0,0,65532,26688
711,1000,0,0,4,2,2,0,0,19,4,16896,14080,880,20,80,32768,8,535,99,0,0,32,16612,0,0,16612,16612,0,0,0,0,80,16,0,944,10112,32768,0,944,64,0,0,0,881,0,0,0,0,26624
711,1100,0,0,4,2,2,0,0,19,4,8192,0,65232,0,64,0,0,65475,193,0,0,0,51200,0,0,56452,56484,0,65504,0,0,64,0,0,912,256,0,0,944,64,0,0,0,115,0,0,0,65532,26688
712,1000,0,0,4,2,2,0,0,19,4,45568,19200,880,20,80,32768,8,538,99,0,0,32,16612,0,0,16612,16612,0,0,0,0,80,16,0,944,10112,32768,0,944,64,0,0,0,881,0,0,32768,0,26624
712,1100,0,0,4,2,2,0,0,19,4,8192,0,65232,0,64,0,0,65475,193,0,0,0,51200,0,0,56452,56484,0,65504,0,0,64,0,0,912,256,0,0,944,64,0,0,0,115,0,0,0,65532,26688
713,1000,0,0,4,2,2,0,0,19,4,8704,24320,881,20,80,32768,8,542,99,0,0,32,16612,0,0,16612,16612,0,0,0,0,80,16,0,944,10176,32768,0,944,64,0,0,0,882,0,0,0,0,26624
713,1100,0,0,4,2,2,0,0,19,4,8192,0,65232,0,64,0,0,65475,193,0,0,0,51200,0,0,56452,56484,0,65504,0,0,64,0,0,912,256,0,0,944,64,0,0,0,115,0,0,0,65532,26688
714,1000,0,0,4,2,2,0,0,19,4,37632,29440,881,20,80,32768,8,545,99,0,0,32,16612,0,0,16612,16612,0,0,0,0,80,16,0,944,10176,32768,0,944,64,0,0,0,882,0,0,32768,0,26624
714,1100,0,0,4,2,2,0,0,19,4,8192,0,65232,0,64,0,0,65475,193,0,0,0,51200,0,0,56452,56484,0,65504,0,0,64,0,0,912,256,0,0,944,64,0,0,0,115,0,0,0,65532,26688
715,1000,0,0,4,2,2,0,0,19,4,1024,34560,882,20,80,32768,8,549,99,0,0,32,16612,0,0,16612,16612,0,0,0,0,80,16,0,944,10176,32768,0,944,64,0,0,0,883,0,0,0,0,26624
715,1100,0,0,4,2,2,0,0,19,4,8192,0,65232,0,64,0,0,65475,193,0,0,0,51200,0,0,56452,56484,0,65504,0,0,64,0,0,912,256,0,0,944,64,0,0,0,115,0,0,0,65532,26688
716,1000,0,0,4,2,2,0,0,19,4,30208,39680,882,20,80,32768,8,552,99,0,0,32,16612,0,0,16612,16612,0,0,0,0,80,16,0,944,10176,32768,0,944,64,0,0,0,883,0,0,32768,0,26624
716,1100,0,0,4,2,2,0,0,19,4,8192,0,65232,0,64,0,0,65475,193,0,0,0,51200,0,0,56452,56484,0,65504,0,0,64,0,0,912,256,0,0,944,64,0,0,0,115,0,0,0,65532,26688
717,1000,0,0,4,2,2,0,0,19,4,59392,44800,883,20,80,32768,8,555,99,0,0,32,16612,0,0,16612,16612,0,0,0,0,80,16,0,944,10176,32768,0,944,64,0,0,0,884,0,0,0,0,26624
717,1100,0,0,4,2,2,0,0,19,4,8192,0,65232,0,64,0,0,65475,193,0,0,0,51200,0,0,56452,56484,0,65504,0,0,64,0,0,912,256,0,0,944,64,0,0,0,115,0,0,0,65532,26688
718,1000,0,0,4,2,2,0,0,19,4,23296,49920,883,20,80,32768,8,559,99,0,0,32,16612,0,0,16612,16612,0,0,0,0,80,16,0,944,10176,32768,0,944,64,0,0,0,884,0,0,32768,0,26624
718,1100,0,0,4,2,2,0,0,19,4,8192,0,65232,0,64,0,0,65475,193,0,0,0,51200,0,0,56452,56484,0,65504,0,0,64,0,0,912,256,0,0,944,64,0,0,0,115,0,0,0,65532,26688
719,1000,0,0,4,2,2,0,0,19,4,52736,55040,884,20,80,32768,8,562,99,0,0,32,16612,0,0,16612,16612,0,0,0,0,80,16,0,944,10176,32768,0,944,64,0,0,0,885,0,0,0,0,26624
719,1100,0,0,4,2,2,0,0,19,4,8192,0,65232,0,64,0,0,65475,193,0,0,0,51200,0,0,56452,56484,0,65504,0,0,64,0,0,912,256,0,0,944,64,0,0,0,115,0,0,0,65532,26688
720,1000,0,0,4,2,2,0,0,19,4,16896,60160,884,20,80,32768,8,566,99,0,0,32,16612,0,0,16612,16612,0,0,0,0,80,16,0,944,10176,32768,0,944,64,0,0,0,885,0,0,32768,0,26624
720,1100,0,0,4,2,2,0,0,19,4,8192,0,65232,0,64,0,0,65475,193,0,0,0,51200,0,0,56452,56484,0,65504,0,0,64,0,0,912,256,0,0,944,64,0,0,0,115,0,0,0,65532,26688
721,1000,0,0,4,2,2,0,0,19,4,46592,65280,885,20,80,32768,8,569,99,0,0,32,16612,0,0,16612,16612,0,0,0,0,80,16,0,944,10240,32768,0,944,64,0,0,0,886,0,0,0,0,26624
721,1100,0,0,4,2,2,0,0,19,4,8192,0,65232,0,64,0,0,65475,193,0,0,0,51200,0,0,56452,56484,0,65504,0,0,64,0,0,912,256,0,0,944,64,0,0,0,115,0,0,0,65532,26688
722,1000,0,0,4,2,2,0,0,19,4,11008,4864,885,20,80,32768,8,573,100,0,0,32,16612,0,0,16612,16612,0,0,0,0,80,16,0,944,10240,32768,0,944,64,0,0,0,886,0,0,32768,0,26624
722,1100,0,0,4,2,2,0,0,19,4,8192,0,65232,0,64,0,0,65475,193,0,0,0,51200,0,0,56452,56484,0,65504,0,0,64,0,0,912,256,0,0,944,64,0,0,0,115,0,0,0,65532,26688
723,1000,0,0,4,2,2,0,0,19,4,40960,9984,886,20,80,32768,8,576,100,0,0,32,16612,0,0,16612,16612,0,0,0,0,80,16,0,944,10240,32768,0,944,64,0,0,0,887,0,0,0,0,26624
723,1100,0,0,4,2,2,0,0,19,4,8192,0,65232,0,64,0,0,65475,193,0,0,0,51200,0,0,56452,56484,0,65504,0,0,64,0,0,912,256,0,0,944,64,0,0,0,115,0,0,0,65532,26688
724,1000,0,0,4,2,2,0,0,19,4,5632,15104,886,20,80,32768,8,580,100,0,0,32,16612,0,0,16612,16612,0,0,0,0,80,16,0,944,10240,32768,0,944,64,0,0,0,887,0,0,32768,0,26624
724,1100,0,0,4,2,2,0,0,19,4,8192,0,65232,0,64,0,0,65475,193,0,0,0,51200,0,0,56452,56484,0,65504,0,0,64,0,0,912,256,0,0,944,64,0,0,0,115,0,0,0,65532,26688
725,1000,0,0,4,2,2,0,0,19,4,35840,20224,887,20,80,32768,8,583,100,0,0,32,16612,0,0,16612,16612,0,0,0,0,80,16,0,944,10240,32768,0,944,64,0,0,0,888,0,0,0,0,26624
725,1100,0,0,4,2,2,0,0,19,4,8192,0,65232,0,64,0,0,65475,193,0,0,0,51200,0,0,56452,56484,0,65504,0,0,64,0,0,912,256,0,0,944,64,0,0,0,115,0,0,0,65532,26688
726,1000,0,0,4,2,2,0,0,19,4,768,25344,887,20,80,32768,8,587,100,0,0,32,16612,0,0,16612,16612,0,0,0,0,80,16,0,944,10240,32768,0,944,64,0,0,0,888,0,0,32768,0,26624
726,1100,0,0,4,2,2,0,0,19,4,8192,0,65232,0,64,0,0,65475,193,0,0,0,51200,0,0,56452,56484,0,65504,0,0,64,0,0,912,256,0,0,944,64,0,0,0,115,0,0,0,65532,26688
727,1000,0,0,4,2,2,0,0,19,4,31232,30464,888,20,80,32768,8,590,100,0,0,32,16612,0,0,16612,16612,0,0,0,0,80,16,0,944,10240,32768,0,944,64,0,0,0,889,0,0,0,0,26624
727,1100,0,0,4,2,2,0,0,19,4,8192,0,65232,0,64,0,0,65475,193,0,0,0,51200,0,0,56452,56484,0,65504,0,0,64,0,0,912,256,0,0,944,64,0,0,0,115,0,0,0,65532,26688
728,1000,0,0,4,2,2,0,0,19,4,61952,35584,888,20,70,32768,8,593,100,0,0,48,16612,0,0,16612,16612,0,0,0,0,70,6,0,944,10240,32768,0,944,64,0,0,0,889,0,0,32768,0,26624
728,1100,0,0,4,2,2,0,0,19,4,8192,0,65232,0,64,0,0,65475,193,0,0,0,51200,0,0,56452,56484,0,65504,0,0,64,0,0,912,256,0,0,944,64,0,0,0,115,0,0,0,65532,26688
729,1000,0,0,4,2,2,0,0,19,4,27136,40704,889,20,70,32768,8,597,100,0,0,48,16612,0,0,16612,16612,0,0,0,0,70,6,0,944,10304,32768,0,944,64,0,0,0,890,0,0,0,0,26624
729,1100,0,0,4,2,2,0,0,19,4,8192,0,65232,0,64,0,0,65475,193,0,0,0,51200,0,0,56452,56484,0,65504,0,0,64,0,0,912,256,0,0,944,64,0,0,0,115,0,0,0,65532,26688
730,1000,0,0,4,2,2,0,0,19,4,58112,45824,889,20,70,32768,8,600,100,0,0,48,16612,0,0,16612,16612,0,0,0,0,70,6,0,944,10304,32768,0,944,64,0,0,0,890,0,0,32768,0,26624
730,1100,0,0,4,2,2,0,0,19,4,8192,0,65232,0,64,0,0,65475,193,0,0,0,51200,0,0,56452,56484,0,65504,0,0,64,0,0,912,256,0,0,944,64,0,0,0,115,0,0,0,65532,26688
731,1000,0,0,4,2,2,0,0,19,4,23552,50944,890,20,70,32768,8,604,100,0,0,48,16612,0,0,16612,16612,0,0,0,0,70,6,0,944,10304,32768,0,944,64,0,0,0,891,0,0,0,0,26624
731,1100,0,0,4,2,2,0,0,19,4,8192,0,65232,0,64,0,0,65475,193,0,0,0,51200,0,0,56452,56484,0,65504,0,0,64,0,0,912,256,0,0,944,64,0,0,0,115,0,0,0,65532,26688
732,1000,0,0,4,2,2,0,0,19,4,54784,56064,890,20,70,32768,8,607,100,0,0,48,16612,0,0,16612,16612,0,0,0,0,70,6,0,944,10304,32768,0,944,64,0,0,0,891,0,0,32768,0,26624
732,1100,0,0,4,2,2,0,0,19,4,8192,0,65232,0,64,0,0,65475,193,0,0,0,51200,0,0,56452,56484,0,65504,0,0,64,0,0,912,256,0,0,944,64,0,0,0,115,0,0,0,65532,26688
733,1000,0,0,4,2,2,0,0,19,4,20480,61184,891,20,70,32768,8,611,100,0,0,48,16612,0,0,16612,16612,0,0,0,0,70,6,0,944,10304,32768,0,944,64,0,0,0,892,0,0,0,0,26624
733,1100,0,0,4,2,2,0,0,19,4,8192,0,65232,0,64,0,0,65475,193,0,0,0,51200,0,0,56452,56484,0,65504,0,0,64,0,0,912,256,0,0,944,64,0,0,0,115,0,0,0,65532,26688
734,1000,0,0,4,2,2,0,0,19,4,51968,768,891,20,70,32768,8,614,101,0,0,48,16612,0,0,16612,16612,0,0,0,0,70,6,0,944,10304,32768,0,944,64,0,0,0,892,0,0,32768,0,26624
734,1100,0,0,4,2,2,0,0,19,4,8192,0,65232,0,64,0,0,65475,193,0,0,0,51200,0,0,56452,56484,0,65504,0,0,64,0,0,912,256,0,0,944,64,0,0,0,115,0,0,0,65532,26688
735,1000,0,0,4,2,2,0,0,19,4,17920,5888,892,20,70,32768,8,618,101,0,0,48,16612,0,0,16612,16612,0,0,0,0,70,6,0,944,10304,32768,0,944,64,0,0,0,893,0,0,0,0,26624
735,1100,0,0,4,2,2,0,0,19,4,8192,0,65232,0,64,0,0,65475,193,0,0,0,51200,0,0,56452,56484,0,65504,0,0,64,0,0,912,256,0,0,944,64,0,0,0,115,0,0,0,65532,26688
736,1000,0,0,4,2,2,0,0,19,4,49664,11008,892,20,70,32768,8,621,101,0,0,48,16612,0,0,16612,16612,0,0,0,0,70,6,0,944,10304,32768,0,944,64,0,0,0,893,0,0,32768,0,26624
736,1100,0,0,4,2,2,0,0,19,4,8192,0,65232,0,64,0,0,65475,193,0,0,0,51200,0,0,56452,56484,0,65504,0,0,64,0,0,912,256,0,0,944,64,0,0,0,115,0,0,0,65532,26688
737,1000,0,0,4,2,2,0,0,19,4,15872,16128,893,20,70,32768,8,625,101,0,0,48,16612,0,0,16612,16612,0,0,0,0,70,6,0,944,10368,32768,0,944,64,0,0,0,894,0,0,0,0,26624
737,1100,0,0,4,2,2,0,0,19,4,8192,0,65232,0,64,0,0,65475,193,0,0,0,51200,0,0,56452,56484,0,65504,0,0,64,0,0,912,256,0,0,944,64,0,0,0,115,0,0,0,65532,26688
738,1000,0,0,4,2,2,0,0,19,4,47872,21248,893,20,70,32768,8,628,101,0,0,48,16612,0,0,16612,16612,0,0,0,0,70,6,0,944,10368,32768,0,944,64,0,0,0,894,0,0,32768,0,26624
738,1100,0,0,4,2,2,0,0,19,4,8192,0,65232,0,64,0,0,65475,193,0,0,0,51200,0,0,56452,56484,0,65504,0,0,64,0,0,912,256,0,0,944,64,0,0,0,115,0,0,0,65532,26688
739,1000,0,0,4,2,2,0,0,19,4,14336,26368,894,20,70,32768,8,632,101,0,0,48,16612,0,0,16612,16612,0,0,0,0,70,6,0,944,10368,32768,0,944,64,0,0,0,895,0,0,0,0,26624
739,1100,0,0,4,2,2,0,0,19,4,8192,0,65232,0,64,0,0,65475,193,0,0,0,51200,0,0,56452,56484,0,65504,0,0,64,0,0,912,256,0,0,944,64,0,0,0,115,0,0,0,65532,26688
740,1000,0,0,4,2,2,0,0,19,4,46592,31488,894,20,70,32768,8,635,101,0,0,48,16612,0,0,16612,16612,0,0,0,0,70,6,0,944,10368,32768,0,944,64,0,0,0,895,0,0,32768,0,26624
740,1100,0,0,4,2,2,0,0,19,4,8192,0,65232,0,64,0,0,65475,193,0,0,0,51200,0,0,56452,56484,0,65504,0,0,64,0,0,912,256,0,0,944,64,0,0,0,115,0,0,0,65532,26688
741,1000,0,0,4,2,2,0,0,19,4,13312,36608,895,20,70,32768,8,639,101,0,0,48,16612,0,0,16612,16612,0,0,0,0,70,6,0,944,10368,32768,0,944,64,0,0,0,896,0,0,0,0,26624
741,1100,0,0,4,2,2,0,0,19,4,8192,0,65232,0,64,0,0,65475,193,0,0,0,51200,0,0,56452,56484,0,65504,0,0,64,0,0,912,256,0,0,944,64,0,0,0,115,0,0,0,65532,26688
742,1000,0,0,4,2,2,0,0,19,4,45824,41728,895,20,70,32768,8,642,101,0,0,48,16612,0,0,16612,16612,0,0,0,0,70,6,0,944,10368,32768,0,944,64,0,0,0,896,0,0,32768,0,26624
742,1100,0,0,4,2,2,0,0,19,4,8192,0,65232,0,64,0,0,65475,193,0,0,0,51200,0,0,56452,56484,0,65504,0,0,64,0,0,912,256,0,0,944,64,0,0,0,115,0,0,0,65532,26688
743,1000,0,0,4,2,2,0,0,19,4,12800,46848,896,20,70,32768,8,646,101,0,0,48,16612,0,0,16612,16612,0,0,0,0,70,6,0,944,10368,32768,0,944,64,0,0,0,897,0,0,0,0,26624
743,1100,0,0,4,2,2,0,0,19,4,8192,0,65232,0,64,0,0,65475,193,0,0,0,51200,0,0,56452,56484,0,65504,0,0,64,0,0,912,256,0,0,944,64,0,0,0,115,0,0,0,65532,26688
744,1000,0,0,4,2,2,0,0,19,4,45568,51968,896,20,70,32768,8,649,101,0,0,48,16612,0,0,16612,16612,0,0,0,0,70,6,0,944,10368,32768,0,944,64,0,0,0,897,0,0,32768,0,26624
744,1100,0,0,4,2,2,0,0,19,4,8192,0,65232,0,64,0,0,65475,193,0,0,0,51200,0,0,56452,56484,0,65504,0,0,64,0,0,912,256,0,0,944,64,0,0,0,115,0,0,0,65532,26688
745,1000,0,0,4,2,2,0,0,19,4,12800,57088,897,20,70,32768,8,653,101,0,0,48,16612,0,0,16612,16612,0,0,0,0,70,6,0,944,10432,32768,0,944,64,0,0,0,898,0,0,0,0,26624
745,1100,0,0,4,2,2,0,0,19,4,8192,0,65232,0,64,0,0,65475,193,0,0,0,51200,0,0,56452,56484,0,65504,0,0,64,0,0,912,256,0,0,944,64,0,0,0,115,0,0,0,65532,26688
746,1000,0,0,4,2,2,0,0,19,4,45824,62208,897,20,70,32768,8,656,101,0,0,48,16612,0,0,16612,16612,0,0,0,0,70,6,0,944,10432,32768,0,944,64,0,0,0,898,0,0,32768,0,26624
746,1100,0,0,4,2,2,0,0,19,4,8192,0,65232,0,64,0,0,65475,193,0,0,0,51200,0,0,56452,56484,0,65504,0,0,64,0,0,912,256,0,0,944,64,0,0,0,115,0,0,0,65532,26688
747,1000,0,0,4,2,2,0,0,19,4,13312,1792,898,20,70,32768,8,660,102,0,0,48,16612,0,0,16612,16612,0,0,0,0,70,6,0,944,10432,32768,0,944,64,0,0,0,899,0,0,0,0,26624
747,1100,0,0,4,2,2,0,0,19,4,8192,0,65232,0,64,0,0,65475,193,0,0,0,51200,0,0,56452,56484,0,65504,0,0,64,0,0,912,256,0,0,944,64,0,0,0,115,0,0,0,65532,26688
748,1000,0,0,4,2,2,0,0,19,4,46592,6912,898,20,70,32768,8,663,102,0,0,48,16612,0,0,16612,16612,0,0,0,0,70,6,0,944,10432,32768,0,944,64,0,0,0,899,0,0,32768,0,26624
748,1100,0,0,4,2,2,0,0,19,4,8192,0,65232,0,64,0,0,65475,193,0,0,0,51200,0,0,56452,56484,0,65504,0,0,64,0,0,912,256,0,0,944,64,0,0,0,115,0,0,0,65532,26688
749,1000,0,0,4,2,2,0,0,19,4,14336,12032,899,20,70,32768,8,667,102,0,0,48,16612,0,0,16612,16612,0,0,0,0,70,6,0,944,10432,32768,0,944,64,0,0,0,900,0,0,0,0,26624
749,1100,0,0,4,2,2,0,0,19,4,8192,0,65232,0,64,0,0,65475,193,0,0,0,51200,0,0,56452,56484,0,65504,0,0,64,0,0,912,256,0,0,944,64,0,0,0,115,0,0,0,65532,26688
750,1000,0,0,4,2,2,0,0,19,4,47872,17152,899,20,70,32768,8,670,102,0,0,48,16612,0,0,16612,16612,0,0,0,0,70,6,0,944,10432,32768,0,944,64,0,0,0,900,0,0,32768,0,26624
750,1100,0,0,4,2,2,0,0,19,4,8192,0,65232,0,64,0,0,65475,193,0,0,0,51200,0,0,56452,56484,0,65504,0,0,64,0,0,912,256,0,0,944,64,0,0,0,115,0,0,0,65532,26688
751,1000,0,0,4,2,2,0,0,19,4,15872,22272,900,20,70,32768,8,674,102,0,0,48,16612,0,0,16612,16612,0,0,0,0,70,6,0,944,10432,32768,0,944,64,0,0,0,901,0,0,0,0,26624
751,1100,0,0,4,2,2,0,0,19,4,8192,0,65232,0,64,0,0,65475,193,0,0,0,51200,0,0,56452,56484,0,65504,0,0,64,0,0,912,256,0,0,944,64,0,0,0,115,0,0,0,65532,26688
752,1000,0,0,4,2,2,0,0,19,4,49664,27392,900,20,70,32768,8,677,102,0,0,48,16612,0,0,16612,16612,0,0,0,0,70,6,0,944,10432,32768,0,944,64,0,0,0,901,0,0,32768,0,26624
752,1100,0,0,4,2,2,0,0,19,4,8192,0,65232,0,64,0,0,65475,193,0,0,0,51200,0,0,56452,56484,0,65504,0,0,64,0,0,912,256,0,0,944,64,0,0,0,115,0,0,0,65532,26688
753,1000,0,0,4,2,2,0,0,19,4,17920,32512,901,20,70,32768,8,681,102,0,0,48,16612,0,0,16612,16612,0,0,0,0,70,6,0,944,10496,32768,0,944,64,0,0,0,902,0,0,0,0,26624
753,1100,0,0,4,2,2,0,0,19,4,8192,0,65232,0,64,0,0,65475,193,0,0,0,51200,0,0,56452,56484,0,65504,0,0,64,0,0,912,256,0,0,944,64,0,0,0,115,0,0,0,65532,26688
754,1000,0,0,4,2,2,0,0,19,4,51968,37632,901,20,70,32768,8,684,102,0,0,48,16612,0,0,16612,16612,0,0,0,0,70,6,0,944,10496,32768,0,944,64,0,0,0,902,0,0,32768,0,26624
754,1100,0,0,4,2,2,0,0,19,4,8192,0,65232,0,64,0,0,65475,193,0,0,0,51200,0,0,56452,56484,0,65504,0,0,64,0,0,912,256,0,0,944,64,0,0,0,115,0,0,0,65532,26688
755,1000,0,0,4,2,2,0,0,19,4,20480,42752,902,20,70,32768,8,688,102,0,0,48,16612,0,0,16612,16612,0,0,0,0,70,6,0,944,10496,32768,0,944,64,0,0,0,903,0,0,0,0,26624
755,1100,0,0,4,2,2,0,0,19,4,8192,0,65232,0,64,0,0,65475,193,0,0,0,51200,0,0,56452,56484,0,65504,0,0,64,0,0,912,256,0,0,944,64,0,0,0,115,0,0,0,65532,26688
756,1000,0,0,4,2,2,0,0,19,4,54784,47872,902,20,70,32768,8,691,102,0,0,48,16612,0,0,16612,16612,0,0,0,0,70,6,0,944,10496,32768,0,944,64,0,0,0,903,0,0,32768,0,26624
756,1100,0,0,4,2,2,0,0,19,4,8192,0,65232,0,64,0,0,65475,193,0,0,0,51200,0,0,56452,56484,0,65504,0,0,64,0,0,912,256,0,0,944,64,0,0,0,115,0,0,0,65532,26688
757,1000,0,0,4,2,2,0,0,19,4,23552,52992,903,20,70,32768,8,695,102,0,0,48,16612,0,0,16612,16612,0,0,0,0,70,6,0,944,10496,32768,0,944,64,0,0,0,904,0,0,0,0,26624
757,1100,0,0,4,2,2,0,0,19,4,8192,0,65232,0,64,0,0,65475,193,0,0,0,51200,0,0,56452,56484,0,65504,0,0,64,0,0,912,256,0,0,944,64,0,0,0,115,0,0,0,65532,26688
758,1000,0,0,4,2,2,0,0,19,4,58112,58112,903,20,70,32768,8,698,102,0,0,48,16612,0,0,16612,16612,0,0,0,0,70,6,0,944,10496,32768,0,944,64,0,0,0,904,0,0,32768,0,26624
758,1100,0,0,4,2,2,0,0,19,4,8192,0,65232,0,64,0,0,65475,193,0,0,0,51200,0,0,56452,56484,0,65504,0,0,64,0,0,912,256,0,0,944,64,0,0,0,115,0,0,0,65532,26688
759,1000,0,0,4,2,2,0,0,19,4,27136,63232,904,20,70,32768,8,702,102,0,0,48,16612,0,0,16612,16612,0,0,0,0,70,6,0,944,10496,32768,0,944,64,0,0,0,905,0,0,0,0,26624
759,1100,0,0,4,2,2,0,0,19,4,8192,0,65232,0,64,0,0,65475,193,0,0,0,51200,0,0,56452,56484,0,65504,0,0,64,0,0,912,256,0,0,944,64,0,0,0,115,0,0,0,65532,26688
760,1000,0,0,4,2,2,0,0,19,4,61952,2816,904,20,70,32768,8,705,103,0,0,48,16612,0,0,16612,16612,0,0,0,0,70,6,0,944,10496,32768,0,944,64,0,0,0,905,0,0,32768,0,26624
760,1100,0,0,4,2,2,0,0,19,4,8192,0,65232,0,64,0,0,65475,193,0,0,0,51200,0,0,56452,56484,0,65504,0,0,64,0,0,912,256,0,0,944,64,0,0,0,115,0,0,0,65532,26688
761,1000,256,0,4,2,2,0,0,19,4,31232,7936,905,20,70,32768,8,709,103,0,0,48,16612,0,0,16612,16612,0,0,0,0,70,6,86,944,10560,33025,0,944,64,0,0,0,906,0,0,0,0,26624
761,1100,256,0,4,2,2,0,0,19,4,8192,0,65232,0,64,0,0,65475,193,0,0,0,51200,0,0,56452,56484,0,65504,0,0,64,0,0,912,256,0,0,944,64,0,0,0,115,0,0,0,65532,26688
762,1000,0,0,4,2,2,0,0,19,4,768,13056,905,20,70,32768,8,713,103,0,0,48,16622,0,0,16622,16622,0,0,0,0,70,6,171,944,10560,33024,0,944,64,0,0,0,906,0,0,32768,0,26624
762,1100,0,0,4,2,2,0,0,19,4,8192,0,65232,0,64,0,0,65475,193,0,0,0,51200,0,0,56452,56484,0,65504,0,0,64,0,0,912,256,0,0,944,64,0,0,0,115,0,0,0,65532,26688
763,1000,0,0,4,2,2,0,0,19,4,35840,18176,906,21,70,32768,8,716,103,0,0,48,16643,0,0,16643,16643,0,0,0,0,70,6,254,944,10560,33024,0,944,64,0,0,0,907,0,0,0,0,26624
763,1100,0,0,4,2,2,0,0,19,4,8192,0,65232,0,64,0,0,65475,193,0,0,0,51200,0,0,56452,56484,0,65504,0,0,64,0,0,912,256,0,0,944,64,0,0,0,115,0,0,0,65532,26688
764,1000,0,0,4,2,2,0,0,19,4,5632,23552,906,23,70,32768,8,720,103,0,0,48,16674,0,0,16674,16674,0,0,0,0,70,6,336,944,10560,33024,0,944,64,0,0,0,907,0,0,32768,0,26624
764,1100,0,0,4,2,2,0,0,19,4,8192,0,65232,0,64,0,0,65475,193,0,0,0,51200,0,0,56452,56484,0,65504,0,0,64,0,0,912,256,0,0,944,64,0,0,0,115,0,0,0,65532,26688
765,1000,0,0,4,2,2,0,0,19,4,40960,29440,907,26,70,32768,8,723,103,0,0,48,16716,0,0,16716,16716,0,0,0,0,70,6,417,944,10560,33024,0,944,64,0,0,0,908,0,0,0,0,26624
765,1100,0,0,4,2,2,0,0,19,4,8192,0,65232,0,64,0,0,65475,193,0,0,0,51200,0,0,56452,56484,0,65504,0,0,64,0,0,912,256,0,0,944,64,0,0,0,115,0,0,0,65532,26688
766,1000,0,0,4,2,2,0,0,19,4,11008,36096,907,29,70,32768,8,727,103,0,0,48,16768,0,0,16768,16768,0,0,0,0,70,6,497,944,10560,33024,0,944,64,0,0,0,908,0,0,32768,0,26624
766,1100,0,0,4,2,2,0,0,19,4,8192,0,65232,0,64,0,0,65475,193,0,0,0,51200,0,0,56452,56484,0,65504,0,0,64,0,0,912,256,0,0,944,64,0,0,0,115,0,0,0,65532,26688
767,1000,0,0,4,2,2,0,0,19,4,46592,43520,908,34,70,32768,8,730,103,0,0,48,16830,0,0,16830,16830,0,0,0,0,70,6,575,944,10560,33024,0,944,64,0,0,0,909,0,0,0,0,26624
767,1100,0,0,4,2,2,0,0,19,4,8192,0,65232,0,64,0,0,65475,193,0,0,0,51200,0,0,56452,56484,0,65504,0,0,64,0,0,912,256,0,0,944,64,0,0,0,115,0,0,0,65532,26688
768,1000,0,0,4,2,2,0,0,19,4,16896,52224,908,39,70,32768,8,734,103,0,0,48,16901,0,0,16901,16901,0,0,0,0,70,6,652,944,10560,33024,0,944,64,0,0,0,909,0,0,32768,0,26624
768,1100,0,0,4,2,2,0,0,19,4,8192,0,65232,0,64,0,0,65475,193,0,0,0,51200,0,0,56452,56484,0,65504,0,0,64,0,0,912,256,0,0,944,64,0,0,0,115,0,0,0,65532,26688
769,1000,0,0,4,2,2,0,0,19,4,52736,62208,908,46,70,32768,8,737,103,0,0,48,16982,0,0,16982,16982,0,0,0,0,70,6,728,944,10624,33024,0,944,64,0,0,0,910,0,0,0,0,26624
769,1100,0,0,4,2,2,0,0,19,4,8192,0,65232,0,64,0,0,65475,193,0,0,0,51200,0,0,56452,56484,0,65504,0,0,64,0,0,912,256,0,0,944,64,0,0,0,115,0,0,0,65532,26688
770,1000,0,0,4,2,2,0,0,19,4,23040,8448,908,53,70,32768,8,741,104,0,0,48,17073,0,0,17073,17073,0,0,0,0,70,6,803,944,10624,33024,0,944,64,0,0,0,910,0,0,32768,0,26624
770,1100,0,0,4,2,2,0,0,19,4,8192,0,65232,0,64,0,0,65475,193,0,0,0,51200,0,0,56452,56484,0,65504,0,0,64,0,0,912,256,0,0,944,64,0,0,0,115,0,0,0,65532,26688
771,1000,0,0,4,2,2,0,0,19,4,58880,22016,909,61,70,32768,8,744,104,0,0,48,17173,0,0,17173,17173,2,0,0,0,70,6,877,944,10624,33024,0,944,64,0,0,0,911,0,0,0,0,26624
771,1100,0,0,4,2,2,0,0,19,4,8192,0,65232,0,64,0,0,65475,193,0,0,0,51200,0,0,56452,56484,0,65504,0,0,64,0,0,912,256,0,0,944,64,0,0,0,115,0,0,0,65532,26688
772,1000,0,0,4,2,2,0,0,19,4,29440,37632,908,69,70,32768,8,748,104,0,0,48,17282,0,0,17282,17282,2,65280,65216,0,70,6,949,944,10624,33024,0,944,64,0,0,0,911,65488,0,32768,0,26624
772,1100,0,0,4,2,2,0,0,19,4,8192,0,65232,0,64,0,0,65475,193,0,0,0,51200,0,0,56452,56484,0,65504,0,0,64,0,0,912,256,0,0,944,64,0,0,0,115,0,0,0,65532,26688
773,1000,0,0,4,2,2,0,0,19,4,65280,55296,908,79,70,32768,8,751,104,0,0,48,17720,0,0,17144,17400,2,65152,64896,0,70,6,1020,944,10624,33024,0,944,64,0,0,0,912,224,0,0,0,26624
773,1100,0,0,4,2,2,0,0,19,4,8192,0,65232,0,64,0,0,65475,193,0,0,0,51200,0,0,56452,56484,0,65504,0,0,64,0,0,912,256,0,0,944,64,0,0,0,115,0,0,0,65532,26688
774,1000,0,0,4,2,2,0,0,19,4,35584,9984,909,67,70,32768,8,755,105,0,0,48,18167,0,0,17143,17527,2,65024,64576,0,70,6,1090,944,10624,33024,0,944,64,0,0,0,912,496,0,32768,0,26624
774,1100,0,0,4,2,2,0,0,19,4,8192,0,65232,0,64,0,0,65475,193,0,0,0,51200,0,0,56452,56484,0,65504,0,0,64,0,0,912,256,0,0,944,64,0,0,0,115,0,0,0,65532,26688
775,1000,0,0,4,2,2,0,0,19,4,6144,27136,910,67,70,32768,8,759,105,0,0,48,18623,0,0,17151,17663,2,64896,64256,0,70,6,1159,944,10624,33024,0,944,64,0,0,0,913,768,0,0,0,26624
775,1100,0,0,4,2,2,0,0,19,4,8192,0,65232,0,64,0,0,65475,193,0,0,0,51200,0,0,56452,56484,0,65504,0,0,64,0,0,912,256,0,0,944,64,0,0,0,115,0,0,0,65532,26688
776,1000,0,0,4,2,2,0,0,19,4,42496,44288,910,68,70,32768,8,762,105,0,0,48,19087,0,0,17167,17807,2,64768,63936,0,70,6,1227,944,10624,33024,0,944,64,0,0,0,913,1040,0,32768,0,26624
776,1100,0,0,4,2,2,0,0,19,4,8192,0,65232,0,64,0,0,65475,193,0,0,0,51200,0,0,56452,56484,0,65504,0,0,64,0,0,912,256,0,0,944,64,0,0,0,115,0,0,0,65532,26688
777,1000,0,0,4,2,2,0,0,19,4,13312,61696,911,69,70,32768,8,766,105,0,0,48,19560,0,0,17192,17960,2,64640,63616,0,70,6,1294,944,10688,33024,0,944,64,0,0,0,914,1312,0,0,0,26624
777,1100,0,0,4,2,2,0,0,19,4,8192,0,65232,0,64,0,0,65475,193,0,0,0,51200,0,0,56452,56484,0,65504,0,0,64,0,0,912,256,0,0,944,64,0,0,0,115,0,0,0,65532,26688
778,1000,0,0,4,2,2,0,0,19,4,49920,13824,911,71,70,32768,8,769,106,0,0,48,20041,0,0,17225,18121,2,64512,63296,0,70,6,1360,944,10688,33024,0,944,64,0,0,0,914,1584,0,32768,0,26624
778,1100,0,0,4,2,2,0,0,19,4,8192,0,65232,0,64,0,0,65475,193,0,0,0,51200,0,0,56452,56484,0,65504,0,0,64,0,0,912,256,0,0,944,64,0,0,0,115,0,0,0,65532,26688
779,1000,0,0,4,2,2,0,0,19,4,20992,32000,912,74,70,32768,8,773,106,0,0,48,20531,0,0,17267,18291,2,64384,62976,0,70,6,1425,944,10688,33024,0,944,64,0,0,0,915,1856,0,0,0,26624
779,1100,0,0,4,2,2,0,0,19,4,8192,0,65232,0,64,0,0,65475,193,0,0,0,51200,0,0,56452,56484,0,65504,0,0,64,0,0,912,256,0,0,944,64,0,0,0,115,0,0,0,65532,26688
780,1000,0,0,4,2,2,0,0,19,4,57856,50944,911,78,70,32768,8,776,106,0,0,48,21029,0,0,17317,18469,2,64256,62656,0,70,6,1489,944,10688,33024,0,944,64,0,0,0,915,2128,0,32768,0,26624
780,1100,0,0,4,2,2,0,0,19,4,8192,0,65232,0,64,0,0,65475,193,0,0,0,51200,0,0,56452,56484,0,65504,0,0,64,0,0,912,256,0,0,944,64,0,0,0,115,0,0,0,65532,26688
781,1000,0,0,4,2,2,0,0,19,4,28928,5376,912,82,70,32768,8,780,107,0,0,48,21535,0,0,17375,18655,2,64128,62336,0,70,6,1552,944,10688,33024,0,944,64,0,0,0,916,2400,0,0,0,26624
781,1100,0,0,4,2,2,0,0,19,4,8192,0,65232,0,64,0,0,65475,193,0,0,0,51200,0,0,56452,56484,0,65504,0,0,64,0,0,912,256,0,0,944,64,0,0,0,115,0,0,0,65532,26688
782,1000,0,0,4,2,2,0,0,19,4,256,26368,912,87,70,32768,8,784,107,0,0,48,22049,0,0,17441,18849,2,64000,62016,0,70,6,1614,944,10688,33024,0,944,64,0,4,0,916,2672,0,32768,0,26624
782,1100,0,0,4,2,2,0,0,19,4,8192,0,65232,0,64,0,0,65475,193,0,0,0,51200,0,0,56452,56484,0,65504,0,0,64,0,0,912,256,0,0,944,64,0,0,0,115,0,0,0,65532,26688
783,1000,0,0,4,2,2,0,0,19,4,37120,48640,912,93,70,32768,8,787,107,0,0,48,22570,0,0,17514,19050,2,63872,61696,0,70,6,1675,944,10688,33024,0,944,64,0,4,0,917,2944,0,0,0,26624
783,1100,0,0,4,2,2,0,0,19,4,8192,0,65232,0,64,0,0,65475,193,0,0,0,51200,0,0,56452,56484,0,65504,0,0,64,0,0,912,256,0,0,944,64,0,0,0,115,0,0,0,65532,26688
784,1000,0,0,4,2,2,0,0,19,4,8448,6912,911,100,70,32768,8,791,108,0,0,48,23099,0,0,17595,19259,2,63744,61376,0,70,6,1735,944,10688,33024,0,944,64,0,4,0,917,3216,0,32768,0,26624
784,1100,0,0,4,2,2,0,0,19,4,8192,0,65232,0,64,0,0,65475,193,0,0,0,51200,0,0,56452,56484,0,65504,0,0,64,0,0,912,256,0,0,944,64,0,0,0,115,0,0,0,65532,26688
785,1000,0,0,4,2,2,0,0,19,4,45056,32512,911,107,70,32768,8,794,108,0,0,48,23635,0,0,17683,19475,2,63616,61056,0,70,6,1794,944,10752,33024,0,944,64,0,4,0,918,3488,0,0,0,26624
785,1100,0,0,4,2,2,0,0,19,4,8192,0,65232,0,64,0,0,65475,193,0,0,0,51200,0,0,56452,56484,0,65504,0,0,64,0,0,912,256,0,0,944,64,0,0,0,115,0,0,0,65532,26688
786,1000,0,0,4,2,2,0,0,19,4,16128,59904,910,114,70,32768,8,798,108,0,0,48,24179,0,0,17779,19699,2,63488,60736,0,70,6,1852,944,10752,33024,0,944,64,0,4,0,918,3760,0,32768,0,26624
786,1100,0,0,4,2,2,0,0,19,4,8192,0,65232,0,64,0,0,65475,193,0,0,0,51200,0,0,56452,56484,0,65504,0,0,64,0,0,912,256,0,0,944,64,0,0,0,115,0,0,0,65532,26688
787,1000,0,0,4,2,2,0,0,19,4,52480,23552,910,123,70,32768,8,801,109,0,0,48,24730,0,0,17882,19930,2,63360,60416,0,70,6,1909,944,10752,33024,0,944,64,0,4,0,919,4032,0,0,0,26624
787,1100,0,0,4,2,2,0,0,19,4,8192,0,65232,0,64,0,0,65475,193,0,0,0,51200,0,0,56452,56484,0,65504,0,0,64,0,0,912,256,0,0,944,64,0,0,0,115,0,0,0,65532,26688
788,1000,0,0,4,2,2,0,0,19,4,23296,55040,909,132,70,32768,8,805,109,0,0,48,25288,0,0,17992,20168,2,63232,60096,0,70,6,1965,944,10752,33024,0,944,64,0,4,0,919,4304,0,32768,0,26624
788,1100,0,0,4,2,2,0,0,19,4,8192,0,65232,0,64,0,0,65475,193,0,0,0,51200,0,0,56452,56484,0,65504,0,0,64,0,0,912,256,0,0,944,64,0,0,0,115,0,0,0,65532,26688
789,1000,0,0,4,2,2,0,0,19,4,59392,23296,909,142,70,32768,8,808,110,0,0,48,25853,0,0,18109,20413,2,63104,59776,0,70,6,2020,944,10752,33024,0,944,64,0,4,0,920,4576,0,0,0,26624
789,1100,0,0,4,2,2,0,0,19,4,8192,0,65232,0,64,0,0,65475,193,0,0,0,51200,0,0,56452,56484,0,65504,0,0,64,0,0,912,256,0,0,944,64,0,0,0,115,0,0,0,65532,26688
790,1000,0,0,4,2,2,0,0,19,4,29952,59648,907,152,70,32768,8,812,110,0,0,48,26425,0,0,18233,20665,2,62976,59456,0,70,6,2075,944,10752,33024,0,944,64,0,4,0,920,4848,0,32768,0,26624
790,1100,0,0,4,2,2,0,0,19,4,8192,0,65232,0,64,0,0,65475,193,0,0,0,51200,0,0,56452,56484,0,65504,0,0,64,0,0,912,256,0,0,944,64,0,0,0,115,0,0,0,65532,26688
791,1000,0,0,4,2,2,0,0,19,4,0,33024,906,163,70,32768,8,816,111,0,0,48,27004,0,0,18364,20924,2,62848,59136,0,70,6,2129,944,10752,33024,0,944,64,0,4,0,921,5120,0,0,0,26624
791,1100,0,0,4,2,2,0,0,19,4,8192,0,65232,0,64,0,0,65475,193,0,0,0,51200,0,0,56452,56484,0,65504,0,0,64,0,0,912,256,0,0,944,64,0,0,0,115,0,0,0,65532,26688
792,1000,0,0,4,2,2,0,0,19,4,35328,9216,904,174,70,32768,8,819,112,0,0,48,27590,0,0,18502,21190,2,62720,58816,0,70,6,2182,944,10752,33024,0,944,64,0,36,0,921,5392,0,32768,0,26624
792,1100,0,0,4,2,2,0,0,19,4,8192,0,65232,0,64,0,0,65475,193,0,0,0,51200,0,0,56452,56484,0,65504,0,0,64,0,0,912,256,0,0,944,64,0,0,0,115,0,0,0,65532,26688
793,1000,0,0,4,2,2,0,0,19,4,4608,53760,903,186,70,32768,8,823,112,0,0,48,28182,0,0,18646,21462,2,62592,58496,0,70,6,2234,944,10816,33024,0,944,64,0,36,0,922,5664,0,0,0,26624
793,1100,0,0,4,2,2,0,0,19,4,8192,0,65232,0,64,0,0,65475,193,0,0,0,51200,0,0,56452,56484,0,65504,0,0,64,0,0,912,256,0,0,944,64,0,0,0,115,0,0,0,65532,26688
794,1000,0,0,4,2,2,0,0,19,4,39168,35840,900,199,70,32768,8,826,113,0,0,48,28781,0,0,18797,21741,2,62464,58176,0,70,6,2285,944,10816,33024,0,944,64,0,36,0,922,5936,0,32768,0,26624
794,1100,0,0,4,2,2,0,0,19,4,8192,0,65232,0,64,0,0,65475,193,0,0,0,51200,0,0,56452,56484,0,65504,0,0,64,0,0,912,256,0,0,944,64,0,0,0,115,0,0,0,65532,26688
795,1000,0,0,4,2,2,0,0,19,4,7424,21248,898,212,70,32768,8,830,114,0,0,48,29386,0,0,18954,22026,2,62336,57856,0,70,6,2335,944,10816,33024,0,944,64,0,36,0,923,6208,0,0,0,26624
795,1100,0,0,4,2,2,0,0,19,4,8192,0,65232,0,64,0,0,65475,193,0,0,0,51200,0,0,56452,56484,0,65504,0,0,64,0,0,912,256,0,0,944,64,0,0,0,115,0,0,0,65532,26688
796,1000,0,0,4,2,2,0,0,19,4,40704,9984,895,226,70,32768,8,833,115,0,0,48,29997,0,0,19117,22317,2,62208,57536,0,70,6,2268,944,10816,33024,0,944,64,0,36,0,923,6480,0,32768,0,26624
796,1100,0,0,4,2,2,0,0,19,4,8192,0,65232,0,64,0,0,65475,193,0,0,0,51200,0,0,56452,56484,0,65504,0,0,64,0,0,912,256,0,0,944,64,0,0,0,115,0,0,0,65532,26688
797,1000,0,0,4,2,2,0,0,19,4,7680,2304,892,240,70,32768,8,837,116,0,0,48,30600,0,0,19272,22600,2,62080,57216,0,70,6,2319,944,10816,33024,0,944,64,0,36,0,924,6752,0,0,0,26624
797,1100,0,0,4,2,2,0,0,19,4,8192,0,65232,0,64,0,0,65475,193,0,0,0,51200,0,0,56452,56484,0,65504,0,0,64,0,0,912,256,0,0,944,64,0,0,0,115,0,0,0,65532,26688
798,1000,0,0,4,2,2,0,0,19,4,39424,63744,888,253,70,32768,8,840,116,0,0,48,31209,0,0,19433,22889,2,62272,57536,0,70,6,2304,944,10816,256,0,944,64,0,0,0,924,6255,0,32768,65526,26624
798,1100,0,0,4,2,2,0,0,19,4,8192,0,65232,0,64,0,0,65475,193,0,0,0,51200,0,0,56452,56484,0,65504,0,0,64,0,0,912,256,0,0,944,64,0,0,0,115,0,0,0,65532,26688
799,1000,0,0,4,2,2,0,0,19,4,4608,62976,876,264,70,32768,8,844,117,0,0,48,31177,0,0,19913,23177,2,62464,57856,0,70,6,2304,944,10816,256,0,944,64,0,0,0,915,5758,0,0,65526,26624
799,1100,0,0,4,2,2,0,0,19,4,8192,0,65232,0,64,0,0,65475,193,0,0,0,51200,0,0,56452,56484,0,65504,0,0,64,0,0,912,256,0,0,944,64,0,0,0,115,0,0,0,65532,26688
800,1000,0,0,4,2,2,0,0,19,4,32256,65024,853,301,70,32768,8,847,118,0,0,48,31145,0,0,20393,23465,2,62656,58176,0,70,6,2304,944,10816,256,0,944,64,0,0,0,905,5261,0,32768,65526,26624
800,1100,0,0,4,2,2,0,0,19,4,8192,0,65232,0,64,0,0,65475,193,0,0,0,51200,0,0,56452,56484,0,65504,0,0,64,0,0,912,256,0,0,944,64,0,0,0,115,0,0,0,65532,26688
801,1000,0,0,4,2,2,0,0,19,4,54016,11008,830,336,70,32768,8,850,120,0,0,48,31113,0,0,20873,23753,2,62848,58496,0,70,6,2304,944,10176,256,0,944,64,0,0,0,896,4764,0,0,65526,26624
801,1100,0,0,4,2,2,0,0,19,4,8192,0,65232,0,64,0,0,65475,193,0,0,0,51200,0,0,56452,56484,0,65504,0,0,64,0,0,912,256,0,0,944,64,0,0,0,115,0,0,0,65532,26688
802,1000,0,0,4,2,2,0,0,19,4,4352,31488,805,370,70,32768,8,854,121,0,0,48,31081,0,0,21353,24041,2,63040,58816,0,70,6,2304,944,10176,256,0,944,64,0,0,0,886,4267,0,32768,65526,26624
802,1100,0,0,4,2,2,0,0,19,4,8192,0,65232,0,64,0,0,65475,193,0,0,0,51200,0,0,56452,56484,0,65504,0,0,64,0,0,912,256,0,0,944,64,0,0,0,115,0,0,0,65532,26688
803,1000,0,0,4,2,2,0,0,19,4,13824,60672,779,403,70,32768,8,857,122,0,0,48,31049,0,0,21833,24329,2,63232,59136,0,70,6,2304,944,10176,256,0,944,64,0,0,0,877,3770,0,0,65526,26624
803,1100,0,0,4,2,2,0,0,19,4,8192,0,65232,0,64,0,0,65475,193,0,0,0,51200,0,0,56452,56484,0,65504,0,0,64,0,0,912,256,0,0,944,64,0,0,0,115,0,0,0,65532,26688
804,1000,0,0,4,2,2,0,0,19,4,16640,32768,751,433,70,32768,8,860,124,0,0,48,31017,0,0,22313,24617,2,63104,58816,0,70,6,2277,944,10176,33024,0,944,64,0,36,0,867,4042,0,32768,0,26624
804,1100,0,0,4,2,2,0,0,19,4,8192,0,65232,0,64,0,0,65475,193,0,0,0,51200,0,0,56452,56484,0,65504,0,0,64,0,0,912,256,0,0,944,64,0,0,0,115,0,0,0,65532,26688
805,1000,0,0,4,2,2,0,0,19,4,12288,12544,731,468,70,32768,8,863,126,0,0,48,31621,0,0,22469,24901,2,62976,58496,0,70,6,2337,944,10176,33024,0,944,64,0,36,0,868,4314,0,0,0,26624
805,1100,0,0,4,2,2,0,0,19,4,8192,0,65232,0,64,0,0,65475,193,0,0,0,51200,0,0,56452,56484,0,65504,0,0,64,0,0,912,256,0,0,944,64,0,0,0,115,0,0,0,65532,26688
806,1000,0,0,4,2,2,0,0,19,4,2816,1280,724,479,70,32768,8,866,128,0,0,48,32233,0,0,22633,25193,2,62848,58176,0,70,6,2277,944,10176,33024,0,944,64,0,36,0,868,4586,0,32768,0,26624
806,1100,0,0,4,2,2,0,0,19,4,8192,0,65232,0,64,0,0,65475,193,0,0,0,51200,0,0,56452,56484,0,65504,0,0,64,0,0,912,256,0,0,944,64,0,0,0,115,0,0,0,65532,26688
807,1000,0,0,4,2,2,0,0,19,4,57088,58368,717,491,70,32768,8,868,129,0,0,48,32837,0,0,22789,25477,2,62720,57856,0,70,6,2337,944,10176,33024,0,944,64,0,36,0,869,4858,0,0,0,26624
807,1100,0,0,4,2,2,0,0,19,4,8192,0,65232,0,64,0,0,65475,193,0,0,0,51200,0,0,56452,56484,0,65504,0,0,64,0,0,912,256,0,0,944,64,0,0,0,115,0,0,0,65532,26688
808,1000,0,0,4,2,2,0,0,19,4,44032,52992,710,501,70,32768,8,871,131,0,0,48,33449,0,0,22953,25769,2,62592,57536,0,70,6,2277,944,10176,33024,0,944,64,0,36,0,869,5130,0,32768,0,26624
808,1100,0,0,4,2,2,0,0,19,4,8192,0,65232,0,64,0,0,65475,193,0,0,0,51200,0,0,56452,56484,0,65504,0,0,64,0,0,912,256,0,0,944,64,0,0,0,115,0,0,0,65532,26688
809,1000,0,0,4,2,2,0,0,19,4,29184,50176,703,513,70,32768,8,874,133,0,0,48,34053,0,0,23109,26053,2,62464,57216,0,70,6,2337,944,10240,33024,0,944,64,0,36,0,870,5402,0,0,0,26624
809,1100,0,0,4,2,2,0,0,19,4,8192,0,65232,0,64,0,0,65475,193,0,0,0,51200,0,0,56452,56484,0,65504,0,0,64,0,0,912,256,0,0,944,64,0,0,0,115,0,0,0,65532,26688
810,1000,0,0,4,2,2,0,0,19,4,12544,50432,695,523,70,32768,8,877,135,0,0,48,34665,0,0,23273,26345,2,62336,56896,0,70,6,2277,944,10240,33024,0,944,64,0,36,0,870,5674,0,32768,0,26624
810,1100,0,0,4,2,2,0,0,19,4,8192,0,65232,0,64,0,0,65475,193,0,0,0,51200,0,0,56452,56484,0,65504,0,0,64,0,0,912,256,0,0,944,64,0,0,0,115,0,0,0,65532,26688
811,1000,0,0,4,2,2,0,0,19,4,59392,53248,687,535,70,32768,8,879,137,0,0,48,35269,0,0,23429,26629,2,62208,57216,0,70,6,2337,944,10240,33024,0,944,64,0,36,0,871,5946,0,0,0,26624
811,1100,0,0,4,2,2,0,0,19,4,8192,0,65232,0,64,0,0,65475,193,0,0,0,51200,0,0,56452,56484,0,65504,0,0,64,0,0,912,256,0,0,944,64,0,0,0,115,0,0,0,65532,26688
812,1000,0,0,4,2,2,0,0,19,4,38656,59136,679,545,70,32768,8,882,139,0,0,48,35241,0,0,23593,26921,2,62080,56896,0,70,6,2277,944,10240,33024,0,944,64,0,36,0,871,6218,0,32768,0,26624
812,1100,0,0,4,2,2,0,0,19,4,8192,0,65232,0,64,0,0,65475,193,0,0,0,51200,0,0,56452,56484,0,65504,0,0,64,0,0,912,256,0,0,944,64,0,0,0,115,0,0,0,65532,26688
813,1000,0,0,4,2,2,0,0,19,4,15872,2048,671,556,70,32768,8,885,142,0,0,48,35845,0,0,23749,27205,2,61952,57216,0,70,6,2337,944,10240,33024,0,944,64,0,36,0,872,6490,0,0,0,26624
813,1100,0,0,4,2,2,0,0,19,4,8192,0,65232,0,64,0,0,65475,193,0,0,0,51200,0,0,56452,56484,0,65504,0,0,64,0,0,912,256,0,0,944,64,0,0,0,115,0,0,0,65532,26688
814,1000,0,0,4,2,2,0,0,19,4,56576,13312,663,566,70,32768,8,887,144,0,0,48,35817,0,0,23913,27497,2,61824,56896,0,70,6,2277,944,10240,33024,0,944,64,0,36,0,872,6762,0,32768,0,26624
814,1100,0,0,4,2,2,0,0,19,4,8192,0,65232,0,64,0,0,65475,193,0,0,0,51200,0,0,56452,56484,0,65504,0,0,64,0,0,912,256,0,0,944,64,0,0,0,115,0,0,0,65532,26688
815,1000,0,0,4,2,2,0,0,19,4,29696,27136,655,577,70,32768,8,890,146,0,0,48,36421,0,0,24069,27781,2,61696,57216,0,70,6,2337,944,10240,33024,0,944,64,0,36,0,873,7034,0,0,0,26624
815,1100,0,0,4,2,2,0,0,19,4,8192,0,65232,0,64,0,0,65475,193,0,0,0,51200,0,0,56452,56484,0,65504,0,0,64,0,0,912,256,0,0,944,64,0,0,0,115,0,0,0,65532,26688
816,1000,0,0,4,2,2,0,0,19,4,768,43776,646,587,70,32768,8,893,148,0,0,48,36393,0,0,24233,28073,2,61568,56896,0,70,6,2277,944,10240,33024,0,944,64,0,36,0,873,7306,0,32768,0,26624
816,1100,0,0,4,2,2,0,0,19,4,8192,0,65232,0,64,0,0,65475,193,0,0,0,51200,0,0,56452,56484,0,65504,0,0,64,0,0,912,256,0,0,944,64,0,0,0,115,0,0,0,65532,26688
817,1000,0,0,4,2,2,0,0,19,4,35072,62976,638,598,70,32768,8,895,150,0,0,48,36997,0,0,24389,28357,2,61760,57216,0,70,6,2365,944,9600,256,0,944,64,0,0,0,874,6809,0,0,65526,26624
817,1100,0,0,4,2,2,0,0,19,4,8192,0,65232,0,64,0,0,65475,193,0,0,0,51200,0,0,56452,56484,0,65504,0,0,64,0,0,912,256,0,0,944,64,0,0,0,115,0,0,0,65532,26688
818,1000,0,0,4,2,2,0,0,19,4,1792,19456,621,600,70,32768,8,898,153,0,0,48,36972,0,0,24876,28652,2,61952,57536,0,70,6,2304,944,9600,256,0,944,64,0,0,0,864,6312,0,32768,65526,26624
818,1100,0,0,4,2,2,0,0,19,4,8192,0,65232,0,64,0,0,65475,193,0,0,0,51200,0,0,56452,56484,0,65504,0,0,64,0,0,912,256,0,0,944,64,0,0,0,115,0,0,0,65532,26688
819,1000,0,0,4,2,2,0,0,19,4,29696,41984,586,622,70,32768,8,900,155,0,0,48,36940,0,0,25356,28940,2,62144,57856,0,70,6,2304,944,9600,256,0,944,64,0,0,0,855,5815,0,0,65526,26624
819,1100,0,0,4,2,2,0,0,19,4,8192,0,65232,0,64,0,0,65475,193,0,0,0,51200,0,0,56452,56484,0,65504,0,0,64,0,0,912,256,0,0,944,64,0,0,0,115,0,0,0,65532,26688
820,1000,0,0,4,2,2,0,0,19,4,48640,4608,551,641,70,32768,8,902,158,0,0,48,36908,0,0,25836,29228,2,62336,58176,0,70,6,2304,944,9600,256,0,944,64,0,0,0,845,5318,0,32768,65526,26624
820,1100,0,0,4,2,2,0,0,19,4,8192,0,65232,0,64,0,0,65475,193,0,0,0,51200,0,0,56452,56484,0,65504,0,0,64,0,0,912,256,0,0,944,64,0,0,0,115,0,0,0,65532,26688
821,1000,0,0,4,2,2,0,0,19,4,58624,37632,515,659,70,32768,8,904,160,0,0,48,36876,0,0,26316,29516,2,62528,58496,0,70,6,2304,944,9600,256,0,944,64,0,0,0,836,4821,0,0,65526,26624
821,1100,0,0,4,2,2,0,0,19,4,8192,0,65232,0,64,0,0,65475,193,0,0,0,51200,0,0,56452,56484,0,65504,0,0,64,0,0,912,256,0,0,944,64,0,0,0,115,0,0,0,65532,26688
822,1000,0,0,4,2,2,0,0,19,4,59392,9728,479,674,70,32768,8,906,163,0,0,48,36844,0,0,26796,29804,2,62720,58816,0,70,6,2304,944,9600,256,0,944,64,0,0,0,826,4324,0,32768,65526,26624
822,1100,0,0,4,2,2,0,0,19,4,8192,0,65232,0,64,0,0,65475,193,0,0,0,51200,0,0,56452,56484,0,65504,0,0,64,0,0,912,256,0,0,944,64,0,0,0,115,0,0,0,65532,26688
823,1000,0,0,4,2,2,0,0,19,4,50944,51200,442,687,70,32768,8,908,165,0,0,48,36812,0,0,27276,30092,2,62912,59136,0,70,6,2304,944,9600,256,0,944,64,0,0,0,817,3827,0,0,65526,26624
823,1100,0,0,4,2,2,0,0,19,4,8192,0,65232,0,64,0,0,65475,193,0,0,0,51200,0,0,56452,56484,0,65504,0,0,64,0,0,912,256,0,0,944,64,0,0,0,115,0,0,0,65532,26688
824,1000,0,0,4,2,2,0,0,19,4,33024,30464,405,698,70,32768,8,910,168,0,0,48,36780,0,0,27756,30380,2,63104,59456,0,70,6,2304,944,9600,256,0,944,64,0,0,0,807,3330,0,32768,65526,26624
824,1100,0,0,4,2,2,0,0,19,4,8192,0,65232,0,64,0,0,65475,193,0,0,0,51200,0,0,56452,56484,0,65504,0,0,64,0,0,912,256,0,0,944,64,0,0,0,115,0,0,0,65532,26688
825,1000,0,0,4,2,2,0,0,19,4,5632,12544,368,708,70,32768,8,912,171,0,0,48,36748,0,0,28236,30668,2,63296,59776,0,70,6,2304,944,8960,256,0,944,64,0,0,0,798,2833,0,0,65526,26624
825,1100,0,0,4,2,2,0,0,19,4,8192,0,65232,0,64,0,0,65475,193,0,0,0,51200,0,0,56452,56484,0,65504,0,0,64,0,0,912,256,0,0,944,64,0,0,0,115,0,0,0,65532,26688
826,1000,0,0,4,2,2,0,0,19,4,34304,62720,331,715,70,32768,8,913,173,0,0,48,36716,0,0,28716,30956,2,63488,60096,0,70,6,2304,944,8960,256,0,944,64,0,0,0,788,2336,0,32768,65526,26624
826,1100,0,0,4,2,2,0,0,19,4,8192,0,65232,0,64,0,0,65475,193,0,0,0,51200,0,0,56452,56484,0,65504,0,0,64,0,0,912,256,0,0,944,64,0,0,0,115,0,0,0,65532,26688
827,1000,0,0,4,2,2,0,0,19,4,53504,49152,295,721,70,32768,8,914,176,0,0,48,36684,0,0,29196,31244,2,63360,59776,0,70,6,2304,944,8960,33024,0,944,64,0,4,0,779,2608,0,0,1,26624
827,1100,0,0,4,2,2,0,0,19,4,8192,0,65232,0,64,0,0,65475,193,0,0,0,51200,0,0,56452,56484,0,65504,0,0,64,0,0,912,256,0,0,944,64,0,0,0,115,0,0,0,65532,26688
828,1000,0,0,4,2,2,0,0,19,4,63488,37120,261,735,70,32768,8,915,179,0,0,48,37292,0,0,29356,31532,2,63232,59456,0,70,6,2304,944,8960,33024,0,944,64,0,4,0,780,2880,0,0,1,26624
828,1100,0,0,4,2,2,0,0,19,4,8192,0,65232,0,64,0,0,65475,193,0,0,0,51200,0,0,56452,56484,0,65504,0,0,64,0,0,912,256,0,0,944,64,0,0,0,115,0,0,0,65532,26688
829,1000,0,0,4,2,2,0,0,19,4,64768,28672,250,740,70,32768,8,916,182,0,0,48,37900,0,0,29516,31820,2,63104,59136,0,70,6,2304,944,8960,33024,0,944,64,0,4,0,781,3152,0,0,1,26624
829,1100,0,0,4,2,2,0,0,19,4,8192,0,65232,0,64,0,0,65475,193,0,0,0,51200,0,0,56452,56484,0,65504,0,0,64,0,0,912,256,0,0,944,64,0,0,0,115,0,0,0,65532,26688
830,1000,0,0,4,2,2,0,0,19,4,63232,21504,239,745,70,32768,8,917,185,0,0,48,38508,0,0,29676,32108,2,62976,58816,0,70,6,2304,944,8960,33024,0,944,64,0,36,0,782,3424,0,0,1,26624
830,1100,0,0,4,2,2,0,0,19,4,8192,0,65232,0,64,0,0,65475,193,0,0,0,51200,0,0,56452,56484,0,65504,0,0,64,0,0,912,256,0,0,944,64,0,0,0,115,0,0,0,65532,26688
831,1000,0,0,4,2,2,0,0,19,4,58880,15616,228,750,70,32768,8,918,188,0,0,48,39116,0,0,29836,32396,2,62848,58496,0,70,6,2304,944,8960,33024,0,944,64,0,36,0,783,3696,0,0,1,26624
831,1100,0,0,4,2,2,0,0,19,4,8192,0,65232,0,64,0,0,65475,193,0,0,0,51200,0,0,56452,56484,0,65504,0,0,64,0,0,912,256,0,0,944,64,0,0,0,115,0,0,0,65532,26688
832,1000,0,0,4,2,2,0,0,19,4,51712,11008,217,754,70,32768,8,919,191,0,0,48,39724,0,0,29996,32684,2,62720,58176,0,70,6,2304,944,8960,33024,0,944,64,0,36,0,784,3968,0,0,1,26624
832,1100,0,0,4,2,2,0,0,19,4,8192,0,65232,0,64,0,0,65475,193,0,0,0,51200,0,0,56452,56484,0,65504,0,0,64,0,0,912,256,0,0,944,64,0,0,0,115,0,0,0,65532,26688
833,1000,0,0,4,2,2,0,0,19,4,41728,7424,206,758,70,32768,8,920,194,0,0,48,40332,0,0,30156,32972,2,62592,57856,0,70,6,2304,944,9024,33024,0,944,64,0,36,0,785,4240,0,0,1,26624
833,1100,0,0,4,2,2,0,0,19,4,8192,0,65232,0,64,0,0,65475,193,0,0,0,51200,0,0,56452,56484,0,65504,0,0,64,0,0,912,256,0,0,944,64,0,0,0,115,0,0,0,65532,26688
834,1000,0,0,4,2,2,0,0,19,4,28928,4864,194,762,70,32768,8,921,197,0,0,48,40940,0,0,30316,33260,2,62464,57536,0,70,6,2304,944,9024,33024,0,944,64,0,36,0,786,4512,0,0,1,26624
834,1100,0,0,4,2,2,0,0,19,4,8192,0,65232,0,64,0,0,65475,193,0,0,0,51200,0,0,56452,56484,0,65504,0,0,64,0,0,912,256,0,0,944,64,0,0,0,115,0,0,0,65532,26688
835,1000,0,0,4,2,2,0,0,19,4,13056,3328,183,766,70,32768,8,922,200,0,0,48,41548,0,0,30476,33548,2,62336,57216,0,70,6,2304,944,9024,33024,0,944,64,0,36,0,787,4784,0,0,1,26624
835,1100,0,0,4,2,2,0,0,19,4,8192,0,65232,0,64,0,0,65475,193,0,0,0,51200,0,0,56452,56484,0,65504,0,0,64,0,0,912,256,0,0,944,64,0,0,0,115,0,0,0,65532,26688
836,1000,0,0,4,2,2,0,0,19,4,59904,2816,171,770,70,32768,8,922,203,0,0,48,42156,0,0,30636,33836,2,62208,56896,0,70,6,2304,944,9024,33024,0,944,64,0,36,0,788,5056,0,0,1,26624
836,1100,0,0,4,2,2,0,0,19,4,8192,0,65232,0,64,0,0,65475,193,0,0,0,51200,0,0,56452,56484,0,65504,0,0,64,0,0,912,256,0,0,944,64,0,0,0,115,0,0,0,65532,26688
837,1000,0,0,4,2,2,0,0,19,4,38144,3328,160,773,70,32768,8,923,206,0,0,48,42764,0,0,30796,34124,2,62080,57216,0,70,6,2304,944,9024,33024,0,944,64,0,36,0,789,5328,0,0,1,26624
837,1100,0,0,4,2,2,0,0,19,4,8192,0,65232,0,64,0,0,65475,193,0,0,0,51200,0,0,56452,56484,0,65504,0,0,64,0,0,912,256,0,0,944,64,0,0,0,115,0,0,0,65532,26688
838,1000,0,0,4,2,2,0,0,19,4,13568,4608,148,776,70,32768,8,924,209,0,0,48,42732,0,0,30956,34412,2,61952,56896,0,70,6,2304,944,9024,33024,0,944,64,0,36,0,790,5600,0,0,1,26624
838,1100,0,0,4,2,2,0,0,19,4,8192,0,65232,0,64,0,0,65475,193,0,0,0,51200,0,0,56452,56484,0,65504,0,0,64,0,0,912,256,0,0,944,64,0,0,0,115,0,0,0,65532,26688
839,1000,0,0,4,2,2,0,0,19,4,51456,6656,136,780,70,32768,8,924,212,0,0,48,43340,0,0,31116,34700,2,61824,57216,0,70,6,2304,944,9024,33024,0,944,64,0,36,0,791,5872,0,0,1,26624
839,1100,0,0,4,2,2,0,0,19,4,8192,0,65232,0,64,0,0,65475,193,0,0,0,51200,0,0,56452,56484,0,65504,0,0,64,0,0,912,256,0,0,944,64,0,0,0,115,0,0,0,65532,26688
840,1000,0,0,4,2,2,0,0,19,4,20736,9728,124,783,70,32768,8,925,215,0,0,48,43308,0,0,31276,34988,2,61696,56896,0,70,6,2304,944,9024,33024,0,944,64,0,36,0,792,6144,0,0,1,26624
840,1100,0,0,4,2,2,0,0,19,4,8192,0,65232,0,64,0,0,65475,193,0,0,0,51200,0,0,56452,56484,0,65504,0,0,64,0,0,912,256,0,0,944,64,0,0,0,115,0,0,0,65532,26688
841,1000,0,0,4,2,2,0,0,19,4,52480,13568,113,785,70,32768,8,925,218,0,0,48,43916,0,0,31436,35276,2,61568,57216,0,70,6,2304,944,9088,33024,0,944,64,0,36,0,793,6416,0,0,1,26624
841,1100,0,0,4,2,2,0,0,19,4,8192,0,65232,0,64,0,0,65475,193,0,0,0,51200,0,0,56452,56484,0,65504,0,0,64,0,0,912,256,0,0,944,64,0,0,0,115,0,0,0,65532,26688
842,1000,0,0,4,2,2,0,0,19,4,15872,17920,101,788,70,32768,8,926,221,0,0,48,43884,0,0,31596,35564,2,61440,56896,0,70,6,2304,944,9088,33024,0,944,64,0,36,0,794,6688,0,0,1,26624
842,1100,0,0,4,2,2,0,0,19,4,8192,0,65232,0,64,0,0,65475,193,0,0,0,51200,0,0,56452,56484,0,65504,0,0,64,0,0,912,256,0,0,944,64,0,0,0,115,0,0,0,65532,26688
843,1000,0,0,4,2,2,0,0,19,4,41728,23040,89,791,70,32768,8,926,224,0,0,48,44492,0,0,31756,35852,2,61312,57216,0,70,6,2304,944,9088,33024,0,944,64,0,36,0,795,6960,0,0,1,26624
843,1100,0,0,4,2,2,0,0,19,4,8192,0,65232,0,64,0,0,65475,193,0,0,0,51200,0,0,56452,56484,0,65504,0,0,64,0,0,912,256,0,0,944,64,0,0,0,115,0,0,0,65532,26688
844,1000,0,0,4,2,2,0,0,19,4,64512,28928,77,793,70,32768,8,926,227,0,0,48,44460,0,0,31916,36140,2,61184,56896,0,70,6,2304,944,9088,33024,0,944,64,0,36,0,796,7232,0,0,1,26624
844,1100,0,0,4,2,2,0,0,19,4,8192,0,65232,0,64,0,0,65475,193,0,0,0,51200,0,0,56452,56484,0,65504,0,0,64,0,0,912,256,0,0,944,64,0,0,0,115,0,0,0,65532,26688
845,1000,0,0,4,2,2,0,0,19,4,18688,35328,65,795,70,32768,8,927,230,0,0,48,45068,0,0,32076,36428,2,61056,57216,0,70,6,2304,944,9088,33024,0,944,64,0,36,0,797,7504,0,0,1,26624
845,1100,0,0,4,2,2,0,0,19,4,8192,0,65232,0,64,0,0,65475,193,0,0,0,51200,0,0,56452,56484,0,65504,0,0,64,0,0,912,256,0,0,944,64,0,0,0,115,0,0,0,65532,26688
846,1000,0,0,4,2,2,0,0,19,4,35328,42240,52,797,70,32768,8,927,233,0,0,48,45036,0,0,32236,36716,2,60928,56896,0,70,6,2304,944,9088,33024,0,944,64,0,36,0,798,7776,0,0,1,26624
846,1100,0,0,4,2,2,0,0,19,4,8192,0,65232,0,64,0,0,65475,193,0,0,0,51200,0,0,56452,56484,0,65504,0,0,64,0,0,912,256,0,0,944,64,0,0,0,115,0,0,0,65532,26688
847,1000,0,0,4,2,2,0,0,19,4,48640,49664,40,799,70,32768,8,927,236,0,0,48,45644,0,0,32396,37004,2,60800,57216,0,70,6,2304,944,9088,33024,0,944,64,0,36,0,799,8048,0,0,1,26624
847,1100,0,0,4,2,2,0,0,19,4,8192,0,65232,0,64,0,0,65475,193,0,0,0,51200,0,0,56452,56484,0,65504,0,0,64,0,0,912,256,0,0,944,64,0,0,0,115,0,0,0,65532,26688
848,1000,0,0,4,2,2,0,0,19,4,58880,57600,28,800,70,32768,8,927,239,0,0,48,45612,0,0,32556,37292,2,60992,57536,0,70,6,2159,944,9088,32768,0,944,64,0,0,0,800,7551,0,0,1,26624
848,1100,0,0,4,2,2,0,0,19,4,8192,0,65232,0,64,0,0,65475,193,0,0,0,51200,0,0,56452,56484,0,65504,0,0,64,0,0,912,256,0,0,944,64,0,0,0,115,0,0,0,65532,26688
849,1000,0,0,4,2,2,0,0,19,4,512,256,16,801,70,32768,8,928,243,0,0,48,45561,0,0,33017,37561,2,61184,57856,0,70,6,2015,944,9152,32768,0,944,64,0,0,0,801,7054,0,0,1,26624
849,1100,0,0,4,2,2,0,0,19,4,8192,0,65232,0,64,0,0,65475,193,0,0,0,51200,0,0,56452,56484,0,65504,0,0,64,0,0,912,256,0,0,944,64,0,0,0,115,0,0,0,65532,26688
850,1000,0,0,4,2,2,0,0,19,4,4608,8704,65516,802,70,32768,8,928,246,0,0,48,45492,0,0,33460,37812,2,61376,58176,0,70,6,1871,944,9152,32768,0,944,64,0,0,0,802,6557,0,0,1,26624
850,1100,0,0,4,2,2,0,0,19,4,8192,0,65232,0,64,0,0,65475,193,0,0,0,51200,0,0,56452,56484,0,65504,0,0,64,0,0,912,256,0,0,944,64,0,0,0,115,0,0,0,65532,26688
851,1000,0,0,4,2,2,0,0,19,4,65024,17408,65482,802,70,32768,8,927,249,0,0,48,45405,0,0,33885,38045,2,61568,58496,0,70,6,1728,944,9152,32768,0,944,64,0,0,0,803,6060,0,0,1,26624
851,1100,0,0,4,2,2,0,0,19,4,8192,0,65232,0,64,0,0,65475,193,0,0,0,51200,0,0,56452,56484,0,65504,0,0,64,0,0,912,256,0,0,944,64,0,0,0,115,0,0,0,65532,26688
852,1000,0,0,4,2,2,0,0,19,4,51200,26112,65450,800,70,32768,8,927,252,0,0,48,45301,0,0,34293,38261,2,61760,58816,0,70,6,1585,944,9152,32768,0,944,64,0,0,0,804,5563,0,0,1,26624
852,1100,0,0,4,2,2,0,0,19,4,8192,0,65232,0,64,0,0,65475,193,0,0,0,51200,0,0,56452,56484,0,65504,0,0,64,0,0,912,256,0,0,944,64,0,0,0,115,0,0,0,65532,26688
853,1000,0,0,4,2,2,0,0,19,4,29184,34304,65418,797,70,32768,8,927,255,0,0,48,45179,0,0,34683,38459,2,61952,59136,0,70,6,1443,944,9152,32768,0,944,64,0,0,0,805,5066,0,0,1,26624
853,1100,0,0,4,2,2,0,0,19,4,8192,0,65232,0,64,0,0,65475,193,0,0,0,51200,0,0,56452,56484,0,65504,0,0,64,0,0,912,256,0,0,944,64,0,0,0,115,0,0,0,65532,26688
854,1000,0,0,4,2,2,0,0,19,4,64512,41728,65388,793,70,32768,8,926,258,0,0,48,45039,0,0,35055,38639,2,62144,59456,0,70,6,1301,944,9152,32768,0,944,64,0,0,0,806,4569,0,0,1,26624
854,1100,0,0,4,2,2,0,0,19,4,8192,0,65232,0,64,0,0,65475,193,0,0,0,51200,0,0,56452,56484,0,65504,0,0,64,0,0,912,256,0,0,944,64,0,0,0,115,0,0,0,65532,26688
855,1000,0,0,4,2,2,0,0,19,4,26624,48128,65360,788,70,32768,8,926,261,0,0,48,44881,0,0,35409,38801,2,62336,59776,0,70,6,1160,944,9152,32768,0,944,64,0,0,0,807,4072,0,0,1,26624
855,1100,0,0,4,2,2,0,0,19,4,8192,0,65232,0,64,0,0,65475,193,0,0,0,51200,0,0,56452,56484,0,65504,0,0,64,0,0,912,256,0,0,944,64,0,0,0,115,0,0,0,65532,26688
856,1000,0,0,4,2,2,0,0,19,4,47104,53248,65333,783,70,32768,8,925,264,0,0,48,44706,0,0,35746,38946,2,62528,60096,0,70,6,1020,944,9152,32768,0,944,64,0,0,0,808,3575,0,0,1,26624
856,1100,0,0,4,2,2,0,0,19,4,8192,0,65232,0,64,0,0,65475,193,0,0,0,51200,0,0,56452,56484,0,65504,0,0,64,0,0,912,256,0,0,944,64,0,0,0,115,0,0,0,65532,26688
857,1000,0,0,4,2,2,0,0,19,4,60672,57088,65308,777,70,32768,8,924,267,0,0,48,44513,0,0,36065,39073,2,62720,60416,0,70,6,880,944,9216,32768,0,944,64,0,0,0,809,3078,0,0,1,26624
857,1100,0,0,4,2,2,0,0,19,4,8192,0,65232,0,64,0,0,65475,193,0,0,0,51200,0,0,56452,56484,0,65504,0,0,64,0,0,912,256,0,0,944,64,0,0,0,115,0,0,0,65532,26688
858,1000,0,0,4,2,2,0,0,19,4,2304,59392,65284,770,70,32768,8,924,270,0,0,48,44303,0,0,36367,39183,2,62912,60736,0,70,6,741,944,9216,32768,0,944,64,0,0,0,810,2581,0,0,1,26624
858,1100,0,0,4,2,2,0,0,19,4,8192,0,65232,0,64,0,0,65475,193,0,0,0,51200,0,0,56452,56484,0,65504,0,0,64,0,0,912,256,0,0,944,64,0,0,0,115,0,0,0,65532,26688
859,1000,0,0,4,2,2,0,0,19,4,3328,59904,65261,764,70,32768,8,923,273,0,0,48,44075,0,0,36651,39275,2,63104,61056,0,70,6,602,944,9216,32768,0,944,64,0,0,0,811,2084,0,0,1,26624
859,1100,0,0,4,2,2,0,0,19,4,8192,0,65232,0,64,0,0,65475,193,0,0,0,51200,0,0,56452,56484,0,65504,0,0,64,0,0,912,256,0,0,944,64,0,0,0,115,0,0,0,65532,26688
860,1000,0,0,4,2,2,0,0,19,4,64000,58880,65240,757,70,32768,8,921,276,0,0,48,43830,0,0,36918,39350,2,63296,61376,0,70,6,464,944,9216,32768,0,944,64,0,0,0,812,1587,0,0,1,26624
860,1100,0,0,4,2,2,0,0,19,4,8192,0,65232,0,64,0,0,65475,193,0,0,0,51200,0,0,56452,56484,0,65504,0,0,64,0,0,912,256,0,0,944,64,0,0,0,115,0,0,0,65532,26688
861,1000,0,0,4,2,2,0,0,19,4,53760,56064,65220,750,70,32768,8,920,279,0,0,48,43568,0,0,37168,39408,2,63488,61696,0,70,6,326,944,9216,32768,0,944,64,0,0,0,813,1090,0,0,1,26624
861,1100,0,0,4,2,2,0,0,19,4,8192,0,65232,0,64,0,0,65475,193,0,0,0,51200,0,0,56452,56484,0,65504,0,0,64,0,0,912,256,0,0,944,64,0,0,0,115,0,0,0,65532,26688
862,1000,512,0,4,2,2,0,0,19,4,38400,51456,65202,743,70,32768,8,919,282,0,0,48,43288,0,0,37400,39448,2,63744,62016,0,70,6,197,944,9216,33282,0,944,64,0,0,0,814,1138,0,0,1,26624
862,1100,512,0,4,2,2,0,0,19,4,8192,0,65232,0,64,0,0,65475,193,0,0,0,51200,0,0,56452,56484,0,65504,0,0,64,0,0,912,256,0,0,944,64,0,0,0,115,0,0,0,65532,26688
863,1000,0,0,4,2,2,0,0,19,4,18432,45056,65185,737,70,32768,8,918,285,0,0,48,42992,0,0,37680,39472,2,64000,62336,0,70,6,68,944,9216,33280,0,944,64,0,0,0,815,1186,0,0,1,26624
863,1100,0,0,4,2,2,0,0,19,4,8192,0,65232,0,64,0,0,65475,193,0,0,0,51200,0,0,56452,56484,0,65504,0,0,64,0,0,912,256,0,0,944,64,0,0,0,115,0,0,0,65532,26688
864,1000,0,0,4,2,2,0,0,19,4,59648,37120,65165,728,70,32768,8,916,288,0,0,48,42680,0,0,37944,39480,2,64256,62656,0,70,6,65476,944,9216,33280,0,944,64,0,0,0,816,1234,0,0,1,26624
864,1100,0,0,4,2,2,0,0,19,4,8192,0,65232,0,64,0,0,65475,193,0,0,0,51200,0,0,56452,56484,0,65504,0,0,64,0,0,912,256,0,0,944,64,0,0,0,115,0,0,0,65532,26688
865,1000,0,0,4,2,2,0,0,19,4,30208,26880,65146,719,70,32768,8,915,291,0,0,48,42352,0,0,38192,39472,2,64512,62976,0,70,6,65388,944,9280,33280,0,944,64,0,0,0,817,1282,0,0,1,26624
865,1100,0,0,4,2,2,0,0,19,4,8192,0,65232,0,64,0,0,65475,193,0,0,0,51200,0,0,56452,56484,0,65504,0,0,64,0,0,912,256,0,0,944,64,0,0,0,115,0,0,0,65532,26688
866,1000,0,0,4,2,2,0,0,19,4,61440,14336,65129,710,70,32768,8,913,294,0,0,48,42013,0,0,38429,39453,2,64768,63296,0,70,6,65300,944,9280,33280,0,944,64,0,0,0,818,1330,0,0,1,26624
866,1100,0,0,4,2,2,0,0,19,4,8192,0,65232,0,64,0,0,65475,193,0,0,0,51200,0,0,56452,56484,0,65504,0,0,64,0,0,912,256,0,0,944,64,0,0,0,115,0,0,0,65532,26688
867,1000,0,0,4,2,2,0,0,19,4,22784,65024,65112,702,70,32768,8,912,296,0,0,48,41663,0,0,38655,39423,2,65024,63616,0,70,6,65213,944,9280,33280,0,944,64,0,0,0,819,1378,0,0,1,26624
867,1100,0,0,4,2,2,0,0,19,4,8192,0,65232,0,64,0,0,65475,193,0,0,0,51200,0,0,56452,56484,0,65504,0,0,64,0,0,912,256,0,0,944,64,0,0,0,115,0,0,0,65532,26688
868,1000,0,0,4,2,2,0,0,19,4,45312,48128,65097,693,70,32768,8,910,299,0,0,48,41302,0,0,38870,39382,2,65280,63936,0,70,6,65126,944,9280,33280,0,944,64,0,0,0,820,1426,0,0,1,26624
868,1100,0,0,4,2,2,0,0,19,4,8192,0,65232,0,64,0,0,65475,193,0,0,0,51200,0,0,56452,56484,0,65504,0,0,64,0,0,912,256,0,0,944,64,0,0,0,115,0,0,0,65532,26688
869,1000,0,0,4,2,2,0,0,19,4,64000,28928,65082,685,70,32768,8,908,302,0,0,48,40930,0,0,39074,39330,2,0,64256,0,70,6,65039,944,9280,33280,0,944,64,0,0,0,821,1474,0,0,1,26624
869,1100,0,0,4,2,2,0,0,19,4,8192,0,65232,0,64,0,0,65475,193,0,0,0,51200,0,0,56452,56484,0,65504,0,0,64,0,0,912,256,0,0,944,64,0,0,0,115,0,0,0,65532,26688
870,1000,0,0,4,2,2,0,0,19,4,13312,7680,65068,677,70,32768,8,907,305,0,0,48,40547,0,0,39267,39267,2,128,64576,0,70,6,64953,944,9280,33280,0,944,64,0,0,0,822,1202,0,0,1,26624
870,1100,0,0,4,2,2,0,0,19,4,8192,0,65232,0,64,0,0,65475,193,0,0,0,51200,0,0,56452,56484,0,65504,0,0,64,0,0,912,256,0,0,944,64,0,0,0,115,0,0,0,65532,26688
871,1000,0,0,4,2,2,0,0,19,4,24576,49920,65055,669,70,32768,8,905,307,0,0,48,40154,0,0,39322,39194,2,256,64896,0,70,6,64867,944,9280,33280,0,944,64,0,0,0,823,930,0,0,1,26624
871,1100,0,0,4,2,2,0,0,19,4,8192,0,65232,0,64,0,0,65475,193,0,0,0,51200,0,0,56452,56484,0,65504,0,0,64,0,0,912,256,0,0,944,64,0,0,0,115,0,0,0,65532,26688
872,1000,0,0,4,2,2,0,0,19,4,32512,24576,65051,667,70,32768,8,903,310,0,0,48,39750,0,0,39366,39110,2,384,65216,0,70,6,64781,944,9280,33280,0,944,64,0,0,0,824,658,0,0,1,26624
872,1100,0,0,4,2,2,0,0,19,4,8192,0,65232,0,64,0,0,65475,193,0,0,0,51200,0,0,56452,56484,0,65504,0,0,64,0,0,912,256,0,0,944,64,0,0,0,115,0,0,0,65532,26688
873,1000,0,0,4,2,2,0,0,19,4,39424,64256,65048,666,70,32768,8,901,312,0,0,48,39335,0,0,39399,39015,2,512,0,0,70,6,64696,944,9344,33280,0,944,64,0,0,0,825,386,0,0,1,26624
873,1100,0,0,4,2,2,0,0,19,4,8192,0,65232,0,64,0,0,65475,193,0,0,0,51200,0,0,56452,56484,0,65504,0,0,64,0,0,912,256,0,0,944,64,0,0,0,115,0,0,0,65532,26688
874,1000,0,0,4,2,2,0,0,19,4,45568,38144,65045,665,70,32768,8,899,315,0,0,48,38910,0,0,39422,38910,2,320,0,0,70,6,64834,944,9344,32768,0,944,64,0,0,0,826,65425,0,0,1,26624
874,1100,0,0,4,2,2,0,0,19,4,8192,0,65232,0,64,0,0,65475,193,0,0,0,51200,0,0,56452,56484,0,65504,0,0,64,0,0,912,256,0,0,944,64,0,0,0,115,0,0,0,65532,26688
875,1000,0,0,4,2,2,0,0,19,4,50944,11776,65043,665,70,32768,8,897,318,0,0,48,38822,0,0,39142,38822,2,128,0,0,70,6,64972,944,9344,32768,0,944,64,0,0,0,827,386,0,0,1,26624
875,1100,0,0,4,2,2,0,0,19,4,8192,0,65232,0,64,0,0,65475,193,0,0,0,51200,0,0,56452,56484,0,65504,0,0,64,0,0,912,256,0,0,944,64,0,0,0,115,0,0,0,65532,26688
876,1000,0,0,4,2,2,0,0,19,4,55808,50944,65060,679,70,32768,8,895,320,0,0,48,38751,0,0,38879,38751,0,128,0,0,70,6,65109,944,9344,32768,0,944,64,0,0,0,828,65425,0,0,1,26624
876,1100,0,0,4,2,2,0,0,19,4,8192,0,65232,0,64,0,0,65475,193,0,0,0,51200,0,0,56452,56484,0,65504,0,0,64,0,0,912,256,0,0,944,64,0,0,0,115,0,0,0,65532,26688
877,1000,0,0,4,2,2,0,0,19,4,65024,28160,65077,691,70,32768,8,893,323,0,0,48,38697,0,0,38825,38697,0,128,0,0,70,6,65246,944,9344,32768,0,944,64,0,0,0,829,0,0,0,1,26624
877,1100,0,0,4,2,2,0,0,19,4,8192,0,65232,0,64,0,0,65475,193,0,0,0,51200,0,0,56452,56484,0,65504,0,0,64,0,0,912,256,0,0,944,64,0,0,0,115,0,0,0,65532,26688
878,1000,0,0,4,2,2,0,0,19,4,13056,8448,65080,694,70,32768,8,892,326,0,0,48,38660,0,0,38788,38660,0,128,0,0,70,6,65382,944,9344,32768,0,944,64,0,0,0,830,0,0,0,1,26624
878,1100,0,0,4,2,2,0,0,19,4,8192,0,65232,0,64,0,0,65475,193,0,0,0,51200,0,0,56452,56484,0,65504,0,0,64,0,0,912,256,0,0,944,64,0,0,0,115,0,0,0,65532,26688
879,1000,0,0,4,2,2,0,0,19,4,27392,55040,65082,697,70,32768,8,890,328,0,0,48,38640,0,0,38768,38640,0,128,0,0,70,6,65518,944,9344,32768,0,944,64,0,0,0,831,0,0,0,1,26624
879,1100,0,0,4,2,2,0,0,19,4,8192,0,65232,0,64,0,0,65475,193,0,0,0,51200,0,0,56452,56484,0,65504,0,0,64,0,0,912,256,0,0,944,64,0,0,0,115,0,0,0,65532,26688
880,1000,0,0,4,2,2,0,0,19,4,42240,36864,65083,699,70,32768,8,888,331,0,0,48,38637,0,0,38765,38637,0,128,0,0,70,6,0,944,9344,32768,0,944,64,0,0,0,832,0,0,0,0,26624
880,1100,0,0,4,2,2,0,0,19,4,8192,0,65232,0,64,0,0,65475,193,0,0,0,51200,0,0,56452,56484,0,65504,0,0,64,0,0,912,256,0,0,944,64,0,0,0,115,0,0,0,65532,26688
881,1000,0,0,4,2,2,0,0,19,4,57344,19200,65083,699,70,32768,8,886,334,0,0,48,38637,0,0,38765,38637,0,128,0,0,70,6,0,944,9408,32768,0,944,64,0,0,0,832,0,0,32768,0,26624
881,1100,0,0,4,2,2,0,0,19,4,8192,0,65232,0,64,0,0,65475,193,0,0,0,51200,0,0,56452,56484,0,65504,0,0,64,0,0,912,256,0,0,944,64,0,0,0,115,0,0,0,65532,26688
882,1000,0,0,4,2,2,0,0,19,4,6912,1536,65082,700,70,32768,8,885,337,0,0,48,38637,0,0,38765,38637,0,128,0,0,70,6,0,944,9408,32768,0,944,64,0,0,0,833,0,0,0,0,26624
882,1100,0,0,4,2,2,0,0,19,4,8192,0,65232,0,64,0,0,65475,193,0,0,0,51200,0,0,56452,56484,0,65504,0,0,64,0,0,912,256,0,0,944,64,0,0,0,115,0,0,0,65532,26688
883,1000,0,0,4,2,2,0,0,19,4,21760,49664,65082,700,70,32768,8,883,339,0,0,48,38637,0,0,38765,38637,0,128,0,0,70,6,0,944,9408,32768,0,944,64,0,0,0,833,0,0,32768,0,26624
883,1100,0,0,4,2,2,0,0,19,4,8192,0,65232,0,64,0,0,65475,193,0,0,0,51200,0,0,56452,56484,0,65504,0,0,64,0,0,912,256,0,0,944,64,0,0,0,115,0,0,0,65532,26688
884,1000,0,0,4,2,2,0,0,19,4,36608,32256,65082,700,70,32768,8,881,342,0,0,48,38637,0,0,38765,38637,0,128,0,0,70,6,0,944,9408,32768,0,944,64,0,0,0,834,0,0,0,0,26624
884,1100,0,0,4,2,2,0,0,19,4,8192,0,65232,0,64,0,0,65475,193,0,0,0,51200,0,0,56452,56484,0,65504,0,0,64,0,0,912,256,0,0,944,64,0,0,0,115,0,0,0,65532,26688
885,1000,0,0,4,2,2,0,0,19,4,51456,14848,65082,700,70,32768,8,879,345,0,0,48,38637,0,0,38765,38637,0,128,0,0,70,6,0,944,9408,32768,0,944,64,0,0,0,834,0,0,32768,0,26624
885,1100,0,0,4,2,2,0,0,19,4,8192,0,65232,0,64,0,0,65475,193,0,0,0,51200,0,0,56452,56484,0,65504,0,0,64,0,0,912,256,0,0,944,64,0,0,0,115,0,0,0,65532,26688
886,1000,0,0,4,2,2,0,0,19,4,768,62976,65081,701,70,32768,8,878,347,0,0,48,38637,0,0,38765,38637,0,128,0,0,70,6,0,944,9408,32768,0,944,64,0,0,0,835,0,0,0,0,26624
886,1100,0,0,4,2,2,0,0,19,4,8192,0,65232,0,64,0,0,65475,193,0,0,0,51200,0,0,56452,56484,0,65504,0,0,64,0,0,912,256,0,0,944,64,0,0,0,115,0,0,0,65532,26688
887,1000,512,0,4,2,2,0,0,19,4,15360,45824,65081,701,70,32768,8,876,350,0,0,48,38637,0,0,38765,38637,0,128,0,0,70,6,65448,944,9408,33282,0,944,64,0,0,0,835,0,0,32768,0,26624
887,1100,512,0,4,2,2,0,0,19,4,8192,0,65232,0,64,0,0,65475,193,0,0,0,51200,0,0,56452,56484,0,65504,0,0,64,0,0,912,256,0,0,944,64,0,0,0,115,0,0,0,65532,26688
888,1000,0,0,4,2,2,0,0,19,4,29952,28672,65081,702,70,32768,8,874,353,0,0,48,38626,0,0,38754,38626,0,128,0,0,70,6,65361,944,9408,33280,0,944,64,0,0,0,836,0,0,0,0,26624
888,1100,0,0,4,2,2,0,0,19,4,8192,0,65232,0,64,0,0,65475,193,0,0,0,51200,0,0,56452,56484,0,65504,0,0,64,0,0,912,256,0,0,944,64,0,0,0,115,0,0,0,65532,26688
889,1000,16,0,4,2,2,0,0,19,4,44544,11776,65082,703,70,32768,8,872,356,0,0,112,38604,0,0,38732,38604,0,128,0,0,70,6,65243,944,9472,33300,1,944,80,0,0,0,836,0,0,32768,0,26624
889,1100,16,0,4,2,2,0,0,19,4,8192,0,65232,0,64,0,0,65475,193,0,0,0,51200,0,0,56452,56484,0,65504,0,0,64,0,0,912,256,0,0,944,64,0,0,0,115,0,0,0,65532,26688
890,1000,0,0,4,2,2,0,0,19,4,59392,60672,65083,704,70,34816,8,870,358,0,224,112,38567,0,2,38695,38567,0,128,0,0,70,6,65126,944,9472,33296,3,944,80,0,32768,0,837,0,0,0,0,26624
890,1100,0,0,4,2,2,0,0,19,4,8192,0,65232,0,64,0,0,65475,193,0,0,0,51200,0,0,56452,56484,0,65504,0,0,64,0,0,912,256,0,0,944,64,0,0,0,115,0,0,0,65532,26688
891,1000,0,0,4,2,2,0,0,19,4,8960,44288,65085,706,70,34816,8,869,361,198,198,112,38515,0,2,38643,38515,0,128,0,0,70,6,65010,944,9472,33296,4,944,80,0,32768,0,837,0,0,32768,0,26624
891,1100,0,0,4,2,2,0,0,19,4,8192,0,65232,0,64,0,0,65475,193,0,0,0,51200,0,0,56452,56484,0,65504,0,0,64,0,0,912,256,0,0,944,64,0,0,0,115,0,0,0,65532,26688
892,1000,0,0,4,2,2,0,0,19,4,24576,28416,65088,709,70,34816,8,867,364,370,172,112,38449,0,2,38577,38449,0,128,0,0,70,6,64895,944,9472,33296,5,944,80,0,32768,0,838,0,0,0,0,26624
892,1100,0,0,4,2,2,0,0,19,4,8192,0,65232,0,64,0,0,65475,193,0,0,0,51200,0,0,56452,56484,0,65504,0,0,64,0,0,912,256,0,0,944,64,0,0,0,115,0,0,0,65532,26688
893,1000,0,0,4,2,2,0,0,19,4,40960,13312,65093,712,70,34816,8,865,367,516,146,112,38368,0,2,38496,38368,0,128,0,0,70,6,64780,944,9472,33296,6,944,80,0,32768,0,838,0,0,32768,0,26624
893,1100,0,0,4,2,2,0,0,19,4,8192,0,65232,0,64,0,0,65475,193,0,0,0,51200,0,0,56452,56484,0,65504,0,0,64,0,0,912,256,0,0,944,64,0,0,0,115,0,0,0,65532,26688
894,1000,0,0,4,2,2,0,0,19,4,58624,64512,65098,716,70,34816,8,863,369,636,120,112,38273,0,2,38401,38273,0,128,0,0,70,6,64666,944,9472,33296,7,944,80,0,32768,0,839,0,0,0,0,26624
894,1100,0,0,4,2,2,0,0,19,4,8192,0,65232,0,64,0,0,65475,193,0,0,0,51200,0,0,56452,56484,0,65504,0,0,64,0,0,912,256,0,0,944,64,0,0,0,115,0,0,0,65532,26688
895,1000,0,0,4,2,2,0,0,19,4,12032,51200,65104,720,70,34816,8,862,372,730,94,112,38164,0,2,38292,38164,2,128,0,0,70,6,64553,944,9472,33296,8,944,80,0,32768,0,839,0,0,32768,0,26624
895,1100,0,0,4,2,2,0,0,19,4,8192,0,65232,0,64,0,0,65475,193,0,0,0,51200,0,0,56452,56484,0,65504,0,0,64,0,0,912,256,0,0,944,64,0,0,0,115,0,0,0,65532,26688
896,1000,0,0,4,2,2,0,0,19,4,32512,38912,65111,725,70,34816,8,860,375,798,68,112,38041,0,2,38169,38041,2,448,512,0,70,6,64441,944,9472,33296,9,944,80,0,32768,0,840,65312,0,0,0,26624
896,1100,0,0,4,2,2,0,0,19,4,8192,0,65232,0,64,0,0,65475,193,0,0,0,51200,0,0,56452,56484,0,65504,0,0,64,0,0,912,256,0,0,944,64,0,0,0,115,0,0,0,65532,26688
897,1000,0,0,4,2,2,0,0,19,4,54784,27904,65120,731,70,34816,8,858,378,840,42,112,37392,0,2,38352,37904,2,768,1024,0,70,6,64330,944,9536,33296,10,944,80,0,32768,0,840,65088,0,32768,0,26624
897,1100,0,0,4,2,2,0,0,19,4,8192,0,65232,0,64,0,0,65475,193,0,0,0,51200,0,0,56452,56484,0,65504,0,0,64,0,0,912,256,0,0,944,64,0,0,0,115,0,0,0,65532,26688
898,1000,0,0,4,2,2,0,0,19,4,13824,18432,65106,724,70,34816,8,857,381,856,16,112,36729,0,2,38521,37753,2,1088,1536,0,70,6,64220,944,9536,33296,11,944,80,0,32768,0,841,64864,0,0,0,26624
898,1100,0,0,4,2,2,0,0,19,4,8192,0,65232,0,64,0,0,65475,193,0,0,0,51200,0,0,56452,56484,0,65504,0,0,64,0,0,912,256,0,0,944,64,0,0,0,115,0,0,0,65532,26688
899,1000,0,0,4,2,2,0,0,19,4,34816,7168,65095,717,70,34816,8,855,384,846,65526,112,36052,0,2,38676,37588,2,1408,2048,0,70,6,64111,944,9536,33296,12,944,80,0,32768,0,841,64640,0,32768,0,26624
899,1100,0,0,4,2,2,0,0,19,4,8192,0,65232,0,64,0,0,65475,193,0,0,0,51200,0,0,56452,56484,0,65504,0,0,64,0,0,912,256,0,0,944,64,0,0,0,115,0,0,0,65532,26688
900,1000,0,0,4,2,2,0,0,19,4,52992,59648,65084,711,70,34816,8,853,386,810,65500,112,35361,0,2,38817,37409,2,1728,2560,0,70,6,64003,944,9536,33296,13,944,80,0,32768,0,842,64416,0,0,0,26624
900,1100,0,0,4,2,2,0,0,19,4,8192,0,65232,0,64,0,0,65475,193,0,0,0,51200,0,0,56452,56484,0,65504,0,0,64,0,0,912,256,0,0,944,64,0,0,0,115,0,0,0,65532,26688
901,1000,0,0,4,2,2,0,0,19,4,2816,45056,65074,705,70,34816,8,852,389,748,65474,112,34657,0,2,38945,37217,2,2048,3072,0,70,6,63895,944,9536,33296,14,944,80,0,32768,0,842,64192,0,32768,0,26624
901,1100,0,0,4,2,2,0,0,19,4,8192,0,65232,0,64,0,0,65475,193,0,0,0,51200,0,0,56452,56484,0,65504,0,0,64,0,0,912,256,0,0,944,64,0,0,0,115,0,0,0,65532,26688
902,1000,0,0,4,2,2,0,0,19,4,15616,28928,65065,700,70,34816,8,850,392,660,65448,112,33939,0,2,39059,37011,2,2368,3584,0,70,6,63788,944,9536,33296,15,944,80,0,32772,0,843,63968,0,0,0,26624
902,1100,0,0,4,2,2,0,0,19,4,8192,0,65232,0,64,0,0,65475,193,0,0,0,51200,0,0,56452,56484,0,65504,0,0,64,0,0,912,256,0,0,944,64,0,0,0,115,0,0,0,65532,26688
903,1000,0,0,4,2,2,0,0,19,4,26112,11520,65057,695,70,34816,8,848,395,546,65422,112,33208,0,2,39160,36792,2,2688,4096,0,70,6,63682,944,9536,33296,16,944,80,0,32772,0,843,63744,0,32768,0,26624
903,1100,0,0,4,2,2,0,0,19,4,8192,0,65232,0,64,0,0,65475,193,0,0,0,51200,0,0,56452,56484,0,65504,0,0,64,0,0,912,256,0,0,944,64,0,0,0,115,0,0,0,65532,26688
904,1000,0,0,4,2,2,0,0,19,4,34560,58368,65050,691,70,34816,8,846,397,406,65396,48,32464,0,2,39248,36560,2,2816,4416,0,70,6,63609,944,9536,33280,0,944,64,0,32772,0,844,63472,0,0,0,26624
904,1100,0,0,4,2,2,0,0,19,4,8192,0,65232,0,64,0,0,65475,193,0,0,0,51200,0,0,56452,56484,0,65504,0,0,64,0,0,912,256,0,0,944,64,0,0,0,115,0,0,0,65532,26688
905,1000,0,0,4,2,2,0,0,19,4,41216,38656,65044,687,70,34816,8,844,400,240,65370,48,31903,0,2,39135,36319,2,2944,4736,0,70,6,63536,944,9600,33280,0,944,64,0,32772,0,844,63200,0,32768,0,26624
905,1100,0,0,4,2,2,0,0,19,4,8192,0,65232,0,64,0,0,65475,193,0,0,0,51200,0,0,56452,56484,0,65504,0,0,64,0,0,912,256,0,0,944,64,0,0,0,115,0,0,0,65532,26688
906,1000,0,0,4,2,2,0,0,19,4,46336,17920,65051,693,70,34816,8,842,403,48,65344,48,31333,0,2,39013,36069,2,3072,5056,0,70,6,63464,944,9600,33280,0,944,64,0,32772,0,845,62928,0,0,0,26624
906,1100,0,0,4,2,2,0,0,19,4,8192,0,65232,0,64,0,0,65475,193,0,0,0,51200,0,0,56452,56484,0,65504,0,0,64,0,0,912,256,0,0,944,64,0,0,0,115,0,0,0,65532,26688
907,1000,0,0,4,2,2,0,0,19,4,53248,64256,65059,699,70,34816,8,840,405,0,0,48,30754,0,0,38882,35810,2,3200,5376,0,70,6,63392,944,9600,33280,0,944,64,0,4,0,845,62656,0,32768,0,26624
907,1100,0,0,4,2,2,0,0,19,4,8192,0,65232,0,64,0,0,65475,193,0,0,0,51200,0,0,56452,56484,0,65504,0,0,64,0,0,912,256,0,0,944,64,0,0,0,115,0,0,0,65532,26688
908,1000,0,0,4,2,2,0,0,19,4,62208,46592,65068,705,70,32768,8,838,408,0,0,48,30166,0,0,38742,35542,2,3328,5696,0,70,6,63321,944,9600,33280,0,944,64,0,4,0,846,62384,0,0,0,26624
908,1100,0,0,4,2,2,0,0,19,4,8192,0,65232,0,64,0,0,65475,193,0,0,0,51200,0,0,56452,56484,0,65504,0,0,64,0,0,912,256,0,0,944,64,0,0,0,115,0,0,0,65532,26688
909,1000,0,0,4,2,2,0,0,19,4,7936,30464,65077,712,70,32768,8,837,411,0,0,48,29569,0,0,38593,35265,2,3456,6016,0,70,6,63250,944,9600,33280,0,944,64,0,4,0,846,62112,0,32768,0,26624
909,1100,0,0,4,2,2,0,0,19,4,8192,0,65232,0,64,0,0,65475,193,0,0,0,51200,0,0,56452,56484,0,65504,0,0,64,0,0,912,256,0,0,944,64,0,0,0,115,0,0,0,65532,26688
910,1000,0,0,4,2,2,0,0,19,4,21504,16128,65087,719,70,32768,8,835,414,0,0,48,28963,0,0,38435,34979,2,3584,6336,0,70,6,63180,944,9600,33280,0,944,64,0,4,0,847,61840,0,0,0,26624
910,1100,0,0,4,2,2,0,0,19,4,8192,0,65232,0,64,0,0,65475,193,0,0,0,51200,0,0,56452,56484,0,65504,0,0,64,0,0,912,256,0,0,944,64,0,0,0,115,0,0,0,65532,26688
911,1000,0,0,4,2,2,0,0,19,4,37632,3584,65098,726,70,32768,8,833,417,0,0,48,28348,0,0,38268,34684,2,3712,6656,0,70,6,63250,944,9600,33280,0,944,64,0,36,0,847,61568,0,32768,0,26624
911,1100,0,0,4,2,2,0,0,19,4,8192,0,65232,0,64,0,0,65475,193,0,0,0,51200,0,0,56452,56484,0,65504,0,0,64,0,0,912,256,0,0,944,64,0,0,0,115,0,0,0,65532,26688
912,1000,0,0,4,2,2,0,0,19,4,56576,58368,65109,733,70,32768,8,831,419,0,0,48,27742,0,0,38110,34398,2,3840,6976,0,70,6,63180,944,9600,33280,0,944,64,0,36,0,848,61296,0,0,0,26624
912,1100,0,0,4,2,2,0,0,19,4,8192,0,65232,0,64,0,0,65475,193,0,0,0,51200,0,0,56452,56484,0,65504,0,0,64,0,0,912,256,0,0,944,64,0,0,0,115,0,0,0,65532,26688
913,1000,0,0,4,2,2,0,0,19,4,12800,49408,65120,740,70,32768,8,830,422,0,0,48,27127,0,0,37943,34103,2,3968,7296,0,70,6,63250,944,9664,33280,0,944,64,0,36,0,848,61024,0,32768,0,26624
913,1100,0,0,4,2,2,0,0,19,4,8192,0,65232,0,64,0,0,65475,193,0,0,0,51200,0,0,56452,56484,0,65504,0,0,64,0,0,912,256,0,0,944,64,0,0,0,115,0,0,0,65532,26688
914,1000,0,0,4,2,2,0,0,19,4,37376,42240,65131,747,70,32768,8,828,425,0,0,48,26521,0,0,37785,33817,2,4096,7616,0,70,6,63180,944,9664,33280,0,944,64,0,36,0,849,60752,0,0,0,26624
914,1100,0,0,4,2,2,0,0,19,4,8192,0,65232,0,64,0,0,65475,193,0,0,0,51200,0,0,56452,56484,0,65504,0,0,64,0,0,912,256,0,0,944,64,0,0,0,115,0,0,0,65532,26688
915,1000,0,0,4,2,2,0,0,19,4,64768,36864,65143,753,70,32768,8,826,428,0,0,48,25906,0,0,37618,33522,2,4224,7936,0,70,6,63250,944,9664,33280,0,944,64,0,36,0,849,60480,0,32768,0,26624
915,1100,0,0,4,2,2,0,0,19,4,8192,0,65232,0,64,0,0,65475,193,0,0,0,51200,0,0,56452,56484,0,65504,0,0,64,0,0,912,256,0,0,944,64,0,0,0,115,0,0,0,65532,26688
916,1000,0,0,4,2,2,0,0,19,4,29696,33024,65154,760,70,32768,8,825,431,0,0,48,25300,0,0,37460,33236,2,4352,8256,0,70,6,63180,944,9664,33280,0,944,64,0,36,0,850,60208,0,0,0,26624
916,1100,0,0,4,2,2,0,0,19,4,8192,0,65232,0,64,0,0,65475,193,0,0,0,51200,0,0,56452,56484,0,65504,0,0,64,0,0,912,256,0,0,944,64,0,0,0,115,0,0,0,65532,26688
917,1000,0,0,4,2,2,0,0,19,4,62976,30976,65166,766,70,32768,8,823,434,0,0,48,24685,0,0,37293,32941,2,4480,8576,0,70,6,63250,944,9664,33280,0,944,64,0,36,0,850,59936,0,32768,0,26624
917,1100,0,0,4,2,2,0,0,19,4,8192,0,65232,0,64,0,0,65475,193,0,0,0,51200,0,0,56452,56484,0,65504,0,0,64,0,0,912,256,0,0,944,64,0,0,0,115,0,0,0,65532,26688
918,1000,0,0,4,2,2,0,0,19,4,33792,30464,65178,773,70,32768,8,822,437,0,0,48,24079,0,0,37135,32655,2,4608,8256,0,70,6,63180,944,9664,33280,0,944,64,0,36,0,851,59664,0,0,0,26624
918,1100,0,0,4,2,2,0,0,19,4,8192,0,65232,0,64,0,0,65475,193,0,0,0,51200,0,0,56452,56484,0,65504,0,0,64,0,0,912,256,0,0,944,64,0,0,0,115,0,0,0,65532,26688
919,1000,0,0,4,2,2,0,0,19,4,7680,31744,65189,778,70,32768,8,821,440,0,0,48,24104,0,0,36968,32360,2,4736,8576,0,70,6,63250,944,9664,33280,0,944,64,0,36,0,851,59392,0,32768,0,26624
919,1100,0,0,4,2,2,0,0,19,4,8192,0,65232,0,64,0,0,65475,193,0,0,0,51200,0,0,56452,56484,0,65504,0,0,64,0,0,912,256,0,0,944,64,0,0,0,115,0,0,0,65532,26688
920,1000,0,0,4,2,2,0,0,19,4,49920,34304,65202,784,70,32768,8,819,443,0,0,48,23498,0,0,36810,32074,2,4864,8256,0,70,6,63180,944,9664,33280,0,944,64,0,36,0,852,59120,0,0,0,26624
920,1100,0,0,4,2,2,0,0,19,4,8192,0,65232,0,64,0,0,65475,193,0,0,0,51200,0,0,56452,56484,0,65504,0,0,64,0,0,912,256,0,0,944,64,0,0,0,115,0,0,0,65532,26688
921,1000,0,0,4,2,2,0,0,19,4,29952,38400,65214,789,70,32768,8,818,446,0,0,48,23523,0,0,36643,31779,2,4992,8576,0,70,6,63250,944,9728,33280,0,944,64,0,36,0,852,58848,0,32768,0,26624
921,1100,0,0,4,2,2,0,0,19,4,8192,0,65232,0,64,0,0,65475,193,0,0,0,51200,0,0,56452,56484,0,65504,0,0,64,0,0,912,256,0,0,944,64,0,0,0,115,0,0,0,65532,26688
922,1000,0,0,4,2,2,0,0,19,4,13056,43776,65226,795,70,32768,8,817,449,0,0,48,22917,0,0,36485,31493,2,5120,8256,0,70,6,63180,944,9728,33280,0,944,64,0,36,0,853,58576,0,0,0,26624
922,1100,0,0,4,2,2,0,0,19,4,8192,0,65232,0,64,0,0,65475,193,0,0,0,51200,0,0,56452,56484,0,65504,0,0,64,0,0,912,256,0,0,944,64,0,0,0,115,0,0,0,65532,26688
923,1000,0,0,4,2,2,0,0,19,4,64768,50688,65238,800,70,32768,8,815,452,0,0,48,22942,0,0,36318,31198,2,5248,8576,0,70,6,63250,944,9728,33280,0,944,64,0,36,0,853,58304,0,32768,0,26624
923,1100,0,0,4,2,2,0,0,19,4,8192,0,65232,0,64,0,0,65475,193,0,0,0,51200,0,0,56452,56484,0,65504,0,0,64,0,0,912,256,0,0,944,64,0,0,0,115,0,0,0,65532,26688
924,1000,0,0,4,2,2,0,0,19,4,54016,58880,65250,805,70,32768,8,814,455,0,0,48,22336,0,0,36160,30912,2,5376,8256,0,70,6,63180,944,9728,33280,0,944,64,0,36,0,854,58032,0,0,0,26624
924,1100,0,0,4,2,2,0,0,19,4,8192,0,65232,0,64,0,0,65475,193,0,0,0,51200,0,0,56452,56484,0,65504,0,0,64,0,0,912,256,0,0,944,64,0,0,0,115,0,0,0,65532,26688
925,1000,0,0,4,2,2,0,0,19,4,46336,2816,65263,810,70,32768,8,813,459,0,0,48,22361,0,0,35993,30617,2,5504,8576,0,70,6,63250,944,9728,33280,0,944,64,0,36,0,854,57760,0,32768,0,26624
925,1100,0,0,4,2,2,0,0,19,4,8192,0,65232,0,64,0,0,65475,193,0,0,0,51200,0,0,56452,56484,0,65504,0,0,64,0,0,912,256,0,0,944,64,0,0,0,115,0,0,0,65532,26688
926,1000,0,0,4,2,2,0,0,19,4,41984,13568,65275,815,70,32768,8,812,462,0,0,48,21755,0,0,35835,30331,2,5632,8256,0,70,6,63180,944,9728,33280,0,944,64,0,36,0,855,57488,0,0,0,26624
926,1100,0,0,4,2,2,0,0,19,4,8192,0,65232,0,64,0,0,65475,193,0,0,0,51200,0,0,56452,56484,0,65504,0,0,64,0,0,912,256,0,0,944,64,0,0,0,115,0,0,0,65532,26688
927,1000,0,0,4,2,2,0,0,19,4,40704,25600,65288,819,70,32768,8,811,465,0,0,48,21780,0,0,35668,30036,2,5760,8576,0,70,6,63250,944,9728,33280,0,944,64,0,36,0,855,57216,0,32768,0,26624
927,1100,0,0,4,2,2,0,0,19,4,8192,0,65232,0,64,0,0,65475,193,0,0,0,51200,0,0,56452,56484,0,65504,0,0,64,0,0,912,256,0,0,944,64,0,0,0,115,0,0,0,65532,26688
928,1000,0,0,4,2,2,0,0,19,4,42752,38656,65301,824,70,32768,8,810,468,0,0,48,21174,0,0,35510,29750,2,5888,8256,0,70,6,63180,944,9728,33280,0,944,64,0,36,0,856,56944,0,0,0,26624
928,1100,0,0,4,2,2,0,0,19,4,8192,0,65232,0,64,0,0,65475,193,0,0,0,51200,0,0,56452,56484,0,65504,0,0,64,0,0,912,256,0,0,944,64,0,0,0,115,0,0,0,65532,26688
929,1000,0,0,4,2,2,0,0,19,4,48128,52992,65313,827,70,32768,8,809,471,0,0,48,21199,0,0,35343,29455,2,6016,8576,0,70,6,63250,944,9792,33280,0,944,64,0,36,0,856,56672,0,32768,0,26624
929,1100,0,0,4,2,2,0,0,19,4,8192,0,65232,0,64,0,0,65475,193,0,0,0,51200,0,0,56452,56484,0,65504,0,0,64,0,0,912,256,0,0,944,64,0,0,0,115,0,0,0,65532,26688
930,1000,0,0,4,2,2,0,0,19,4,56576,2560,65326,832,70,32768,8,808,475,0,0,48,20593,0,0,35185,29169,2,6144,8256,0,70,6,63180,944,9792,33280,0,944,64,0,36,0,857,56400,0,0,0,26624
930,1100,0,0,4,2,2,0,0,19,4,8192,0,65232,0,64,0,0,65475,193,0,0,0,51200,0,0,56452,56484,0,65504,0,0,64,0,0,912,256,0,0,944,64,0,0,0,115,0,0,0,65532,26688
931,1000,0,0,4,2,2,0,0,19,4,2816,18944,65339,835,70,32768,8,808,478,0,0,48,20618,0,0,35018,28874,2,6272,8576,0,70,6,63250,944,9792,33280,0,944,64,0,36,0,857,56128,0,32768,0,26624
931,1100,0,0,4,2,2,0,0,19,4,8192,0,65232,0,64,0,0,65475,193,0,0,0,51200,0,0,56452,56484,0,65504,0,0,64,0,0,912,256,0,0,944,64,0,0,0,115,0,0,0,65532,26688
932,1000,0,0,4,2,2,0,0,19,4,17920,36096,65352,839,70,32768,8,807,481,0,0,48,20012,0,0,34860,28588,2,6400,8256,0,70,6,63180,944,9792,33280,0,944,64,0,36,0,858,55856,0,0,0,26624
932,1100,0,0,4,2,2,0,0,19,4,8192,0,65232,0,64,0,0,65475,193,0,0,0,51200,0,0,56452,56484,0,65504,0,0,64,0,0,912,256,0,0,944,64,0,0,0,115,0,0,0,65532,26688
933,1000,0,0,4,2,2,0,0,19,4,36352,54272,65365,841,70,32768,8,806,484,0,0,48,20037,0,0,34693,28293,2,6528,8576,0,70,6,63250,944,9792,33280,0,944,64,0,36,0,858,55584,0,32768,0,26624
933,1100,0,0,4,2,2,0,0,19,4,8192,0,65232,0,64,0,0,65475,193,0,0,0,51200,0,0,56452,56484,0,65504,0,0,64,0,0,912,256,0,0,944,64,0,0,0,115,0,0,0,65532,26688
934,1000,0,0,4,2,2,0,0,19,4,58112,7424,65378,845,70,32768,8,805,488,0,0,48,19431,0,0,34535,28007,2,6656,8256,0,70,6,63180,944,9792,33280,0,944,64,0,36,0,859,55312,0,0,0,26624
934,1100,0,0,4,2,2,0,0,19,4,8192,0,65232,0,64,0,0,65475,193,0,0,0,51200,0,0,56452,56484,0,65504,0,0,64,0,0,912,256,0,0,944,64,0,0,0,115,0,0,0,65532,26688
935,1000,0,0,4,2,2,0,0,19,4,17664,27136,65391,847,70,32768,8,805,491,0,0,48,19456,0,0,34368,27712,2,6784,8576,0,70,6,63250,944,9792,33280,0,944,64,0,36,0,859,55040,0,32768,0,26624
935,1100,0,0,4,2,2,0,0,19,4,8192,0,65232,0,64,0,0,65475,193,0,0,0,51200,0,0,56452,56484,0,65504,0,0,64,0,0,912,256,0,0,944,64,0,0,0,115,0,0,0,65532,26688
936,1000,0,0,4,2,2,0,0,19,4,46080,47360,65404,851,70,32768,8,804,494,0,0,48,18850,0,0,34210,27426,2,6592,8256,0,70,6,63402,944,9792,32768,0,944,64,0,0,0,860,55537,0,0,0,26624
936,1100,0,0,4,2,2,0,0,19,4,8192,0,65232,0,64,0,0,65475,193,0,0,0,51200,0,0,56452,56484,0,65504,0,0,64,0,0,912,256,0,0,944,64,0,0,0,115,0,0,0,65532,26688
937,1000,0,0,4,2,2,0,0,19,4,12288,3072,65417,852,70,32768,8,804,498,0,0,48,18903,0,0,33751,27159,2,6400,7936,0,70,6,63553,944,9856,32768,0,944,64,0,0,0,860,56034,0,32768,0,26624
937,1100,0,0,4,2,2,0,0,19,4,8192,0,65232,0,64,0,0,65475,193,0,0,0,51200,0,0,56452,56484,0,65504,0,0,64,0,0,912,256,0,0,944,64,0,0,0,115,0,0,0,65532,26688
938,1000,0,0,4,2,2,0,0,19,4,47360,24576,65454,858,70,32768,8,803,501,0,0,48,18975,0,0,33311,26911,2,6208,7616,0,70,6,63703,944,9856,32768,0,944,64,0,0,0,861,56531,0,0,0,26624
938,1100,0,0,4,2,2,0,0,19,4,8192,0,65232,0,64,0,0,65475,193,0,0,0,51200,0,0,56452,56484,0,65504,0,0,64,0,0,912,256,0,0,944,64,0,0,0,115,0,0,0,65532,26688
939,1000,0,0,4,2,2,0,0,19,4,26368,47616,65491,861,70,32768,8,803,504,0,0,48,19065,0,0,32889,26681,2,6016,7296,0,70,6,63852,944,9856,32768,0,944,64,0,0,0,861,57028,0,32768,0,26624
939,1100,0,0,4,2,2,0,0,19,4,8192,0,65232,0,64,0,0,65475,193,0,0,0,51200,0,0,56452,56484,0,65504,0,0,64,0,0,912,256,0,0,944,64,0,0,0,115,0,0,0,65532,26688
940,1000,0,0,4,2,2,0,0,19,4,14848,5888,65526,862,70,32768,8,803,508,0,0,48,19174,0,0,32486,26470,2,5824,6976,0,70,6,64000,944,9856,32768,0,944,64,0,0,0,862,57525,0,0,0,26624
940,1100,0,0,4,2,2,0,0,19,4,8192,0,65232,0,64,0,0,65475,193,0,0,0,51200,0,0,56452,56484,0,65504,0,0,64,0,0,912,256,0,0,944,64,0,0,0,115,0,0,0,65532,26688
941,1000,0,0,4,2,2,0,0,19,4,12288,29952,23,862,70,32768,8,803,511,0,0,48,19302,0,0,32102,26278,2,5632,6656,0,70,6,64146,944,9856,32768,0,944,64,0,0,0,862,58022,0,32768,0,26624
941,1100,0,0,4,2,2,0,0,19,4,8192,0,65232,0,64,0,0,65475,193,0,0,0,51200,0,0,56452,56484,0,65504,0,0,64,0,0,912,256,0,0,944,64,0,0,0,115,0,0,0,65532,26688
942,1000,0,0,4,2,2,0,0,19,4,18176,54016,55,862,70,32768,8,803,514,0,0,48,19448,0,0,31736,26104,2,5440,6336,0,70,6,64291,944,9856,32768,0,944,64,0,0,0,863,58519,0,0,0,26624
942,1100,0,0,4,2,2,0,0,19,4,8192,0,65232,0,64,0,0,65475,193,0,0,0,51200,0,0,56452,56484,0,65504,0,0,64,0,0,912,256,0,0,944,64,0,0,0,115,0,0,0,65532,26688
943,1000,0,0,4,2,2,0,0,19,4,32256,12544,85,859,70,32768,8,803,518,0,0,48,19612,0,0,31388,25948,2,5248,6016,0,70,6,64435,944,9856,32768,0,944,64,0,0,0,863,59016,0,32768,0,26624
943,1100,0,0,4,2,2,0,0,19,4,8192,0,65232,0,64,0,0,65475,193,0,0,0,51200,0,0,56452,56484,0,65504,0,0,64,0,0,912,256,0,0,944,64,0,0,0,115,0,0,0,65532,26688
944,1000,0,0,4,2,2,0,0,19,4,54016,35840,113,857,70,32768,8,803,521,0,0,48,19794,0,0,31058,25810,2,5056,5696,0,70,6,64582,944,9856,32768,0,944,64,0,0,0,864,59513,0,0,0,26624
944,1100,0,0,4,2,2,0,0,19,4,8192,0,65232,0,64,0,0,65475,193,0,0,0,51200,0,0,56452,56484,0,65504,0,0,64,0,0,912,256,0,0,944,64,0,0,0,115,0,0,0,65532,26688
945,1000,0,0,4,2,2,0,0,19,4,17408,58624,141,853,70,32768,8,804,524,0,0,48,19994,0,0,30746,25690,2,4864,5376,0,70,6,64727,944,9920,32768,0,944,64,0,0,0,864,60010,0,32768,0,26624
945,1100,0,0,4,2,2,0,0,19,4,8192,0,65232,0,64,0,0,65475,193,0,0,0,51200,0,0,56452,56484,0,65504,0,0,64,0,0,912,256,0,0,944,64,0,0,0,115,0,0,0,65532,26688
946,1000,0,0,4,2,2,0,0,19,4,53504,14848,166,849,70,32768,8,804,528,0,0,48,20212,0,0,30452,25588,2,4672,5056,0,70,6,64870,944,9920,32768,0,944,64,0,0,0,865,60507,0,0,0,26624
946,1100,0,0,4,2,2,0,0,19,4,8192,0,65232,0,64,0,0,65475,193,0,0,0,51200,0,0,56452,56484,0,65504,0,0,64,0,0,912,256,0,0,944,64,0,0,0,115,0,0,0,65532,26688
947,1000,0,0,4,2,2,0,0,19,4,30464,35584,190,844,70,32768,8,805,531,0,0,48,20448,0,0,30176,25504,2,4480,4736,0,70,6,65012,944,9920,32768,0,944,64,0,0,0,865,61004,0,32768,0,26624
947,1100,0,0,4,2,2,0,0,19,4,8192,0,65232,0,64,0,0,65475,193,0,0,0,51200,0,0,56452,56484,0,65504,0,0,64,0,0,912,256,0,0,944,64,0,0,0,115,0,0,0,65532,26688
948,1000,0,0,4,2,2,0,0,19,4,13568,55040,213,840,70,32768,8,806,534,0,0,48,20702,0,0,29918,25438,2,4288,4416,0,70,6,65152,944,9920,32768,0,944,64,0,0,0,866,61501,0,0,0,26624
948,1100,0,0,4,2,2,0,0,19,4,8192,0,65232,0,64,0,0,65475,193,0,0,0,51200,0,0,56452,56484,0,65504,0,0,64,0,0,912,256,0,0,944,64,0,0,0,115,0,0,0,65532,26688
949,1000,0,0,4,2,2,0,0,19,4,2560,7936,233,835,70,32768,8,807,538,0,0,48,20974,0,0,29678,25390,2,4096,4096,0,70,6,65290,944,9920,32768,0,944,64,0,0,0,866,61998,0,32768,0,26624
949,1100,0,0,4,2,2,0,0,19,4,8192,0,65232,0,64,0,0,65475,193,0,0,0,51200,0,0,56452,56484,0,65504,0,0,64,0,0,912,256,0,0,944,64,0,0,0,115,0,0,0,65532,26688
950,1000,256,0,4,2,2,0,0,19,4,62208,25088,253,830,70,32768,8,807,541,0,0,48,21263,0,0,29455,25359,2,3840,3776,0,70,6,65419,944,9920,33025,0,944,64,0,0,0,867,61950,0,0,0,26624
950,1100,256,0,4,2,2,0,0,19,4,8192,0,65232,0,64,0,0,65475,193,0,0,0,51200,0,0,56452,56484,0,65504,0,0,64,0,0,912,256,0,0,944,64,0,0,0,115,0,0,0,65532,26688
951,1000,0,0,4,2,2,0,0,19,4,61440,40960,270,824,70,32768,8,808,544,0,0,48,21568,0,0,29184,25344,2,3584,3456,0,70,6,10,944,9920,33024,0,944,64,0,0,0,867,61902,0,32768,0,26624
951,1100,0,0,4,2,2,0,0,19,4,8192,0,65232,0,64,0,0,65475,193,0,0,0,51200,0,0,56452,56484,0,65504,0,0,64,0,0,912,256,0,0,944,64,0,0,0,115,0,0,0,65532,26688
952,1000,0,0,4,2,2,0,0,19,4,65024,55296,292,818,70,32768,8,809,547,0,0,48,21889,0,0,28929,25345,2,3328,3136,0,70,6,96,944,9920,33024,0,944,64,0,0,0,868,61854,0,0,0,26624
952,1100,0,0,4,2,2,0,0,19,4,8192,0,65232,0,64,0,0,65475,193,0,0,0,51200,0,0,56452,56484,0,65504,0,0,64,0,0,912,256,0,0,944,64,0,0,0,115,0,0,0,65532,26688
953,1000,0,0,4,2,2,0,0,19,4,8704,2560,312,810,70,32768,8,811,551,0,0,48,22221,0,0,28685,25357,2,3072,2816,0,70,6,181,944,9984,33024,0,944,64,0,0,0,868,61806,0,32768,0,26624
953,1100,0,0,4,2,2,0,0,19,4,8192,0,65232,0,64,0,0,65475,193,0,0,0,51200,0,0,56452,56484,0,65504,0,0,64,0,0,912,256,0,0,944,64,0,0,0,115,0,0,0,65532,26688
954,1000,0,0,4,2,2,0,0,19,4,23040,13312,331,804,70,32768,8,812,554,0,0,48,22563,0,0,28451,25379,2,2816,2496,0,70,6,265,944,9984,33024,0,944,64,0,0,0,869,61758,0,0,0,26624
954,1100,0,0,4,2,2,0,0,19,4,8192,0,65232,0,64,0,0,65475,193,0,0,0,51200,0,0,56452,56484,0,65504,0,0,64,0,0,912,256,0,0,944,64,0,0,0,115,0,0,0,65532,26688
955,1000,0,0,4,2,2,0,0,19,4,42240,22528,349,796,70,32768,8,813,557,0,0,48,22916,0,0,28228,25412,2,2560,2176,0,70,6,348,944,9984,33024,0,944,64,0,0,0,869,61710,0,32768,0,26624
955,1100,0,0,4,2,2,0,0,19,4,8192,0,65232,0,64,0,0,65475,193,0,0,0,51200,0,0,56452,56484,0,65504,0,0,64,0,0,912,256,0,0,944,64,0,0,0,115,0,0,0,65532,26688
956,1000,0,0,4,2,2,0,0,19,4,512,29696,366,789,70,32768,8,815,560,0,0,48,23279,0,0,28015,25455,2,2304,1856,0,70,6,430,944,9984,33024,0,944,64,0,0,0,870,61662,0,0,0,26624
956,1100,0,0,4,2,2,0,0,19,4,8192,0,65232,0,64,0,0,65475,193,0,0,0,51200,0,0,56452,56484,0,65504,0,0,64,0,0,912,256,0,0,944,64,0,0,0,115,0,0,0,65532,26688
957,1000,0,0,4,2,2,0,0,19,4,28672,35072,382,782,70,32768,8,816,563,0,0,48,23652,0,0,27812,25508,2,2048,1536,0,70,6,511,944,9984,33024,0,944,64,0,0,0,870,61614,0,32768,0,26624
957,1100,0,0,4,2,2,0,0,19,4,8192,0,65232,0,64,0,0,65475,193,0,0,0,51200,0,0,56452,56484,0,65504,0,0,64,0,0,912,256,0,0,944,64,0,0,0,115,0,0,0,65532,26688
958,1000,0,0,4,2,2,0,0,19,4,60928,38656,398,775,70,32768,8,817,566,0,0,48,24035,0,0,27619,25571,2,1792,1216,0,70,6,591,944,9984,33024,0,944,64,0,0,0,871,61566,0,0,0,26624
958,1100,0,0,4,2,2,0,0,19,4,8192,0,65232,0,64,0,0,65475,193,0,0,0,51200,0,0,56452,56484,0,65504,0,0,64,0,0,912,256,0,0,944,64,0,0,0,115,0,0,0,65532,26688
959,1000,0,0,4,2,2,0,0,19,4,31744,40448,412,768,70,32768,8,819,569,0,0,48,24428,0,0,27436,25644,2,1536,896,0,70,6,671,944,9984,33024,0,944,64,0,0,0,871,61518,0,32768,0,26624
959,1100,0,0,4,2,2,0,0,19,4,8192,0,65232,0,64,0,0,65475,193,0,0,0,51200,0,0,56452,56484,0,65504,0,0,64,0,0,912,256,0,0,944,64,0,0,0,115,0,0,0,65532,26688
960,1000,0,0,4,2,2,0,0,19,4,6144,40448,426,761,70,32768,8,821,572,0,0,48,24831,0,0,27263,25727,2,1280,576,0,70,6,750,944,9984,33024,0,944,64,0,0,0,872,61470,0,0,0,26624
960,1100,0,0,4,2,2,0,0,19,4,8192,0,65232,0,64,0,0,65475,193,0,0,0,51200,0,0,56452,56484,0,65504,0,0,64,0,0,912,256,0,0,944,64,0,0,0,115,0,0,0,65532,26688
961,1000,0,0,4,2,2,0,0,19,4,49664,38656,439,754,70,32768,8,822,575,0,0,48,25244,0,0,27100,25820,2,1024,256,0,70,6,828,944,10048,33024,0,944,64,0,0,0,872,61422,0,32768,0,26624
961,1100,0,0,4,2,2,0,0,19,4,8192,0,65232,0,64,0,0,65475,193,0,0,0,51200,0,0,56452,56484,0,65504,0,0,64,0,0,912,256,0,0,944,64,0,0,0,115,0,0,0,65532,26688
962,1000,0,0,4,2,2,0,0,19,4,30976,35072,451,748,70,32768,8,824,578,0,0,48,25667,0,0,26947,25923,2,832,0,0,70,6,683,944,10048,32768,0,944,64,0,0,0,873,61919,0,0,0,26624
962,1100,0,0,4,2,2,0,0,19,4,8192,0,65232,0,64,0,0,65475,193,0,0,0,51200,0,0,56452,56484,0,65504,0,0,64,0,0,912,256,0,0,944,64,0,0,0,115,0,0,0,65532,26688
963,1000,0,0,4,2,2,0,0,19,4,15360,29952,462,741,70,32768,8,826,581,0,0,48,26008,0,0,26840,26008,2,640,0,0,70,6,540,944,10048,32768,0,944,64,0,0,0,873,62416,0,32768,0,26624
963,1100,0,0,4,2,2,0,0,19,4,8192,0,65232,0,64,0,0,65475,193,0,0,0,51200,0,0,56452,56484,0,65504,0,0,64,0,0,912,256,0,0,944,64,0,0,0,115,0,0,0,65532,26688
964,1000,0,0,4,2,2,0,0,19,4,2560,23040,470,737,70,32768,8,828,584,0,0,48,26075,0,0,26715,26075,2,448,0,0,70,6,399,944,10048,32768,0,944,64,0,0,0,874,62913,0,0,0,26624
964,1100,0,0,4,2,2,0,0,19,4,8192,0,65232,0,64,0,0,65475,193,0,0,0,51200,0,0,56452,56484,0,65504,0,0,64,0,0,912,256,0,0,944,64,0,0,0,115,0,0,0,65532,26688
965,1000,0,0,4,2,2,0,0,19,4,57344,15104,479,731,70,32768,8,829,587,0,0,48,26124,0,0,26572,26124,2,256,0,0,70,6,259,944,10048,32768,0,944,64,0,0,0,874,63410,0,32768,0,26624
965,1100,0,0,4,2,2,0,0,19,4,8192,0,65232,0,64,0,0,65475,193,0,0,0,51200,0,0,56452,56484,0,65504,0,0,64,0,0,912,256,0,0,944,64,0,0,0,115,0,0,0,65532,26688
966,1000,0,0,4,2,2,0,0,19,4,48896,5632,489,726,70,32768,8,831,590,0,0,48,26156,0,0,26412,26156,2,64,0,0,70,6,121,944,10048,32768,0,944,64,0,0,0,875,63907,0,0,0,26624
966,1100,0,0,4,2,2,0,0,19,4,8192,0,65232,0,64,0,0,65475,193,0,0,0,51200,0,0,56452,56484,0,65504,0,0,64,0,0,912,256,0,0,944,64,0,0,0,115,0,0,0,65532,26688
967,1000,0,0,4,2,2,0,0,19,4,43008,60416,500,718,70,32768,8,833,592,0,0,48,26171,0,0,26235,26171,0,64,0,0,70,6,0,944,10048,32768,0,944,64,0,0,0,875,64404,0,32768,0,26624
967,1100,0,0,4,2,2,0,0,19,4,8192,0,65232,0,64,0,0,65475,193,0,0,0,51200,0,0,56452,56484,0,65504,0,0,64,0,0,912,256,0,0,944,64,0,0,0,115,0,0,0,65532,26688
968,1000,0,0,4,2,2,0,0,19,4,39936,47616,513,710,70,32768,8,835,595,0,0,48,26171,0,0,26235,26171,0,64,0,0,70,6,0,944,10048,32768,0,944,64,0,0,0,876,0,0,0,0,26624
968,1100,0,0,4,2,2,0,0,19,4,8192,0,65232,0,64,0,0,65475,193,0,0,0,51200,0,0,56452,56484,0,65504,0,0,64,0,0,912,256,0,0,944,64,0,0,0,115,0,0,0,65532,26688
969,1000,0,0,4,2,2,0,0,19,4,40192,32768,513,710,70,32768,8,837,598,0,0,48,26171,0,0,26235,26171,0,64,0,0,70,6,0,944,10112,32768,0,944,64,0,0,0,876,0,0,32768,0,26624
969,1100,0,0,4,2,2,0,0,19,4,8192,0,65232,0,64,0,0,65475,193,0,0,0,51200,0,0,56452,56484,0,65504,0,0,64,0,0,912,256,0,0,944,64,0,0,0,115,0,0,0,65532,26688
970,1000,0,0,4,2,2,0,0,19,4,40448,17920,514,711,70,32768,8,839,601,0,0,48,26171,0,0,26235,26171,0,64,0,0,70,6,0,944,10112,32768,0,944,64,0,0,0,877,0,0,0,0,26624
970,1100,0,0,4,2,2,0,0,19,4,8192,0,65232,0,64,0,0,65475,193,0,0,0,51200,0,0,56452,56484,0,65504,0,0,64,0,0,912,256,0,0,944,64,0,0,0,115,0,0,0,65532,26688
971,1000,0,0,4,2,2,0,0,19,4,40960,3328,514,711,70,32768,8,841,604,0,0,48,26171,0,0,26235,26171,0,64,0,0,70,6,0,944,10112,32768,0,944,64,0,0,0,877,0,0,32768,0,26624
971,1100,0,0,4,2,2,0,0,19,4,8192,0,65232,0,64,0,0,65475,193,0,0,0,51200,0,0,56452,56484,0,65504,0,0,64,0,0,912,256,0,0,944,64,0,0,0,115,0,0,0,65532,26688
972,1000,272,0,4,2,2,0,0,19,4,41472,54272,514,712,70,32768,8,843,606,0,0,112,26171,0,0,26235,26171,0,64,0,0,70,6,118,944,10112,33045,1,944,80,0,0,0,878,0,0,0,0,26624
972,1100,272,0,4,2,2,0,0,19,4,8192,0,65232,0,64,0,0,65475,193,0,0,0,51200,0,0,56452,56484,0,65504,0,0,64,0,0,912,256,0,0,944,64,0,0,0,115,0,0,0,65532,26688
973,1000,0,0,4,2,2,0,0,19,4,41984,39936,514,712,70,34816,8,845,609,0,224,112,26185,0,2,26249,26185,0,64,0,0,70,6,235,944,10112,33040,3,944,80,0,32768,0,878,0,0,32768,0,26624
973,1100,0,0,4,2,2,0,0,19,4,8192,0,65232,0,64,0,0,65475,193,0,0,0,51200,0,0,56452,56484,0,65504,0,0,64,0,0,912,256,0,0,944,64,0,0,0,115,0,0,0,65532,26688
974,1000,0,0,4,2,2,0,0,19,4,42496,25600,514,713,70,34816,8,847,612,198,198,112,26214,0,2,26278,26214,0,64,0,0,70,6,350,944,10112,33040,4,944,80,0,32768,0,879,0,0,0,0,26624
974,1100,0,0,4,2,2,0,0,19,4,8192,0,65232,0,64,0,0,65475,193,0,0,0,51200,0,0,56452,56484,0,65504,0,0,64,0,0,912,256,0,0,944,64,0,0,0,115,0,0,0,65532,26688
975,1000,0,0,4,2,2,0,0,19,4,43008,11520,512,715,70,34816,8,849,615,370,172,112,26257,0,2,26321,26257,0,64,0,0,70,6,464,944,10112,33040,5,944,80,0,32768,0,879,0,0,32768,0,26624
975,1100,0,0,4,2,2,0,0,19,4,8192,0,65232,0,64,0,0,65475,193,0,0,0,51200,0,0,56452,56484,0,65504,0,0,64,0,0,912,256,0,0,944,64,0,0,0,115,0,0,0,65532,26688
976,1000,0,0,4,2,2,0,0,19,4,43008,63488,510,718,70,34816,8,851,617,516,146,112,26315,0,2,26379,26315,0,64,0,0,70,6,577,944,10112,33040,6,944,80,0,32768,0,880,0,0,0,0,26624
976,1100,0,0,4,2,2,0,0,19,4,8192,0,65232,0,64,0,0,65475,193,0,0,0,51200,0,0,56452,56484,0,65504,0,0,64,0,0,912,256,0,0,944,64,0,0,0,115,0,0,0,65532,26688
977,1000,0,0,4,2,2,0,0,19,4,42496,50688,505,720,70,34816,8,853,620,636,120,112,26387,0,2,26451,26387,0,64,0,0,70,6,688,944,10176,33040,7,944,80,0,32768,0,880,0,0,32768,0,26624
977,1100,0,0,4,2,2,0,0,19,4,8192,0,65232,0,64,0,0,65475,193,0,0,0,51200,0,0,56452,56484,0,65504,0,0,64,0,0,912,256,0,0,944,64,0,0,0,115,0,0,0,65532,26688
978,1000,0,0,4,2,2,0,0,19,4,40704,38400,501,725,70,34816,8,855,623,730,94,48,26473,0,2,26537,26473,0,64,0,0,70,6,766,944,10176,33024,0,944,64,0,32768,0,881,0,0,0,0,26624
978,1100,0,0,4,2,2,0,0,19,4,8192,0,65232,0,64,0,0,65475,193,0,0,0,51200,0,0,56452,56484,0,65504,0,0,64,0,0,912,256,0,0,944,64,0,0,0,115,0,0,0,65532,26688
979,1000,0,0,4,2,2,0,0,19,4,37888,27392,495,729,70,34816,8,857,626,798,68,48,26568,0,2,26632,26568,0,64,0,0,70,6,843,944,10176,33024,0,944,64,0,32768,0,881,0,0,32768,0,26624
979,1100,0,0,4,2,2,0,0,19,4,8192,0,65232,0,64,0,0,65475,193,0,0,0,51200,0,0,56452,56484,0,65504,0,0,64,0,0,912,256,0,0,944,64,0,0,0,115,0,0,0,65532,26688
980,1000,0,0,4,2,2,0,0,19,4,33536,17408,489,734,70,34816,8,859,629,840,42,48,26673,0,2,26737,26673,2,64,0,0,70,6,920,944,10176,33024,0,944,64,0,32768,0,882,0,0,0,0,26624
980,1100,0,0,4,2,2,0,0,19,4,8192,0,65232,0,64,0,0,65475,193,0,0,0,51200,0,0,56452,56484,0,65504,0,0,64,0,0,912,256,0,0,944,64,0,0,0,115,0,0,0,65532,26688
981,1000,0,0,4,2,2,0,0,19,4,27648,8704,482,739,70,34816,8,861,632,856,16,48,26788,0,2,26852,26788,2,65344,65216,0,70,6,996,944,10176,33024,0,944,64,0,32768,0,882,65488,0,32768,0,26624
981,1100,0,0,4,2,2,0,0,19,4,8192,0,65232,0,64,0,0,65475,193,0,0,0,51200,0,0,56452,56484,0,65504,0,0,64,0,0,912,256,0,0,944,64,0,0,0,115,0,0,0,65532,26688
982,1000,0,0,4,2,2,0,0,19,4,19968,1280,474,745,70,34816,8,863,635,846,65526,48,27232,0,2,26720,26912,2,65216,64896,0,70,6,1071,944,10176,33024,0,944,64,0,32768,0,883,224,0,0,0,26624
982,1100,0,0,4,2,2,0,0,19,4,8192,0,65232,0,64,0,0,65475,193,0,0,0,51200,0,0,56452,56484,0,65504,0,0,64,0,0,912,256,0,0,944,64,0,0,0,115,0,0,0,65532,26688
983,1000,0,0,4,2,2,0,0,19,4,10240,60928,483,739,70,34816,8,865,637,810,65500,48,27685,0,2,26725,27045,2,65088,64576,0,70,6,1145,944,10176,33024,0,944,64,0,32768,0,883,496,0,32768,0,26624
983,1100,0,0,4,2,2,0,0,19,4,8192,0,65232,0,64,0,0,65475,193,0,0,0,51200,0,0,56452,56484,0,65504,0,0,64,0,0,912,256,0,0,944,64,0,0,0,115,0,0,0,65532,26688
984,1000,0,0,4,2,2,0,0,19,4,2816,53504,483,740,70,34816,8,867,640,748,65474,48,28148,0,2,26740,27188,2,64960,64256,0,70,6,1218,944,10176,33024,0,944,64,0,32768,0,884,768,0,0,0,26624
984,1100,0,0,4,2,2,0,0,19,4,8192,0,65232,0,64,0,0,65475,193,0,0,0,51200,0,0,56452,56484,0,65504,0,0,64,0,0,912,256,0,0,944,64,0,0,0,115,0,0,0,65532,26688
985,1000,0,0,4,2,2,0,0,19,4,60928,46336,482,741,70,34816,8,868,643,660,65448,48,28620,0,2,26764,27340,2,64832,63936,0,70,6,1290,944,10240,33024,0,944,64,0,32768,0,884,1040,0,32768,0,26624
985,1100,0,0,4,2,2,0,0,19,4,8192,0,65232,0,64,0,0,65475,193,0,0,0,51200,0,0,56452,56484,0,65504,0,0,64,0,0,912,256,0,0,944,64,0,0,0,115,0,0,0,65532,26688
986,1000,0,0,4,2,2,0,0,19,4,53248,39424,481,743,70,34816,8,870,646,546,65422,48,29101,0,2,26797,27501,2,64704,63616,0,70,6,1361,944,10240,33024,0,944,64,0,32768,0,885,1312,0,0,0,26624
986,1100,0,0,4,2,2,0,0,19,4,8192,0,65232,0,64,0,0,65475,193,0,0,0,51200,0,0,56452,56484,0,65504,0,0,64,0,0,912,256,0,0,944,64,0,0,0,115,0,0,0,65532,26688
987,1000,0,0,4,2,2,0,0,19,4,45312,33024,479,744,70,34816,8,872,649,406,65396,48,29591,0,2,26839,27671,2,64576,63296,0,70,6,1432,944,10240,33024,0,944,64,0,32768,0,885,1584,0,32768,0,26624
987,1100,0,0,4,2,2,0,0,19,4,8192,0,65232,0,64,0,0,65475,193,0,0,0,51200,0,0,56452,56484,0,65504,0,0,64,0,0,912,256,0,0,944,64,0,0,0,115,0,0,0,65532,26688
988,1000,0,0,4,2,2,0,0,19,4,36864,26880,477,747,70,34816,8,874,652,240,65370,48,30090,0,2,26890,27850,2,64448,62976,0,70,6,1502,944,10240,33024,0,944,64,0,32768,0,886,1856,0,0,0,26624
988,1100,0,0,4,2,2,0,0,19,4,8192,0,65232,0,64,0,0,65475,193,0,0,0,51200,0,0,56452,56484,0,65504,0,0,64,0,0,912,256,0,0,944,64,0,0,0,115,0,0,0,65532,26688
989,1000,0,0,4,2,2,0,0,19,4,27904,21504,473,749,70,34816,8,876,655,48,65344,48,30597,0,2,26949,28037,2,64320,62656,0,70,6,1571,944,10240,33024,0,944,64,0,32768,0,886,2128,0,32768,0,26624
989,1100,0,0,4,2,2,0,0,19,4,8192,0,65232,0,64,0,0,65475,193,0,0,0,51200,0,0,56452,56484,0,65504,0,0,64,0,0,912,256,0,0,944,64,0,0,0,115,0,0,0,65532,26688
990,1000,0,0,4,2,2,0,0,19,4,17920,16640,469,753,70,34816,8,878,658,0,0,48,31113,0,0,27017,28233,2,64192,62336,0,70,6,1639,944,10240,33024,0,944,64,0,0,0,887,2400,0,0,0,26624
990,1100,0,0,4,2,2,0,0,19,4,8192,0,65232,0,64,0,0,65475,193,0,0,0,51200,0,0,56452,56484,0,65504,0,0,64,0,0,912,256,0,0,944,64,0,0,0,115,0,0,0,65532,26688
991,1000,0,0,4,2,2,0,0,19,4,6912,12800,464,756,70,32768,8,880,661,0,0,48,31637,0,0,27093,28437,2,64064,62016,0,70,6,1706,944,10240,33024,0,944,64,0,4,0,887,2672,0,32768,0,26624
991,1100,0,0,4,2,2,0,0,19,4,8192,0,65232,0,64,0,0,65475,193,0,0,0,51200,0,0,56452,56484,0,65504,0,0,64,0,0,912,256,0,0,944,64,0,0,0,115,0,0,0,65532,26688
992,1000,0,0,4,2,2,0,0,19,4,60160,9728,459,760,70,32768,8,881,664,0,0,48,32170,0,0,27178,28650,2,63936,61696,0,70,6,1772,944,10240,33024,0,944,64,0,4,0,888,2944,0,0,0,26624
992,1100,0,0,4,2,2,0,0,19,4,8192,0,65232,0,64,0,0,65475,193,0,0,0,51200,0,0,56452,56484,0,65504,0,0,64,0,0,912,256,0,0,944,64,0,0,0,115,0,0,0,65532,26688
993,1000,0,0,4,2,2,0,0,19,4,46592,7680,453,764,70,32768,8,883,667,0,0,48,32711,0,0,27271,28871,2,63808,61376,0,70,6,1838,944,10304,33024,0,944,64,0,4,0,888,3216,0,32768,0,26624
993,1100,0,0,4,2,2,0,0,19,4,8192,0,65232,0,64,0,0,65475,193,0,0,0,51200,0,0,56452,56484,0,65504,0,0,64,0,0,912,256,0,0,944,64,0,0,0,115,0,0,0,65532,26688
994,1000,0,0,4,2,2,0,0,19,4,31488,6656,447,769,70,32768,8,885,670,0,0,48,33260,0,0,27372,29100,2,63680,61056,0,70,6,1903,944,10304,33024,0,944,64,0,4,0,889,3488,0,0,0,26624
994,1100,0,0,4,2,2,0,0,19,4,8192,0,65232,0,64,0,0,65475,193,0,0,0,51200,0,0,56452,56484,0,65504,0,0,64,0,0,912,256,0,0,944,64,0,0,0,115,0,0,0,65532,26688
995,1000,0,0,4,2,2,0,0,19,4,14848,6912,439,773,70,32768,8,887,673,0,0,48,33817,0,0,27481,29337,2,63552,60736,0,70,6,1967,944,10304,33024,0,944,64,0,4,0,889,3760,0,32768,0,26624
995,1100,0,0,4,2,2,0,0,19,4,8192,0,65232,0,64,0,0,65475,193,0,0,0,51200,0,0,56452,56484,0,65504,0,0,64,0,0,912,256,0,0,944,64,0,0,0,115,0,0,0,65532,26688
996,1000,0,0,4,2,2,0,0,19,4,61696,8192,432,779,70,32768,8,888,676,0,0,48,34382,0,0,27598,29582,2,63424,60416,0,70,6,2030,944,10304,33024,0,944,64,0,4,0,890,4032,0,0,0,26624
996,1100,0,0,4,2,2,0,0,19,4,8192,0,65232,0,64,0,0,65475,193,0,0,0,51200,0,0,56452,56484,0,65504,0,0,64,0,0,912,256,0,0,944,64,0,0,0,115,0,0,0,65532,26688
997,1000,0,0,4,2,2,0,0,19,4,41216,11008,423,784,70,32768,8,890,679,0,0,48,34955,0,0,27723,29835,2,63296,60096,0,70,6,2093,944,10304,33024,0,944,64,0,4,0,890,4304,0,32768,0,26624
997,1100,0,0,4,2,2,0,0,19,4,8192,0,65232,0,64,0,0,65475,193,0,0,0,51200,0,0,56452,56484,0,65504,0,0,64,0,0,912,256,0,0,944,64,0,0,0,115,0,0,0,65532,26688
998,1000,0,0,4,2,2,0,0,19,4,18432,15104,414,789,70,32768,8,892,682,0,0,48,35536,0,0,27856,30096,2,63168,59776,0,70,6,2155,944,10304,33024,0,944,64,0,4,0,891,4576,0,0,0,26624
998,1100,0,0,4,2,2,0,0,19,4,8192,0,65232,0,64,0,0,65475,193,0,0,0,51200,0,0,56452,56484,0,65504,0,0,64,0,0,912,256,0,0,944,64,0,0,0,115,0,0,0,65532,26688
999,1000,0,0,4,2,2,0,0,19,4,58880,20480,404,795,70,32768,8,893,685,0,0,48,36125,0,0,27997,30365,2,63040,59456,0,70,6,2216,944,10304,33024,0,944,64,0,4,0,891,4848,0,32768,0,26624
999,1100,0,0,4,2,2,0,0,19,4,8192,0,65232,0,64,0,0,65475,193,0,0,0,51200,0,0,56452,56484,0,65504,0,0,64,0,0,912,256,0,0,944,64,0,0,0,115,0,0,0,65532,26688
1000,1000,0,0,4,2,2,0,0,19,4,31232,27392,393,801,70,32768,8,895,688,0,0,48,36722,0,0,28146,30642,2,62912,59136,0,70,6,2277,944,10304,33024,0,944,64,0,4,0,892,5120,0,0,0,26624
1000,1100,0,0,4,2,2,0,0,19,4,8192,0,65232,0,64,0,0,65475,193,0,0,0,51200,0,0,56452,56484,0,65504,0,0,64,0,0,912,256,0,0,944,64,0,0,0,115,0,0,0,65532,26688
1001,1000,0,0,4,2,2,0,0,19,4,768,35840,382,807,70,32768,8,897,691,0,0,48,37326,0,0,28302,30926,2,62784,58816,0,70,6,2337,944,10368,33024,0,944,64,0,36,0,892,5392,0,32768,0,26624
1001,1100,0,0,4,2,2,0,0,19,4,8192,0,65232,0,64,0,0,65475,193,0,0,0,51200,0,0,56452,56484,0,65504,0,0,64,0,0,912,256,0,0,944,64,0,0,0,115,0,0,0,65532,26688
1002,1000,0,0,4,2,2,0,0,19,4,33024,45824,370,813,70,32768,8,898,694,0,0,48,37938,0,0,28466,31218,2,62656,58496,0,70,6,2277,944,10368,33024,0,944,64,0,36,0,893,5664,0,0,0,26624
1002,1100,0,0,4,2,2,0,0,19,4,8192,0,65232,0,64,0,0,65475,193,0,0,0,51200,0,0,56452,56484,0,65504,0,0,64,0,0,912,256,0,0,944,64,0,0,0,115,0,0,0,65532,26688
1003,1000,0,0,4,2,2,0,0,19,4,62208,57344,357,819,70,32768,8,899,697,0,0,48,38542,0,0,28622,31502,2,62528,58176,0,70,6,2337,944,10368,33024,0,944,64,0,36,0,893,5936,0,32768,0,26624
1003,1100,0,0,4,2,2,0,0,19,4,8192,0,65232,0,64,0,0,65475,193,0,0,0,51200,0,0,56452,56484,0,65504,0,0,64,0,0,912,256,0,0,944,64,0,0,0,115,0,0,0,65532,26688
1004,1000,0,0,4,2,2,0,0,19,4,22528,4864,346,825,70,32768,8,901,701,0,0,48,39154,0,0,28786,31794,2,62400,57856,0,70,6,2277,944,10368,33024,0,944,64,0,36,0,894,6208,0,0,0,26624
1004,1100,0,0,4,2,2,0,0,19,4,8192,0,65232,0,64,0,0,65475,193,0,0,0,51200,0,0,56452,56484,0,65504,0,0,64,0,0,912,256,0,0,944,64,0,0,0,115,0,0,0,65532,26688
1005,1000,0,0,4,2,2,0,0,19,4,45568,19456,333,830,70,32768,8,902,704,0,0,48,39758,0,0,28942,32078,2,62272,57536,0,70,6,2337,944,10368,33024,0,944,64,0,36,0,894,6480,0,32768,0,26624
1005,1100,0,0,4,2,2,0,0,19,4,8192,0,65232,0,64,0,0,65475,193,0,0,0,51200,0,0,56452,56484,0,65504,0,0,64,0,0,912,256,0,0,944,64,0,0,0,115,0,0,0,65532,26688
1006,1000,0,0,4,2,2,0,0,19,4,65280,35328,320,836,70,32768,8,903,707,0,0,48,40370,0,0,29106,32370,2,62144,57216,0,70,6,2277,944,10368,33024,0,944,64,0,36,0,895,6752,0,0,0,26624
1006,1100,0,0,4,2,2,0,0,19,4,8192,0,65232,0,64,0,0,65475,193,0,0,0,51200,0,0,56452,56484,0,65504,0,0,64,0,0,912,256,0,0,944,64,0,0,0,115,0,0,0,65532,26688
1007,1000,0,0,4,2,2,0,0,19,4,16128,52736,307,841,70,32768,8,905,710,0,0,48,40974,0,0,29262,32654,2,62016,56896,0,70,6,2337,944,10368,33024,0,944,64,0,36,0,895,7024,0,32768,0,26624
1007,1100,0,0,4,2,2,0,0,19,4,8192,0,65232,0,64,0,0,65475,193,0,0,0,51200,0,0,56452,56484,0,65504,0,0,64,0,0,912,256,0,0,944,64,0,0,0,115,0,0,0,65532,26688
1008,1000,0,0,4,2,2,0,0,19,4,29184,5888,295,846,70,32768,8,906,714,0,0,48,41586,0,0,29426,32946,2,61888,57216,0,70,6,2268,944,10368,33024,0,944,64,0,36,0,896,7296,0,0,0,26624
1008,1100,0,0,4,2,2,0,0,19,4,8192,0,65232,0,64,0,0,65475,193,0,0,0,51200,0,0,56452,56484,0,65504,0,0,64,0,0,912,256,0,0,944,64,0,0,0,115,0,0,0,65532,26688
1009,1000,0,0,4,2,2,0,0,19,4,39168,25856,282,851,70,32768,8,907,717,0,0,48,41549,0,0,29581,33229,2,61760,56896,0,70,6,2319,944,10432,33024,0,944,64,0,36,0,896,7568,0,32768,0,26624
1009,1100,0,0,4,2,2,0,0,19,4,8192,0,65232,0,64,0,0,65475,193,0,0,0,51200,0,0,56452,56484,0,65504,0,0,64,0,0,912,256,0,0,944,64,0,0,0,115,0,0,0,65532,26688
1010,1000,0,0,4,2,2,0,0,19,4,45824,47104,269,856,70,32768,8,908,720,0,0,48,42158,0,0,29742,33518,2,61632,57216,0,70,6,2268,944,10432,33024,0,944,64,0,36,0,897,7840,0,0,0,26624
1010,1100,0,0,4,2,2,0,0,19,4,8192,0,65232,0,64,0,0,65475,193,0,0,0,51200,0,0,56452,56484,0,65504,0,0,64,0,0,912,256,0,0,944,64,0,0,0,115,0,0,0,65532,26688
1011,1000,0,0,4,2,2,0,0,19,4,49152,4096,256,860,70,32768,8,909,724,0,0,48,42121,0,0,29897,33801,2,61504,56896,0,70,6,2319,944,10432,33024,0,944,64,0,36,0,897,8112,0,32768,0,26624
1011,1100,0,0,4,2,2,0,0,19,4,8192,0,65232,0,64,0,0,65475,193,0,0,0,51200,0,0,56452,56484,0,65504,0,0,64,0,0,912,256,0,0,944,64,0,0,0,115,0,0,0,65532,26688
1012,1000,0,0,4,2,2,0,0,19,4,49152,27648,244,865,70,32768,8,910,727,0,0,48,42730,0,0,30058,34090,2,61376,57216,0,70,6,2268,944,10432,33024,0,944,64,0,36,0,898,8384,0,0,0,26624
1012,1100,0,0,4,2,2,0,0,19,4,8192,0,65232,0,64,0,0,65475,193,0,0,0,51200,0,0,56452,56484,0,65504,0,0,64,0,0,912,256,0,0,944,64,0,0,0,115,0,0,0,65532,26688
1013,1000,0,0,4,2,2,0,0,19,4,46080,52480,230,868,70,32768,8,911,730,0,0,48,42693,0,0,30213,34373,2,61248,56896,0,70,6,2319,944,10432,33024,0,944,64,0,36,0,898,8656,0,32768,0,26624
1013,1100,0,0,4,2,2,0,0,19,4,8192,0,65232,0,64,0,0,65475,193,0,0,0,51200,0,0,56452,56484,0,65504,0,0,64,0,0,912,256,0,0,944,64,0,0,0,115,0,0,0,65532,26688
1014,1000,0,0,4,2,2,0,0,19,4,39424,12544,218,873,70,32768,8,912,734,0,0,48,43302,0,0,30374,34662,2,61120,57216,0,70,6,2268,944,10432,33024,0,944,64,0,36,0,899,8928,0,0,0,26624
1014,1100,0,0,4,2,2,0,0,19,4,8192,0,65232,0,64,0,0,65475,193,0,0,0,51200,0,0,56452,56484,0,65504,0,0,64,0,0,912,256,0,0,944,64,0,0,0,115,0,0,0,65532,26688
1015,1000,0,0,4,2,2,0,0,19,4,29696,39424,204,876,70,32768,8,913,737,0,0,48,43265,0,0,30529,34945,2,60992,56896,0,70,6,2319,944,10432,33024,0,944,64,0,36,0,899,9200,0,32768,0,26624
1015,1100,0,0,4,2,2,0,0,19,4,8192,0,65232,0,64,0,0,65475,193,0,0,0,51200,0,0,56452,56484,0,65504,0,0,64,0,0,912,256,0,0,944,64,0,0,0,115,0,0,0,65532,26688
1016,1000,0,0,4,2,2,0,0,19,4,16384,1536,191,880,70,32768,8,914,741,0,0,48,43874,0,0,30690,35234,2,60864,57216,0,70,6,2268,944,10432,33024,0,944,64,0,36,0,900,9472,0,0,0,26624
1016,1100,0,0,4,2,2,0,0,19,4,8192,0,65232,0,64,0,0,65475,193,0,0,0,51200,0,0,56452,56484,0,65504,0,0,64,0,0,912,256,0,0,944,64,0,0,0,115,0,0,0,65532,26688
1017,1000,0,0,4,2,2,0,0,19,4,65280,30208,178,883,70,32768,8,914,744,0,0,48,43837,0,0,30845,35517,2,60736,56896,0,70,6,2319,944,10496,33024,0,944,64,0,36,0,900,9744,0,32768,0,26624
1017,1100,0,0,4,2,2,0,0,19,4,8192,0,65232,0,64,0,0,65475,193,0,0,0,51200,0,0,56452,56484,0,65504,0,0,64,0,0,912,256,0,0,944,64,0,0,0,115,0,0,0,65532,26688
1018,1000,0,0,4,2,2,0,0,19,4,45312,59648,165,886,70,32768,8,915,747,0,0,48,44446,0,0,31006,35806,2,60608,57216,0,70,6,2268,944,10496,33024,0,944,64,0,36,0,901,10016,0,0,0,26624
1018,1100,0,0,4,2,2,0,0,19,4,8192,0,65232,0,64,0,0,65475,193,0,0,0,51200,0,0,56452,56484,0,65504,0,0,64,0,0,912,256,0,0,944,64,0,0,0,115,0,0,0,65532,26688
1019,1000,0,0,4,2,2,0,0,19,4,22016,24320,151,889,70,32768,8,916,751,0,0,48,44409,0,0,31161,36089,2,60480,56896,0,70,6,2319,944,10496,33024,0,944,64,0,36,0,901,10288,0,32768,0,26624
1019,1100,0,0,4,2,2,0,0,19,4,8192,0,65232,0,64,0,0,65475,193,0,0,0,51200,0,0,56452,56484,0,65504,0,0,64,0,0,912,256,0,0,944,64,0,0,0,115,0,0,0,65532,26688
1020,1000,0,0,4,2,2,0,0,19,4,60672,55296,138,892,70,32768,8,916,754,0,0,48,45018,0,0,31322,36378,2,60352,57216,0,70,6,2268,944,10496,33024,0,944,64,0,36,0,902,10560,0,0,0,26624
1020,1100,0,0,4,2,2,0,0,19,4,8192,0,65232,0,64,0,0,65475,193,0,0,0,51200,0,0,56452,56484,0,65504,0,0,64,0,0,912,256,0,0,944,64,0,0,0,115,0,0,0,65532,26688
1021,1000,0,0,4,2,2,0,0,19,4,30464,21504,124,894,70,32768,8,917,758,0,0,48,44981,0,0,31477,36661,2,60224,56896,0,70,6,2319,944,10496,33024,0,944,64,0,36,0,902,10832,0,32768,0,26624
1021,1100,0,0,4,2,2,0,0,19,4,8192,0,65232,0,64,0,0,65475,193,0,0,0,51200,0,0,56452,56484,0,65504,0,0,64,0,0,912,256,0,0,944,64,0,0,0,115,0,0,0,65532,26688
1022,1000,0,0,4,2,2,0,0,19,4,62208,53760,111,897,70,32768,8,917,761,0,0,48,45590,0,0,31638,36950,2,60096,57216,0,70,6,2268,944,10496,33024,0,944,64,0,36,0,903,11104,0,0,0,26624
1022,1100,0,0,4,2,2,0,0,19,4,8192,0,65232,0,64,0,0,65475,193,0,0,0,51200,0,0,56452,56484,0,65504,0,0,64,0,0,912,256,0,0,944,64,0,0,0,115,0,0,0,65532,26688
1023,1000,0,0,4,2,2,0,0,19,4,25088,21248,97,898,70,32768,8,918,765,0,0,48,45553,0,0,31793,37233,2,59968,56896,0,70,6,2319,944,10496,33024,0,944,64,0,36,0,903,11376,0,32768,0,26624
1023,1100,0,0,4,2,2,0,0,19,4,8192,0,65232,0,64,0,0,65475,193,0,0,0,51200,0,0,56452,56484,0,65504,0,0,64,0,0,912,256,0,0,944,64,0,0,0,115,0,0,0,65532,26688
1024,1000,0,0,4,2,2,0,0,19,4,49920,54528,84,901,70,32768,8,918,768,0,0,48,46162,0,0,31954,37522,2,59840,57216,0,70,6,2268,944,10496,33024,0,944,64,0,36,0,904,11648,0,0,0,26624
1024,1100,0,0,4,2,2,0,0,19,4,8192,0,65232,0,64,0,0,65475,193,0,0,0,51200,0,0,56452,56484,0,65504,0,0,64,0,0,912,256,0,0,944,64,0,0,0,115,0,0,0,65532,26688
1025,1000,0,0,4,2,2,0,0,19,4,5888,23040,70,902,70,32768,8,919,772,0,0,48,46125,0,0,32109,37805,2,59712,56896,0,70,6,2319,944,10560,33024,0,944,64,0,36,0,904,11920,0,32768,0,26624
1025,1100,0,0,4,2,2,0,0,19,4,8192,0,65232,0,64,0,0,65475,193,0,0,0,51200,0,0,56452,56484,0,65504,0,0,64,0,0,912,256,0,0,944,64,0,0,0,115,0,0,0,65532,26688
1026,1000,0,0,4,2,2,0,0,19,4,23808,57344,57,904,70,32768,8,919,775,0,0,48,46734,0,0,32270,38094,2,59584,57216,0,70,6,2268,944,10560,33024,0,944,64,0,36,0,905,12192,0,0,0,26624
1026,1100,0,0,4,2,2,0,0,19,4,8192,0,65232,0,64,0,0,65475,193,0,0,0,51200,0,0,56452,56484,0,65504,0,0,64,0,0,912,256,0,0,944,64,0,0,0,115,0,0,0,65532,26688
1027,1000,0,0,4,2,2,0,0,19,4,38400,26624,43,904,70,32768,8,919,779,0,0,48,46697,0,0,32425,38377,2,59456,56896,0,70,6,2319,944,10560,33024,0,944,64,0,36,0,905,12464,0,32768,0,26624
1027,1100,0,0,4,2,2,0,0,19,4,8192,0,65232,0,64,0,0,65475,193,0,0,0,51200,0,0,56452,56484,0,65504,0,0,64,0,0,912,256,0,0,944,64,0,0,0,115,0,0,0,65532,26688
1028,1000,0,0,4,2,2,0,0,19,4,49408,61440,29,906,70,32768,8,919,782,0,0,48,47306,0,0,32586,38666,2,59328,57216,0,70,6,2268,944,10560,33024,0,944,64,0,36,0,906,12736,0,0,0,26624
1028,1100,0,0,4,2,2,0,0,19,4,8192,0,65232,0,64,0,0,65475,193,0,0,0,51200,0,0,56452,56484,0,65504,0,0,64,0,0,912,256,0,0,944,64,0,0,0,115,0,0,0,65532,26688
1029,1000,0,0,4,2,2,0,0,19,4,56832,31232,15,906,70,32768,8,919,786,0,0,48,47269,0,0,32741,38949,2,59200,56896,0,70,6,2319,944,10560,33024,0,944,64,0,36,0,906,13008,0,32768,0,26624
1029,1100,0,0,4,2,2,0,0,19,4,8192,0,65232,0,64,0,0,65475,193,0,0,0,51200,0,0,56452,56484,0,65504,0,0,64,0,0,912,256,0,0,944,64,0,0,0,115,0,0,0,65532,26688
1030,1000,0,0,4,2,2,0,0,19,4,60672,1024,2,907,70,32768,8,919,790,0,0,48,47878,0,0,32902,39238,2,59392,57216,0,70,6,2304,944,10560,256,0,944,64,0,0,0,907,12511,0,0,65526,26624
1030,1100,0,0,4,2,2,0,0,19,4,8192,0,65232,0,64,0,0,65475,193,0,0,0,51200,0,0,56452,56484,0,65504,0,0,64,0,0,912,256,0,0,944,64,0,0,0,115,0,0,0,65532,26688
1031,1000,0,0,4,2,2,0,0,19,4,61184,36608,65524,897,70,32768,8,919,793,0,0,48,47846,0,0,33382,39526,2,59584,57536,0,70,6,2304,944,10560,256,0,944,64,0,0,0,897,12014,0,32768,65526,26624
1031,1100,0,0,4,2,2,0,0,19,4,8192,0,65232,0,64,0,0,65475,193,0,0,0,51200,0,0,56452,56484,0,65504,0,0,64,0,0,912,256,0,0,944,64,0,0,0,115,0,0,0,65532,26688
1032,1000,0,0,4,2,2,0,0,19,4,58112,4096,65483,887,70,32768,8,919,797,0,0,48,47814,0,0,33862,39814,2,59776,57856,0,70,6,2304,944,10560,256,0,944,64,0,0,0,888,11517,0,0,65526,26624
1032,1100,0,0,4,2,2,0,0,19,4,8192,0,65232,0,64,0,0,65475,193,0,0,0,51200,0,0,56452,56484,0,65504,0,0,64,0,0,912,256,0,0,944,64,0,0,0,115,0,0,0,65532,26688
1033,1000,0,0,4,2,2,0,0,19,4,44544,34560,65444,874,70,32768,8,919,800,0,0,48,47782,0,0,34342,40102,2,59968,58176,0,70,6,2304,944,9920,256,0,944,64,0,0,0,878,11020,0,32768,65526,26624
1033,1100,0,0,4,2,2,0,0,19,4,8192,0,65232,0,64,0,0,65475,193,0,0,0,51200,0,0,56452,56484,0,65504,0,0,64,0,0,912,256,0,0,944,64,0,0,0,115,0,0,0,65532,26688
1034,1000,0,0,4,2,2,0,0,19,4,20992,61696,65405,860,70,32768,8,919,803,0,0,48,47750,0,0,34822,40390,2,60160,58496,0,70,6,2304,944,9920,256,0,944,64,0,0,0,869,10523,0,0,65526,26624
1034,1100,0,0,4,2,2,0,0,19,4,8192,0,65232,0,64,0,0,65475,193,0,0,0,51200,0,0,56452,56484,0,65504,0,0,64,0,0,912,256,0,0,944,64,0,0,0,115,0,0,0,65532,26688
1035,1000,0,0,4,2,2,0,0,19,4,52992,19712,65367,843,70,32768,8,918,807,0,0,48,47718,0,0,35302,40678,2,60352,58816,0,70,6,2304,944,9920,256,0,944,64,0,0,0,859,10026,0,32768,65526,26624
1035,1100,0,0,4,2,2,0,0,19,4,8192,0,65232,0,64,0,0,65475,193,0,0,0,51200,0,0,56452,56484,0,65504,0,0,64,0,0,912,256,0,0,944,64,0,0,0,115,0,0,0,65532,26688
1036,1000,0,0,4,2,2,0,0,19,4,9728,38912,65331,825,70,32768,8,918,810,0,0,48,47686,0,0,35782,40966,2,60544,59136,0,70,6,2304,944,9920,256,0,944,64,0,0,0,850,9529,0,0,65526,26624
1036,1100,0,0,4,2,2,0,0,19,4,8192,0,65232,0,64,0,0,65475,193,0,0,0,51200,0,0,56452,56484,0,65504,0,0,64,0,0,912,256,0,0,944,64,0,0,0,115,0,0,0,65532,26688
1037,1000,0,0,4,2,2,0,0,19,4,22784,53504,65296,806,70,32768,8,917,813,0,0,48,47654,0,0,36262,41254,2,60736,59456,0,70,6,2304,944,9920,256,0,944,64,0,0,0,840,9032,0,32768,65526,26624
1037,1100,0,0,4,2,2,0,0,19,4,8192,0,65232,0,64,0,0,65475,193,0,0,0,51200,0,0,56452,56484,0,65504,0,0,64,0,0,912,256,0,0,944,64,0,0,0,115,0,0,0,65532,26688
1038,1000,0,0,4,2,2,0,0,19,4,26880,63232,65262,785,70,32768,8,916,816,0,0,48,47622,0,0,36742,41542,2,60928,59776,0,70,6,2304,944,9920,256,0,944,64,0,0,0,831,8535,0,0,65526,26624
1038,1100,0,0,4,2,2,0,0,19,4,8192,0,65232,0,64,0,0,65475,193,0,0,0,51200,0,0,56452,56484,0,65504,0,0,64,0,0,912,256,0,0,944,64,0,0,0,115,0,0,0,65532,26688
1039,1000,0,0,4,2,2,0,0,19,4,22272,2048,65230,763,70,32768,8,915,820,0,0,48,47590,0,0,37222,41830,2,61120,60096,0,70,6,2304,944,9920,256,0,944,64,0,0,0,821,8038,0,32768,65526,26624
1039,1100,0,0,4,2,2,0,0,19,4,8192,0,65232,0,64,0,0,65475,193,0,0,0,51200,0,0,56452,56484,0,65504,0,0,64,0,0,912,256,0,0,944,64,0,0,0,115,0,0,0,65532,26688
1040,1000,0,0,4,2,2,0,0,19,4,9472,768,65199,740,70,32768,8,914,823,0,0,48,47558,0,0,37702,42118,2,61312,60416,0,70,6,2304,944,9920,256,0,944,64,0,0,0,812,7541,0,0,65526,26624
1040,1100,0,0,4,2,2,0,0,19,4,8192,0,65232,0,64,0,0,65475,193,0,0,0,51200,0,0,56452,56484,0,65504,0,0,64,0,0,912,256,0,0,944,64,0,0,0,115,0,0,0,65532,26688
1041,1000,0,0,4,2,2,0,0,19,4,54272,59136,65170,715,70,32768,8,912,825,0,0,48,47526,0,0,38182,42406,2,61504,60736,0,70,6,2304,944,9280,256,0,944,64,0,0,0,802,7044,0,32768,65526,26624
1041,1100,0,0,4,2,2,0,0,19,4,8192,0,65232,0,64,0,0,65475,193,0,0,0,51200,0,0,56452,56484,0,65504,0,0,64,0,0,912,256,0,0,944,64,0,0,0,115,0,0,0,65532,26688
1042,1000,0,0,4,2,2,0,0,19,4,26112,45568,65142,689,70,32768,8,911,828,0,0,48,47494,0,0,38662,42694,2,61696,61056,0,70,6,2304,944,9280,256,0,944,64,0,0,0,793,6547,0,0,65526,26624
1042,1100,0,0,4,2,2,0,0,19,4,8192,0,65232,0,64,0,0,65475,193,0,0,0,51200,0,0,56452,56484,0,65504,0,0,64,0,0,912,256,0,0,944,64,0,0,0,115,0,0,0,65532,26688
1043,1000,0,0,4,2,2,0,0,19,4,56320,25344,65116,662,70,32768,8,909,831,0,0,48,47462,0,0,39142,42982,2,61568,60736,0,70,6,2304,944,9280,33024,0,944,64,0,4,0,783,6819,0,32768,1,26624
1043,1100,0,0,4,2,2,0,0,19,4,8192,0,65232,0,64,0,0,65475,193,0,0,0,51200,0,0,56452,56484,0,65504,0,0,64,0,0,912,256,0,0,944,64,0,0,0,115,0,0,0,65532,26688
1044,1000,0,0,4,2,2,0,0,19,4,14336,63744,65086,643,70,32768,8,908,833,0,0,48,48070,0,0,39302,43270,2,61440,60416,0,70,6,2304,944,9280,33024,0,944,64,0,4,0,784,7091,0,32768,1,26624
1044,1100,0,0,4,2,2,0,0,19,4,8192,0,65232,0,64,0,0,65475,193,0,0,0,51200,0,0,56452,56484,0,65504,0,0,64,0,0,912,256,0,0,944,64,0,0,0,115,0,0,0,65532,26688
1045,1000,0,0,4,2,2,0,0,19,4,30208,31744,65075,636,70,32768,8,906,836,0,0,48,48678,0,0,39462,43558,2,61312,60096,0,70,6,2304,944,9280,33024,0,944,64,0,4,0,785,7363,0,32768,1,26624
1045,1100,0,0,4,2,2,0,0,19,4,8192,0,65232,0,64,0,0,65475,193,0,0,0,51200,0,0,56452,56484,0,65504,0,0,64,0,0,912,256,0,0,944,64,0,0,0,115,0,0,0,65532,26688
1046,1000,0,0,4,2,2,0,0,19,4,43264,63488,65065,630,70,32768,8,904,838,0,0,48,49286,0,0,39622,43846,2,61184,59776,0,70,6,2304,944,9280,33024,0,944,64,0,4,0,786,7635,0,32768,1,26624
1046,1100,0,0,4,2,2,0,0,19,4,8192,0,65232,0,64,0,0,65475,193,0,0,0,51200,0,0,56452,56484,0,65504,0,0,64,0,0,912,256,0,0,944,64,0,0,0,115,0,0,0,65532,26688
1047,1000,0,0,4,2,2,0,0,19,4,53760,28160,65055,624,70,32768,8,902,841,0,0,48,49894,0,0,39782,44134,2,61056,59456,0,70,6,2304,944,9280,33024,0,944,64,0,4,0,787,7907,0,32768,1,26624
1047,1100,0,0,4,2,2,0,0,19,4,8192,0,65232,0,64,0,0,65475,193,0,0,0,51200,0,0,56452,56484,0,65504,0,0,64,0,0,912,256,0,0,944,64,0,0,0,115,0,0,0,65532,26688
1048,1000,0,0,4,2,2,0,0,19,4,61696,56832,65045,617,70,32768,8,900,843,0,0,48,50502,0,0,39942,44422,2,60928,59136,0,70,6,2304,944,9280,33024,0,944,64,0,4,0,788,8179,0,32768,1,26624
1048,1100,0,0,4,2,2,0,0,19,4,8192,0,65232,0,64,0,0,65475,193,0,0,0,51200,0,0,56452,56484,0,65504,0,0,64,0,0,912,256,0,0,944,64,0,0,0,115,0,0,0,65532,26688
1049,1000,0,0,4,2,2,0,0,19,4,1536,18176,65034,610,70,32768,8,899,846,0,0,48,51110,0,0,40102,44710,2,60800,58816,0,70,6,2304,944,9344,33024,0,944,64,0,36,0,789,8451,0,32768,1,26624
1049,1100,0,0,4,2,2,0,0,19,4,8192,0,65232,0,64,0,0,65475,193,0,0,0,51200,0,0,56452,56484,0,65504,0,0,64,0,0,912,256,0,0,944,64,0,0,0,115,0,0,0,65532,26688
1050,1000,0,0,4,2,2,0,0,19,4,4096,43264,65025,603,70,32768,8,897,848,0,0,48,51718,0,0,40262,44998,2,60672,58496,0,70,6,2304,944,9344,33024,0,944,64,0,36,0,790,8723,0,32768,1,26624
1050,1100,0,0,4,2,2,0,0,19,4,8192,0,65232,0,64,0,0,65475,193,0,0,0,51200,0,0,56452,56484,0,65504,0,0,64,0,0,912,256,0,0,944,64,0,0,0,115,0,0,0,65532,26688
1051,1000,0,0,4,2,2,0,0,19,4,4352,1024,65015,596,70,32768,8,895,851,0,0,48,52326,0,0,40422,45286,2,60544,58176,0,70,6,2304,944,9344,33024,0,944,64,0,36,0,791,8995,0,32768,1,26624
1051,1100,0,0,4,2,2,0,0,19,4,8192,0,65232,0,64,0,0,65475,193,0,0,0,51200,0,0,56452,56484,0,65504,0,0,64,0,0,912,256,0,0,944,64,0,0,0,115,0,0,0,65532,26688
1052,1000,0,0,4,2,2,0,0,19,4,2048,22528,65005,589,70,32768,8,893,853,0,0,48,52934,0,0,40582,45574,2,60416,57856,0,70,6,2304,944,9344,33024,0,944,64,0,36,0,792,9267,0,32768,1,26624
1052,1100,0,0,4,2,2,0,0,19,4,8192,0,65232,0,64,0,0,65475,193,0,0,0,51200,0,0,56452,56484,0,65504,0,0,64,0,0,912,256,0,0,944,64,0,0,0,115,0,0,0,65532,26688
1053,1000,0,0,4,2,2,0,0,19,4,62720,42240,64995,581,70,32768,8,890,855,0,0,48,53542,0,0,40742,45862,2,60288,57536,0,70,6,2304,944,9344,33024,0,944,64,0,36,0,793,9539,0,32768,1,26624
1053,1100,0,0,4,2,2,0,0,19,4,8192,0,65232,0,64,0,0,65475,193,0,0,0,51200,0,0,56452,56484,0,65504,0,0,64,0,0,912,256,0,0,944,64,0,0,0,115,0,0,0,65532,26688
1054,1000,0,0,4,2,2,0,0,19,4,55296,59904,64986,574,70,32768,8,888,857,0,0,48,54150,0,0,40902,46150,2,60160,57216,0,70,6,2304,944,9344,33024,0,944,64,0,36,0,794,9811,0,32768,1,26624
1054,1100,0,0,4,2,2,0,0,19,4,8192,0,65232,0,64,0,0,65475,193,0,0,0,51200,0,0,56452,56484,0,65504,0,0,64,0,0,912,256,0,0,944,64,0,0,0,115,0,0,0,65532,26688
1055,1000,0,0,4,2,2,0,0,19,4,45568,10240,64976,566,70,32768,8,886,860,0,0,48,54758,0,0,41062,46438,2,60032,56896,0,70,6,2304,944,9344,33024,0,944,64,0,36,0,795,10083,0,32768,1,26624
1055,1100,0,0,4,2,2,0,0,19,4,8192,0,65232,0,64,0,0,65475,193,0,0,0,51200,0,0,56452,56484,0,65504,0,0,64,0,0,912,256,0,0,944,64,0,0,0,115,0,0,0,65532,26688
1056,1000,0,0,4,2,2,0,0,19,4,33280,24064,64967,558,70,32768,8,884,862,0,0,48,55366,0,0,41222,46726,2,59904,57216,0,70,6,2304,944,9344,33024,0,944,64,0,36,0,796,10355,0,32768,1,26624
1056,1100,0,0,4,2,2,0,0,19,4,8192,0,65232,0,64,0,0,65475,193,0,0,0,51200,0,0,56452,56484,0,65504,0,0,64,0,0,912,256,0,0,944,64,0,0,0,115,0,0,0,65532,26688
1057,1000,0,0,4,2,2,0,0,19,4,18688,35840,64958,550,70,32768,8,882,864,0,0,48,55334,0,0,41382,47014,2,59776,56896,0,70,6,2304,944,9408,33024,0,944,64,0,36,0,797,10627,0,32768,1,26624
1057,1100,0,0,4,2,2,0,0,19,4,8192,0,65232,0,64,0,0,65475,193,0,0,0,51200,0,0,56452,56484,0,65504,0,0,64,0,0,912,256,0,0,944,64,0,0,0,115,0,0,0,65532,26688
1058,1000,0,0,4,2,2,0,0,19,4,1792,45568,64949,541,70,32768,8,880,866,0,0,48,55942,0,0,41542,47302,2,59648,57216,0,70,6,2304,944,9408,33024,0,944,64,0,36,0,798,10899,0,32768,1,26624
1058,1100,0,0,4,2,2,0,0,19,4,8192,0,65232,0,64,0,0,65475,193,0,0,0,51200,0,0,56452,56484,0,65504,0,0,64,0,0,912,256,0,0,944,64,0,0,0,115,0,0,0,65532,26688
1059,1000,0,0,4,2,2,0,0,19,4,48128,52992,64940,533,70,32768,8,877,868,0,0,48,55910,0,0,41702,47590,2,59520,56896,0,70,6,2304,944,9408,33024,0,944,64,0,36,0,799,11171,0,32768,1,26624
1059,1100,0,0,4,2,2,0,0,19,4,8192,0,65232,0,64,0,0,65475,193,0,0,0,51200,0,0,56452,56484,0,65504,0,0,64,0,0,912,256,0,0,944,64,0,0,0,115,0,0,0,65532,26688
1060,1000,0,0,4,2,2,0,0,19,4,26624,58368,64931,525,70,32768,8,875,870,0,0,48,56518,0,0,41862,47878,2,59392,57216,0,70,6,2295,944,9408,33024,0,944,64,0,36,0,800,11443,0,32768,1,26624
1060,1100,0,0,4,2,2,0,0,19,4,8192,0,65232,0,64,0,0,65475,193,0,0,0,51200,0,0,56452,56484,0,65504,0,0,64,0,0,912,256,0,0,944,64,0,0,0,115,0,0,0,65532,26688
1061,1000,0,0,4,2,2,0,0,19,4,2816,61696,64922,516,70,32768,8,873,872,0,0,48,56484,0,0,42020,48164,2,59264,56896,0,70,6,2373,944,9408,33024,0,944,64,0,36,0,801,11715,0,32768,1,26624
1061,1100,0,0,4,2,2,0,0,19,4,8192,0,65232,0,64,0,0,65475,193,0,0,0,51200,0,0,56452,56484,0,65504,0,0,64,0,0,912,256,0,0,944,64,0,0,0,115,0,0,0,65532,26688
1062,1000,0,0,4,2,2,0,0,19,4,42240,62720,64914,507,70,32768,8,870,874,0,0,48,57100,0,0,42188,48460,2,59136,57216,0,70,6,2295,944,9408,33024,0,944,64,0,36,0,802,11987,0,32768,1,26624
1062,1100,0,0,4,2,2,0,0,19,4,8192,0,65232,0,64,0,0,65475,193,0,0,0,51200,0,0,56452,56484,0,65504,0,0,64,0,0,912,256,0,0,944,64,0,0,0,115,0,0,0,65532,26688
1063,1000,0,0,4,2,2,0,0,19,4,14080,61440,64905,498,70,32768,8,868,876,0,0,48,57066,0,0,42346,48746,2,59008,56896,0,70,6,2373,944,9408,33024,0,944,64,0,36,0,803,12259,0,32768,1,26624
1063,1100,0,0,4,2,2,0,0,19,4,8192,0,65232,0,64,0,0,65475,193,0,0,0,51200,0,0,56452,56484,0,65504,0,0,64,0,0,912,256,0,0,944,64,0,0,0,115,0,0,0,65532,26688
1064,1000,0,0,4,2,2,0,0,19,4,49152,57856,64897,489,70,32768,8,865,878,0,0,48,57682,0,0,42514,49042,2,58880,57216,0,70,6,2295,944,9408,33024,0,944,64,0,36,0,804,12531,0,32768,1,26624
1064,1100,0,0,4,2,2,0,0,19,4,8192,0,65232,0,64,0,0,65475,193,0,0,0,51200,0,0,56452,56484,0,65504,0,0,64,0,0,912,256,0,0,944,64,0,0,0,115,0,0,0,65532,26688
1065,1000,0,0,4,2,2,0,0,19,4,16640,51968,64888,479,70,32768,8,863,880,0,0,48,57648,0,0,42672,49328,2,58752,56896,0,70,6,2373,944,9472,33024,0,944,64,0,36,0,805,12803,0,32768,1,26624
1065,1100,0,0,4,2,2,0,0,19,4,8192,0,65232,0,64,0,0,65475,193,0,0,0,51200,0,0,56452,56484,0,65504,0,0,64,0,0,912,256,0,0,944,64,0,0,0,115,0,0,0,65532,26688
1066,1000,0,0,4,2,2,0,0,19,4,47360,43520,64880,470,70,32768,8,860,882,0,0,48,58264,0,0,42840,49624,2,58624,57216,0,70,6,2295,944,9472,33024,0,944,64,0,36,0,806,13075,0,32768,1,26624
1066,1100,0,0,4,2,2,0,0,19,4,8192,0,65232,0,64,0,0,65475,193,0,0,0,51200,0,0,56452,56484,0,65504,0,0,64,0,0,912,256,0,0,944,64,0,0,0,115,0,0,0,65532,26688
1067,1000,0,0,4,2,2,0,0,19,4,10496,32768,64872,460,70,32768,8,858,884,0,0,48,58230,0,0,42998,49910,2,58496,56896,0,70,6,2373,944,9472,33024,0,944,64,0,36,0,807,13347,0,32768,1,26624
1067,1100,0,0,4,2,2,0,0,19,4,8192,0,65232,0,64,0,0,65475,193,0,0,0,51200,0,0,56452,56484,0,65504,0,0,64,0,0,912,256,0,0,944,64,0,0,0,115,0,0,0,65532,26688
1068,1000,0,0,4,2,2,0,0,19,4,37120,19456,64864,450,70,32768,8,855,886,0,0,48,58846,0,0,43166,50206,2,58368,57216,0,70,6,2295,944,9472,33024,0,944,64,0,36,0,808,13619,0,32768,1,26624
1068,1100,0,0,4,2,2,0,0,19,4,8192,0,65232,0,64,0,0,65475,193,0,0,0,51200,0,0,56452,56484,0,65504,0,0,64,0,0,912,256,0,0,944,64,0,0,0,115,0,0,0,65532,26688
1069,1000,0,0,4,2,2,0,0,19,4,61696,3584,64856,440,70,32768,8,852,888,0,0,48,58812,0,0,43324,50492,2,58240,56896,0,70,6,2373,944,9472,33024,0,944,64,0,36,0,809,13891,0,32768,1,26624
1069,1100,0,0,4,2,2,0,0,19,4,8192,0,65232,0,64,0,0,65475,193,0,0,0,51200,0,0,56452,56484,0,65504,0,0,64,0,0,912,256,0,0,944,64,0,0,0,115,0,0,0,65532,26688
1070,1000,0,0,4,2,2,0,0,19,4,18688,50688,64849,430,70,32768,8,850,889,0,0,48,59428,0,0,43492,50788,2,58112,57216,0,70,6,2295,944,9472,33024,0,944,64,0,36,0,810,14163,0,32768,1,26624
1070,1100,0,0,4,2,2,0,0,19,4,8192,0,65232,0,64,0,0,65475,193,0,0,0,51200,0,0,56452,56484,0,65504,0,0,64,0,0,912,256,0,0,944,64,0,0,0,115,0,0,0,65532,26688
1071,1000,0,0,4,2,2,0,0,19,4,39424,29696,64841,419,70,32768,8,847,891,0,0,48,59394,0,0,43650,51074,2,58304,57536,0,70,6,2383,944,9472,256,0,944,64,0,0,0,811,13666,0,32768,65526,26624
1071,1100,0,0,4,2,2,0,0,19,4,8192,0,65232,0,64,0,0,65475,193,0,0,0,51200,0,0,56452,56484,0,65504,0,0,64,0,0,912,256,0,0,944,64,0,0,0,115,0,0,0,65532,26688
1072,1000,0,0,4,2,2,0,0,19,4,58112,5888,64843,404,70,32768,8,844,893,0,0,48,59371,0,0,44139,51371,2,58496,57856,0,70,6,2304,944,9472,256,0,944,64,0,0,0,801,13169,0,32768,65526,26624
1072,1100,0,0,4,2,2,0,0,19,4,8192,0,65232,0,64,0,0,65475,193,0,0,0,51200,0,0,56452,56484,0,65504,0,0,64,0,0,912,256,0,0,944,64,0,0,0,115,0,0,0,65532,26688
1073,1000,0,0,4,2,2,0,0,19,4,11776,43776,64834,366,70,32768,8,842,894,0,0,48,59339,0,0,44619,51659,2,58688,58176,0,70,6,2304,944,8832,256,0,944,64,0,0,0,791,12672,0,32768,65526,26624
1073,1100,0,0,4,2,2,0,0,19,4,8192,0,65232,0,64,0,0,65475,193,0,0,0,51200,0,0,56452,56484,0,65504,0,0,64,0,0,912,256,0,0,944,64,0,0,0,115,0,0,0,65532,26688
1074,1000,0,0,4,2,2,0,0,19,4,28672,6400,64827,329,70,32768,8,839,896,0,0,48,59307,0,0,45099,51947,2,58880,58496,0,70,6,2304,944,8832,256,0,944,64,0,0,0,781,12175,0,32768,65526,26624
1074,1100,0,0,4,2,2,0,0,19,4,8192,0,65232,0,64,0,0,65475,193,0,0,0,51200,0,0,56452,56484,0,65504,0,0,64,0,0,912,256,0,0,944,64,0,0,0,115,0,0,0,65532,26688
1075,1000,0,0,4,2,2,0,0,19,4,43776,25088,64822,293,70,32768,8,836,897,0,0,48,59275,0,0,45579,52235,2,59072,58816,0,70,6,2304,944,8832,256,0,944,64,0,0,0,771,11678,0,32768,65526,26624
1075,1100,0,0,4,2,2,0,0,19,4,8192,0,65232,0,64,0,0,65475,193,0,0,0,51200,0,0,56452,56484,0,65504,0,0,64,0,0,912,256,0,0,944,64,0,0,0,115,0,0,0,65532,26688
1076,1000,0,0,4,2,2,0,0,19,4,57600,34560,64819,256,70,32768,8,833,898,0,0,48,59243,0,0,46059,52523,2,59264,59136,0,70,6,2304,944,8832,256,0,944,64,0,0,0,761,11181,0,32768,65528,26624
1076,1100,0,0,4,2,2,0,0,19,4,8192,0,65232,0,64,0,0,65475,193,0,0,0,51200,0,0,56452,56484,0,65504,0,0,64,0,0,912,256,0,0,944,64,0,0,0,115,0,0,0,65532,26688
1077,1000,0,0,4,2,2,0,0,19,4,5120,34560,64815,221,70,32768,8,831,899,0,0,48,59211,0,0,46539,52811,2,59456,59456,0,70,6,2304,944,8832,256,0,944,64,0,0,0,753,10684,0,32768,65528,26624
1077,1100,0,0,4,2,2,0,0,19,4,8192,0,65232,0,64,0,0,65475,193,0,0,0,51200,0,0,56452,56484,0,65504,0,0,64,0,0,912,256,0,0,944,64,0,0,0,115,0,0,0,65532,26688
1078,1000,0,0,4,2,2,0,0,19,4,17152,25600,64814,185,70,32768,8,828,900,0,0,48,59179,0,0,47019,53099,2,59648,59776,0,70,6,2304,944,8832,256,0,944,64,0,0,0,745,10187,0,32768,65528,26624
1078,1100,0,0,4,2,2,0,0,19,4,8192,0,65232,0,64,0,0,65475,193,0,0,0,51200,0,0,56452,56484,0,65504,0,0,64,0,0,912,256,0,0,944,64,0,0,0,115,0,0,0,65532,26688
1079,1000,0,0,4,2,2,0,0,19,4,28928,7424,64814,150,70,32768,8,825,901,0,0,48,59147,0,0,47499,53387,2,59840,60096,0,70,6,2304,944,8832,256,0,944,64,0,0,0,737,9690,0,32768,65528,26624
1079,1100,0,0,4,2,2,0,0,19,4,8192,0,65232,0,64,0,0,65475,193,0,0,0,51200,0,0,56452,56484,0,65504,0,0,64,0,0,912,256,0,0,944,64,0,0,0,115,0,0,0,65532,26688
1080,1000,0,0,4,2,2,0,0,19,4,40704,45824,64816,116,70,32768,8,822,901,0,0,48,59115,0,0,47979,53675,2,60032,60416,0,70,6,2304,944,8832,256,0,944,64,0,0,0,729,9193,0,32768,65528,26624
1080,1100,0,0,4,2,2,0,0,19,4,8192,0,65232,0,64,0,0,65475,193,0,0,0,51200,0,0,56452,56484,0,65504,0,0,64,0,0,912,256,0,0,944,64,0,0,0,115,0,0,0,65532,26688
1081,1000,0,0,4,2,2,0,0,19,4,52992,9984,64819,81,70,32768,8,819,902,0,0,48,59083,0,0,48459,53963,2,60224,60736,0,70,6,2304,944,8192,256,0,944,64,0,0,0,721,8696,0,32768,65528,26624
1081,1100,0,0,4,2,2,0,0,19,4,8192,0,65232,0,64,0,0,65475,193,0,0,0,51200,0,0,56452,56484,0,65504,0,0,64,0,0,912,256,0,0,944,64,0,0,0,115,0,0,0,65532,26688
1082,1000,0,0,4,2,2,0,0,19,4,512,30720,64824,48,70,32768,8,817,902,0,0,48,59051,0,0,48939,54251,2,60416,61056,0,70,6,2304,944,8192,256,0,944,64,0,0,0,713,8199,0,32768,65528,26624
1082,1100,0,0,4,2,2,0,0,19,4,8192,0,65232,0,64,0,0,65475,193,0,0,0,51200,0,0,56452,56484,0,65504,0,0,64,0,0,912,256,0,0,944,64,0,0,0,115,0,0,0,65532,26688
1083,1000,0,0,4,2,2,0,0,19,4,14848,43008,64831,15,70,32768,8,814,902,0,0,48,59019,0,0,49419,54539,2,60608,61376,0,70,6,2304,944,8192,256,0,944,64,0,0,0,705,7702,0,32768,65528,26624
1083,1100,0,0,4,2,2,0,0,19,4,8192,0,65232,0,64,0,0,65475,193,0,0,0,51200,0,0,56452,56484,0,65504,0,0,64,0,0,912,256,0,0,944,64,0,0,0,115,0,0,0,65532,26688
1084,1000,0,0,4,2,2,0,0,19,4,30976,46848,64839,65519,70,32768,8,811,902,0,0,48,58987,0,0,49899,54827,2,60480,61056,0,70,6,2304,944,8192,33024,0,944,64,0,4,0,697,7974,0,32768,10,26624
1084,1100,0,0,4,2,2,0,0,19,4,8192,0,65232,0,64,0,0,65475,193,0,0,0,51200,0,0,56452,56484,0,65504,0,0,64,0,0,912,256,0,0,944,64,0,0,0,115,0,0,0,65532,26688
1085,1000,0,0,4,2,2,0,0,19,4,49152,42496,64830,65486,70,32768,8,808,902,0,0,48,59595,0,0,50059,55115,2,60352,60736,0,70,6,2304,944,8192,33024,0,944,64,0,4,0,707,8246,0,32768,10,26624
1085,1100,0,0,4,2,2,0,0,19,4,8192,0,65232,0,64,0,0,65475,193,0,0,0,51200,0,0,56452,56484,0,65504,0,0,64,0,0,912,256,0,0,944,64,0,0,0,115,0,0,0,65532,26688
1086,1000,0,0,4,2,2,0,0,19,4,65024,29696,64821,65474,70,32768,8,805,902,0,0,48,60203,0,0,50219,55403,2,60224,60416,0,70,6,2304,944,8192,33024,0,944,64,0,4,0,717,8518,0,32768,10,26624
1086,1100,0,0,4,2,2,0,0,19,4,8192,0,65232,0,64,0,0,65475,193,0,0,0,51200,0,0,56452,56484,0,65504,0,0,64,0,0,912,256,0,0,944,64,0,0,0,115,0,0,0,65532,26688
1087,1000,0,0,4,2,2,0,0,19,4,13056,13824,64812,65462,70,32768,8,803,902,0,0,48,60811,0,0,50379,55691,2,60096,60096,0,70,6,2304,944,8192,33024,0,944,64,0,4,0,727,8790,0,32768,10,26624
1087,1100,0,0,4,2,2,0,0,19,4,8192,0,65232,0,64,0,0,65475,193,0,0,0,51200,0,0,56452,56484,0,65504,0,0,64,0,0,912,256,0,0,944,64,0,0,0,115,0,0,0,65532,26688
1088,1000,0,0,4,2,2,0,0,19,4,24320,60416,64804,65450,70,32768,8,800,901,0,0,48,61419,0,0,50539,55979,2,59968,59776,0,70,6,2304,944,8192,33024,0,944,64,0,4,0,737,9062,0,32768,10,26624
1088,1100,0,0,4,2,2,0,0,19,4,8192,0,65232,0,64,0,0,65475,193,0,0,0,51200,0,0,56452,56484,0,65504,0,0,64,0,0,912,256,0,0,944,64,0,0,0,115,0,0,0,65532,26688
1089,1000,0,0,4,2,2,0,0,19,4,33536,38400,64795,65437,70,32768,8,797,901,0,0,48,62027,0,0,50699,56267,2,59840,59456,0,70,6,2304,944,8256,33024,0,944,64,0,4,0,747,9334,0,32768,10,26624
1089,1100,0,0,4,2,2,0,0,19,4,8192,0,65232,0,64,0,0,65475,193,0,0,0,51200,0,0,56452,56484,0,65504,0,0,64,0,0,912,256,0,0,944,64,0,0,0,115,0,0,0,65532,26688
1090,1000,0,0,4,2,2,0,0,19,4,40448,13056,64787,65425,70,32768,8,794,901,0,0,48,62635,0,0,50859,56555,2,59712,59136,0,70,6,2304,944,8256,33024,0,944,64,0,4,0,757,9606,0,32768,10,26624
1090,1100,0,0,4,2,2,0,0,19,4,8192,0,65232,0,64,0,0,65475,193,0,0,0,51200,0,0,56452,56484,0,65504,0,0,64,0,0,912,256,0,0,944,64,0,0,0,115,0,0,0,65532,26688
1091,1000,0,0,4,2,2,0,0,19,4,45312,50176,64779,65412,70,32768,8,791,900,0,0,48,63243,0,0,51019,56843,2,59584,58816,0,70,6,2304,944,8256,33024,0,944,64,0,36,0,767,9878,0,32768,10,26624
1091,1100,0,0,4,2,2,0,0,19,4,8192,0,65232,0,64,0,0,65475,193,0,0,0,51200,0,0,56452,56484,0,65504,0,0,64,0,0,912,256,0,0,944,64,0,0,0,115,0,0,0,65532,26688
1092,1000,0,0,4,2,2,0,0,19,4,48128,18432,64771,65398,70,32768,8,788,900,0,0,48,63851,0,0,51179,57131,2,59456,58496,0,70,6,2304,944,8256,33024,0,944,64,0,36,0,777,10150,0,32768,1,26624
1092,1100,0,0,4,2,2,0,0,19,4,8192,0,65232,0,64,0,0,65475,193,0,0,0,51200,0,0,56452,56484,0,65504,0,0,64,0,0,912,256,0,0,944,64,0,0,0,115,0,0,0,65532,26688
1093,1000,0,0,4,2,2,0,0,19,4,48896,48640,64772,65386,70,32768,8,785,899,0,0,48,64459,0,0,51339,57419,2,59328,58176,0,70,6,2304,944,8256,33024,0,944,64,0,36,0,778,10422,0,32768,1,26624
1093,1100,0,0,4,2,2,0,0,19,4,8192,0,65232,0,64,0,0,65475,193,0,0,0,51200,0,0,56452,56484,0,65504,0,0,64,0,0,912,256,0,0,944,64,0,0,0,115,0,0,0,65532,26688
1094,1000,0,0,4,2,2,0,0,19,4,49920,10240,64774,65374,70,32768,8,782,899,0,0,48,65067,0,0,51499,57707,2,59200,57856,0,70,6,2304,944,8256,33024,0,944,64,0,36,0,779,10694,0,32768,1,26624
1094,1100,0,0,4,2,2,0,0,19,4,8192,0,65232,0,64,0,0,65475,193,0,0,0,51200,0,0,56452,56484,0,65504,0,0,64,0,0,912,256,0,0,944,64,0,0,0,115,0,0,0,65532,26688
1095,1000,0,0,4,2,2,0,0,19,4,51456,34304,64775,65362,70,32768,8,779,898,0,0,48,139,0,0,51659,57995,2,59072,57536,0,70,6,2304,944,8256,33024,0,944,64,0,36,0,780,10966,0,32768,1,26624
1095,1100,0,0,4,2,2,0,0,19,4,8192,0,65232,0,64,0,0,65475,193,0,0,0,51200,0,0,56452,56484,0,65504,0,0,64,0,0,912,256,0,0,944,64,0,0,0,115,0,0,0,65532,26688
1096,1000,0,0,4,2,2,0,0,19,4,53248,55296,64777,65351,70,32768,8,776,897,0,0,48,747,0,0,51819,58283,2,58944,57216,0,70,6,2304,944,8256,33024,0,944,64,0,36,0,781,11238,0,32768,1,26624
1096,1100,0,0,4,2,2,0,0,19,4,8192,0,65232,0,64,0,0,65475,193,0,0,0,51200,0,0,56452,56484,0,65504,0,0,64,0,0,912,256,0,0,944,64,0,0,0,115,0,0,0,65532,26688
1097,1000,0,0,4,2,2,0,0,19,4,55552,7936,64779,65339,70,32768,8,773,897,0,0,48,1355,0,0,51979,58571,2,58816,56896,0,70,6,2304,944,8320,33024,0,944,64,0,36,0,782,11510,0,32768,1,26624
1097,1100,0,0,4,2,2,0,0,19,4,8192,0,65232,0,64,0,0,65475,193,0,0,0,51200,0,0,56452,56484,0,65504,0,0,64,0,0,912,256,0,0,944,64,0,0,0,115,0,0,0,65532,26688
1098,1000,0,0,4,2,2,0,0,19,4,58368,23040,64781,65327,70,32768,8,770,896,0,0,48,1963,0,0,52139,58859,2,58688,57216,0,70,6,2304,944,8320,33024,0,944,64,0,36,0,783,11782,0,32768,1,26624
1098,1100,0,0,4,2,2,0,0,19,4,8192,0,65232,0,64,0,0,65475,193,0,0,0,51200,0,0,56452,56484,0,65504,0,0,64,0,0,912,256,0,0,944,64,0,0,0,115,0,0,0,65532,26688
1099,1000,0,0,4,2,2,0,0,19,4,61696,35072,64783,65315,70,32768,8,767,895,0,0,48,1931,0,0,52299,59147,2,58560,56896,0,70,6,2304,944,8320,33024,0,944,64,0,36,0,784,12054,0,32768,1,26624
1099,1100,0,0,4,2,2,0,0,19,4,8192,0,65232,0,64,0,0,65475,193,0,0,0,51200,0,0,56452,56484,0,65504,0,0,64,0,0,912,256,0,0,944,64,0,0,0,115,0,0,0,65532,26688
1100,1000,0,0,4,2,2,0,0,19,4,0,44032,64786,65303,70,32768,8,765,894,0,0,48,2539,0,0,52459,59435,2,58432,57216,0,70,6,2304,944,8320,33024,0,944,64,0,36,0,785,12326,0,32768,1,26624
1100,1100,0,0,4,2,2,0,0,19,4,8192,0,65232,0,64,0,0,65475,193,0,0,0,51200,0,0,56452,56484,0,65504,0,0,64,0,0,912,256,0,0,944,64,0,0,0,115,0,0,0,65532,26688
1101,1000,0,0,4,2,2,0,0,19,4,4608,49920,64789,65291,70,32768,8,762,893,0,0,48,2507,0,0,52619,59723,2,58304,56896,0,70,6,2304,944,8320,33024,0,944,64,0,36,0,786,12598,0,32768,1,26624
1101,1100,0,0,4,2,2,0,0,19,4,8192,0,65232,0,64,0,0,65475,193,0,0,0,51200,0,0,56452,56484,0,65504,0,0,64,0,0,912,256,0,0,944,64,0,0,0,115,0,0,0,65532,26688
1102,1000,0,0,4,2,2,0,0,19,4,9984,52736,64792,65280,70,32768,8,759,892,0,0,48,3115,0,0,52779,60011,2,58176,57216,0,70,6,2304,944,8320,33024,0,944,64,0,36,0,787,12870,0,32768,1,26624
1102,1100,0,0,4,2,2,0,0,19,4,8192,0,65232,0,64,0,0,65475,193,0,0,0,51200,0,0,56452,56484,0,65504,0,0,64,0,0,912,256,0,0,944,64,0,0,0,115,0,0,0,65532,26688
1103,1000,0,0,4,2,2,0,0,19,4,16128,52736,64795,65268,70,32768,8,756,891,0,0,48,3083,0,0,52939,60299,2,58048,56896,0,70,6,2304,944,8320,33024,0,944,64,0,36,0,788,13142,0,32768,1,26624
1103,1100,0,0,4,2,2,0,0,19,4,8192,0,65232,0,64,0,0,65475,193,0,0,0,51200,0,0,56452,56484,0,65504,0,0,64,0,0,912,256,0,0,944,64,0,0,0,115,0,0,0,65532,26688
1104,1000,0,0,4,2,2,0,0,19,4,23040,49664,64798,65256,70,32768,8,753,890,0,0,48,3691,0,0,53099,60587,2,57920,57216,0,70,6,2304,944,8320,33024,0,944,64,0,36,0,789,13414,0,32768,1,26624
1104,1100,0,0,4,2,2,0,0,19,4,8192,0,65232,0,64,0,0,65475,193,0,0,0,51200,0,0,56452,56484,0,65504,0,0,64,0,0,912,256,0,0,944,64,0,0,0,115,0,0,0,65532,26688
1105,1000,0,0,4,2,2,0,0,19,4,30720,43520,64801,65245,70,32768,8,750,889,0,0,48,3659,0,0,53259,60875,2,57792,56896,0,70,6,2304,944,8384,33024,0,944,64,0,36,0,790,13686,0,32768,1,26624
1105,1100,0,0,4,2,2,0,0,19,4,8192,0,65232,0,64,0,0,65475,193,0,0,0,51200,0,0,56452,56484,0,65504,0,0,64,0,0,912,256,0,0,944,64,0,0,0,115,0,0,0,65532,26688
1106,1000,0,0,4,2,2,0,0,19,4,39168,34560,64805,65233,70,32768,8,747,888,0,0,48,4267,0,0,53419,61163,2,57664,57216,0,70,6,2304,944,8384,33024,0,944,64,0,36,0,791,13958,0,32768,1,26624
1106,1100,0,0,4,2,2,0,0,19,4,8192,0,65232,0,64,0,0,65475,193,0,0,0,51200,0,0,56452,56484,0,65504,0,0,64,0,0,912,256,0,0,944,64,0,0,0,115,0,0,0,65532,26688
1107,1000,0,0,4,2,2,0,0,19,4,48640,22528,64809,65221,70,32768,8,744,887,0,0,48,4235,0,0,53579,61451,2,57536,56896,0,70,6,2304,944,8384,33024,0,944,64,0,36,0,792,14230,0,32768,1,26624
1107,1100,0,0,4,2,2,0,0,19,4,8192,0,65232,0,64,0,0,65475,193,0,0,0,51200,0,0,56452,56484,0,65504,0,0,64,0,0,912,256,0,0,944,64,0,0,0,115,0,0,0,65532,26688
1108,1000,0,0,4,2,2,0,0,19,4,59136,7424,64813,65210,70,32768,8,741,886,0,0,48,4843,0,0,53739,61739,2,57728,57216,0,70,6,2168,944,8384,32768,0,944,64,0,0,0,793,13733,0,32768,1,26624
1108,1100,0,0,4,2,2,0,0,19,4,8192,0,65232,0,64,0,0,65475,193,0,0,0,51200,0,0,56452,56484,0,65504,0,0,64,0,0,912,256,0,0,944,64,0,0,0,115,0,0,0,65532,26688
1109,1000,0,0,4,2,2,0,0,19,4,5120,55040,64817,65198,70,32768,8,739,884,0,0,48,4794,0,0,54202,62010,2,57920,57536,0,70,6,2032,944,8384,32768,0,944,64,0,0,0,794,13236,0,32768,1,26624
1109,1100,0,0,4,2,2,0,0,19,4,8192,0,65232,0,64,0,0,65475,193,0,0,0,51200,0,0,56452,56484,0,65504,0,0,64,0,0,912,256,0,0,944,64,0,0,0,115,0,0,0,65532,26688
1110,1000,0,0,4,2,2,0,0,19,4,17664,34048,64832,65166,70,32768,8,736,883,0,0,48,4728,0,0,54648,62264,2,58112,57856,0,70,6,1896,944,8384,32768,0,944,64,0,0,0,795,12739,0,32768,1,26624
1110,1100,0,0,4,2,2,0,0,19,4,8192,0,65232,0,64,0,0,65475,193,0,0,0,51200,0,0,56452,56484,0,65504,0,0,64,0,0,912,256,0,0,944,64,0,0,0,115,0,0,0,65532,26688
1111,1000,0,0,4,2,2,0,0,19,4,34048,4864,64847,65136,70,32768,8,733,882,0,0,48,4645,0,0,55077,62501,2,58304,58176,0,70,6,1760,944,8384,32768,0,944,64,0,0,0,796,12242,0,32768,1,26624
1111,1100,0,0,4,2,2,0,0,19,4,8192,0,65232,0,64,0,0,65475,193,0,0,0,51200,0,0,56452,56484,0,65504,0,0,64,0,0,912,256,0,0,944,64,0,0,0,115,0,0,0,65532,26688
1112,1000,0,0,4,2,2,0,0,19,4,54272,33536,64864,65108,70,32768,8,730,880,0,0,48,4545,0,0,55489,62721,2,58496,58496,0,70,6,1624,944,8384,32768,0,944,64,0,0,0,797,11745,0,32768,1,26624
1112,1100,0,0,4,2,2,0,0,19,4,8192,0,65232,0,64,0,0,65475,193,0,0,0,51200,0,0,56452,56484,0,65504,0,0,64,0,0,912,256,0,0,944,64,0,0,0,115,0,0,0,65532,26688
1113,1000,0,0,4,2,2,0,0,19,4,13312,55040,64880,65081,70,32768,8,728,878,0,0,48,4428,0,0,55884,62924,2,58688,58816,0,70,6,1488,944,8448,32768,0,944,64,0,0,0,798,11248,0,32768,1,26624
1113,1100,0,0,4,2,2,0,0,19,4,8192,0,65232,0,64,0,0,65475,193,0,0,0,51200,0,0,56452,56484,0,65504,0,0,64,0,0,912,256,0,0,944,64,0,0,0,115,0,0,0,65532,26688
1114,1000,0,0,4,2,2,0,0,19,4,41984,4096,64897,65056,70,32768,8,725,877,0,0,48,4294,0,0,56262,63110,2,58880,59136,0,70,6,1352,944,8448,32768,0,944,64,0,0,0,799,10751,0,32768,1,26624
1114,1100,0,0,4,2,2,0,0,19,4,8192,0,65232,0,64,0,0,65475,193,0,0,0,51200,0,0,56452,56484,0,65504,0,0,64,0,0,912,256,0,0,944,64,0,0,0,115,0,0,0,65532,26688
1115,1000,0,0,4,2,2,0,0,19,4,9472,12288,64914,65032,70,32768,8,723,875,0,0,48,4143,0,0,56623,63279,2,59072,59456,0,70,6,1211,944,8448,32768,0,944,64,0,0,0,800,10254,0,32768,1,26624
1115,1100,0,0,4,2,2,0,0,19,4,8192,0,65232,0,64,0,0,65475,193,0,0,0,51200,0,0,56452,56484,0,65504,0,0,64,0,0,912,256,0,0,944,64,0,0,0,115,0,0,0,65532,26688
1116,1000,0,0,4,2,2,0,0,19,4,46848,14336,64931,65010,70,32768,8,720,873,0,0,48,3974,0,0,56966,63430,2,59264,59776,0,70,6,1070,944,8448,32768,0,944,64,0,0,0,801,9757,0,32768,1,26624
1116,1100,0,0,4,2,2,0,0,19,4,8192,0,65232,0,64,0,0,65475,193,0,0,0,51200,0,0,56452,56484,0,65504,0,0,64,0,0,912,256,0,0,944,64,0,0,0,115,0,0,0,65532,26688
1117,1000,0,0,4,2,2,0,0,19,4,23040,10752,64948,64990,70,32768,8,718,871,0,0,48,3787,0,0,57291,63563,2,59456,60096,0,70,6,930,944,8448,32768,0,944,64,0,0,0,802,9260,0,32768,1,26624
1117,1100,0,0,4,2,2,0,0,19,4,8192,0,65232,0,64,0,0,65475,193,0,0,0,51200,0,0,56452,56484,0,65504,0,0,64,0,0,912,256,0,0,944,64,0,0,0,115,0,0,0,65532,26688
1118,1000,0,0,4,2,2,0,0,19,4,3584,2048,64965,64972,70,32768,8,716,869,0,0,48,3583,0,0,57599,63679,2,59648,60416,0,70,6,790,944,8448,32768,0,944,64,0,0,0,803,8763,0,32768,1,26624
1118,1100,0,0,4,2,2,0,0,19,4,8192,0,65232,0,64,0,0,65475,193,0,0,0,51200,0,0,56452,56484,0,65504,0,0,64,0,0,912,256,0,0,944,64,0,0,0,115,0,0,0,65532,26688
1119,1000,0,0,4,2,2,0,0,19,4,54016,54272,64981,64954,70,32768,8,713,866,0,0,48,3361,0,0,57889,63777,2,59840,60736,0,70,6,651,944,8448,32768,0,944,64,0,0,0,804,8266,0,32768,1,26624
1119,1100,0,0,4,2,2,0,0,19,4,8192,0,65232,0,64,0,0,65475,193,0,0,0,51200,0,0,56452,56484,0,65504,0,0,64,0,0,912,256,0,0,944,64,0,0,0,115,0,0,0,65532,26688
1120,1000,0,0,4,2,2,0,0,19,4,43008,36352,64997,64938,70,32768,8,711,864,0,0,48,3122,0,0,58162,63858,2,60032,61056,0,70,6,512,944,8448,32768,0,944,64,0,0,0,805,7769,0,32768,1,26624
1120,1100,0,0,4,2,2,0,0,19,4,8192,0,65232,0,64,0,0,65475,193,0,0,0,51200,0,0,56452,56484,0,65504,0,0,64,0,0,912,256,0,0,944,64,0,0,0,115,0,0,0,65532,26688
1121,1000,0,0,4,2,2,0,0,19,4,36096,14336,65012,64924,70,32768,8,709,862,0,0,48,2866,0,0,58418,63922,2,60224,61376,0,70,6,374,944,8512,32768,0,944,64,0,0,0,806,7272,0,32768,1,26624
1121,1100,0,0,4,2,2,0,0,19,4,8192,0,65232,0,64,0,0,65475,193,0,0,0,51200,0,0,56452,56484,0,65504,0,0,64,0,0,912,256,0,0,944,64,0,0,0,115,0,0,0,65532,26688
1122,1000,0,0,4,2,2,0,0,19,4,33024,54272,65026,64910,70,32768,8,707,859,0,0,48,2592,0,0,58656,63968,2,60416,61696,0,70,6,237,944,8512,32768,0,944,64,0,0,0,807,6775,0,32768,1,26624
1122,1100,0,0,4,2,2,0,0,19,4,8192,0,65232,0,64,0,0,65475,193,0,0,0,51200,0,0,56452,56484,0,65504,0,0,64,0,0,912,256,0,0,944,64,0,0,0,115,0,0,0,65532,26688
1123,1000,0,0,4,2,2,0,0,19,4,33536,25088,65040,64898,70,32768,8,705,857,0,0,48,2301,0,0,58877,63997,2,60608,62016,0,70,6,100,944,8512,32768,0,944,64,0,0,0,808,6278,0,32768,1,26624
1123,1100,0,0,4,2,2,0,0,19,4,8192,0,65232,0,64,0,0,65475,193,0,0,0,51200,0,0,56452,56484,0,65504,0,0,64,0,0,912,256,0,0,944,64,0,0,0,115,0,0,0,65532,26688
1124,1000,0,0,4,2,2,0,0,19,4,37632,58368,65053,64887,70,32768,8,703,854,0,0,48,1993,0,0,59081,64009,2,60800,62336,0,70,6,0,944,8512,32768,0,944,64,0,0,0,809,5781,0,32768,1,26624
1124,1100,0,0,4,2,2,0,0,19,4,8192,0,65232,0,64,0,0,65475,193,0,0,0,51200,0,0,56452,56484,0,65504,0,0,64,0,0,912,256,0,0,944,64,0,0,0,115,0,0,0,65532,26688
1125,1000,0,0,4,2,2,0,0,19,4,45056,23296,65066,64877,70,32768,8,701,852,0,0,48,1673,0,0,59273,64009,2,60992,62656,0,70,6,0,944,8512,32768,0,944,64,0,0,0,810,5284,0,32768,1,26624
1125,1100,0,0,4,2,2,0,0,19,4,8192,0,65232,0,64,0,0,65475,193,0,0,0,51200,0,0,56452,56484,0,65504,0,0,64,0,0,912,256,0,0,944,64,0,0,0,115,0,0,0,65532,26688
1126,1000,0,0,4,2,2,0,0,19,4,55808,51200,65077,64867,70,32768,8,699,849,0,0,48,1353,0,0,59465,64009,2,61184,62976,0,70,6,0,944,8512,32768,0,944,64,0,0,0,811,4787,0,32768,1,26624
1126,1100,0,0,4,2,2,0,0,19,4,8192,0,65232,0,64,0,0,65475,193,0,0,0,51200,0,0,56452,56484,0,65504,0,0,64,0,0,912,256,0,0,944,64,0,0,0,115,0,0,0,65532,26688
1127,1000,0,0,4,2,2,0,0,19,4,3840,11008,65089,64858,70,32768,8,698,847,0,0,48,1033,0,0,59657,64009,2,61376,63296,0,70,6,0,944,8512,32768,0,944,64,0,0,0,812,4290,0,32768,1,26624
1127,1100,0,0,4,2,2,0,0,19,4,8192,0,65232,0,64,0,0,65475,193,0,0,0,51200,0,0,56452,56484,0,65504,0,0,64,0,0,912,256,0,0,944,64,0,0,0,115,0,0,0,65532,26688
1128,1000,0,0,4,2,2,0,0,19,4,20480,34048,65101,64849,70,32768,8,696,844,0,0,48,713,0,0,59849,64009,2,61568,63616,0,70,6,0,944,8512,32768,0,944,64,0,0,0,813,3793,0,32768,1,26624
1128,1100,0,0,4,2,2,0,0,19,4,8192,0,65232,0,64,0,0,65475,193,0,0,0,51200,0,0,56452,56484,0,65504,0,0,64,0,0,912,256,0,0,944,64,0,0,0,115,0,0,0,65532,26688
1129,1000,0,0,4,2,2,0,0,19,4,40192,54784,65113,64840,70,32768,8,694,841,0,0,48,393,0,0,60041,64009,2,61760,63936,0,70,6,0,944,8576,32768,0,944,64,0,0,0,814,3296,0,32768,1,26624
1129,1100,0,0,4,2,2,0,0,19,4,8192,0,65232,0,64,0,0,65475,193,0,0,0,51200,0,0,56452,56484,0,65504,0,0,64,0,0,912,256,0,0,944,64,0,0,0,115,0,0,0,65532,26688
1130,1000,0,0,4,2,2,0,0,19,4,62976,7680,65126,64832,70,32768,8,692,839,0,0,48,73,0,0,60233,64009,2,61952,64256,0,70,6,0,944,8576,32768,0,944,64,0,0,0,815,2799,0,32768,1,26624
1130,1100,0,0,4,2,2,0,0,19,4,8192,0,65232,0,64,0,0,65475,193,0,0,0,51200,0,0,56452,56484,0,65504,0,0,64,0,0,912,256,0,0,944,64,0,0,0,115,0,0,0,65532,26688
1131,1000,0,0,4,2,2,0,0,19,4,23552,24064,65138,64824,70,32768,8,691,836,0,0,48,65289,0,0,60425,64009,2,62144,64576,0,70,6,0,944,8576,32768,0,944,64,0,0,0,816,2302,0,32768,1,26624
1131,1100,0,0,4,2,2,0,0,19,4,8192,0,65232,0,64,0,0,65475,193,0,0,0,51200,0,0,56452,56484,0,65504,0,0,64,0,0,912,256,0,0,944,64,0,0,0,115,0,0,0,65532,26688
1132,1000,0,0,4,2,2,0,0,19,4,52736,38400,65151,64815,70,32768,8,689,833,0,0,48,64969,0,0,60617,64009,2,62336,64896,0,70,6,0,944,8576,32768,0,944,64,0,0,0,817,1805,0,32768,1,26624
1132,1100,0,0,4,2,2,0,0,19,4,8192,0,65232,0,64,0,0,65475,193,0,0,0,51200,0,0,56452,56484,0,65504,0,0,64,0,0,912,256,0,0,944,64,0,0,0,115,0,0,0,65532,26688
1133,1000,0,0,4,2,2,0,0,19,4,19712,50432,65164,64808,70,32768,8,688,830,0,0,48,64649,0,0,60809,64009,2,62528,65216,0,70,6,0,944,8576,32768,0,944,64,0,0,0,818,1308,0,32768,1,26624
1133,1100,0,0,4,2,2,0,0,19,4,8192,0,65232,0,64,0,0,65475,193,0,0,0,51200,0,0,56452,56484,0,65504,0,0,64,0,0,912,256,0,0,944,64,0,0,0,115,0,0,0,65532,26688
1134,1000,0,0,4,2,2,0,0,19,4,55552,60672,65177,64800,70,32768,8,686,827,0,0,48,64329,0,0,61001,64009,2,62720,0,0,70,6,0,944,8576,32768,0,944,64,0,0,0,819,811,0,32768,1,26624
1134,1100,0,0,4,2,2,0,0,19,4,8192,0,65232,0,64,0,0,65475,193,0,0,0,51200,0,0,56452,56484,0,65504,0,0,64,0,0,912,256,0,0,944,64,0,0,0,115,0,0,0,65532,26688
1135,1000,0,0,4,2,2,0,0,19,4,29184,3328,65190,64793,70,32768,8,685,825,0,0,48,64009,0,0,61193,64009,2,62912,0,0,70,6,0,944,8576,32768,0,944,64,0,0,0,820,314,0,32768,1,26624
1135,1100,0,0,4,2,2,0,0,19,4,8192,0,65232,0,64,0,0,65475,193,0,0,0,51200,0,0,56452,56484,0,65504,0,0,64,0,0,912,256,0,0,944,64,0,0,0,115,0,0,0,65532,26688
1136,1000,0,0,4,2,2,0,0,19,4,6144,9728,65203,64785,70,32768,8,684,822,0,0,48,64009,0,0,61385,64009,2,63104,0,0,70,6,0,944,8576,32768,0,944,64,0,0,0,821,65353,0,32768,1,26624
1136,1100,0,0,4,2,2,0,0,19,4,8192,0,65232,0,64,0,0,65475,193,0,0,0,51200,0,0,56452,56484,0,65504,0,0,64,0,0,912,256,0,0,944,64,0,0,0,115,0,0,0,65532,26688
1137,1000,0,0,4,2,2,0,0,19,4,51968,14080,65217,64779,70,32768,8,682,819,0,0,48,64009,0,0,61577,64009,2,63296,0,0,70,6,0,944,8640,32768,0,944,64,0,0,0,822,314,0,32768,1,26624
1137,1100,0,0,4,2,2,0,0,19,4,8192,0,65232,0,64,0,0,65475,193,0,0,0,51200,0,0,56452,56484,0,65504,0,0,64,0,0,912,256,0,0,944,64,0,0,0,115,0,0,0,65532,26688
1138,1000,0,0,4,2,2,0,0,19,4,35840,16896,65231,64772,70,32768,8,681,816,0,0,48,64009,0,0,61769,64009,2,63488,0,0,70,6,0,944,8640,32768,0,944,64,0,0,0,823,65353,0,32768,1,26624
1138,1100,0,0,4,2,2,0,0,19,4,8192,0,65232,0,64,0,0,65475,193,0,0,0,51200,0,0,56452,56484,0,65504,0,0,64,0,0,912,256,0,0,944,64,0,0,0,115,0,0,0,65532,26688
1139,1000,0,0,4,2,2,0,0,19,4,23296,17920,65244,64766,70,32768,8,680,813,0,0,48,64009,0,0,61961,64009,2,63680,0,0,70,6,0,944,8640,32768,0,944,64,0,0,0,824,314,0,32768,1,26624
1139,1100,0,0,4,2,2,0,0,19,4,8192,0,65232,0,64,0,0,65475,193,0,0,0,51200,0,0,56452,56484,0,65504,0,0,64,0,0,912,256,0,0,944,64,0,0,0,115,0,0,0,65532,26688
1140,1000,0,0,4,2,2,0,0,19,4,14080,17408,65258,64759,70,32768,8,679,810,0,0,48,64009,0,0,62153,64009,2,63872,0,0,70,6,0,944,8640,32768,0,944,64,0,0,0,825,65353,0,32768,1,26624
1140,1100,0,0,4,2,2,0,0,19,4,8192,0,65232,0,64,0,0,65475,193,0,0,0,51200,0,0,56452,56484,0,65504,0,0,64,0,0,912,256,0,0,944,64,0,0,0,115,0,0,0,65532,26688
1141,1000,256,0,4,2,2,0,0,19,4,8448,15104,65272,64754,70,32768,8,678,807,0,0,48,64009,0,0,62345,64009,2,63744,65216,0,70,6,87,944,8640,33025,0,944,64,0,0,0,826,89,0,32768,1,26624
1141,1100,256,0,4,2,2,0,0,19,4,8192,0,65232,0,64,0,0,65475,193,0,0,0,51200,0,0,56452,56484,0,65504,0,0,64,0,0,912,256,0,0,944,64,0,0,0,115,0,0,0,65532,26688
1142,1000,0,0,4,2,2,0,0,19,4,6400,11520,65286,64748,70,32768,8,677,804,0,0,48,64339,0,0,62227,64019,2,63616,64896,0,70,6,174,944,8640,33024,0,944,64,0,0,0,827,361,0,32768,1,26624
1142,1100,0,0,4,2,2,0,0,19,4,8192,0,65232,0,64,0,0,65475,193,0,0,0,51200,0,0,56452,56484,0,65504,0,0,64,0,0,912,256,0,0,944,64,0,0,0,115,0,0,0,65532,26688
1143,1000,0,0,4,2,2,0,0,19,4,7936,6400,65277,64750,70,32768,8,676,801,0,0,48,64680,0,0,62120,64040,2,63488,64576,0,70,6,260,944,8640,33024,0,944,64,0,0,0,828,633,0,32768,1,26624
1143,1100,0,0,4,2,2,0,0,19,4,8192,0,65232,0,64,0,0,65475,193,0,0,0,51200,0,0,56452,56484,0,65504,0,0,64,0,0,912,256,0,0,944,64,0,0,0,115,0,0,0,65532,26688
1144,1000,0,0,4,2,2,0,0,19,4,7168,1792,65269,64752,70,32768,8,675,798,0,0,48,65032,0,0,62024,64072,2,63360,64256,0,70,6,346,944,8640,33024,0,944,64,0,0,0,829,905,0,32768,1,26624
1144,1100,0,0,4,2,2,0,0,19,4,8192,0,65232,0,64,0,0,65475,193,0,0,0,51200,0,0,56452,56484,0,65504,0,0,64,0,0,912,256,0,0,944,64,0,0,0,115,0,0,0,65532,26688
1145,1000,0,0,4,2,2,0,0,19,4,4352,63232,65261,64753,70,32768,8,674,794,0,0,48,65395,0,0,61939,64115,2,63232,63936,0,70,6,432,944,8704,33024,0,944,64,0,0,0,830,1177,0,32768,1,26624
1145,1100,0,0,4,2,2,0,0,19,4,8192,0,65232,0,64,0,0,65475,193,0,0,0,51200,0,0,56452,56484,0,65504,0,0,64,0,0,912,256,0,0,944,64,0,0,0,115,0,0,0,65532,26688
1146,1000,0,0,4,2,2,0,0,19,4,65024,59392,65255,64754,70,32768,8,672,791,0,0,48,233,0,0,61865,64169,2,63104,63616,0,70,6,517,944,8704,33024,0,944,64,0,0,0,831,1449,0,32768,1,26624
1146,1100,0,0,4,2,2,0,0,19,4,8192,0,65232,0,64,0,0,65475,193,0,0,0,51200,0,0,56452,56484,0,65504,0,0,64,0,0,912,256,0,0,944,64,0,0,0,115,0,0,0,65532,26688
1147,1000,0,0,4,2,2,0,0,19,4,58624,55808,65249,64755,70,32768,8,671,788,0,0,48,617,0,0,61801,64233,2,62976,63296,0,70,6,600,944,8704,33024,0,944,64,0,0,0,832,1721,0,32768,0,26624
1147,1100,0,0,4,2,2,0,0,19,4,8192,0,65232,0,64,0,0,65475,193,0,0,0,51200,0,0,56452,56484,0,65504,0,0,64,0,0,912,256,0,0,944,64,0,0,0,115,0,0,0,65532,26688
1148,1000,0,0,4,2,2,0,0,19,4,50688,52480,65244,64756,70,32768,8,670,785,0,0,48,1012,0,0,61748,64308,2,62848,62976,0,70,6,682,944,8704,33024,0,944,64,0,0,0,833,1993,0,0,0,26624
1148,1100,0,0,4,2,2,0,0,19,4,8192,0,65232,0,64,0,0,65475,193,0,0,0,51200,0,0,56452,56484,0,65504,0,0,64,0,0,912,256,0,0,944,64,0,0,0,115,0,0,0,65532,26688
1149,1000,0,0,4,2,2,0,0,19,4,41472,49408,65240,64758,70,32768,8,669,782,0,0,48,1417,0,0,61705,64393,2,62720,62656,0,70,6,763,944,8704,33024,0,944,64,0,0,0,833,2265,0,32768,0,26624
1149,1100,0,0,4,2,2,0,0,19,4,8192,0,65232,0,64,0,0,65475,193,0,0,0,51200,0,0,56452,56484,0,65504,0,0,64,0,0,912,256,0,0,944,64,0,0,0,115,0,0,0,65532,26688
1150,1000,0,0,4,2,2,0,0,19,4,31232,46848,65236,64758,70,32768,8,668,779,0,0,48,1832,0,0,61672,64488,2,62912,62976,0,70,6,622,944,8704,32768,0,944,64,0,0,0,834,1768,0,0,0,26624
1150,1100,0,0,4,2,2,0,0,19,4,8192,0,65232,0,64,0,0,65475,193,0,0,0,51200,0,0,56452,56484,0,65504,0,0,64,0,0,912,256,0,0,944,64,0,0,0,115,0,0,0,65532,26688
1151,1000,0,0,4,2,2,0,0,19,4,19968,44288,65234,64759,70,32768,8,667,776,0,0,48,1589,0,0,61941,64565,2,63104,63296,0,70,6,482,944,8704,32768,0,944,64,0,0,0,834,1271,0,32768,0,26624
1151,1100,0,0,4,2,2,0,0,19,4,8192,0,65232,0,64,0,0,65475,193,0,0,0,51200,0,0,56452,56484,0,65504,0,0,64,0,0,912,256,0,0,944,64,0,0,0,115,0,0,0,65532,26688
1152,1000,0,0,4,2,2,0,0,19,4,8192,41984,65253,64751,70,32768,8,666,773,0,0,48,1329,0,0,62193,64625,2,63296,63616,0,70,6,343,944,8704,32768,0,944,64,0,0,0,835,774,0,0,0,26624
1152,1100,0,0,4,2,2,0,0,19,4,8192,0,65232,0,64,0,0,65475,193,0,0,0,51200,0,0,56452,56484,0,65504,0,0,64,0,0,912,256,0,0,944,64,0,0,0,115,0,0,0,65532,26688
1153,1000,0,0,4,2,2,0,0,19,4,1280,37632,65272,64744,70,32768,8,665,770,0,0,48,1051,0,0,62427,64667,2,63488,63936,0,70,6,205,944,8768,32768,0,944,64,0,0,0,835,277,0,32768,0,26624
1153,1100,0,0,4,2,2,0,0,19,4,8192,0,65232,0,64,0,0,65475,193,0,0,0,51200,0,0,56452,56484,0,65504,0,0,64,0,0,912,256,0,0,944,64,0,0,0,115,0,0,0,65532,26688
1154,1000,0,0,4,2,2,0,0,19,4,64768,31488,65290,64737,70,32768,8,663,767,0,0,48,756,0,0,62644,64692,2,63680,64256,0,70,6,68,944,8768,32768,0,944,64,0,0,0,836,65316,0,0,0,26624
1154,1100,0,0,4,2,2,0,0,19,4,8192,0,65232,0,64,0,0,65475,193,0,0,0,51200,0,0,56452,56484,0,65504,0,0,64,0,0,912,256,0,0,944,64,0,0,0,115,0,0,0,65532,26688
1155,1000,0,0,4,2,2,0,0,19,4,1792,23552,65307,64732,70,32768,8,663,764,0,0,48,444,0,0,62844,64700,2,63872,64576,0,70,6,0,944,8768,32768,0,944,64,0,0,0,836,277,0,32768,0,26624
1155,1100,0,0,4,2,2,0,0,19,4,8192,0,65232,0,64,0,0,65475,193,0,0,0,51200,0,0,56452,56484,0,65504,0,0,64,0,0,912,256,0,0,944,64,0,0,0,115,0,0,0,65532,26688
1156,1000,0,0,4,2,2,0,0,19,4,8704,14336,65322,64727,70,32768,8,662,761,0,0,48,124,0,0,63036,64700,2,64064,64896,0,70,6,0,944,8768,32768,0,944,64,0,0,0,837,65316,0,0,0,26624
1156,1100,0,0,4,2,2,0,0,19,4,8192,0,65232,0,64,0,0,65475,193,0,0,0,51200,0,0,56452,56484,0,65504,0,0,64,0,0,912,256,0,0,944,64,0,0,0,115,0,0,0,65532,26688
1157,1000,0,0,4,2,2,0,0,19,4,19456,3840,65337,64723,70,32768,8,661,758,0,0,48,65340,0,0,63228,64700,2,64256,65216,0,70,6,0,944,8768,32768,0,944,64,0,0,0,837,277,0,32768,0,26624
1157,1100,0,0,4,2,2,0,0,19,4,8192,0,65232,0,64,0,0,65475,193,0,0,0,51200,0,0,56452,56484,0,65504,0,0,64,0,0,912,256,0,0,944,64,0,0,0,115,0,0,0,65532,26688
1158,1000,0,0,4,2,2,0,0,19,4,34048,57856,65352,64719,70,32768,8,660,754,0,0,48,65020,0,0,63420,64700,2,64448,0,0,70,6,0,944,8768,32768,0,944,64,0,0,0,838,65316,0,0,0,26624
1158,1100,0,0,4,2,2,0,0,19,4,8192,0,65232,0,64,0,0,65475,193,0,0,0,51200,0,0,56452,56484,0,65504,0,0,64,0,0,912,256,0,0,944,64,0,0,0,115,0,0,0,65532,26688
1159,1000,0,0,4,2,2,0,0,19,4,52480,45312,65367,64716,70,32768,8,659,751,0,0,48,64700,0,0,63612,64700,2,64640,0,0,70,6,0,944,8768,32768,0,944,64,0,0,0,838,277,0,32768,0,26624
1159,1100,0,0,4,2,2,0,0,19,4,8192,0,65232,0,64,0,0,65475,193,0,0,0,51200,0,0,56452,56484,0,65504,0,0,64,0,0,912,256,0,0,944,64,0,0,0,115,0,0,0,65532,26688
1160,1000,0,0,4,2,2,0,0,19,4,9216,32000,65382,64712,70,32768,8,659,748,0,0,48,64700,0,0,63804,64700,2,64832,0,0,70,6,0,944,8768,32768,0,944,64,0,0,0,839,65316,0,0,0,26624
1160,1100,0,0,4,2,2,0,0,19,4,8192,0,65232,0,64,0,0,65475,193,0,0,0,51200,0,0,56452,56484,0,65504,0,0,64,0,0,912,256,0,0,944,64,0,0,0,115,0,0,0,65532,26688
1161,1000,0,0,4,2,2,0,0,19,4,35328,17664,65397,64709,70,32768,8,658,745,0,0,48,64700,0,0,63996,64700,2,65024,0,0,70,6,0,944,8832,32768,0,944,64,0,0,0,839,277,0,32768,0,26624
1161,1100,0,0,4,2,2,0,0,19,4,8192,0,65232,0,64,0,0,65475,193,0,0,0,51200,0,0,56452,56484,0,65504,0,0,64,0,0,912,256,0,0,944,64,0,0,0,115,0,0,0,65532,26688
1162,1000,0,0,4,2,2,0,0,19,4,65280,2560,65412,64706,70,32768,8,657,742,0,0,48,64700,0,0,64188,64700,2,65216,0,0,70,6,0,944,8832,32768,0,944,64,0,0,0,840,65316,0,0,0,26624
1162,1100,0,0,4,2,2,0,0,19,4,8192,0,65232,0,64,0,0,65475,193,0,0,0,51200,0,0,56452,56484,0,65504,0,0,64,0,0,912,256,0,0,944,64,0,0,0,115,0,0,0,65532,26688
1163,1000,0,0,4,2,2,0,0,19,4,33536,52224,65427,64703,70,32768,8,657,738,0,0,48,64700,0,0,64380,64700,2,65408,0,0,70,6,0,944,8832,32768,0,944,64,0,0,0,840,277,0,32768,0,26624
1163,1100,0,0,4,2,2,0,0,19,4,8192,0,65232,0,64,0,0,65475,193,0,0,0,51200,0,0,56452,56484,0,65504,0,0,64,0,0,912,256,0,0,944,64,0,0,0,115,0,0,0,65532,26688
1164,1000,0,0,4,2,2,0,0,19,4,5632,35584,65443,64701,70,32768,8,657,735,0,0,48,64700,0,0,64572,64700,0,65408,0,0,70,6,0,944,8832,32768,0,944,64,0,0,0,841,65316,0,0,0,26624
1164,1100,0,0,4,2,2,0,0,19,4,8192,0,65232,0,64,0,0,65475,193,0,0,0,51200,0,0,56452,56484,0,65504,0,0,64,0,0,912,256,0,0,944,64,0,0,0,115,0,0,0,65532,26688
1165,1000,0,0,4,2,2,0,0,19,4,47360,18432,65458,64699,70,32768,8,656,732,0,0,48,64700,0,0,64572,64700,0,65408,0,0,70,6,0,944,8832,32768,0,944,64,0,0,0,841,0,0,32768,0,26624
1165,1100,0,0,4,2,2,0,0,19,4,8192,0,65232,0,64,0,0,65475,193,0,0,0,51200,0,0,56452,56484,0,65504,0,0,64,0,0,912,256,0,0,944,64,0,0,0,115,0,0,0,65532,26688
1166,1000,0,0,4,2,2,0,0,19,4,27392,768,65458,64698,70,32768,8,656,729,0,0,48,64700,0,0,64572,64700,0,65408,0,0,70,6,0,944,8832,32768,0,944,64,0,0,0,842,0,0,0,0,26624
1166,1100,0,0,4,2,2,0,0,19,4,8192,0,65232,0,64,0,0,65475,193,0,0,0,51200,0,0,56452,56484,0,65504,0,0,64,0,0,912,256,0,0,944,64,0,0,0,115,0,0,0,65532,26688
1167,1000,0,0,4,2,2,0,0,19,4,7424,48384,65458,64698,70,32768,8,656,725,0,0,48,64700,0,0,64572,64700,0,65408,0,0,70,6,0,944,8832,32768,0,944,64,0,0,0,842,0,0,32768,0,26624
1167,1100,0,0,4,2,2,0,0,19,4,8192,0,65232,0,64,0,0,65475,193,0,0,0,51200,0,0,56452,56484,0,65504,0,0,64,0,0,912,256,0,0,944,64,0,0,0,115,0,0,0,65532,26688
1168,1000,0,0,4,2,2,0,0,19,4,52992,30464,65458,64697,70,32768,8,655,722,0,0,48,64700,0,0,64572,64700,0,65408,0,0,70,6,0,944,8832,32768,0,944,64,0,0,0,843,0,0,0,0,26624
1168,1100,0,0,4,2,2,0,0,19,4,8192,0,65232,0,64,0,0,65475,193,0,0,0,51200,0,0,56452,56484,0,65504,0,0,64,0,0,912,256,0,0,944,64,0,0,0,115,0,0,0,65532,26688
1169,1000,0,0,4,2,2,0,0,19,4,33024,12288,65458,64697,70,32768,8,655,719,0,0,48,64700,0,0,64572,64700,0,65408,0,0,70,6,0,944,8896,32768,0,944,64,0,0,0,843,0,0,32768,0,26624
1169,1100,0,0,4,2,2,0,0,19,4,8192,0,65232,0,64,0,0,65475,193,0,0,0,51200,0,0,56452,56484,0,65504,0,0,64,0,0,912,256,0,0,944,64,0,0,0,115,0,0,0,65532,26688
1170,1000,0,0,4,2,2,0,0,19,4,13056,59648,65458,64696,70,32768,8,655,715,0,0,48,64700,0,0,64572,64700,0,65408,0,0,70,6,0,944,8896,32768,0,944,64,0,0,0,844,0,0,0,0,26624
1170,1100,0,0,4,2,2,0,0,19,4,8192,0,65232,0,64,0,0,65475,193,0,0,0,51200,0,0,56452,56484,0,65504,0,0,64,0,0,912,256,0,0,944,64,0,0,0,115,0,0,0,65532,26688
1171,1000,0,0,4,2,2,0,0,19,4,58624,41216,65458,64696,70,32768,8,654,712,0,0,48,64700,0,0,64572,64700,0,65408,0,0,70,6,0,944,8896,32768,0,944,64,0,0,0,844,0,0,32768,0,26624
1171,1100,0,0,4,2,2,0,0,19,4,8192,0,65232,0,64,0,0,65475,193,0,0,0,51200,0,0,56452,56484,0,65504,0,0,64,0,0,912,256,0,0,944,64,0,0,0,115,0,0,0,65532,26688
1172,1000,0,0,4,2,2,0,0,19,4,38656,22784,65458,64695,70,32768,8,654,709,0,0,48,64700,0,0,64572,64700,0,65408,0,0,70,6,0,944,8896,32768,0,944,64,0,0,0,845,0,0,0,0,26624
1172,1100,0,0,4,2,2,0,0,19,4,8192,0,65232,0,64,0,0,65475,193,0,0,0,51200,0,0,56452,56484,0,65504,0,0,64,0,0,912,256,0,0,944,64,0,0,0,115,0,0,0,65532,26688
1173,1000,0,0,4,2,2,0,0,19,4,18688,4096,65458,64695,70,32768,8,654,706,0,0,48,64700,0,0,64572,64700,0,65408,0,0,70,6,0,944,8896,32768,0,944,64,0,0,0,845,0,0,32768,0,26624
1173,1100,0,0,4,2,2,0,0,19,4,8192,0,65232,0,64,0,0,65475,193,0,0,0,51200,0,0,56452,56484,0,65504,0,0,64,0,0,912,256,0,0,944,64,0,0,0,115,0,0,0,65532,26688
1174,1000,0,0,4,2,2,0,0,19,4,64256,50944,65457,64694,70,32768,8,653,702,0,0,48,64700,0,0,64572,64700,0,65408,0,0,70,6,0,944,8896,32768,0,944,64,0,0,0,846,0,0,0,0,26624
1174,1100,0,0,4,2,2,0,0,19,4,8192,0,65232,0,64,0,0,65475,193,0,0,0,51200,0,0,56452,56484,0,65504,0,0,64,0,0,912,256,0,0,944,64,0,0,0,115,0,0,0,65532,26688
1175,1000,0,0,4,2,2,0,0,19,4,44032,32000,65457,64694,70,32768,8,653,699,0,0,48,64700,0,0,64572,64700,0,65408,0,0,70,6,0,944,8896,32768,0,944,64,0,0,0,846,0,0,32768,0,26624
1175,1100,0,0,4,2,2,0,0,19,4,8192,0,65232,0,64,0,0,65475,193,0,0,0,51200,0,0,56452,56484,0,65504,0,0,64,0,0,912,256,0,0,944,64,0,0,0,115,0,0,0,65532,26688
1176,1000,0,0,4,2,2,0,0,19,4,23808,13056,65457,64693,70,32768,8,653,696,0,0,48,64700,0,0,64572,64700,0,65408,0,0,70,6,0,944,8896,32768,0,944,64,0,0,0,847,0,0,0,0,26624
1176,1100,0,0,4,2,2,0,0,19,4,8192,0,65232,0,64,0,0,65475,193,0,0,0,51200,0,0,56452,56484,0,65504,0,0,64,0,0,912,256,0,0,944,64,0,0,0,115,0,0,0,65532,26688
1177,1000,0,0,4,2,2,0,0,19,4,3584,59392,65457,64693,70,32768,8,653,692,0,0,48,64700,0,0,64572,64700,0,65408,0,0,70,6,0,944,8960,32768,0,944,64,0,0,0,847,0,0,32768,0,26624
1177,1100,0,0,4,2,2,0,0,19,4,8192,0,65232,0,64,0,0,65475,193,0,0,0,51200,0,0,56452,56484,0,65504,0,0,64,0,0,912,256,0,0,944,64,0,0,0,115,0,0,0,65532,26688
1178,1000,0,0,4,2,2,0,0,19,4,48896,40192,65457,64692,70,32768,8,652,689,0,0,48,64700,0,0,64572,64700,0,65408,0,0,70,6,0,944,8960,32768,0,944,64,0,0,0,848,0,0,0,0,26624
1178,1100,0,0,4,2,2,0,0,19,4,8192,0,65232,0,64,0,0,65475,193,0,0,0,51200,0,0,56452,56484,0,65504,0,0,64,0,0,912,256,0,0,944,64,0,0,0,115,0,0,0,65532,26688
1179,1000,0,0,4,2,2,0,0,19,4,28672,20736,65457,64692,70,32768,8,652,686,0,0,48,64700,0,0,64572,64700,0,65408,0,0,70,6,0,944,8960,32768,0,944,64,0,0,0,848,0,0,32768,0,26624
1179,1100,0,0,4,2,2,0,0,19,4,8192,0,65232,0,64,0,0,65475,193,0,0,0,51200,0,0,56452,56484,0,65504,0,0,64,0,0,912,256,0,0,944,64,0,0,0,115,0,0,0,65532,26688
1180,1000,0,0,4,2,2,0,0,19,4,8448,1280,65457,64691,70,32768,8,652,683,0,0,48,64700,0,0,64572,64700,0,65408,0,0,70,6,0,944,8960,32768,0,944,64,0,0,0,849,0,0,0,0,26624
1180,1100,0,0,4,2,2,0,0,19,4,8192,0,65232,0,64,0,0,65475,193,0,0,0,51200,0,0,56452,56484,0,65504,0,0,64,0,0,912,256,0,0,944,64,0,0,0,115,0,0,0,65532,26688
1181,1000,0,0,4,2,2,0,0,19,4,53760,47104,65457,64691,70,32768,8,651,679,0,0,48,64700,0,0,64572,64700,0,65408,0,0,70,6,0,944,8960,32768,0,944,64,0,0,0,849,0,0,32768,0,26624
1181,1100,0,0,4,2,2,0,0,19,4,8192,0,65232,0,64,0,0,65475,193,0,0,0,51200,0,0,56452,56484,0,65504,0,0,64,0,0,912,256,0,0,944,64,0,0,0,115,0,0,0,65532,26688
1182,1000,0,0,4,2,2,0,0,19,4,33536,27392,65457,64690,70,32768,8,651,676,0,0,48,64700,0,0,64572,64700,0,65408,0,0,70,6,0,944,8960,32768,0,944,64,0,0,0,850,0,0,0,0,26624
1182,1100,0,0,4,2,2,0,0,19,4,8192,0,65232,0,64,0,0,65475,193,0,0,0,51200,0,0,56452,56484,0,65504,0,0,64,0,0,912,256,0,0,944,64,0,0,0,115,0,0,0,65532,26688
1183,1000,512,0,4,2,2,0,0,19,4,13312,7424,65457,64690,70,32768,8,651,673,0,0,48,64700,0,0,64572,64700,0,65408,0,0,70,6,65448,944,8960,33282,0,944,64,0,0,0,850,0,0,32768,0,26624
1183,1100,512,0,4,2,2,0,0,19,4,8192,0,65232,0,64,0,0,65475,193,0,0,0,51200,0,0,56452,56484,0,65504,0,0,64,0,0,912,256,0,0,944,64,0,0,0,115,0,0,0,65532,26688
1184,1000,0,0,4,2,2,0,0,19,4,58624,52992,65457,64689,70,32768,8,650,669,0,0,48,64689,0,0,64561,64689,0,65408,0,0,70,6,65361,944,8960,33280,0,944,64,0,0,0,851,0,0,0,0,26624
1184,1100,0,0,4,2,2,0,0,19,4,8192,0,65232,0,64,0,0,65475,193,0,0,0,51200,0,0,56452,56484,0,65504,0,0,64,0,0,912,256,0,0,944,64,0,0,0,115,0,0,0,65532,26688
1185,1000,0,0,4,2,2,0,0,19,4,38400,32768,65456,64689,70,32768,8,650,666,0,0,48,64667,0,0,64539,64667,0,65408,0,0,70,6,65275,944,9024,33280,0,944,64,0,0,0,851,0,0,32768,0,26624
1185,1100,0,0,4,2,2,0,0,19,4,8192,0,65232,0,64,0,0,65475,193,0,0,0,51200,0,0,56452,56484,0,65504,0,0,64,0,0,912,256,0,0,944,64,0,0,0,115,0,0,0,65532,26688
1186,1000,0,0,4,2,2,0,0,19,4,17920,12544,65454,64688,70,32768,8,650,663,0,0,48,64634,0,0,64506,64634,0,65408,0,0,70,6,65189,944,9024,33280,0,944,64,0,0,0,852,0,0,0,0,26624
1186,1100,0,0,4,2,2,0,0,19,4,8192,0,65232,0,64,0,0,65475,193,0,0,0,51200,0,0,56452,56484,0,65504,0,0,64,0,0,912,256,0,0,944,64,0,0,0,115,0,0,0,65532,26688
1187,1000,0,0,4,2,2,0,0,19,4,62464,57600,65452,64689,70,32768,8,649,659,0,0,48,64590,0,0,64462,64590,0,65408,0,0,70,6,65104,944,9024,33280,0,944,64,0,0,0,852,0,0,32768,0,26624
1187,1100,0,0,4,2,2,0,0,19,4,8192,0,65232,0,64,0,0,65475,193,0,0,0,51200,0,0,56452,56484,0,65504,0,0,64,0,0,912,256,0,0,944,64,0,0,0,115,0,0,0,65532,26688
1188,1000,0,0,4,2,2,0,0,19,4,40960,37376,65448,64688,70,32768,8,649,656,0,0,48,64536,0,0,64408,64536,0,65408,0,0,70,6,65020,944,9024,33280,0,944,64,0,0,0,853,0,0,0,0,26624
1188,1100,0,0,4,2,2,0,0,19,4,8192,0,65232,0,64,0,0,65475,193,0,0,0,51200,0,0,56452,56484,0,65504,0,0,64,0,0,912,256,0,0,944,64,0,0,0,115,0,0,0,65532,26688
1189,1000,0,0,4,2,2,0,0,19,4,18432,16896,65443,64688,70,32768,8,649,653,0,0,48,64471,0,0,64343,64471,0,65408,0,0,70,6,64936,944,9024,33280,0,944,64,0,0,0,853,0,0,32768,0,26624
1189,1100,0,0,4,2,2,0,0,19,4,8192,0,65232,0,64,0,0,65475,193,0,0,0,51200,0,0,56452,56484,0,65504,0,0,64,0,0,912,256,0,0,944,64,0,0,0,115,0,0,0,65532,26688
1190,1000,0,0,4,2,2,0,0,19,4,60160,61952,65438,64688,70,32768,8,648,649,0,0,48,64396,0,0,64268,64396,0,65408,0,0,70,6,64853,944,9024,33280,0,944,64,0,0,0,854,0,0,0,0,26624
1190,1100,0,0,4,2,2,0,0,19,4,8192,0,65232,0,64,0,0,65475,193,0,0,0,51200,0,0,56452,56484,0,65504,0,0,64,0,0,912,256,0,0,944,64,0,0,0,115,0,0,0,65532,26688
1191,1000,0,0,4,2,2,0,0,19,4,35072,41472,65432,64689,70,32768,8,648,646,0,0,48,64310,0,0,64182,64310,0,65408,0,0,70,6,64771,944,9024,33280,0,944,64,0,0,0,854,0,0,32768,0,26624
1191,1100,0,0,4,2,2,0,0,19,4,8192,0,65232,0,64,0,0,65475,193,0,0,0,51200,0,0,56452,56484,0,65504,0,0,64,0,0,912,256,0,0,944,64,0,0,0,115,0,0,0,65532,26688
1192,1000,0,0,4,2,2,0,0,19,4,8448,21248,65425,64689,70,32768,8,648,643,0,0,48,64214,0,0,64086,64214,0,65408,0,0,70,6,64689,944,9024,33280,0,944,64,0,0,0,855,0,0,0,0,26624
1192,1100,0,0,4,2,2,0,0,19,4,8192,0,65232,0,64,0,0,65475,193,0,0,0,51200,0,0,56452,56484,0,65504,0,0,64,0,0,912,256,0,0,944,64,0,0,0,115,0,0,0,65532,26688
1193,1000,0,0,4,2,2,0,0,19,4,45568,1024,65417,64690,70,32768,8,647,640,0,0,48,64108,0,0,63980,64108,0,65408,0,0,70,6,64608,944,9088,33280,0,944,64,0,0,0,855,0,0,32768,0,26624
1193,1100,0,0,4,2,2,0,0,19,4,8192,0,65232,0,64,0,0,65475,193,0,0,0,51200,0,0,56452,56484,0,65504,0,0,64,0,0,912,256,0,0,944,64,0,0,0,115,0,0,0,65532,26688
1194,1000,0,0,4,2,2,0,0,19,4,15104,46592,65408,64690,70,32768,8,647,636,0,0,48,63992,0,0,63864,63992,0,65408,0,0,70,6,64527,944,9088,33280,0,944,64,0,0,0,856,0,0,0,0,26624
1194,1100,0,0,4,2,2,0,0,19,4,8192,0,65232,0,64,0,0,65475,193,0,0,0,51200,0,0,56452,56484,0,65504,0,0,64,0,0,912,256,0,0,944,64,0,0,0,115,0,0,0,65532,26688
1195,1000,0,0,4,2,2,0,0,19,4,47872,26624,65399,64691,70,32768,8,646,633,0,0,48,63865,0,0,63737,63865,0,65408,0,0,70,6,64447,944,9088,33280,0,944,64,0,0,0,856,0,0,32768,0,26624
1195,1100,0,0,4,2,2,0,0,19,4,8192,0,65232,0,64,0,0,65475,193,0,0,0,51200,0,0,56452,56484,0,65504,0,0,64,0,0,912,256,0,0,944,64,0,0,0,115,0,0,0,65532,26688
1196,1000,0,0,4,2,2,0,0,19,4,12800,6912,65388,64692,70,32768,8,646,630,0,0,48,63728,0,0,63600,63728,0,65408,0,0,70,6,64368,944,9088,33280,0,944,64,0,0,0,857,0,0,0,0,26624
1196,1100,0,0,4,2,2,0,0,19,4,8192,0,65232,0,64,0,0,65475,193,0,0,0,51200,0,0,56452,56484,0,65504,0,0,64,0,0,912,256,0,0,944,64,0,0,0,115,0,0,0,65532,26688
1197,1000,0,0,4,2,2,0,0,19,4,40448,52992,65377,64694,70,32768,8,645,626,0,0,48,63582,0,0,63454,63582,0,65408,0,0,70,6,64289,944,9088,33280,0,944,64,0,0,0,857,0,0,32768,0,26624
1197,1100,0,0,4,2,2,0,0,19,4,8192,0,65232,0,64,0,0,65475,193,0,0,0,51200,0,0,56452,56484,0,65504,0,0,64,0,0,912,256,0,0,944,64,0,0,0,115,0,0,0,65532,26688
1198,1000,0,0,4,2,2,0,0,19,4,65280,34048,65365,64696,70,32768,8,644,623,0,0,48,63426,0,0,63298,63426,0,65408,0,0,70,6,64211,944,9088,33280,0,944,64,0,0,0,858,0,0,0,0,26624
1198,1100,0,0,4,2,2,0,0,19,4,8192,0,65232,0,64,0,0,65475,193,0,0,0,51200,0,0,56452,56484,0,65504,0,0,64,0,0,912,256,0,0,944,64,0,0,0,115,0,0,0,65532,26688
1199,1000,0,0,4,2,2,0,0,19,4,21504,15616,65353,64698,70,32768,8,644,620,0,0,48,63260,0,0,63132,63260,0,65408,0,0,70,6,64356,944,9088,32768,0,944,64,0,0,0,858,0,0,32768,0,26624
1199,1100,0,0,4,2,2,0,0,19,4,8192,0,65232,0,64,0,0,65475,193,0,0,0,51200,0,0,56452,56484,0,65504,0,0,64,0,0,912,256,0,0,944,64,0,0,0,115,0,0,0,65532,26688
1200,1000,0,0,4,2,2,0,0,19,4,40192,63232,65339,64700,70,32768,8,643,616,0,0,48,63112,0,0,62984,63112,0,65408,0,0,70,6,64500,944,9088,32768,0,944,64,0,0,0,859,0,0,0,0,26624
1200,1100,0,0,4,2,2,0,0,19,4,8192,0,65232,0,64,0,0,65475,193,0,0,0,51200,0,0,56452,56484,0,65504,0,0,64,0,0,912,256,0,0,944,64,0,0,0,115,0,0,0,65532,26688
1201,1000,0,0,4,2,2,0,0,19,4,55296,45824,65327,64703,70,32768,8,642,613,0,0,48,62982,0,0,62854,62982,0,65408,0,0,70,6,64643,944,9152,32768,0,944,64,0,0,0,859,0,0,32768,0,26624
1201,1100,0,0,4,2,2,0,0,19,4,8192,0,65232,0,64,0,0,65475,193,0,0,0,51200,0,0,56452,56484,0,65504,0,0,64,0,0,912,256,0,0,944,64,0,0,0,115,0,0,0,65532,26688
1202,1000,0,0,4,2,2,0,0,19,4,1792,29184,65317,64705,70,32768,8,642,610,0,0,48,62870,0,0,62742,62870,0,65408,0,0,70,6,64784,944,9152,32768,0,944,64,0,0,0,860,0,0,0,0,26624
1202,1100,0,0,4,2,2,0,0,19,4,8192,0,65232,0,64,0,0,65475,193,0,0,0,51200,0,0,56452,56484,0,65504,0,0,64,0,0,912,256,0,0,944,64,0,0,0,115,0,0,0,65532,26688
1203,1000,0,0,4,2,2,0,0,19,4,11264,13056,65308,64707,70,32768,8,641,607,0,0,48,62776,0,0,62648,62776,0,65408,0,0,70,6,64924,944,9152,32768,0,944,64,0,0,0,860,0,0,32768,0,26624
1203,1100,0,0,4,2,2,0,0,19,4,8192,0,65232,0,64,0,0,65475,193,0,0,0,51200,0,0,56452,56484,0,65504,0,0,64,0,0,912,256,0,0,944,64,0,0,0,115,0,0,0,65532,26688
1204,1000,0,0,4,2,2,0,0,19,4,18432,62976,65300,64708,70,32768,8,640,603,0,0,48,62699,0,0,62571,62699,0,65408,0,0,70,6,65063,944,9152,32768,0,944,64,0,0,0,861,0,0,0,0,26624
1204,1100,0,0,4,2,2,0,0,19,4,8192,0,65232,0,64,0,0,65475,193,0,0,0,51200,0,0,56452,56484,0,65504,0,0,64,0,0,912,256,0,0,944,64,0,0,0,115,0,0,0,65532,26688
1205,1000,0,0,4,2,2,0,0,19,4,23552,47616,65294,64710,70,32768,8,639,600,0,0,48,62639,0,0,62511,62639,0,65408,0,0,70,6,65201,944,9152,32768,0,944,64,0,0,0,861,0,0,32768,0,26624
1205,1100,0,0,4,2,2,0,0,19,4,8192,0,65232,0,64,0,0,65475,193,0,0,0,51200,0,0,56452,56484,0,65504,0,0,64,0,0,912,256,0,0,944,64,0,0,0,115,0,0,0,65532,26688
1206,1000,0,0,4,2,2,0,0,19,4,27136,32768,65289,64710,70,32768,8,638,597,0,0,48,62597,0,0,62469,62597,0,65408,0,0,70,6,65338,944,9152,32768,0,944,64,0,0,0,862,0,0,0,0,26624
1206,1100,0,0,4,2,2,0,0,19,4,8192,0,65232,0,64,0,0,65475,193,0,0,0,51200,0,0,56452,56484,0,65504,0,0,64,0,0,912,256,0,0,944,64,0,0,0,115,0,0,0,65532,26688
1207,1000,0,0,4,2,2,0,0,19,4,29440,17920,65286,64711,70,32768,8,637,594,0,0,48,62572,0,0,62444,62572,0,65408,0,0,70,6,65474,944,9152,32768,0,944,64,0,0,0,862,0,0,32768,0,26624
1207,1100,0,0,4,2,2,0,0,19,4,8192,0,65232,0,64,0,0,65475,193,0,0,0,51200,0,0,56452,56484,0,65504,0,0,64,0,0,912,256,0,0,944,64,0,0,0,115,0,0,0,65532,26688
1208,1000,0,0,4,2,2,0,0,19,4,30976,3328,65283,64711,70,32768,8,636,591,0,0,48,62564,0,0,62436,62564,0,65408,0,0,70,6,0,944,9152,32768,0,944,64,0,0,0,863,0,0,0,0,26624
1208,1100,0,0,4,2,2,0,0,19,4,8192,0,65232,0,64,0,0,65475,193,0,0,0,51200,0,0,56452,56484,0,65504,0,0,64,0,0,912,256,0,0,944,64,0,0,0,115,0,0,0,65532,26688
1209,1000,0,0,4,2,2,0,0,19,4,31744,54272,65283,64711,70,32768,8,635,587,0,0,48,62564,0,0,62436,62564,0,65408,0,0,70,6,0,944,9216,32768,0,944,64,0,0,0,863,0,0,32768,0,26624
1209,1100,0,0,4,2,2,0,0,19,4,8192,0,65232,0,64,0,0,65475,193,0,0,0,51200,0,0,56452,56484,0,65504,0,0,64,0,0,912,256,0,0,944,64,0,0,0,115,0,0,0,65532,26688
1210,1000,0,0,4,2,2,0,0,19,4,32512,39680,65283,64710,70,32768,8,634,584,0,0,48,62564,0,0,62436,62564,0,65408,0,0,70,6,0,944,9216,32768,0,944,64,0,0,0,864,0,0,0,0,26624
1210,1100,0,0,4,2,2,0,0,19,4,8192,0,65232,0,64,0,0,65475,193,0,0,0,51200,0,0,56452,56484,0,65504,0,0,64,0,0,912,256,0,0,944,64,0,0,0,115,0,0,0,65532,26688
1211,1000,0,0,4,2,2,0,0,19,4,33280,24832,65283,64710,70,32768,8,633,581,0,0,48,62564,0,0,62436,62564,0,65408,0,0,70,6,0,944,9216,32768,0,944,64,0,0,0,864,0,0,32768,0,26624
1211,1100,0,0,4,2,2,0,0,19,4,8192,0,65232,0,64,0,0,65475,193,0,0,0,51200,0,0,56452,56484,0,65504,0,0,64,0,0,912,256,0,0,944,64,0,0,0,115,0,0,0,65532,26688
1212,1000,0,0,4,2,2,0,0,19,4,34048,9984,65282,64709,70,32768,8,632,578,0,0,48,62564,0,0,62436,62564,0,65408,0,0,70,6,0,944,9216,32768,0,944,64,0,0,0,865,0,0,0,0,26624
1212,1100,0,0,4,2,2,0,0,19,4,8192,0,65232,0,64,0,0,65475,193,0,0,0,51200,0,0,56452,56484,0,65504,0,0,64,0,0,912,256,0,0,944,64,0,0,0,115,0,0,0,65532,26688
1213,1000,0,0,4,2,2,0,0,19,4,34560,60416,65282,64709,70,32768,8,631,574,0,0,48,62564,0,0,62436,62564,0,65408,0,0,70,6,0,944,9216,32768,0,944,64,0,0,0,865,0,0,32768,0,26624
1213,1100,0,0,4,2,2,0,0,19,4,8192,0,65232,0,64,0,0,65475,193,0,0,0,51200,0,0,56452,56484,0,65504,0,0,64,0,0,912,256,0,0,944,64,0,0,0,115,0,0,0,65532,26688
1214,1000,0,0,4,2,2,0,0,19,4,35072,45312,65282,64708,70,32768,8,630,571,0,0,48,62564,0,0,62436,62564,0,65408,0,0,70,6,0,944,9216,32768,0,944,64,0,0,0,866,0,0,0,0,26624
1214,1100,0,0,4,2,2,0,0,19,4,8192,0,65232,0,64,0,0,65475,193,0,0,0,51200,0,0,56452,56484,0,65504,0,0,64,0,0,912,256,0,0,944,64,0,0,0,115,0,0,0,65532,26688
1215,1000,0,0,4,2,2,0,0,19,4,35584,29952,65282,64708,70,32768,8,629,568,0,0,48,62564,0,0,62436,62564,0,65408,0,0,70,6,0,944,9216,32768,0,944,64,0,0,0,866,0,0,32768,0,26624
1215,1100,0,0,4,2,2,0,0,19,4,8192,0,65232,0,64,0,0,65475,193,0,0,0,51200,0,0,56452,56484,0,65504,0,0,64,0,0,912,256,0,0,944,64,0,0,0,115,0,0,0,65532,26688
1216,1000,0,0,4,2,2,0,0,19,4,36096,14592,65282,64707,70,32768,8,628,565,0,0,48,62564,0,0,62436,62564,0,65408,0,0,70,6,0,944,9216,32768,0,944,64,0,0,0,867,0,0,0,0,26624
1216,1100,0,0,4,2,2,0,0,19,4,8192,0,65232,0,64,0,0,65475,193,0,0,0,51200,0,0,56452,56484,0,65504,0,0,64,0,0,912,256,0,0,944,64,0,0,0,115,0,0,0,65532,26688
1217,1000,512,0,4,2,2,0,0,19,4,36608,64512,65282,64707,70,32768,8,627,561,0,0,48,62564,0,0,62436,62564,0,65408,0,0,70,6,65449,944,9280,33282,0,944,64,0,0,0,867,0,0,32768,0,26624
1217,1100,512,0,4,2,2,0,0,19,4,8192,0,65232,0,64,0,0,65475,193,0,0,0,51200,0,0,56452,56484,0,65504,0,0,64,0,0,912,256,0,0,944,64,0,0,0,115,0,0,0,65532,26688
1218,1000,0,0,4,2,2,0,0,19,4,37120,48896,65281,64707,70,32768,8,626,558,0,0,48,62553,0,0,62425,62553,0,65408,0,0,70,6,65363,944,9280,33280,0,944,64,0,0,0,868,0,0,0,0,26624
1218,1100,0,0,4,2,2,0,0,19,4,8192,0,65232,0,64,0,0,65475,193,0,0,0,51200,0,0,56452,56484,0,65504,0,0,64,0,0,912,256,0,0,944,64,0,0,0,115,0,0,0,65532,26688
1219,1000,0,0,4,2,2,0,0,19,4,37376,33280,65280,64707,70,32768,8,625,555,0,0,48,62531,0,0,62403,62531,0,65408,0,0,70,6,65278,944,9280,33280,0,944,64,0,0,0,868,0,0,32768,0,26624
1219,1100,0,0,4,2,2,0,0,19,4,8192,0,65232,0,64,0,0,65475,193,0,0,0,51200,0,0,56452,56484,0,65504,0,0,64,0,0,912,256,0,0,944,64,0,0,0,115,0,0,0,65532,26688
1220,1000,0,0,4,2,2,0,0,19,4,37376,17664,65278,64706,70,32768,8,624,552,0,0,48,62498,0,0,62370,62498,0,65408,0,0,70,6,65194,944,9280,33280,0,944,64,0,0,0,869,0,0,0,0,26624
1220,1100,0,0,4,2,2,0,0,19,4,8192,0,65232,0,64,0,0,65475,193,0,0,0,51200,0,0,56452,56484,0,65504,0,0,64,0,0,912,256,0,0,944,64,0,0,0,115,0,0,0,65532,26688
1221,1000,0,0,4,2,2,0,0,19,4,36864,1792,65276,64707,70,32768,8,623,549,0,0,48,62455,0,0,62327,62455,0,65408,0,0,70,6,65111,944,9280,33280,0,944,64,0,0,0,869,0,0,32768,0,26624
1221,1100,0,0,4,2,2,0,0,19,4,8192,0,65232,0,64,0,0,65475,193,0,0,0,51200,0,0,56452,56484,0,65504,0,0,64,0,0,912,256,0,0,944,64,0,0,0,115,0,0,0,65532,26688
1222,1000,0,0,4,2,2,0,0,19,4,35840,51712,65272,64707,70,32768,8,622,545,0,0,48,62401,0,0,62273,62401,0,65408,0,0,70,6,65029,944,9280,33280,0,944,64,0,0,0,870,0,0,0,0,26624
1222,1100,0,0,4,2,2,0,0,19,4,8192,0,65232,0,64,0,0,65475,193,0,0,0,51200,0,0,56452,56484,0,65504,0,0,64,0,0,912,256,0,0,944,64,0,0,0,115,0,0,0,65532,26688
1223,1000,0,0,4,2,2,0,0,19,4,33792,36096,65268,64709,70,32768,8,621,542,0,0,48,62337,0,0,62209,62337,0,65408,0,0,70,6,64947,944,9280,33280,0,944,64,0,0,0,870,0,0,32768,0,26624
1223,1100,0,0,4,2,2,0,0,19,4,8192,0,65232,0,64,0,0,65475,193,0,0,0,51200,0,0,56452,56484,0,65504,0,0,64,0,0,912,256,0,0,944,64,0,0,0,115,0,0,0,65532,26688
1224,1000,0,0,4,2,2,0,0,19,4,30720,20992,65262,64709,70,32768,8,620,539,0,0,48,62263,0,0,62135,62263,0,65408,0,0,70,6,64866,944,9280,33280,0,944,64,0,0,0,871,0,0,0,0,26624
1224,1100,0,0,4,2,2,0,0,19,4,8192,0,65232,0,64,0,0,65475,193,0,0,0,51200,0,0,56452,56484,0,65504,0,0,64,0,0,912,256,0,0,944,64,0,0,0,115,0,0,0,65532,26688
1225,1000,0,0,4,2,2,0,0,19,4,26112,5888,65257,64711,70,32768,8,619,536,0,0,48,62179,0,0,62051,62179,0,65408,0,0,70,6,64786,944,9344,33280,0,944,64,0,0,0,871,0,0,32768,0,26624
1225,1100,0,0,4,2,2,0,0,19,4,8192,0,65232,0,64,0,0,65475,193,0,0,0,51200,0,0,56452,56484,0,65504,0,0,64,0,0,912,256,0,0,944,64,0,0,0,115,0,0,0,65532,26688
1226,1000,0,0,4,2,2,0,0,19,4,20224,56832,65250,64713,70,32768,8,618,532,0,0,48,62085,0,0,61957,62085,0,65408,0,0,70,6,64707,944,9344,33280,0,944,64,0,0,0,872,0,0,0,0,26624
1226,1100,0,0,4,2,2,0,0,19,4,8192,0,65232,0,64,0,0,65475,193,0,0,0,51200,0,0,56452,56484,0,65504,0,0,64,0,0,912,256,0,0,944,64,0,0,0,115,0,0,0,65532,26688
1227,1000,0,0,4,2,2,0,0,19,4,12544,42752,65242,64715,70,32768,8,617,529,0,0,48,61981,0,0,61853,61981,0,65408,0,0,70,6,64629,944,9344,33280,0,944,64,0,0,0,872,0,0,32768,0,26624
1227,1100,0,0,4,2,2,0,0,19,4,8192,0,65232,0,64,0,0,65475,193,0,0,0,51200,0,0,56452,56484,0,65504,0,0,64,0,0,912,256,0,0,944,64,0,0,0,115,0,0,0,65532,26688
1228,1000,0,0,4,2,2,0,0,19,4,2816,29184,65234,64717,70,32768,8,616,526,0,0,48,61867,0,0,61739,61867,0,65408,0,0,70,6,64552,944,9344,33280,0,944,64,0,0,0,873,0,0,0,0,26624
1228,1100,0,0,4,2,2,0,0,19,4,8192,0,65232,0,64,0,0,65475,193,0,0,0,51200,0,0,56452,56484,0,65504,0,0,64,0,0,912,256,0,0,944,64,0,0,0,115,0,0,0,65532,26688
1229,1000,0,0,4,2,2,0,0,19,4,56576,16128,65225,64721,70,32768,8,614,523,0,0,48,61744,0,0,61616,61744,0,65408,0,0,70,6,64476,944,9344,33280,0,944,64,0,0,0,873,0,0,32768,0,26624
1229,1100,0,0,4,2,2,0,0,19,4,8192,0,65232,0,64,0,0,65475,193,0,0,0,51200,0,0,56452,56484,0,65504,0,0,64,0,0,912,256,0,0,944,64,0,0,0,115,0,0,0,65532,26688
1230,1000,0,0,4,2,2,0,0,19,4,42496,4096,65215,64723,70,32768,8,613,520,0,0,48,61611,0,0,61483,61611,0,65408,0,0,70,6,64401,944,9344,33280,0,944,64,0,0,0,874,0,0,0,0,26624
1230,1100,0,0,4,2,2,0,0,19,4,8192,0,65232,0,64,0,0,65475,193,0,0,0,51200,0,0,56452,56484,0,65504,0,0,64,0,0,912,256,0,0,944,64,0,0,0,115,0,0,0,65532,26688
1231,1000,0,0,4,2,2,0,0,19,4,25856,58112,65204,64727,70,32768,8,612,516,0,0,48,61469,0,0,61341,61469,0,65408,0,0,70,6,64327,944,9344,33280,0,944,64,0,0,0,874,0,0,32768,0,26624
1231,1100,0,0,4,2,2,0,0,19,4,8192,0,65232,0,64,0,0,65475,193,0,0,0,51200,0,0,56452,56484,0,65504,0,0,64,0,0,912,256,0,0,944,64,0,0,0,115,0,0,0,65532,26688
1232,1000,0,0,4,2,2,0,0,19,4,6400,47616,65193,64731,70,32768,8,611,513,0,0,48,61317,0,0,61189,61317,0,65408,0,0,70,6,64254,944,9344,33280,0,944,64,0,0,0,875,0,0,0,0,26624
1232,1100,0,0,4,2,2,0,0,19,4,8192,0,65232,0,64,0,0,65475,193,0,0,0,51200,0,0,56452,56484,0,65504,0,0,64,0,0,912,256,0,0,944,64,0,0,0,115,0,0,0,65532,26688
1233,1000,0,0,4,2,2,0,0,19,4,49664,38144,65181,64736,70,32768,8,609,510,0,0,48,61156,0,0,61028,61156,0,65408,0,0,70,6,64182,944,9408,33280,0,944,64,0,0,0,875,0,0,32768,0,26624
1233,1100,0,0,4,2,2,0,0,19,4,8192,0,65232,0,64,0,0,65475,193,0,0,0,51200,0,0,56452,56484,0,65504,0,0,64,0,0,912,256,0,0,944,64,0,0,0,115,0,0,0,65532,26688
1234,1000,0,0,4,2,2,0,0,19,4,24320,29952,65169,64741,70,32768,8,608,507,0,0,48,60986,0,0,60858,60986,0,65408,0,0,70,6,64110,944,9408,33280,0,944,64,0,0,0,876,0,0,0,0,26624
1234,1100,0,0,4,2,2,0,0,19,4,8192,0,65232,0,64,0,0,65475,193,0,0,0,51200,0,0,56452,56484,0,65504,0,0,64,0,0,912,256,0,0,944,64,0,0,0,115,0,0,0,65532,26688
1235,1000,0,0,4,2,2,0,0,19,4,61440,23040,65156,64747,70,32768,8,606,504,0,0,48,60807,0,0,60679,60807,0,65408,0,0,70,6,64039,944,9408,33280,0,944,64,0,0,0,876,0,0,32768,0,26624
1235,1100,0,0,4,2,2,0,0,19,4,8192,0,65232,0,64,0,0,65475,193,0,0,0,51200,0,0,56452,56484,0,65504,0,0,64,0,0,912,256,0,0,944,64,0,0,0,115,0,0,0,65532,26688
1236,1000,0,0,4,2,2,0,0,19,4,29696,17664,65142,64753,70,32768,8,605,501,0,0,48,60619,0,0,60491,60619,0,65408,0,0,70,6,63969,944,9408,33280,0,944,64,0,0,0,877,0,0,0,0,26624
1236,1100,0,0,4,2,2,0,0,19,4,8192,0,65232,0,64,0,0,65475,193,0,0,0,51200,0,0,56452,56484,0,65504,0,0,64,0,0,912,256,0,0,944,64,0,0,0,115,0,0,0,65532,26688
1237,1000,0,0,4,2,2,0,0,19,4,59904,13824,65128,64760,70,32768,8,603,498,0,0,48,60423,0,0,60295,60423,0,65408,0,0,70,6,63900,944,9408,33280,0,944,64,0,0,0,877,0,0,32768,0,26624
1237,1100,0,0,4,2,2,0,0,19,4,8192,0,65232,0,64,0,0,65475,193,0,0,0,51200,0,0,56452,56484,0,65504,0,0,64,0,0,912,256,0,0,944,64,0,0,0,115,0,0,0,65532,26688
1238,1000,0,0,4,2,2,0,0,19,4,20992,11776,65113,64767,70,32768,8,602,495,0,0,48,60218,0,0,60090,60218,0,65408,0,0,70,6,63832,944,9408,33280,0,944,64,0,0,0,878,0,0,0,0,26624
1238,1100,0,0,4,2,2,0,0,19,4,8192,0,65232,0,64,0,0,65475,193,0,0,0,51200,0,0,56452,56484,0,65504,0,0,64,0,0,912,256,0,0,944,64,0,0,0,115,0,0,0,65532,26688
1239,1000,0,0,4,2,2,0,0,19,4,43776,11520,65098,64775,70,32768,8,600,492,0,0,48,60005,0,0,59877,60005,0,65408,0,0,70,6,63765,944,9408,33280,0,944,64,0,0,0,878,0,0,32768,0,26624
1239,1100,0,0,4,2,2,0,0,19,4,8192,0,65232,0,64,0,0,65475,193,0,0,0,51200,0,0,56452,56484,0,65504,0,0,64,0,0,912,256,0,0,944,64,0,0,0,115,0,0,0,65532,26688
1240,1000,0,0,4,2,2,0,0,19,4,62720,13312,65082,64784,70,32768,8,598,489,0,0,48,59783,0,0,59655,59783,0,65408,0,0,70,6,63698,944,9408,33280,0,944,64,0,0,0,879,0,0,0,0,26624
1240,1100,0,0,4,2,2,0,0,19,4,8192,0,65232,0,64,0,0,65475,193,0,0,0,51200,0,0,56452,56484,0,65504,0,0,64,0,0,912,256,0,0,944,64,0,0,0,115,0,0,0,65532,26688
1241,1000,0,0,4,2,2,0,0,19,4,12032,17408,65066,64793,70,32768,8,597,486,0,0,48,59553,0,0,59425,59553,0,65408,0,0,70,6,63632,944,9472,33280,0,944,64,0,0,0,879,0,0,32768,0,26624
1241,1100,0,0,4,2,2,0,0,19,4,8192,0,65232,0,64,0,0,65475,193,0,0,0,51200,0,0,56452,56484,0,65504,0,0,64,0,0,912,256,0,0,944,64,0,0,0,115,0,0,0,65532,26688
1242,1000,0,0,4,2,2,0,0,19,4,22784,23808,65049,64803,70,32768,8,595,483,0,0,48,59315,0,0,59187,59315,2,65408,0,0,70,6,63567,944,9472,33280,0,944,64,0,0,0,880,0,0,0,0,26624
1242,1100,0,0,4,2,2,0,0,19,4,8192,0,65232,0,64,0,0,65475,193,0,0,0,51200,0,0,56452,56484,0,65504,0,0,64,0,0,912,256,0,0,944,64,0,0,0,115,0,0,0,65532,26688
1243,1000,0,0,4,2,2,0,0,19,4,29184,32768,65032,64814,70,32768,8,593,480,0,0,48,59068,0,0,58940,59068,2,128,320,0,70,6,63503,944,9472,33280,0,944,64,0,0,0,880,48,0,32768,0,26624
1243,1100,0,0,4,2,2,0,0,19,4,8192,0,65232,0,64,0,0,65475,193,0,0,0,51200,0,0,56452,56484,0,65504,0,0,64,0,0,912,256,0,0,944,64,0,0,0,115,0,0,0,65532,26688
1244,1000,0,0,4,2,2,0,0,19,4,31232,44544,65015,64826,70,32768,8,591,477,0,0,48,58493,0,0,58941,58813,2,256,640,0,70,6,63439,944,9472,33280,0,944,64,0,0,0,881,65312,0,0,0,26624
1244,1100,0,0,4,2,2,0,0,19,4,8192,0,65232,0,64,0,0,65475,193,0,0,0,51200,0,0,56452,56484,0,65504,0,0,64,0,0,912,256,0,0,944,64,0,0,0,115,0,0,0,65532,26688
1245,1000,0,0,4,2,2,0,0,19,4,28928,59392,65015,64826,70,32768,8,589,474,0,0,48,57910,0,0,58806,58550,2,384,960,0,70,6,63376,944,9472,33280,0,944,64,0,0,0,881,65040,0,32768,0,26624
1245,1100,0,0,4,2,2,0,0,19,4,8192,0,65232,0,64,0,0,65475,193,0,0,0,51200,0,0,56452,56484,0,65504,0,0,64,0,0,912,256,0,0,944,64,0,0,0,115,0,0,0,65532,26688
1246,1000,0,0,4,2,2,0,0,19,4,26624,8704,65005,64832,70,32768,8,587,472,0,0,48,57320,0,0,58664,58280,2,512,1280,0,70,6,63314,944,9472,33280,0,944,64,0,0,0,882,64768,0,0,0,26624
1246,1100,0,0,4,2,2,0,0,19,4,8192,0,65232,0,64,0,0,65475,193,0,0,0,51200,0,0,56452,56484,0,65504,0,0,64,0,0,912,256,0,0,944,64,0,0,0,115,0,0,0,65532,26688
1247,1000,0,0,4,2,2,0,0,19,4,21760,25088,64995,64839,70,32768,8,585,469,0,0,48,56722,0,0,58514,58002,2,640,1600,0,70,6,63253,944,9472,33280,0,944,64,0,0,0,882,64496,0,32768,0,26624
1247,1100,0,0,4,2,2,0,0,19,4,8192,0,65232,0,64,0,0,65475,193,0,0,0,51200,0,0,56452,56484,0,65504,0,0,64,0,0,912,256,0,0,944,64,0,0,0,115,0,0,0,65532,26688
1248,1000,0,0,4,2,2,0,0,19,4,14336,43264,64985,64846,70,32768,8,583,466,0,0,48,56116,0,0,58356,57716,2,768,1920,0,70,6,63192,944,9472,33280,0,944,64,0,0,0,883,64224,0,0,0,26624
1248,1100,0,0,4,2,2,0,0,19,4,8192,0,65232,0,64,0,0,65475,193,0,0,0,51200,0,0,56452,56484,0,65504,0,0,64,0,0,912,256,0,0,944,64,0,0,0,115,0,0,0,65532,26688
1249,1000,0,0,4,2,2,0,0,19,4,4352,63232,64975,64855,70,32768,8,581,463,0,0,48,55503,0,0,58191,57423,2,896,2240,0,70,6,63259,944,9536,33280,0,944,64,0,0,0,883,63952,0,32768,0,26624
1249,1100,0,0,4,2,2,0,0,19,4,8192,0,65232,0,64,0,0,65475,193,0,0,0,51200,0,0,56452,56484,0,65504,0,0,64,0,0,912,256,0,0,944,64,0,0,0,115,0,0,0,65532,26688
1250,1000,0,0,4,2,2,0,0,19,4,57344,19968,64963,64863,70,32768,8,578,461,0,0,48,54898,0,0,58034,57138,2,1024,2560,0,70,6,63198,944,9536,33280,0,944,64,0,0,0,884,63680,0,0,0,26624
1250,1100,0,0,4,2,2,0,0,19,4,8192,0,65232,0,64,0,0,65475,193,0,0,0,51200,0,0,56452,56484,0,65504,0,0,64,0,0,912,256,0,0,944,64,0,0,0,115,0,0,0,65532,26688
1251,1000,0,0,4,2,2,0,0,19,4,41728,44288,64953,64871,70,32768,8,576,458,0,0,48,54285,0,0,57869,56845,2,1152,2880,0,70,6,63259,944,9536,33280,0,944,64,0,0,0,884,63408,0,32768,0,26624
1251,1100,0,0,4,2,2,0,0,19,4,8192,0,65232,0,64,0,0,65475,193,0,0,0,51200,0,0,56452,56484,0,65504,0,0,64,0,0,912,256,0,0,944,64,0,0,0,115,0,0,0,65532,26688
1252,1000,0,0,4,2,2,0,0,19,4,23552,5120,64942,64880,70,32768,8,574,456,0,0,48,53680,0,0,57712,56560,2,1280,3200,0,70,6,63198,944,9536,33280,0,944,64,0,0,0,885,63136,0,0,0,26624
1252,1100,0,0,4,2,2,0,0,19,4,8192,0,65232,0,64,0,0,65475,193,0,0,0,51200,0,0,56452,56484,0,65504,0,0,64,0,0,912,256,0,0,944,64,0,0,0,115,0,0,0,65532,26688
1253,1000,0,0,4,2,2,0,0,19,4,2560,33792,64932,64889,70,32768,8,572,453,0,0,48,53067,0,0,57547,56267,2,1408,3520,0,70,6,63259,944,9536,33280,0,944,64,0,4,0,885,62864,0,32768,0,26624
1253,1100,0,0,4,2,2,0,0,19,4,8192,0,65232,0,64,0,0,65475,193,0,0,0,51200,0,0,56452,56484,0,65504,0,0,64,0,0,912,256,0,0,944,64,0,0,0,115,0,0,0,65532,26688
1254,1000,0,0,4,2,2,0,0,19,4,44544,64768,64921,64898,70,32768,8,569,450,0,0,48,52462,0,0,57390,55982,2,1536,3840,0,70,6,63198,944,9536,33280,0,944,64,0,4,0,886,62592,0,0,0,26624
1254,1100,0,0,4,2,2,0,0,19,4,8192,0,65232,0,64,0,0,65475,193,0,0,0,51200,0,0,56452,56484,0,65504,0,0,64,0,0,912,256,0,0,944,64,0,0,0,115,0,0,0,65532,26688
1255,1000,0,0,4,2,2,0,0,19,4,18176,32512,64912,64907,70,32768,8,567,448,0,0,48,51849,0,0,57225,55689,2,1664,4160,0,70,6,63259,944,9536,33280,0,944,64,0,4,0,886,62320,0,32768,0,26624
1255,1100,0,0,4,2,2,0,0,19,4,8192,0,65232,0,64,0,0,65475,193,0,0,0,51200,0,0,56452,56484,0,65504,0,0,64,0,0,912,256,0,0,944,64,0,0,0,115,0,0,0,65532,26688
1256,1000,0,0,4,2,2,0,0,19,4,55040,2560,64901,64916,70,32768,8,564,446,0,0,48,51244,0,0,57068,55404,2,1792,4480,0,70,6,63198,944,9536,33280,0,944,64,0,4,0,887,62048,0,0,0,26624
1256,1100,0,0,4,2,2,0,0,19,4,8192,0,65232,0,64,0,0,65475,193,0,0,0,51200,0,0,56452,56484,0,65504,0,0,64,0,0,912,256,0,0,944,64,0,0,0,115,0,0,0,65532,26688
1257,1000,0,0,4,2,2,0,0,19,4,23552,40448,64892,64926,70,32768,8,562,443,0,0,48,50631,0,0,56903,55111,2,1920,4800,0,70,6,63259,944,9600,33280,0,944,64,0,4,0,887,61776,0,32768,0,26624
1257,1100,0,0,4,2,2,0,0,19,4,8192,0,65232,0,64,0,0,65475,193,0,0,0,51200,0,0,56452,56484,0,65504,0,0,64,0,0,912,256,0,0,944,64,0,0,0,115,0,0,0,65532,26688
1258,1000,0,0,4,2,2,0,0,19,4,55296,15360,64882,64936,70,32768,8,559,441,0,0,48,50026,0,0,56746,54826,2,2048,5120,0,70,6,63198,944,9600,33280,0,944,64,0,4,0,888,61504,0,0,0,26624
1258,1100,0,0,4,2,2,0,0,19,4,8192,0,65232,0,64,0,0,65475,193,0,0,0,51200,0,0,56452,56484,0,65504,0,0,64,0,0,912,256,0,0,944,64,0,0,0,115,0,0,0,65532,26688
1259,1000,16,0,4,2,2,0,0,19,4,18944,58368,64873,64946,70,32768,8,557,438,0,0,112,49413,0,0,56581,54533,2,2368,5632,0,70,6,63106,944,9600,33300,1,944,80,0,4,0,888,61280,0,32768,0,26624
1259,1100,16,0,4,2,2,0,0,19,4,8192,0,65232,0,64,0,0,65475,193,0,0,0,51200,0,0,56452,56484,0,65504,0,0,64,0,0,912,256,0,0,944,64,0,0,0,115,0,0,0,65532,26688
1260,1000,0,0,4,2,2,0,0,19,4,45824,38400,64862,64955,70,34816,8,554,436,0,224,112,48597,0,2,56597,54229,2,2688,6144,0,70,6,63015,944,9600,33296,3,944,80,0,32772,0,889,61056,0,0,0,26624
1260,1100,0,0,4,2,2,0,0,19,4,8192,0,65232,0,64,0,0,65475,193,0,0,0,51200,0,0,56452,56484,0,65504,0,0,64,0,0,912,256,0,0,944,64,0,0,0,115,0,0,0,65532,26688
1261,1000,0,0,4,2,2,0,0,19,4,4352,20736,64863,64954,70,34816,8,552,434,198,198,112,47769,0,2,56601,53913,2,3008,6656,0,70,6,62925,944,9600,33296,4,944,80,0,32804,0,889,60832,0,32768,0,26624
1261,1100,0,0,4,2,2,0,0,19,4,8192,0,65232,0,64,0,0,65475,193,0,0,0,51200,0,0,56452,56484,0,65504,0,0,64,0,0,912,256,0,0,944,64,0,0,0,115,0,0,0,65532,26688
1262,1000,0,0,4,2,2,0,0,19,4,28672,2816,64863,64953,70,34816,8,549,432,370,172,112,46930,0,2,56594,53586,2,3328,7168,0,70,6,62837,944,9600,33296,5,944,80,0,32804,0,890,60608,0,0,0,26624
1262,1100,0,0,4,2,2,0,0,19,4,8192,0,65232,0,64,0,0,65475,193,0,0,0,51200,0,0,56452,56484,0,65504,0,0,64,0,0,912,256,0,0,944,64,0,0,0,115,0,0,0,65532,26688
1263,1000,0,0,4,2,2,0,0,19,4,52992,50176,64862,64954,70,34816,8,546,429,516,146,112,46080,0,2,56576,53248,2,3648,7680,0,70,6,62750,944,9600,33296,6,944,80,0,32804,0,890,60384,0,32768,0,26624
1263,1100,0,0,4,2,2,0,0,19,4,8192,0,65232,0,64,0,0,65475,193,0,0,0,51200,0,0,56452,56484,0,65504,0,0,64,0,0,912,256,0,0,944,64,0,0,0,115,0,0,0,65532,26688
1264,1000,0,0,4,2,2,0,0,19,4,11520,32256,64861,64955,70,34816,8,544,427,636,120,112,45219,0,2,56547,52899,2,3968,8192,0,70,6,62816,944,9600,33296,7,944,80,0,32804,0,891,60160,0,0,0,26624
1264,1100,0,0,4,2,2,0,0,19,4,8192,0,65232,0,64,0,0,65475,193,0,0,0,51200,0,0,56452,56484,0,65504,0,0,64,0,0,912,256,0,0,944,64,0,0,0,115,0,0,0,65532,26688
1265,1000,0,0,4,2,2,0,0,19,4,35328,14592,64859,64956,70,34816,8,541,425,730,94,112,44367,0,2,56527,52559,2,4288,8704,0,70,6,62729,944,9664,33296,8,944,80,0,32804,0,891,59936,0,32768,0,26624
1265,1100,0,0,4,2,2,0,0,19,4,8192,0,65232,0,64,0,0,65475,193,0,0,0,51200,0,0,56452,56484,0,65504,0,0,64,0,0,912,256,0,0,944,64,0,0,0,115,0,0,0,65532,26688
1266,1000,0,0,4,2,2,0,0,19,4,58624,62720,64857,64957,70,34816,8,538,422,798,68,112,43504,0,2,56496,52208,2,4608,9216,0,70,6,62816,944,9664,33296,9,944,80,0,32804,0,892,59712,0,0,0,26624
1266,1100,0,0,4,2,2,0,0,19,4,8192,0,65232,0,64,0,0,65475,193,0,0,0,51200,0,0,56452,56484,0,65504,0,0,64,0,0,912,256,0,0,944,64,0,0,0,115,0,0,0,65532,26688
1267,1000,0,0,4,2,2,0,0,19,4,15872,45568,64856,64959,70,34816,8,536,420,840,42,112,42652,0,2,56476,51868,2,4928,9728,0,70,6,62729,944,9664,33296,10,944,80,0,32804,0,892,59488,0,32768,0,26624
1267,1100,0,0,4,2,2,0,0,19,4,8192,0,65232,0,64,0,0,65475,193,0,0,0,51200,0,0,56452,56484,0,65504,0,0,64,0,0,912,256,0,0,944,64,0,0,0,115,0,0,0,65532,26688
1268,1000,0,0,4,2,2,0,0,19,4,38400,28928,64854,64960,70,34816,8,533,418,856,16,112,41789,0,2,56445,51517,2,5248,10240,0,70,6,62816,944,9664,33296,11,944,80,0,32804,0,893,59264,0,0,0,26624
1268,1100,0,0,4,2,2,0,0,19,4,8192,0,65232,0,64,0,0,65475,193,0,0,0,51200,0,0,56452,56484,0,65504,0,0,64,0,0,912,256,0,0,944,64,0,0,0,115,0,0,0,65532,26688
1269,1000,0,0,4,2,2,0,0,19,4,60416,12544,64852,64962,70,34816,8,530,416,846,65526,112,40937,0,2,56425,51177,2,5568,10752,0,70,6,62729,944,9664,33296,12,944,80,0,32804,0,893,59040,0,32768,0,26624
1269,1100,0,0,4,2,2,0,0,19,4,8192,0,65232,0,64,0,0,65475,193,0,0,0,51200,0,0,56452,56484,0,65504,0,0,64,0,0,912,256,0,0,944,64,0,0,0,115,0,0,0,65532,26688
1270,1000,0,0,4,2,2,0,0,19,4,16384,62208,64850,64962,70,34816,8,528,413,810,65500,48,40074,0,2,56394,50826,2,5696,10432,0,70,6,63259,944,9664,33280,0,944,64,0,32804,0,894,58768,0,0,0,26624
1270,1100,0,0,4,2,2,0,0,19,4,8192,0,65232,0,64,0,0,65475,193,0,0,0,51200,0,0,56452,56484,0,65504,0,0,64,0,0,912,256,0,0,944,64,0,0,0,115,0,0,0,65532,26688
1271,1000,0,0,4,2,2,0,0,19,4,37376,46336,64848,64964,70,34816,8,525,411,748,65474,48,40109,0,2,56237,50541,2,5824,10112,0,70,6,63198,944,9664,33280,0,944,64,0,32804,0,894,58496,0,32768,0,26624
1271,1100,0,0,4,2,2,0,0,19,4,8192,0,65232,0,64,0,0,65475,193,0,0,0,51200,0,0,56452,56484,0,65504,0,0,64,0,0,912,256,0,0,944,64,0,0,0,115,0,0,0,65532,26688
1272,1000,0,0,4,2,2,0,0,19,4,57856,30976,64839,64974,70,34816,8,522,409,660,65448,48,40136,0,2,56072,50248,2,5952,9792,0,70,6,63259,944,9664,33280,0,944,64,0,32804,0,895,58224,0,0,0,26624
1272,1100,0,0,4,2,2,0,0,19,4,8192,0,65232,0,64,0,0,65475,193,0,0,0,51200,0,0,56452,56484,0,65504,0,0,64,0,0,912,256,0,0,944,64,0,0,0,115,0,0,0,65532,26688
1273,1000,0,0,4,2,2,0,0,19,4,10496,18176,64830,64985,70,34816,8,520,407,546,65422,48,40171,0,2,55915,49963,2,5760,9472,0,70,6,63171,944,9024,512,0,944,64,0,32768,0,895,58721,0,32768,65526,26624
1273,1100,0,0,4,2,2,0,0,19,4,8192,0,65232,0,64,0,0,65475,193,0,0,0,51200,0,0,56452,56484,0,65504,0,0,64,0,0,912,256,0,0,944,64,0,0,0,115,0,0,0,65532,26688
1274,1000,0,0,4,2,2,0,0,19,4,26368,8192,64829,65001,70,34816,8,517,405,406,65396,48,40195,0,2,55427,49667,2,5568,9152,0,70,6,63232,944,9024,512,0,944,64,0,32768,0,886,59218,0,0,65526,26624
1274,1100,0,0,4,2,2,0,0,19,4,8192,0,65232,0,64,0,0,65475,193,0,0,0,51200,0,0,56452,56484,0,65504,0,0,64,0,0,912,256,0,0,944,64,0,0,0,115,0,0,0,65532,26688
1275,1000,0,0,4,2,2,0,0,19,4,41984,2304,64813,65041,70,34816,8,514,403,240,65370,48,40227,0,2,54947,49379,2,5376,8832,0,70,6,63232,944,9024,512,0,944,64,0,32768,0,876,59715,0,32768,65526,26624
1275,1100,0,0,4,2,2,0,0,19,4,8192,0,65232,0,64,0,0,65475,193,0,0,0,51200,0,0,56452,56484,0,65504,0,0,64,0,0,912,256,0,0,944,64,0,0,0,115,0,0,0,65532,26688
1276,1000,0,0,4,2,2,0,0,19,4,53504,6656,64799,65079,70,34816,8,511,401,48,65344,48,40259,0,2,54467,49091,2,5184,8512,0,70,6,63232,944,9024,512,0,944,64,0,32768,0,867,60212,0,0,65526,26624
1276,1100,0,0,4,2,2,0,0,19,4,8192,0,65232,0,64,0,0,65475,193,0,0,0,51200,0,0,56452,56484,0,65504,0,0,64,0,0,912,256,0,0,944,64,0,0,0,115,0,0,0,65532,26688
1277,1000,0,0,4,2,2,0,0,19,4,61440,20736,64787,65118,70,34816,8,508,399,0,0,48,40291,0,0,53987,48803,2,4992,8192,0,70,6,63232,944,9024,512,0,944,64,0,0,0,857,60709,0,32768,65526,26624
1277,1100,0,0,4,2,2,0,0,19,4,8192,0,65232,0,64,0,0,65475,193,0,0,0,51200,0,0,56452,56484,0,65504,0,0,64,0,0,912,256,0,0,944,64,0,0,0,115,0,0,0,65532,26688
1278,1000,0,0,4,2,2,0,0,19,4,768,44800,64777,65157,70,32768,8,506,397,0,0,48,40323,0,0,53507,48515,2,4800,7872,0,70,6,63232,944,9024,512,0,944,64,0,0,0,848,61206,0,0,65526,26624
1278,1100,0,0,4,2,2,0,0,19,4,8192,0,65232,0,64,0,0,65475,193,0,0,0,51200,0,0,56452,56484,0,65504,0,0,64,0,0,912,256,0,0,944,64,0,0,0,115,0,0,0,65532,26688
1279,1000,0,0,4,2,2,0,0,19,4,3072,13312,64769,65197,70,32768,8,503,396,0,0,48,40355,0,0,53027,48227,2,4608,7552,0,70,6,63232,944,9024,512,0,944,64,0,0,0,838,61703,0,32768,65526,26624
1279,1100,0,0,4,2,2,0,0,19,4,8192,0,65232,0,64,0,0,65475,193,0,0,0,51200,0,0,56452,56484,0,65504,0,0,64,0,0,912,256,0,0,944,64,0,0,0,115,0,0,0,65532,26688
1280,1000,0,0,4,2,2,0,0,19,4,3328,57600,64763,65235,70,32768,8,500,394,0,0,48,40387,0,0,52547,47939,2,4416,7232,0,70,6,63232,944,9024,512,0,944,64,0,0,0,829,62200,0,0,65526,26624
1280,1100,0,0,4,2,2,0,0,19,4,8192,0,65232,0,64,0,0,65475,193,0,0,0,51200,0,0,56452,56484,0,65504,0,0,64,0,0,912,256,0,0,944,64,0,0,0,115,0,0,0,65532,26688
1281,1000,0,0,4,2,2,0,0,19,4,2048,46080,64759,65275,70,32768,8,497,393,0,0,48,40419,0,0,52067,47651,2,4224,6912,0,70,6,63232,944,8384,512,0,944,64,0,0,0,819,62697,0,32768,65526,26624
1281,1100,0,0,4,2,2,0,0,19,4,8192,0,65232,0,64,0,0,65475,193,0,0,0,51200,0,0,56452,56484,0,65504,0,0,64,0,0,912,256,0,0,944,64,0,0,0,115,0,0,0,65532,26688
1282,1000,0,0,4,2,2,0,0,19,4,65280,44800,64757,65313,70,32768,8,493,392,0,0,48,40451,0,0,51587,47363,2,4032,6592,0,70,6,63232,944,8384,512,0,944,64,0,0,0,810,63194,0,0,65526,26624
1282,1100,0,0,4,2,2,0,0,19,4,8192,0,65232,0,64,0,0,65475,193,0,0,0,51200,0,0,56452,56484,0,65504,0,0,64,0,0,912,256,0,0,944,64,0,0,0,115,0,0,0,65532,26688
1283,1000,0,0,4,2,2,0,0,19,4,62464,53248,64757,65351,70,32768,8,490,391,0,0,48,40483,0,0,51107,47075,2,3840,6272,0,70,6,63232,944,8384,512,0,944,64,0,0,0,800,63691,0,32768,65526,26624
1283,1100,0,0,4,2,2,0,0,19,4,8192,0,65232,0,64,0,0,65475,193,0,0,0,51200,0,0,56452,56484,0,65504,0,0,64,0,0,912,256,0,0,944,64,0,0,0,115,0,0,0,65532,26688
1284,1000,0,0,4,2,2,0,0,19,4,59648,5888,64758,65389,70,32768,8,487,391,0,0,48,40515,0,0,50627,46787,2,3648,5952,0,70,6,63232,944,8384,512,0,944,64,0,0,0,791,64188,0,0,65526,26624
1284,1100,0,0,4,2,2,0,0,19,4,8192,0,65232,0,64,0,0,65475,193,0,0,0,51200,0,0,56452,56484,0,65504,0,0,64,0,0,912,256,0,0,944,64,0,0,0,115,0,0,0,65532,26688
1285,1000,0,0,4,2,2,0,0,19,4,57088,33792,64762,65426,70,32768,8,484,390,0,0,48,40547,0,0,50147,46499,2,3776,6272,0,70,6,63232,944,8384,33280,0,944,64,0,4,0,781,63916,0,32768,1,26624
1285,1100,0,0,4,2,2,0,0,19,4,8192,0,65232,0,64,0,0,65475,193,0,0,0,51200,0,0,56452,56484,0,65504,0,0,64,0,0,912,256,0,0,944,64,0,0,0,115,0,0,0,65532,26688
1286,1000,0,0,4,2,2,0,0,19,4,55552,5632,64757,65462,70,32768,8,481,390,0,0,48,39939,0,0,49987,46211,2,3904,6592,0,70,6,63232,944,8384,33280,0,944,64,0,36,0,782,63644,0,32768,1,26624
1286,1100,0,0,4,2,2,0,0,19,4,8192,0,65232,0,64,0,0,65475,193,0,0,0,51200,0,0,56452,56484,0,65504,0,0,64,0,0,912,256,0,0,944,64,0,0,0,115,0,0,0,65532,26688
1287,1000,0,0,4,2,2,0,0,19,4,52736,52224,64755,65474,70,32768,8,478,389,0,0,48,39331,0,0,49827,45923,2,4032,6912,0,70,6,63232,944,8384,33280,0,944,64,0,36,0,783,63372,0,32768,1,26624
1287,1100,0,0,4,2,2,0,0,19,4,8192,0,65232,0,64,0,0,65475,193,0,0,0,51200,0,0,56452,56484,0,65504,0,0,64,0,0,912,256,0,0,944,64,0,0,0,115,0,0,0,65532,26688
1288,1000,0,0,4,2,2,0,0,19,4,49408,36352,64753,65486,70,32768,8,475,389,0,0,48,38723,0,0,49667,45635,2,4160,7232,0,70,6,63232,944,8384,33280,0,944,64,0,36,0,784,63100,0,32768,1,26624
1288,1100,0,0,4,2,2,0,0,19,4,8192,0,65232,0,64,0,0,65475,193,0,0,0,51200,0,0,56452,56484,0,65504,0,0,64,0,0,912,256,0,0,944,64,0,0,0,115,0,0,0,65532,26688
1289,1000,0,0,4,2,2,0,0,19,4,45568,23552,64751,65498,70,32768,8,472,389,0,0,48,38115,0,0,49507,45347,2,4288,7552,0,70,6,63232,944,8448,33280,0,944,64,0,36,0,785,62828,0,32768,1,26624
1289,1100,0,0,4,2,2,0,0,19,4,8192,0,65232,0,64,0,0,65475,193,0,0,0,51200,0,0,56452,56484,0,65504,0,0,64,0,0,912,256,0,0,944,64,0,0,0,115,0,0,0,65532,26688
1290,1000,0,0,4,2,2,0,0,19,4,41216,13824,64750,65510,70,32768,8,469,389,0,0,48,37507,0,0,49347,45059,2,4416,7872,0,70,6,63232,944,8448,33280,0,944,64,0,36,0,786,62556,0,32768,1,26624
1290,1100,0,0,4,2,2,0,0,19,4,8192,0,65232,0,64,0,0,65475,193,0,0,0,51200,0,0,56452,56484,0,65504,0,0,64,0,0,912,256,0,0,944,64,0,0,0,115,0,0,0,65532,26688
1291,1000,0,0,4,2,2,0,0,19,4,36608,7168,64749,65522,70,32768,8,466,389,0,0,48,36899,0,0,49187,44771,2,4544,8192,0,70,6,63232,944,8448,33280,0,944,64,0,36,0,787,62284,0,32768,1,26624
1291,1100,0,0,4,2,2,0,0,19,4,8192,0,65232,0,64,0,0,65475,193,0,0,0,51200,0,0,56452,56484,0,65504,0,0,64,0,0,912,256,0,0,944,64,0,0,0,115,0,0,0,65532,26688
1292,1000,0,0,4,2,2,0,0,19,4,31744,3584,64748,65534,70,32768,8,463,389,0,0,48,36291,0,0,49027,44483,2,4672,8512,0,70,6,63232,944,8448,33280,0,944,64,0,36,0,788,62012,0,32768,1,26624
1292,1100,0,0,4,2,2,0,0,19,4,8192,0,65232,0,64,0,0,65475,193,0,0,0,51200,0,0,56452,56484,0,65504,0,0,64,0,0,912,256,0,0,944,64,0,0,0,115,0,0,0,65532,26688
1293,1000,0,0,4,2,2,0,0,19,4,26624,3072,64747,10,70,32768,8,460,389,0,0,48,35683,0,0,48867,44195,2,4800,8192,0,70,6,63232,944,8448,33280,0,944,64,0,36,0,789,61740,0,32768,1,26624
1293,1100,0,0,4,2,2,0,0,19,4,8192,0,65232,0,64,0,0,65475,193,0,0,0,51200,0,0,56452,56484,0,65504,0,0,64,0,0,912,256,0,0,944,64,0,0,0,115,0,0,0,65532,26688
1294,1000,0,0,4,2,2,0,0,19,4,21248,5632,64746,22,70,32768,8,457,389,0,0,48,35715,0,0,48707,43907,2,4928,8512,0,70,6,63232,944,8448,33280,0,944,64,0,36,0,790,61468,0,32768,1,26624
1294,1100,0,0,4,2,2,0,0,19,4,8192,0,65232,0,64,0,0,65475,193,0,0,0,51200,0,0,56452,56484,0,65504,0,0,64,0,0,912,256,0,0,944,64,0,0,0,115,0,0,0,65532,26688
1295,1000,0,0,4,2,2,0,0,19,4,15616,11264,64745,34,70,32768,8,454,389,0,0,48,35107,0,0,48547,43619,2,5056,8192,0,70,6,63232,944,8448,33280,0,944,64,0,36,0,791,61196,0,32768,1,26624
1295,1100,0,0,4,2,2,0,0,19,4,8192,0,65232,0,64,0,0,65475,193,0,0,0,51200,0,0,56452,56484,0,65504,0,0,64,0,0,912,256,0,0,944,64,0,0,0,115,0,0,0,65532,26688
1296,1000,0,0,4,2,2,0,0,19,4,9728,19968,64745,46,70,32768,8,451,389,0,0,48,35139,0,0,48387,43331,2,5184,8512,0,70,6,63232,944,8448,33280,0,944,64,0,36,0,792,60924,0,32768,1,26624
1296,1100,0,0,4,2,2,0,0,19,4,8192,0,65232,0,64,0,0,65475,193,0,0,0,51200,0,0,56452,56484,0,65504,0,0,64,0,0,912,256,0,0,944,64,0,0,0,115,0,0,0,65532,26688
1297,1000,0,0,4,2,2,0,0,19,4,3840,31744,64744,59,70,32768,8,448,389,0,0,48,34531,0,0,48227,43043,2,5312,8192,0,70,6,63232,944,8512,33280,0,944,64,0,36,0,793,60652,0,32768,1,26624
1297,1100,0,0,4,2,2,0,0,19,4,8192,0,65232,0,64,0,0,65475,193,0,0,0,51200,0,0,56452,56484,0,65504,0,0,64,0,0,912,256,0,0,944,64,0,0,0,115,0,0,0,65532,26688
1298,1000,0,0,4,2,2,0,0,19,4,63232,46848,64745,71,70,32768,8,444,389,0,0,48,34563,0,0,48067,42755,2,5440,8512,0,70,6,63232,944,8512,33280,0,944,64,0,36,0,794,60380,0,32768,1,26624
1298,1100,0,0,4,2,2,0,0,19,4,8192,0,65232,0,64,0,0,65475,193,0,0,0,51200,0,0,56452,56484,0,65504,0,0,64,0,0,912,256,0,0,944,64,0,0,0,115,0,0,0,65532,26688
1299,1000,0,0,4,2,2,0,0,19,4,57344,65024,64745,83,70,32768,8,441,389,0,0,48,33955,0,0,47907,42467,2,5568,8192,0,70,6,63232,944,8512,33280,0,944,64,0,36,0,795,60108,0,32768,1,26624
1299,1100,0,0,4,2,2,0,0,19,4,8192,0,65232,0,64,0,0,65475,193,0,0,0,51200,0,0,56452,56484,0,65504,0,0,64,0,0,912,256,0,0,944,64,0,0,0,115,0,0,0,65532,26688
1300,1000,0,0,4,2,2,0,0,19,4,51456,20736,64745,95,70,32768,8,438,390,0,0,48,33987,0,0,47747,42179,2,5696,8512,0,70,6,63232,944,8512,33280,0,944,64,0,36,0,796,59836,0,32768,1,26624
1300,1100,0,0,4,2,2,0,0,19,4,8192,0,65232,0,64,0,0,65475,193,0,0,0,51200,0,0,56452,56484,0,65504,0,0,64,0,0,912,256,0,0,944,64,0,0,0,115,0,0,0,65532,26688
1301,1000,0,0,4,2,2,0,0,19,4,45568,45056,64746,108,70,32768,8,435,390,0,0,48,33379,0,0,47587,41891,2,5824,8192,0,70,6,63232,944,8512,33280,0,944,64,0,36,0,797,59564,0,32768,1,26624
1301,1100,0,0,4,2,2,0,0,19,4,8192,0,65232,0,64,0,0,65475,193,0,0,0,51200,0,0,56452,56484,0,65504,0,0,64,0,0,912,256,0,0,944,64,0,0,0,115,0,0,0,65532,26688
1302,1000,0,0,4,2,2,0,0,19,4,39936,7168,64746,120,70,32768,8,432,391,0,0,48,33411,0,0,47427,41603,2,5952,8512,0,70,6,63232,944,8512,33280,0,944,64,0,36,0,798,59292,0,32768,1,26624
1302,1100,0,0,4,2,2,0,0,19,4,8192,0,65232,0,64,0,0,65475,193,0,0,0,51200,0,0,56452,56484,0,65504,0,0,64,0,0,912,256,0,0,944,64,0,0,0,115,0,0,0,65532,26688
1303,1000,0,0,4,2,2,0,0,19,4,34304,37888,64747,132,70,32768,8,429,391,0,0,48,32803,0,0,47267,41315,2,5760,8192,0,70,6,63232,944,8512,512,0,944,64,0,0,0,799,59789,0,32768,65526,26624
1303,1100,0,0,4,2,2,0,0,19,4,8192,0,65232,0,64,0,0,65475,193,0,0,0,51200,0,0,56452,56484,0,65504,0,0,64,0,0,912,256,0,0,944,64,0,0,0,115,0,0,0,65532,26688
1304,1000,0,0,4,2,2,0,0,19,4,28928,6144,64759,142,70,32768,8,426,392,0,0,48,32835,0,0,46787,41027,2,5568,7872,0,70,6,63232,944,8512,512,0,944,64,0,0,0,789,60286,0,32768,65526,26624
1304,1100,0,0,4,2,2,0,0,19,4,8192,0,65232,0,64,0,0,65475,193,0,0,0,51200,0,0,56452,56484,0,65504,0,0,64,0,0,912,256,0,0,944,64,0,0,0,115,0,0,0,65532,26688
1305,1000,0,0,4,2,2,0,0,19,4,26624,42496,64776,176,70,32768,8,423,392,0,0,48,32867,0,0,46307,40739,2,5376,7552,0,70,6,63232,944,7872,512,0,944,64,0,0,0,779,60783,0,32768,65526,26624
1305,1100,0,0,4,2,2,0,0,19,4,8192,0,65232,0,64,0,0,65475,193,0,0,0,51200,0,0,56452,56484,0,65504,0,0,64,0,0,912,256,0,0,944,64,0,0,0,115,0,0,0,65532,26688
1306,1000,0,0,4,2,2,0,0,19,4,28672,22016,64795,208,70,32768,8,420,393,0,0,48,32899,0,0,45827,40451,2,5184,7232,0,70,6,63232,944,7872,512,0,944,64,0,0,0,769,61280,0,32768,65526,26624
1306,1100,0,0,4,2,2,0,0,19,4,8192,0,65232,0,64,0,0,65475,193,0,0,0,51200,0,0,56452,56484,0,65504,0,0,64,0,0,912,256,0,0,944,64,0,0,0,115,0,0,0,65532,26688
1307,1000,0,0,4,2,2,0,0,19,4,35584,9728,64815,238,70,32768,8,417,394,0,0,48,32931,0,0,45347,40163,2,4992,6912,0,70,6,63232,944,7872,512,0,944,64,0,0,0,759,61777,0,32768,65528,26624
1307,1100,0,0,4,2,2,0,0,19,4,8192,0,65232,0,64,0,0,65475,193,0,0,0,51200,0,0,56452,56484,0,65504,0,0,64,0,0,912,256,0,0,944,64,0,0,0,115,0,0,0,65532,26688
1308,1000,0,0,4,2,2,0,0,19,4,47616,5120,64834,268,70,32768,8,414,395,0,0,48,32963,0,0,44867,39875,2,4800,6592,0,70,6,63232,944,7872,512,0,944,64,0,0,0,751,62274,0,32768,65528,26624
1308,1100,0,0,4,2,2,0,0,19,4,8192,0,65232,0,64,0,0,65475,193,0,0,0,51200,0,0,56452,56484,0,65504,0,0,64,0,0,912,256,0,0,944,64,0,0,0,115,0,0,0,65532,26688
1309,1000,0,0,4,2,2,0,0,19,4,64512,8192,64854,297,70,32768,8,411,396,0,0,48,32995,0,0,44387,39587,2,4608,6272,0,70,6,63232,944,7872,512,0,944,64,0,0,0,743,62771,0,32768,65528,26624
1309,1100,0,0,4,2,2,0,0,19,4,8192,0,65232,0,64,0,0,65475,193,0,0,0,51200,0,0,56452,56484,0,65504,0,0,64,0,0,912,256,0,0,944,64,0,0,0,115,0,0,0,65532,26688
1310,1000,0,0,4,2,2,0,0,19,4,20992,18688,64876,325,70,32768,8,409,397,0,0,48,33027,0,0,43907,39299,2,4416,5952,0,70,6,63232,944,7872,512,0,944,64,0,0,0,735,63268,0,32768,65528,26624
1310,1100,0,0,4,2,2,0,0,19,4,8192,0,65232,0,64,0,0,65475,193,0,0,0,51200,0,0,56452,56484,0,65504,0,0,64,0,0,912,256,0,0,944,64,0,0,0,115,0,0,0,65532,26688
1311,1000,0,0,4,2,2,0,0,19,4,48640,36352,64898,351,70,32768,8,406,398,0,0,48,33059,0,0,43427,39011,2,4224,5632,0,70,6,63232,944,7872,512,0,944,64,0,0,0,727,63765,0,32768,65528,26624
1311,1100,0,0,4,2,2,0,0,19,4,8192,0,65232,0,64,0,0,65475,193,0,0,0,51200,0,0,56452,56484,0,65504,0,0,64,0,0,912,256,0,0,944,64,0,0,0,115,0,0,0,65532,26688
1312,1000,0,0,4,2,2,0,0,19,4,16384,60672,64922,376,70,32768,8,404,399,0,0,48,33091,0,0,42947,38723,2,4032,5312,0,70,6,63232,944,7872,512,0,944,64,0,0,0,719,64262,0,32768,65528,26624
1312,1100,0,0,4,2,2,0,0,19,4,8192,0,65232,0,64,0,0,65475,193,0,0,0,51200,0,0,56452,56484,0,65504,0,0,64,0,0,912,256,0,0,944,64,0,0,0,115,0,0,0,65532,26688
1313,1000,0,0,4,2,2,0,0,19,4,55808,25856,64947,399,70,32768,8,401,401,0,0,48,33123,0,0,42467,38435,2,3840,4992,0,70,6,63232,944,7232,512,0,944,64,0,0,0,711,64759,0,32768,65528,26624
1313,1100,0,0,4,2,2,0,0,19,4,8192,0,65232,0,64,0,0,65475,193,0,0,0,51200,0,0,56452,56484,0,65504,0,0,64,0,0,912,256,0,0,944,64,0,0,0,115,0,0,0,65532,26688
1314,1000,0,0,4,2,2,0,0,19,4,36096,62464,64972,421,70,32768,8,399,402,0,0,48,33155,0,0,41987,38147,2,3648,4672,0,70,6,63232,944,7232,512,0,944,64,0,0,0,703,65256,0,32768,65528,26624
1314,1100,0,0,4,2,2,0,0,19,4,8192,0,65232,0,64,0,0,65475,193,0,0,0,51200,0,0,56452,56484,0,65504,0,0,64,0,0,912,256,0,0,944,64,0,0,0,115,0,0,0,65532,26688
1315,1000,0,0,4,2,2,0,0,19,4,22784,39168,64998,441,70,32768,8,397,404,0,0,48,33187,0,0,41507,37859,2,3456,4352,0,70,6,63232,944,7232,512,0,944,64,0,0,0,695,217,0,32768,65528,26624
1315,1100,0,0,4,2,2,0,0,19,4,8192,0,65232,0,64,0,0,65475,193,0,0,0,51200,0,0,56452,56484,0,65504,0,0,64,0,0,912,256,0,0,944,64,0,0,0,115,0,0,0,65532,26688
1316,1000,0,0,4,2,2,0,0,19,4,16128,20992,65025,460,70,32768,8,395,406,0,0,48,33219,0,0,41027,37571,2,3264,4032,0,70,6,63232,944,7232,512,0,944,64,0,0,0,687,65256,0,32768,65528,26624
1316,1100,0,0,4,2,2,0,0,19,4,8192,0,65232,0,64,0,0,65475,193,0,0,0,51200,0,0,56452,56484,0,65504,0,0,64,0,0,912,256,0,0,944,64,0,0,0,115,0,0,0,65532,26688
1317,1000,0,0,4,2,2,0,0,19,4,16384,7680,65052,478,70,32768,8,393,408,0,0,48,33251,0,0,40547,37283,2,3072,3712,0,70,6,63232,944,7232,512,0,944,64,0,0,0,679,217,0,32768,65528,26624
1317,1100,0,0,4,2,2,0,0,19,4,8192,0,65232,0,64,0,0,65475,193,0,0,0,51200,0,0,56452,56484,0,65504,0,0,64,0,0,912,256,0,0,944,64,0,0,0,115,0,0,0,65532,26688
1318,1000,0,0,4,2,2,0,0,19,4,23552,64512,65080,493,70,32768,8,391,409,0,0,48,33283,0,0,40067,36995,2,2880,3392,0,70,6,63232,944,7232,512,0,944,64,0,0,0,671,65256,0,32768,65528,26624
1318,1100,0,0,4,2,2,0,0,19,4,8192,0,65232,0,64,0,0,65475,193,0,0,0,51200,0,0,56452,56484,0,65504,0,0,64,0,0,912,256,0,0,944,64,0,0,0,115,0,0,0,65532,26688
1319,1000,0,0,4,2,2,0,0,19,4,37888,59648,65108,508,70,32768,8,389,411,0,0,48,33315,0,0,39587,36707,2,2688,3072,0,70,6,63232,944,7232,512,0,944,64,0,0,0,663,217,0,32768,65528,26624
1319,1100,0,0,4,2,2,0,0,19,4,8192,0,65232,0,64,0,0,65475,193,0,0,0,51200,0,0,56452,56484,0,65504,0,0,64,0,0,912,256,0,0,944,64,0,0,0,115,0,0,0,65532,26688
1320,1000,0,0,4,2,2,0,0,19,4,59392,58624,65137,520,70,32768,8,387,413,0,0,48,33347,0,0,39107,36419,2,2496,2752,0,70,6,63232,944,7232,512,0,944,64,0,0,0,655,65256,0,32768,65528,26624
1320,1100,0,0,4,2,2,0,0,19,4,8192,0,65232,0,64,0,0,65475,193,0,0,0,51200,0,0,56452,56484,0,65504,0,0,64,0,0,912,256,0,0,944,64,0,0,0,115,0,0,0,65532,26688
1321,1000,0,0,4,2,2,0,0,19,4,22784,60672,65166,532,70,32768,8,386,415,0,0,48,33379,0,0,38627,36131,2,2304,2432,0,70,6,63232,944,6592,512,0,944,64,0,0,0,647,217,0,32768,65528,26624
1321,1100,0,0,4,2,2,0,0,19,4,8192,0,65232,0,64,0,0,65475,193,0,0,0,51200,0,0,56452,56484,0,65504,0,0,64,0,0,912,256,0,0,944,64,0,0,0,115,0,0,0,65532,26688
1322,1000,0,0,4,2,2,0,0,19,4,59136,256,65195,541,70,32768,8,384,418,0,0,48,33411,0,0,38147,35843,2,2112,2112,0,70,6,63232,944,6592,512,0,944,64,0,0,0,639,65256,0,32768,65528,26624
1322,1100,0,0,4,2,2,0,0,19,4,8192,0,65232,0,64,0,0,65475,193,0,0,0,51200,0,0,56452,56484,0,65504,0,0,64,0,0,912,256,0,0,944,64,0,0,0,115,0,0,0,65532,26688
1323,1000,0,0,4,2,2,0,0,19,4,37376,7680,65224,550,70,32768,8,383,420,0,0,48,33443,0,0,37667,35555,2,2240,2432,0,70,6,63232,944,6592,33280,0,944,64,0,0,0,631,64984,0,32768,8,26624
1323,1100,0,0,4,2,2,0,0,19,4,8192,0,65232,0,64,0,0,65475,193,0,0,0,51200,0,0,56452,56484,0,65504,0,0,64,0,0,912,256,0,0,944,64,0,0,0,115,0,0,0,65532,26688
1324,1000,0,0,4,2,2,0,0,19,4,23040,17408,65246,570,70,32768,8,382,422,0,0,48,32835,0,0,37507,35267,2,2368,2752,0,70,6,63232,944,6592,33280,0,944,64,0,0,0,639,64712,0,32768,8,26624
1324,1100,0,0,4,2,2,0,0,19,4,8192,0,65232,0,64,0,0,65475,193,0,0,0,51200,0,0,56452,56484,0,65504,0,0,64,0,0,912,256,0,0,944,64,0,0,0,115,0,0,0,65532,26688
1325,1000,0,0,4,2,2,0,0,19,4,14336,32256,65252,582,70,32768,8,381,424,0,0,48,32227,0,0,37347,34979,2,2496,3072,0,70,6,63232,944,6592,33280,0,944,64,0,0,0,647,64440,0,32768,10,26624
1325,1100,0,0,4,2,2,0,0,19,4,8192,0,65232,0,64,0,0,65475,193,0,0,0,51200,0,0,56452,56484,0,65504,0,0,64,0,0,912,256,0,0,944,64,0,0,0,115,0,0,0,65532,26688
1326,1000,0,0,4,2,2,0,0,19,4,7168,50176,65256,595,70,32768,8,380,426,0,0,48,31619,0,0,37187,34691,2,2624,3392,0,70,6,63232,944,6592,33280,0,944,64,0,4,0,657,64168,0,32768,10,26624
1326,1100,0,0,4,2,2,0,0,19,4,8192,0,65232,0,64,0,0,65475,193,0,0,0,51200,0,0,56452,56484,0,65504,0,0,64,0,0,912,256,0,0,944,64,0,0,0,115,0,0,0,65532,26688
1327,1000,0,0,4,2,2,0,0,19,4,1024,5888,65261,609,70,32768,8,379,429,0,0,48,31011,0,0,37027,34403,2,2752,3712,0,70,6,63232,944,6592,33280,0,944,64,0,4,0,667,63896,0,32768,10,26624
1327,1100,0,0,4,2,2,0,0,19,4,8192,0,65232,0,64,0,0,65475,193,0,0,0,51200,0,0,56452,56484,0,65504,0,0,64,0,0,912,256,0,0,944,64,0,0,0,115,0,0,0,65532,26688
1328,1000,0,0,4,2,2,0,0,19,4,61696,30720,65267,622,70,32768,8,377,431,0,0,48,30403,0,0,36867,34115,2,2880,4032,0,70,6,63232,944,6592,33280,0,944,64,0,4,0,677,63624,0,32768,10,26624
1328,1100,0,0,4,2,2,0,0,19,4,8192,0,65232,0,64,0,0,65475,193,0,0,0,51200,0,0,56452,56484,0,65504,0,0,64,0,0,912,256,0,0,944,64,0,0,0,115,0,0,0,65532,26688
1329,1000,0,0,4,2,2,0,0,19,4,58368,58880,65272,635,70,32768,8,376,433,0,0,48,29795,0,0,36707,33827,2,3008,4352,0,70,6,63232,944,7104,33280,0,944,64,0,4,0,687,63352,0,32768,10,26624
1329,1100,0,0,4,2,2,0,0,19,4,8192,0,65232,0,64,0,0,65475,193,0,0,0,51200,0,0,56452,56484,0,65504,0,0,64,0,0,912,256,0,0,944,64,0,0,0,115,0,0,0,65532,26688
1330,1000,0,0,4,2,2,0,0,19,4,56320,24832,65278,648,70,32768,8,375,436,0,0,48,29187,0,0,36547,33539,2,3136,4672,0,70,6,63232,944,7104,33280,0,944,64,0,4,0,697,63080,0,32768,10,26624
1330,1100,0,0,4,2,2,0,0,19,4,8192,0,65232,0,64,0,0,65475,193,0,0,0,51200,0,0,56452,56484,0,65504,0,0,64,0,0,912,256,0,0,944,64,0,0,0,115,0,0,0,65532,26688
1331,1000,0,0,4,2,2,0,0,19,4,55808,59648,65285,662,70,32768,8,374,438,0,0,48,28579,0,0,36387,33251,2,3264,4992,0,70,6,63232,944,7104,33280,0,944,64,0,4,0,707,62808,0,32768,10,26624
1331,1100,0,0,4,2,2,0,0,19,4,8192,0,65232,0,64,0,0,65475,193,0,0,0,51200,0,0,56452,56484,0,65504,0,0,64,0,0,912,256,0,0,944,64,0,0,0,115,0,0,0,65532,26688
1332,1000,0,0,4,2,2,0,0,19,4,57088,32512,65292,675,70,32768,8,373,441,0,0,48,27971,0,0,36227,32963,2,3392,5312,0,70,6,63232,944,7104,33280,0,944,64,0,4,0,717,62536,0,32768,10,26624
1332,1100,0,0,4,2,2,0,0,19,4,8192,0,65232,0,64,0,0,65475,193,0,0,0,51200,0,0,56452,56484,0,65504,0,0,64,0,0,912,256,0,0,944,64,0,0,0,115,0,0,0,65532,26688
1333,1000,0,0,4,2,2,0,0,19,4,60160,8704,65299,688,70,32768,8,372,444,0,0,48,27363,0,0,36067,32675,2,3520,5632,0,70,6,63232,944,7104,33280,0,944,64,0,4,0,727,62264,0,32768,10,26624
1333,1100,0,0,4,2,2,0,0,19,4,8192,0,65232,0,64,0,0,65475,193,0,0,0,51200,0,0,56452,56484,0,65504,0,0,64,0,0,912,256,0,0,944,64,0,0,0,115,0,0,0,65532,26688
1334,1000,0,0,4,2,2,0,0,19,4,65024,53760,65306,701,70,32768,8,371,446,0,0,48,26755,0,0,35907,32387,2,3648,5952,0,70,6,63232,944,7104,33280,0,944,64,0,4,0,737,61992,0,32768,10,26624
1334,1100,0,0,4,2,2,0,0,19,4,8192,0,65232,0,64,0,0,65475,193,0,0,0,51200,0,0,56452,56484,0,65504,0,0,64,0,0,912,256,0,0,944,64,0,0,0,115,0,0,0,65532,26688
1335,1000,0,0,4,2,2,0,0,19,4,6144,36608,65314,714,70,32768,8,371,449,0,0,48,26147,0,0,35747,32099,2,3776,6272,0,70,6,63232,944,7104,33280,0,944,64,0,4,0,747,61720,0,32768,10,26624
1335,1100,0,0,4,2,2,0,0,19,4,8192,0,65232,0,64,0,0,65475,193,0,0,0,51200,0,0,56452,56484,0,65504,0,0,64,0,0,912,256,0,0,944,64,0,0,0,115,0,0,0,65532,26688
1336,1000,0,0,4,2,2,0,0,19,4,14848,22784,65322,727,70,32768,8,370,452,0,0,48,25539,0,0,35587,31811,2,3904,6592,0,70,6,63232,944,7104,33280,0,944,64,0,36,0,757,61448,0,32768,10,26624
1336,1100,0,0,4,2,2,0,0,19,4,8192,0,65232,0,64,0,0,65475,193,0,0,0,51200,0,0,56452,56484,0,65504,0,0,64,0,0,912,256,0,0,944,64,0,0,0,115,0,0,0,65532,26688
1337,1000,0,0,4,2,2,0,0,19,4,25600,12288,65331,740,70,32768,8,369,455,0,0,48,24931,0,0,35427,31523,2,4032,6912,0,70,6,63232,944,7616,33280,0,944,64,0,36,0,767,61176,0,32768,10,26624
1337,1100,0,0,4,2,2,0,0,19,4,8192,0,65232,0,64,0,0,65475,193,0,0,0,51200,0,0,56452,56484,0,65504,0,0,64,0,0,912,256,0,0,944,64,0,0,0,115,0,0,0,65532,26688
1338,1000,0,0,4,2,2,0,0,19,4,38656,5120,65340,752,70,32768,8,368,458,0,0,48,24323,0,0,35267,31235,2,4160,7232,0,70,6,63232,944,7616,33280,0,944,64,0,36,0,777,60904,0,32768,1,26624
1338,1100,0,0,4,2,2,0,0,19,4,8192,0,65232,0,64,0,0,65475,193,0,0,0,51200,0,0,56452,56484,0,65504,0,0,64,0,0,912,256,0,0,944,64,0,0,0,115,0,0,0,65532,26688
1339,1000,0,0,4,2,2,0,0,19,4,54016,1024,65351,756,70,32768,8,367,461,0,0,48,23715,0,0,35107,30947,2,4288,7552,0,70,6,63232,944,7616,33280,0,944,64,0,36,0,778,60632,0,32768,1,26624
1339,1100,0,0,4,2,2,0,0,19,4,8192,0,65232,0,64,0,0,65475,193,0,0,0,51200,0,0,56452,56484,0,65504,0,0,64,0,0,912,256,0,0,944,64,0,0,0,115,0,0,0,65532,26688
1340,1000,0,0,4,2,2,0,0,19,4,6656,63488,65362,760,70,32768,8,367,463,0,0,48,23107,0,0,34947,30659,2,4416,7872,0,70,6,63232,944,7616,33280,0,944,64,0,36,0,779,60360,0,32768,1,26624
1340,1100,0,0,4,2,2,0,0,19,4,8192,0,65232,0,64,0,0,65475,193,0,0,0,51200,0,0,56452,56484,0,65504,0,0,64,0,0,912,256,0,0,944,64,0,0,0,115,0,0,0,65532,26688
1341,1000,0,0,4,2,2,0,0,19,4,27648,61440,65374,764,70,32768,8,366,466,0,0,48,22499,0,0,34787,30371,2,4544,8192,0,70,6,63232,944,7616,33280,0,944,64,0,36,0,780,60088,0,32768,1,26624
1341,1100,0,0,4,2,2,0,0,19,4,8192,0,65232,0,64,0,0,65475,193,0,0,0,51200,0,0,56452,56484,0,65504,0,0,64,0,0,912,256,0,0,944,64,0,0,0,115,0,0,0,65532,26688
1342,1000,0,0,4,2,2,0,0,19,4,51712,60416,65385,767,70,32768,8,365,469,0,0,48,21891,0,0,34627,30083,2,4672,8512,0,70,6,63232,944,7616,33280,0,944,64,0,36,0,781,59816,0,32768,1,26624
1342,1100,0,0,4,2,2,0,0,19,4,8192,0,65232,0,64,0,0,65475,193,0,0,0,51200,0,0,56452,56484,0,65504,0,0,64,0,0,912,256,0,0,944,64,0,0,0,115,0,0,0,65532,26688
1343,1000,0,0,4,2,2,0,0,19,4,13056,60160,65397,770,70,32768,8,365,472,0,0,48,21283,0,0,34467,29795,2,4800,8192,0,70,6,63232,944,7616,33280,0,944,64,0,36,0,782,59544,0,32768,1,26624
1343,1100,0,0,4,2,2,0,0,19,4,8192,0,65232,0,64,0,0,65475,193,0,0,0,51200,0,0,56452,56484,0,65504,0,0,64,0,0,912,256,0,0,944,64,0,0,0,115,0,0,0,65532,26688
1344,1000,0,0,4,2,2,0,0,19,4,43008,60672,65409,773,70,32768,8,364,475,0,0,48,21315,0,0,34307,29507,2,4928,8512,0,70,6,63232,944,7616,33280,0,944,64,0,36,0,783,59272,0,32768,1,26624
1344,1100,0,0,4,2,2,0,0,19,4,8192,0,65232,0,64,0,0,65475,193,0,0,0,51200,0,0,56452,56484,0,65504,0,0,64,0,0,912,256,0,0,944,64,0,0,0,115,0,0,0,65532,26688
1345,1000,0,0,4,2,2,0,0,19,4,10496,61952,65420,776,70,32768,8,364,478,0,0,48,20707,0,0,34147,29219,2,5056,8192,0,70,6,63232,944,8128,33280,0,944,64,0,36,0,784,59000,0,32768,1,26624
1345,1100,0,0,4,2,2,0,0,19,4,8192,0,65232,0,64,0,0,65475,193,0,0,0,51200,0,0,56452,56484,0,65504,0,0,64,0,0,912,256,0,0,944,64,0,0,0,115,0,0,0,65532,26688
1346,1000,0,0,4,2,2,0,0,19,4,46336,64000,65432,779,70,32768,8,363,481,0,0,48,20739,0,0,33987,28931,2,5184,8512,0,70,6,63232,944,8128,33280,0,944,64,0,36,0,785,58728,0,32768,1,26624
1346,1100,0,0,4,2,2,0,0,19,4,8192,0,65232,0,64,0,0,65475,193,0,0,0,51200,0,0,56452,56484,0,65504,0,0,64,0,0,912,256,0,0,944,64,0,0,0,115,0,0,0,65532,26688
1347,1000,0,0,4,2,2,0,0,19,4,19712,1280,65444,781,70,32768,8,363,485,0,0,48,20131,0,0,33827,28643,2,5312,8192,0,70,6,63232,944,8128,33280,0,944,64,0,36,0,786,58456,0,32768,1,26624
1347,1100,0,0,4,2,2,0,0,19,4,8192,0,65232,0,64,0,0,65475,193,0,0,0,51200,0,0,56452,56484,0,65504,0,0,64,0,0,912,256,0,0,944,64,0,0,0,115,0,0,0,65532,26688
1348,1000,0,0,4,2,2,0,0,19,4,61696,4608,65456,784,70,32768,8,362,488,0,0,48,20163,0,0,33667,28355,2,5120,7872,0,70,6,63368,944,8128,32768,0,944,64,0,0,0,787,58953,0,32768,1,26624
1348,1100,0,0,4,2,2,0,0,19,4,8192,0,65232,0,64,0,0,65475,193,0,0,0,51200,0,0,56452,56484,0,65504,0,0,64,0,0,912,256,0,0,944,64,0,0,0,115,0,0,0,65532,26688
1349,1000,0,0,4,2,2,0,0,19,4,41216,8704,65468,786,70,32768,8,362,491,0,0,48,20212,0,0,33204,28084,2,4928,7552,0,70,6,63504,944,8128,32768,0,944,64,0,0,0,788,59450,0,32768,1,26624
1349,1100,0,0,4,2,2,0,0,19,4,8192,0,65232,0,64,0,0,65475,193,0,0,0,51200,0,0,56452,56484,0,65504,0,0,64,0,0,912,256,0,0,944,64,0,0,0,115,0,0,0,65532,26688
1350,1000,0,0,4,2,2,0,0,19,4,23808,13312,65503,789,70,32768,8,362,494,0,0,48,20278,0,0,32758,27830,2,4736,7232,0,70,6,63640,944,8128,32768,0,944,64,0,0,0,789,59947,0,32768,1,26624
1350,1100,0,0,4,2,2,0,0,19,4,8192,0,65232,0,64,0,0,65475,193,0,0,0,51200,0,0,56452,56484,0,65504,0,0,64,0,0,912,256,0,0,944,64,0,0,0,115,0,0,0,65532,26688
1351,1000,256,0,4,2,2,0,0,19,4,15360,18688,0,790,70,32768,8,362,497,0,0,48,20361,0,0,32329,27593,2,4480,6912,0,70,6,63768,944,8128,33025,0,944,64,0,0,0,790,59899,0,32768,1,26624
1351,1100,256,0,4,2,2,0,0,19,4,8192,0,65232,0,64,0,0,65475,193,0,0,0,51200,0,0,56452,56484,0,65504,0,0,64,0,0,912,256,0,0,944,64,0,0,0,115,0,0,0,65532,26688
1352,1000,0,0,4,2,2,0,0,19,4,15360,24320,33,791,70,32768,8,362,500,0,0,48,20460,0,0,31852,27372,2,4224,6592,0,70,6,63896,944,8128,33024,0,944,64,0,0,0,791,59851,0,32768,1,26624
1352,1100,0,0,4,2,2,0,0,19,4,8192,0,65232,0,64,0,0,65475,193,0,0,0,51200,0,0,56452,56484,0,65504,0,0,64,0,0,912,256,0,0,944,64,0,0,0,115,0,0,0,65532,26688
1353,1000,0,0,4,2,2,0,0,19,4,23808,30208,69,789,70,32768,8,362,503,0,0,48,20575,0,0,31391,27167,2,3968,6272,0,70,6,64024,944,8640,33024,0,944,64,0,0,0,792,59803,0,32768,1,26624
1353,1100,0,0,4,2,2,0,0,19,4,8192,0,65232,0,64,0,0,65475,193,0,0,0,51200,0,0,56452,56484,0,65504,0,0,64,0,0,912,256,0,0,944,64,0,0,0,115,0,0,0,65532,26688
1354,1000,0,0,4,2,2,0,0,19,4,41472,35584,104,787,70,32768,8,362,506,0,0,48,20706,0,0,30946,26978,2,3712,5952,0,70,6,64152,944,8640,33024,0,944,64,0,0,0,793,59755,0,32768,1,26624
1354,1100,0,0,4,2,2,0,0,19,4,8192,0,65232,0,64,0,0,65475,193,0,0,0,51200,0,0,56452,56484,0,65504,0,0,64,0,0,912,256,0,0,944,64,0,0,0,115,0,0,0,65532,26688
1355,1000,0,0,4,2,2,0,0,19,4,2560,40448,137,783,70,32768,8,363,509,0,0,48,20853,0,0,30517,26805,2,3456,5632,0,70,6,64280,944,8640,33024,0,944,64,0,0,0,794,59707,0,32768,1,26624
1355,1100,0,0,4,2,2,0,0,19,4,8192,0,65232,0,64,0,0,65475,193,0,0,0,51200,0,0,56452,56484,0,65504,0,0,64,0,0,912,256,0,0,944,64,0,0,0,115,0,0,0,65532,26688
1356,1000,0,0,4,2,2,0,0,19,4,37632,44288,170,777,70,32768,8,363,512,0,0,48,21016,0,0,30104,26648,2,3200,5312,0,70,6,64408,944,8640,33024,0,944,64,0,0,0,795,59659,0,32768,1,26624
1356,1100,0,0,4,2,2,0,0,19,4,8192,0,65232,0,64,0,0,65475,193,0,0,0,51200,0,0,56452,56484,0,65504,0,0,64,0,0,912,256,0,0,944,64,0,0,0,115,0,0,0,65532,26688
1357,1000,0,0,4,2,2,0,0,19,4,15616,46592,201,771,70,32768,8,364,515,0,0,48,21195,0,0,29707,26507,2,2944,4992,0,70,6,64536,944,8640,33024,0,944,64,0,0,0,796,59611,0,32768,1,26624
1357,1100,0,0,4,2,2,0,0,19,4,8192,0,65232,0,64,0,0,65475,193,0,0,0,51200,0,0,56452,56484,0,65504,0,0,64,0,0,912,256,0,0,944,64,0,0,0,115,0,0,0,65532,26688
1358,1000,0,0,4,2,2,0,0,19,4,1536,47360,230,763,70,32768,8,365,518,0,0,48,21390,0,0,29326,26382,2,2688,4672,0,70,6,64664,944,8640,33024,0,944,64,0,0,0,797,59563,0,32768,1,26624
1358,1100,0,0,4,2,2,0,0,19,4,8192,0,65232,0,64,0,0,65475,193,0,0,0,51200,0,0,56452,56484,0,65504,0,0,64,0,0,912,256,0,0,944,64,0,0,0,115,0,0,0,65532,26688
1359,1000,0,0,4,2,2,0,0,19,4,60416,46080,258,755,70,32768,8,365,521,0,0,48,21601,0,0,28961,26273,2,2432,4352,0,70,6,64792,944,8640,33024,0,944,64,0,0,0,798,59515,0,32768,1,26624
1359,1100,0,0,4,2,2,0,0,19,4,8192,0,65232,0,64,0,0,65475,193,0,0,0,51200,0,0,56452,56484,0,65504,0,0,64,0,0,912,256,0,0,944,64,0,0,0,115,0,0,0,65532,26688
1360,1000,0,0,4,2,2,0,0,19,4,60928,42752,285,747,70,32768,8,366,524,0,0,48,21828,0,0,28612,26180,2,2176,4032,0,70,6,64920,944,8640,33024,0,944,64,0,0,0,799,59467,0,32768,1,26624
1360,1100,0,0,4,2,2,0,0,19,4,8192,0,65232,0,64,0,0,65475,193,0,0,0,51200,0,0,56452,56484,0,65504,0,0,64,0,0,912,256,0,0,944,64,0,0,0,115,0,0,0,65532,26688
1361,1000,0,0,4,2,2,0,0,19,4,2816,37376,310,738,70,32768,8,368,527,0,0,48,22071,0,0,28279,26103,2,1920,3712,0,70,6,65049,944,8704,33024,0,944,64,0,0,0,800,59419,0,32768,1,26624
1361,1100,0,0,4,2,2,0,0,19,4,8192,0,65232,0,64,0,0,65475,193,0,0,0,51200,0,0,56452,56484,0,65504,0,0,64,0,0,912,256,0,0,944,64,0,0,0,115,0,0,0,65532,26688
1362,1000,0,0,4,2,2,0,0,19,4,16640,29696,334,728,70,32768,8,369,530,0,0,48,22330,0,0,27962,26042,2,1664,3392,0,70,6,65178,944,8704,33024,0,944,64,0,0,0,801,59371,0,32768,1,26624
1362,1100,0,0,4,2,2,0,0,19,4,8192,0,65232,0,64,0,0,65475,193,0,0,0,51200,0,0,56452,56484,0,65504,0,0,64,0,0,912,256,0,0,944,64,0,0,0,115,0,0,0,65532,26688
1363,1000,0,0,4,2,2,0,0,19,4,36608,19456,356,719,70,32768,8,370,533,0,0,48,22605,0,0,27661,25997,2,1472,3072,0,70,6,65314,944,8704,32768,0,944,64,0,0,0,802,59868,0,32768,1,26624
1363,1100,0,0,4,2,2,0,0,19,4,8192,0,65232,0,64,0,0,65475,193,0,0,0,51200,0,0,56452,56484,0,65504,0,0,64,0,0,912,256,0,0,944,64,0,0,0,115,0,0,0,65532,26688
1364,1000,0,0,4,2,2,0,0,19,4,62208,6912,377,709,70,32768,8,371,536,0,0,48,22897,0,0,27441,25969,2,1280,2752,0,70,6,65450,944,8704,32768,0,944,64,0,0,0,803,60365,0,32768,1,26624
1364,1100,0,0,4,2,2,0,0,19,4,8192,0,65232,0,64,0,0,65475,193,0,0,0,51200,0,0,56452,56484,0,65504,0,0,64,0,0,912,256,0,0,944,64,0,0,0,115,0,0,0,65532,26688
1365,1000,0,0,4,2,2,0,0,19,4,27648,57344,392,702,70,32768,8,373,538,0,0,48,23206,0,0,27238,25958,2,1088,2432,0,70,6,0,944,8704,32768,0,944,64,0,0,0,804,60862,0,32768,1,26624
1365,1100,0,0,4,2,2,0,0,19,4,8192,0,65232,0,64,0,0,65475,193,0,0,0,51200,0,0,56452,56484,0,65504,0,0,64,0,0,912,256,0,0,944,64,0,0,0,115,0,0,0,65532,26688
1366,1000,0,0,4,2,2,0,0,19,4,62464,40448,407,695,70,32768,8,374,541,0,0,48,23526,0,0,27046,25958,2,896,2112,0,70,6,0,944,8704,32768,0,944,64,0,0,0,805,61359,0,32768,1,26624
1366,1100,0,0,4,2,2,0,0,19,4,8192,0,65232,0,64,0,0,65475,193,0,0,0,51200,0,0,56452,56484,0,65504,0,0,64,0,0,912,256,0,0,944,64,0,0,0,115,0,0,0,65532,26688
1367,1000,0,0,4,2,2,0,0,19,4,35584,21760,420,688,70,32768,8,376,544,0,0,48,23846,0,0,26854,25958,2,704,1792,0,70,6,0,944,8704,32768,0,944,64,0,0,0,806,61856,0,32768,1,26624
1367,1100,0,0,4,2,2,0,0,19,4,8192,0,65232,0,64,0,0,65475,193,0,0,0,51200,0,0,56452,56484,0,65504,0,0,64,0,0,912,256,0,0,944,64,0,0,0,115,0,0,0,65532,26688
1368,1000,0,0,4,2,2,0,0,19,4,12032,1280,433,681,70,32768,8,378,547,0,0,48,24166,0,0,26662,25958,2,512,1472,0,70,6,0,944,8704,32768,0,944,64,0,0,0,807,62353,0,32768,1,26624
1368,1100,0,0,4,2,2,0,0,19,4,8192,0,65232,0,64,0,0,65475,193,0,0,0,51200,0,0,56452,56484,0,65504,0,0,64,0,0,912,256,0,0,944,64,0,0,0,115,0,0,0,65532,26688
1369,1000,0,0,4,2,2,0,0,19,4,57344,44544,446,674,70,32768,8,379,549,0,0,48,24486,0,0,26470,25958,2,320,1152,0,70,6,0,944,8768,32768,0,944,64,0,0,0,808,62850,0,32768,1,26624
1369,1100,0,0,4,2,2,0,0,19,4,8192,0,65232,0,64,0,0,65475,193,0,0,0,51200,0,0,56452,56484,0,65504,0,0,64,0,0,912,256,0,0,944,64,0,0,0,115,0,0,0,65532,26688
1370,1000,0,0,4,2,2,0,0,19,4,40448,20480,459,666,70,32768,8,381,552,0,0,48,24806,0,0,26278,25958,2,128,832,0,70,6,0,944,8768,32768,0,944,64,0,0,0,809,63347,0,32768,1,26624
1370,1100,0,0,4,2,2,0,0,19,4,8192,0,65232,0,64,0,0,65475,193,0,0,0,51200,0,0,56452,56484,0,65504,0,0,64,0,0,912,256,0,0,944,64,0,0,0,115,0,0,0,65532,26688
1371,1000,0,0,4,2,2,0,0,19,4,26880,59904,472,659,70,32768,8,383,554,0,0,48,25126,0,0,26086,25958,0,128,512,0,70,6,0,944,8768,32768,0,944,64,0,0,0,810,63844,0,32768,1,26624
1371,1100,0,0,4,2,2,0,0,19,4,8192,0,65232,0,64,0,0,65475,193,0,0,0,51200,0,0,56452,56484,0,65504,0,0,64,0,0,912,256,0,0,944,64,0,0,0,115,0,0,0,65532,26688
1372,1000,0,0,4,2,2,0,0,19,4,16640,32000,484,651,70,32768,8,385,557,0,0,48,25446,0,0,26086,25958,0,128,192,0,70,6,0,944,8768,32768,0,944,64,0,0,0,811,0,0,32768,1,26624
1372,1100,0,0,4,2,2,0,0,19,4,8192,0,65232,0,64,0,0,65475,193,0,0,0,51200,0,0,56452,56484,0,65504,0,0,64,0,0,912,256,0,0,944,64,0,0,0,115,0,0,0,65532,26688
1373,1000,16,0,4,2,2,0,0,19,4,9472,2048,485,652,70,32768,8,387,560,0,0,112,25766,0,0,26086,25958,0,128,0,0,70,6,0,944,8768,32788,0,944,80,0,0,0,812,0,0,32768,1,26624
1373,1100,16,0,4,2,2,0,0,19,4,8192,0,65232,0,64,0,0,65475,193,0,0,0,51200,0,0,56452,56484,0,65504,0,0,64,0,0,912,256,0,0,944,64,0,0,0,115,0,0,0,65532,26688
1374,1000,0,0,4,2,2,0,0,19,4,2560,37888,486,652,70,34816,8,389,562,0,224,112,25958,0,2,26086,25958,0,128,0,0,70,6,0,944,8768,32784,0,944,80,0,32768,0,813,0,0,32768,1,26624
1374,1100,0,0,4,2,2,0,0,19,4,8192,0,65232,0,64,0,0,65475,193,0,0,0,51200,0,0,56452,56484,0,65504,0,0,64,0,0,912,256,0,0,944,64,0,0,0,115,0,0,0,65532,26688
1375,1000,0,0,4,2,2,0,0,19,4,61440,8192,486,653,70,34816,8,390,565,198,198,112,25958,0,2,26086,25958,0,128,0,0,70,6,0,944,8768,32784,0,944,80,0,32768,0,814,0,0,32768,1,26624
1375,1100,0,0,4,2,2,0,0,19,4,8192,0,65232,0,64,0,0,65475,193,0,0,0,51200,0,0,56452,56484,0,65504,0,0,64,0,0,912,256,0,0,944,64,0,0,0,115,0,0,0,65532,26688
1376,1000,0,0,4,2,2,0,0,19,4,54784,44288,487,654,70,34816,8,392,567,370,172,112,25958,0,2,26086,25958,0,128,0,0,70,6,0,944,8768,32784,0,944,80,0,32768,0,815,0,0,32768,1,26624
1376,1100,0,0,4,2,2,0,0,19,4,8192,0,65232,0,64,0,0,65475,193,0,0,0,51200,0,0,56452,56484,0,65504,0,0,64,0,0,912,256,0,0,944,64,0,0,0,115,0,0,0,65532,26688
1377,1000,0,0,4,2,2,0,0,19,4,48384,15104,487,655,70,34816,8,394,570,516,146,112,25958,0,2,26086,25958,0,128,0,0,70,6,0,944,8832,32784,0,944,80,0,32768,0,816,0,0,32768,1,26624
1377,1100,0,0,4,2,2,0,0,19,4,8192,0,65232,0,64,0,0,65475,193,0,0,0,51200,0,0,56452,56484,0,65504,0,0,64,0,0,912,256,0,0,944,64,0,0,0,115,0,0,0,65532,26688
1378,1000,0,0,4,2,2,0,0,19,4,41984,51712,488,656,70,34816,8,396,572,636,120,112,25958,0,2,26086,25958,0,128,0,0,70,6,0,944,8832,32784,0,944,80,0,32768,0,817,0,0,32768,1,26624
1378,1100,0,0,4,2,2,0,0,19,4,8192,0,65232,0,64,0,0,65475,193,0,0,0,51200,0,0,56452,56484,0,65504,0,0,64,0,0,912,256,0,0,944,64,0,0,0,115,0,0,0,65532,26688
1379,1000,0,0,4,2,2,0,0,19,4,35840,23040,489,656,70,34816,8,398,575,730,94,112,25958,0,2,26086,25958,0,128,0,0,70,6,0,944,8832,32784,0,944,80,0,32768,0,818,0,0,32768,1,26624
1379,1100,0,0,4,2,2,0,0,19,4,8192,0,65232,0,64,0,0,65475,193,0,0,0,51200,0,0,56452,56484,0,65504,0,0,64,0,0,912,256,0,0,944,64,0,0,0,115,0,0,0,65532,26688
1380,1000,0,0,4,2,2,0,0,19,4,29952,59904,489,657,70,34816,8,400,577,798,68,112,25958,0,2,26086,25958,0,128,0,0,70,6,0,944,8832,32784,0,944,80,0,32768,0,819,0,0,32768,1,26624
1380,1100,0,0,4,2,2,0,0,19,4,8192,0,65232,0,64,0,0,65475,193,0,0,0,51200,0,0,56452,56484,0,65504,0,0,64,0,0,912,256,0,0,944,64,0,0,0,115,0,0,0,65532,26688
1381,1000,0,0,4,2,2,0,0,19,4,24064,31488,490,658,70,34816,8,402,580,840,42,48,25958,0,2,26086,25958,0,128,0,0,70,6,0,944,8832,32768,0,944,64,0,32768,0,820,0,0,32768,1,26624
1381,1100,0,0,4,2,2,0,0,19,4,8192,0,65232,0,64,0,0,65475,193,0,0,0,51200,0,0,56452,56484,0,65504,0,0,64,0,0,912,256,0,0,944,64,0,0,0,115,0,0,0,65532,26688
1382,1000,256,0,4,2,2,0,0,19,4,18432,3328,490,659,70,34816,8,404,583,856,16,48,25958,0,2,26086,25958,0,128,0,0,70,6,87,944,8832,33025,0,944,64,0,32768,0,821,0,0,32768,1,26624
1382,1100,256,0,4,2,2,0,0,19,4,8192,0,65232,0,64,0,0,65475,193,0,0,0,51200,0,0,56452,56484,0,65504,0,0,64,0,0,912,256,0,0,944,64,0,0,0,115,0,0,0,65532,26688
1383,1000,0,0,4,2,2,0,0,19,4,12800,40960,491,660,70,34816,8,406,585,846,65526,48,25968,0,2,26096,25968,0,128,0,0,70,6,174,944,8832,33024,0,944,64,0,32768,0,822,0,0,32768,1,26624
1383,1100,0,0,4,2,2,0,0,19,4,8192,0,65232,0,64,0,0,65475,193,0,0,0,51200,0,0,56452,56484,0,65504,0,0,64,0,0,912,256,0,0,944,64,0,0,0,115,0,0,0,65532,26688
1384,1000,0,0,4,2,2,0,0,19,4,7424,13312,491,661,70,34816,8,408,588,810,65500,48,25989,0,2,26117,25989,0,128,0,0,70,6,260,944,8832,33024,0,944,64,0,32768,0,823,0,0,32768,1,26624
1384,1100,0,0,4,2,2,0,0,19,4,8192,0,65232,0,64,0,0,65475,193,0,0,0,51200,0,0,56452,56484,0,65504,0,0,64,0,0,912,256,0,0,944,64,0,0,0,115,0,0,0,65532,26688
1385,1000,0,0,4,2,2,0,0,19,4,2048,51456,490,663,70,34816,8,410,590,748,65474,48,26021,0,2,26149,26021,0,128,0,0,70,6,346,944,8896,33024,0,944,64,0,32768,0,824,0,0,32768,1,26624
1385,1100,0,0,4,2,2,0,0,19,4,8192,0,65232,0,64,0,0,65475,193,0,0,0,51200,0,0,56452,56484,0,65504,0,0,64,0,0,912,256,0,0,944,64,0,0,0,115,0,0,0,65532,26688
1386,1000,0,0,4,2,2,0,0,19,4,61952,24576,489,665,70,34816,8,411,593,660,65448,48,26064,0,2,26192,26064,0,128,0,0,70,6,432,944,8896,33024,0,944,64,0,32768,0,825,0,0,32768,1,26624
1386,1100,0,0,4,2,2,0,0,19,4,8192,0,65232,0,64,0,0,65475,193,0,0,0,51200,0,0,56452,56484,0,65504,0,0,64,0,0,912,256,0,0,944,64,0,0,0,115,0,0,0,65532,26688
1387,1000,0,0,4,2,2,0,0,19,4,56064,63744,486,668,70,34816,8,413,595,546,65422,48,26118,0,2,26246,26118,0,128,0,0,70,6,517,944,8896,33024,0,944,64,0,32768,0,826,0,0,32768,1,26624
1387,1100,0,0,4,2,2,0,0,19,4,8192,0,65232,0,64,0,0,65475,193,0,0,0,51200,0,0,56452,56484,0,65504,0,0,64,0,0,912,256,0,0,944,64,0,0,0,115,0,0,0,65532,26688
1388,1000,0,0,4,2,2,0,0,19,4,49408,38144,484,671,70,34816,8,415,598,406,65396,48,26182,0,2,26310,26182,0,128,0,0,70,6,602,944,8896,33024,0,944,64,0,32768,0,827,0,0,32768,1,26624
1388,1100,0,0,4,2,2,0,0,19,4,8192,0,65232,0,64,0,0,65475,193,0,0,0,51200,0,0,56452,56484,0,65504,0,0,64,0,0,912,256,0,0,944,64,0,0,0,115,0,0,0,65532,26688
1389,1000,0,0,4,2,2,0,0,19,4,42240,13312,480,675,70,34816,8,417,601,240,65370,48,26257,0,2,26385,26257,0,128,0,0,70,6,687,944,8896,33024,0,944,64,0,32768,0,828,0,0,32768,1,26624
1389,1100,0,0,4,2,2,0,0,19,4,8192,0,65232,0,64,0,0,65475,193,0,0,0,51200,0,0,56452,56484,0,65504,0,0,64,0,0,912,256,0,0,944,64,0,0,0,115,0,0,0,65532,26688
1390,1000,0,0,4,2,2,0,0,19,4,34048,55040,476,679,70,34816,8,419,603,48,65344,48,26342,0,2,26470,26342,0,128,0,0,70,6,771,944,8896,33024,0,944,64,0,32768,0,829,0,0,32768,1,26624
1390,1100,0,0,4,2,2,0,0,19,4,8192,0,65232,0,64,0,0,65475,193,0,0,0,51200,0,0,56452,56484,0,65504,0,0,64,0,0,912,256,0,0,944,64,0,0,0,115,0,0,0,65532,26688
1391,1000,0,0,4,2,2,0,0,19,4,24832,32256,471,684,70,34816,8,421,606,0,0,48,26438,0,0,26566,26438,0,128,0,0,70,6,855,944,8896,33024,0,944,64,0,0,0,830,0,0,32768,1,26624
1391,1100,0,0,4,2,2,0,0,19,4,8192,0,65232,0,64,0,0,65475,193,0,0,0,51200,0,0,56452,56484,0,65504,0,0,64,0,0,912,256,0,0,944,64,0,0,0,115,0,0,0,65532,26688
1392,1000,0,0,4,2,2,0,0,19,4,14336,10752,465,689,70,32768,8,423,609,0,0,48,26544,0,0,26672,26544,0,128,0,0,70,6,939,944,8896,33024,0,944,64,0,0,0,831,0,0,32768,1,26624
1392,1100,0,0,4,2,2,0,0,19,4,8192,0,65232,0,64,0,0,65475,193,0,0,0,51200,0,0,56452,56484,0,65504,0,0,64,0,0,912,256,0,0,944,64,0,0,0,115,0,0,0,65532,26688
1393,1000,0,0,4,2,2,0,0,19,4,2304,56064,459,694,70,32768,8,425,611,0,0,48,26661,0,0,26789,26661,0,128,0,0,70,6,1018,944,8960,33024,0,944,64,0,0,0,832,0,0,32768,0,26624
1393,1100,0,0,4,2,2,0,0,19,4,8192,0,65232,0,64,0,0,65475,193,0,0,0,51200,0,0,56452,56484,0,65504,0,0,64,0,0,912,256,0,0,944,64,0,0,0,115,0,0,0,65532,26688
1394,1000,0,0,4,2,2,0,0,19,4,54272,37120,451,700,70,32768,8,426,614,0,0,48,26788,0,0,26916,26788,0,128,0,0,70,6,1097,944,8960,33024,0,944,64,0,0,0,833,0,0,0,0,26624
1394,1100,0,0,4,2,2,0,0,19,4,8192,0,65232,0,64,0,0,65475,193,0,0,0,51200,0,0,56452,56484,0,65504,0,0,64,0,0,912,256,0,0,944,64,0,0,0,115,0,0,0,65532,26688
1395,1000,0,0,4,2,2,0,0,19,4,38656,19712,443,706,70,32768,8,428,617,0,0,48,26925,0,0,27053,26925,0,128,0,0,70,6,1175,944,8960,33024,0,944,64,0,0,0,833,0,0,32768,0,26624
1395,1100,0,0,4,2,2,0,0,19,4,8192,0,65232,0,64,0,0,65475,193,0,0,0,51200,0,0,56452,56484,0,65504,0,0,64,0,0,912,256,0,0,944,64,0,0,0,115,0,0,0,65532,26688
1396,1000,0,0,4,2,2,0,0,19,4,20992,3840,434,712,70,32768,8,430,620,0,0,48,27071,0,0,27199,27071,0,128,0,0,70,6,1253,944,8960,33024,0,944,64,0,0,0,834,0,0,0,0,26624
1396,1100,0,0,4,2,2,0,0,19,4,8192,0,65232,0,64,0,0,65475,193,0,0,0,51200,0,0,56452,56484,0,65504,0,0,64,0,0,912,256,0,0,944,64,0,0,0,115,0,0,0,65532,26688
1397,1000,0,0,4,2,2,0,0,19,4,1024,55040,424,718,70,32768,8,432,622,0,0,48,27227,0,0,27355,27227,0,128,0,0,70,6,1330,944,8960,33024,0,944,64,0,0,0,834,0,0,32768,0,26624
1397,1100,0,0,4,2,2,0,0,19,4,8192,0,65232,0,64,0,0,65475,193,0,0,0,51200,0,0,56452,56484,0,65504,0,0,64,0,0,912,256,0,0,944,64,0,0,0,115,0,0,0,65532,26688
1398,1000,0,0,4,2,2,0,0,19,4,44032,42240,414,726,70,32768,8,433,625,0,0,48,27393,0,0,27521,27393,0,128,0,0,70,6,1406,944,8960,33024,0,944,64,0,0,0,835,0,0,0,0,26624
1398,1100,0,0,4,2,2,0,0,19,4,8192,0,65232,0,64,0,0,65475,193,0,0,0,51200,0,0,56452,56484,0,65504,0,0,64,0,0,912,256,0,0,944,64,0,0,0,115,0,0,0,65532,26688
1399,1000,0,0,4,2,2,0,0,19,4,18944,31488,402,732,70,32768,8,435,628,0,0,48,27568,0,0,27696,27568,0,128,0,0,70,6,1482,944,8960,33024,0,944,64,0,0,0,835,0,0,32768,0,26624
1399,1100,0,0,4,2,2,0,0,19,4,8192,0,65232,0,64,0,0,65475,193,0,0,0,51200,0,0,56452,56484,0,65504,0,0,64,0,0,912,256,0,0,944,64,0,0,0,115,0,0,0,65532,26688
1400,1000,0,0,4,2,2,0,0,19,4,56320,22272,390,740,70,32768,8,436,631,0,0,48,27753,0,0,27881,27753,0,128,0,0,70,6,1557,944,8960,33024,0,944,64,0,0,0,836,0,0,0,0,26624
1400,1100,0,0,4,2,2,0,0,19,4,8192,0,65232,0,64,0,0,65475,193,0,0,0,51200,0,0,56452,56484,0,65504,0,0,64,0,0,912,256,0,0,944,64,0,0,0,115,0,0,0,65532,26688
1401,1000,0,0,4,2,2,0,0,19,4,25088,15104,377,747,70,32768,8,438,634,0,0,48,27947,0,0,28075,27947,0,128,0,0,70,6,1632,944,9024,33024,0,944,64,0,0,0,836,0,0,32768,0,26624
1401,1100,0,0,4,2,2,0,0,19,4,8192,0,65232,0,64,0,0,65475,193,0,0,0,51200,0,0,56452,56484,0,65504,0,0,64,0,0,912,256,0,0,944,64,0,0,0,115,0,0,0,65532,26688
1402,1000,0,0,4,2,2,0,0,19,4,56064,9728,364,754,70,32768,8,439,637,0,0,48,28151,0,0,28279,28151,0,128,0,0,70,6,1706,944,9024,33024,0,944,64,0,0,0,837,0,0,0,0,26624
1402,1100,0,0,4,2,2,0,0,19,4,8192,0,65232,0,64,0,0,65475,193,0,0,0,51200,0,0,56452,56484,0,65504,0,0,64,0,0,912,256,0,0,944,64,0,0,0,115,0,0,0,65532,26688
1403,1000,0,0,4,2,2,0,0,19,4,18176,6144,349,761,70,32768,8,441,640,0,0,48,28364,0,0,28492,28364,0,128,0,0,70,6,1779,944,9024,33024,0,944,64,0,0,0,837,0,0,32768,0,26624
1403,1100,0,0,4,2,2,0,0,19,4,8192,0,65232,0,64,0,0,65475,193,0,0,0,51200,0,0,56452,56484,0,65504,0,0,64,0,0,912,256,0,0,944,64,0,0,0,115,0,0,0,65532,26688
1404,1000,0,0,4,2,2,0,0,19,4,41984,4352,333,769,70,32768,8,442,643,0,0,48,28586,0,0,28714,28586,0,128,0,0,70,6,1852,944,9024,33024,0,944,64,0,0,0,838,0,0,0,0,26624
1404,1100,0,0,4,2,2,0,0,19,4,8192,0,65232,0,64,0,0,65475,193,0,0,0,51200,0,0,56452,56484,0,65504,0,0,64,0,0,912,256,0,0,944,64,0,0,0,115,0,0,0,65532,26688
1405,1000,0,0,4,2,2,0,0,19,4,61696,4608,317,776,70,32768,8,443,646,0,0,48,28817,0,0,28945,28817,0,128,0,0,70,6,1924,944,9024,33024,0,944,64,0,0,0,838,0,0,32768,0,26624
1405,1100,0,0,4,2,2,0,0,19,4,8192,0,65232,0,64,0,0,65475,193,0,0,0,51200,0,0,56452,56484,0,65504,0,0,64,0,0,912,256,0,0,944,64,0,0,0,115,0,0,0,65532,26688
1406,1000,0,0,4,2,2,0,0,19,4,11776,6656,300,784,70,32768,8,445,649,0,0,48,29057,0,0,29185,29057,0,128,0,0,70,6,1996,944,9024,33024,0,944,64,0,0,0,839,0,0,0,0,26624
1406,1100,0,0,4,2,2,0,0,19,4,8192,0,65232,0,64,0,0,65475,193,0,0,0,51200,0,0,56452,56484,0,65504,0,0,64,0,0,912,256,0,0,944,64,0,0,0,115,0,0,0,65532,26688
1407,1000,0,0,4,2,2,0,0,19,4,23040,10752,282,790,70,32768,8,446,652,0,0,48,29306,0,0,29434,29306,0,128,0,0,70,6,2067,944,9024,33024,0,944,64,0,0,0,839,0,0,32768,0,26624
1407,1100,0,0,4,2,2,0,0,19,4,8192,0,65232,0,64,0,0,65475,193,0,0,0,51200,0,0,56452,56484,0,65504,0,0,64,0,0,912,256,0,0,944,64,0,0,0,115,0,0,0,65532,26688
1408,1000,0,0,4,2,2,0,0,19,4,29696,16384,264,798,70,32768,8,447,655,0,0,48,29564,0,0,29692,29564,0,128,0,0,70,6,2138,944,9024,33024,0,944,64,0,0,0,840,0,0,0,0,26624
1408,1100,0,0,4,2,2,0,0,19,4,8192,0,65232,0,64,0,0,65475,193,0,0,0,51200,0,0,56452,56484,0,65504,0,0,64,0,0,912,256,0,0,944,64,0,0,0,115,0,0,0,65532,26688
1409,1000,0,0,4,2,2,0,0,19,4,31744,24064,244,804,70,32768,8,448,658,0,0,48,29831,0,0,29959,29831,0,128,0,0,70,6,2208,944,9088,33024,0,944,64,0,0,0,840,0,0,32768,0,26624
1409,1100,0,0,4,2,2,0,0,19,4,8192,0,65232,0,64,0,0,65475,193,0,0,0,51200,0,0,56452,56484,0,65504,0,0,64,0,0,912,256,0,0,944,64,0,0,0,115,0,0,0,65532,26688
1410,1000,0,0,4,2,2,0,0,19,4,28672,33280,223,811,70,32768,8,449,661,0,0,48,30107,0,0,30235,30107,0,128,0,0,70,6,2278,944,9088,33024,0,944,64,0,0,0,841,0,0,0,0,26624
1410,1100,0,0,4,2,2,0,0,19,4,8192,0,65232,0,64,0,0,65475,193,0,0,0,51200,0,0,56452,56484,0,65504,0,0,64,0,0,912,256,0,0,944,64,0,0,0,115,0,0,0,65532,26688
1411,1000,0,0,4,2,2,0,0,19,4,20224,44288,202,817,70,32768,8,450,664,0,0,48,30391,0,0,30519,30391,0,128,0,0,70,6,2347,944,9088,33024,0,944,64,0,0,0,841,0,0,32768,0,26624
1411,1100,0,0,4,2,2,0,0,19,4,8192,0,65232,0,64,0,0,65475,193,0,0,0,51200,0,0,56452,56484,0,65504,0,0,64,0,0,912,256,0,0,944,64,0,0,0,115,0,0,0,65532,26688
1412,1000,0,0,4,2,2,0,0,19,4,6400,56832,180,823,70,32768,8,451,667,0,0,48,30684,0,0,30812,30684,0,128,0,0,70,6,2286,944,9088,33024,0,944,64,0,0,0,842,0,0,0,0,26624
1412,1100,0,0,4,2,2,0,0,19,4,8192,0,65232,0,64,0,0,65475,193,0,0,0,51200,0,0,56452,56484,0,65504,0,0,64,0,0,912,256,0,0,944,64,0,0,0,115,0,0,0,65532,26688
1413,1000,0,0,4,2,2,0,0,19,4,52480,5376,156,828,70,32768,8,451,671,0,0,48,30969,0,0,31097,30969,0,128,0,0,70,6,2355,944,9088,33024,0,944,64,0,0,0,842,0,0,32768,0,26624
1413,1100,0,0,4,2,2,0,0,19,4,8192,0,65232,0,64,0,0,65475,193,0,0,0,51200,0,0,56452,56484,0,65504,0,0,64,0,0,912,256,0,0,944,64,0,0,0,115,0,0,0,65532,26688
1414,1000,0,0,4,2,2,0,0,19,4,26880,20736,134,833,70,32768,8,452,674,0,0,48,31263,0,0,31391,31263,0,128,0,0,70,6,2201,944,9088,32768,0,944,64,0,0,0,843,0,0,0,0,26624
1414,1100,0,0,4,2,2,0,0,19,4,8192,0,65232,0,64,0,0,65475,193,0,0,0,51200,0,0,56452,56484,0,65504,0,0,64,0,0,912,256,0,0,944,64,0,0,0,115,0,0,0,65532,26688
1415,1000,0,0,4,2,2,0,0,19,4,61184,37376,110,836,70,32768,8,452,677,0,0,48,31538,0,0,31666,31538,0,128,0,0,70,6,2048,944,9088,32768,0,944,64,0,0,0,843,0,0,32768,0,26624
1415,1100,0,0,4,2,2,0,0,19,4,8192,0,65232,0,64,0,0,65475,193,0,0,0,51200,0,0,56452,56484,0,65504,0,0,64,0,0,912,256,0,0,944,64,0,0,0,115,0,0,0,65532,26688
1416,1000,0,0,4,2,2,0,0,19,4,23808,54784,89,840,70,32768,8,453,680,0,0,48,31794,0,0,31922,31794,0,128,0,0,70,6,1897,944,9088,32768,0,944,64,0,0,0,844,0,0,0,0,26624
1416,1100,0,0,4,2,2,0,0,19,4,8192,0,65232,0,64,0,0,65475,193,0,0,0,51200,0,0,56452,56484,0,65504,0,0,64,0,0,912,256,0,0,944,64,0,0,0,115,0,0,0,65532,26688
1417,1000,0,0,4,2,2,0,0,19,4,46592,7680,68,842,70,32768,8,453,684,0,0,48,32031,0,0,32159,32031,0,128,0,0,70,6,1747,944,9152,32768,0,944,64,0,0,0,844,0,0,32768,0,26624
1417,1100,0,0,4,2,2,0,0,19,4,8192,0,65232,0,64,0,0,65475,193,0,0,0,51200,0,0,56452,56484,0,65504,0,0,64,0,0,912,256,0,0,944,64,0,0,0,115,0,0,0,65532,26688
1418,1000,0,0,4,2,2,0,0,19,4,64000,26624,49,844,70,32768,8,453,687,0,0,48,32249,0,0,32377,32249,0,128,0,0,70,6,1598,944,9152,32768,0,944,64,0,0,0,845,0,0,0,0,26624
1418,1100,0,0,4,2,2,0,0,19,4,8192,0,65232,0,64,0,0,65475,193,0,0,0,51200,0,0,56452,56484,0,65504,0,0,64,0,0,912,256,0,0,944,64,0,0,0,115,0,0,0,65532,26688
1419,1000,0,0,4,2,2,0,0,19,4,11008,46080,31,845,70,32768,8,454,690,0,0,48,32448,0,0,32576,32448,0,128,0,0,70,6,1450,944,9152,32768,0,944,64,0,0,0,845,0,0,32768,0,26624
1419,1100,0,0,4,2,2,0,0,19,4,8192,0,65232,0,64,0,0,65475,193,0,0,0,51200,0,0,56452,56484,0,65504,0,0,64,0,0,912,256,0,0,944,64,0,0,0,115,0,0,0,65532,26688
1420,1000,0,0,4,2,2,0,0,19,4,18944,256,15,846,70,32768,8,454,694,0,0,48,32629,0,0,32757,32629,0,128,0,0,70,6,1303,944,9152,32768,0,944,64,0,0,0,846,0,0,0,0,26624
1420,1100,0,0,4,2,2,0,0,19,4,8192,0,65232,0,64,0,0,65475,193,0,0,0,51200,0,0,56452,56484,0,65504,0,0,64,0,0,912,256,0,0,944,64,0,0,0,115,0,0,0,65532,26688
1421,1000,0,0,4,2,2,0,0,19,4,22784,20224,0,846,70,32768,8,454,697,0,0,48,32791,0,0,32919,32791,0,128,0,0,70,6,1157,944,9152,32768,0,944,64,0,0,0,846,0,0,32768,0,26624
1421,1100,0,0,4,2,2,0,0,19,4,8192,0,65232,0,64,0,0,65475,193,0,0,0,51200,0,0,56452,56484,0,65504,0,0,64,0,0,912,256,0,0,944,64,0,0,0,115,0,0,0,65532,26688
1422,1000,0,0,4,2,2,0,0,19,4,22784,40192,65523,847,70,32768,8,454,700,0,0,48,32935,0,0,33063,32935,0,128,0,0,70,6,1013,944,9152,32768,0,944,64,0,0,0,847,0,0,0,0,26624
1422,1100,0,0,4,2,2,0,0,19,4,8192,0,65232,0,64,0,0,65475,193,0,0,0,51200,0,0,56452,56484,0,65504,0,0,64,0,0,912,256,0,0,944,64,0,0,0,115,0,0,0,65532,26688
1423,1000,0,0,4,2,2,0,0,19,4,19456,60416,65512,847,70,32768,8,454,703,0,0,48,33061,0,0,33189,33061,0,128,0,0,70,6,870,944,9152,32768,0,944,64,0,0,0,847,0,0,32768,0,26624
1423,1100,0,0,4,2,2,0,0,19,4,8192,0,65232,0,64,0,0,65475,193,0,0,0,51200,0,0,56452,56484,0,65504,0,0,64,0,0,912,256,0,0,944,64,0,0,0,115,0,0,0,65532,26688
1424,1000,0,0,4,2,2,0,0,19,4,13312,15104,65501,848,70,32768,8,454,707,0,0,48,33169,0,0,33297,33169,0,128,0,0,70,6,728,944,9152,32768,0,944,64,0,0,0,848,0,0,0,0,26624
1424,1100,0,0,4,2,2,0,0,19,4,8192,0,65232,0,64,0,0,65475,193,0,0,0,51200,0,0,56452,56484,0,65504,0,0,64,0,0,912,256,0,0,944,64,0,0,0,115,0,0,0,65532,26688
1425,1000,0,0,4,2,2,0,0,19,4,4352,35584,65492,848,70,32768,8,454,710,0,0,48,33260,0,0,33388,33260,0,128,0,0,70,6,587,944,9216,32768,0,944,64,0,0,0,848,0,0,32768,0,26624
1425,1100,0,0,4,2,2,0,0,19,4,8192,0,65232,0,64,0,0,65475,193,0,0,0,51200,0,0,56452,56484,0,65504,0,0,64,0,0,912,256,0,0,944,64,0,0,0,115,0,0,0,65532,26688
1426,1000,0,0,4,2,2,0,0,19,4,58624,56064,65485,848,70,32768,8,453,713,0,0,48,33333,0,0,33461,33333,0,128,0,0,70,6,447,944,9216,32768,0,944,64,0,0,0,849,0,0,0,0,26624
1426,1100,0,0,4,2,2,0,0,19,4,8192,0,65232,0,64,0,0,65475,193,0,0,0,51200,0,0,56452,56484,0,65504,0,0,64,0,0,912,256,0,0,944,64,0,0,0,115,0,0,0,65532,26688
1427,1000,256,0,4,2,2,0,0,19,4,45568,11008,65479,848,70,32768,8,453,717,0,0,48,33388,0,0,33516,33388,0,128,0,0,70,6,530,944,9216,33025,0,944,64,0,0,0,849,0,0,32768,0,26624
1427,1100,256,0,4,2,2,0,0,19,4,8192,0,65232,0,64,0,0,65475,193,0,0,0,51200,0,0,56452,56484,0,65504,0,0,64,0,0,912,256,0,0,944,64,0,0,0,115,0,0,0,65532,26688
1428,1000,0,0,4,2,2,0,0,19,4,30976,31488,65475,848,70,32768,8,453,720,0,0,48,33454,0,0,33582,33454,0,128,0,0,70,6,613,944,9216,33024,0,944,64,0,0,0,850,0,0,0,0,26624
1428,1100,0,0,4,2,2,0,0,19,4,8192,0,65232,0,64,0,0,65475,193,0,0,0,51200,0,0,56452,56484,0,65504,0,0,64,0,0,912,256,0,0,944,64,0,0,0,115,0,0,0,65532,26688
1429,1000,0,0,4,2,2,0,0,19,4,15360,51968,65469,848,70,32768,8,453,723,0,0,48,33530,0,0,33658,33530,0,128,0,0,70,6,695,944,9216,33024,0,944,64,0,0,0,850,0,0,32768,0,26624
1429,1100,0,0,4,2,2,0,0,19,4,8192,0,65232,0,64,0,0,65475,193,0,0,0,51200,0,0,56452,56484,0,65504,0,0,64,0,0,912,256,0,0,944,64,0,0,0,115,0,0,0,65532,26688
1430,1000,0,0,4,2,2,0,0,19,4,63744,6912,65463,848,70,32768,8,452,727,0,0,48,33616,0,0,33744,33616,0,128,0,0,70,6,776,944,9216,33024,0,944,64,0,0,0,851,0,0,0,0,26624
1430,1100,0,0,4,2,2,0,0,19,4,8192,0,65232,0,64,0,0,65475,193,0,0,0,51200,0,0,56452,56484,0,65504,0,0,64,0,0,912,256,0,0,944,64,0,0,0,115,0,0,0,65532,26688
1431,1000,0,0,4,2,2,0,0,19,4,45056,27392,65456,848,70,32768,8,452,730,0,0,48,33713,0,0,33841,33713,0,128,0,0,70,6,857,944,9216,33024,0,944,64,0,0,0,851,0,0,32768,0,26624
1431,1100,0,0,4,2,2,0,0,19,4,8192,0,65232,0,64,0,0,65475,193,0,0,0,51200,0,0,56452,56484,0,65504,0,0,64,0,0,912,256,0,0,944,64,0,0,0,115,0,0,0,65532,26688
1432,1000,0,0,4,2,2,0,0,19,4,24576,47872,65448,848,70,32768,8,452,733,0,0,48,33820,0,0,33948,33820,0,128,0,0,70,6,937,944,9216,33024,0,944,64,0,0,0,852,0,0,0,0,26624
1432,1100,0,0,4,2,2,0,0,19,4,8192,0,65232,0,64,0,0,65475,193,0,0,0,51200,0,0,56452,56484,0,65504,0,0,64,0,0,912,256,0,0,944,64,0,0,0,115,0,0,0,65532,26688
1433,1000,0,0,4,2,2,0,0,19,4,2048,2816,65439,847,70,32768,8,452,737,0,0,48,33937,0,0,34065,33937,0,128,0,0,70,6,1016,944,9280,33024,0,944,64,0,0,0,852,0,0,32768,0,26624
1433,1100,0,0,4,2,2,0,0,19,4,8192,0,65232,0,64,0,0,65475,193,0,0,0,51200,0,0,56452,56484,0,65504,0,0,64,0,0,912,256,0,0,944,64,0,0,0,115,0,0,0,65532,26688
1434,1000,0,0,4,2,2,0,0,19,4,42752,23040,65430,847,70,32768,8,451,740,0,0,48,34064,0,0,34192,34064,0,128,0,0,70,6,1095,944,9280,33024,0,944,64,0,0,0,853,0,0,0,0,26624
1434,1100,0,0,4,2,2,0,0,19,4,8192,0,65232,0,64,0,0,65475,193,0,0,0,51200,0,0,56452,56484,0,65504,0,0,64,0,0,912,256,0,0,944,64,0,0,0,115,0,0,0,65532,26688
1435,1000,0,0,4,2,2,0,0,19,4,15616,43264,65419,846,70,32768,8,451,743,0,0,48,34200,0,0,34328,34200,0,128,0,0,70,6,1173,944,9280,33024,0,944,64,0,0,0,853,0,0,32768,0,26624
1435,1100,0,0,4,2,2,0,0,19,4,8192,0,65232,0,64,0,0,65475,193,0,0,0,51200,0,0,56452,56484,0,65504,0,0,64,0,0,912,256,0,0,944,64,0,0,0,115,0,0,0,65532,26688
1436,1000,0,0,4,2,2,0,0,19,4,51200,63232,65408,845,70,32768,8,450,746,0,0,48,34346,0,0,34474,34346,0,128,0,0,70,6,1251,944,9280,33024,0,944,64,0,0,0,854,0,0,0,0,26624
1436,1100,0,0,4,2,2,0,0,19,4,8192,0,65232,0,64,0,0,65475,193,0,0,0,51200,0,0,56452,56484,0,65504,0,0,64,0,0,912,256,0,0,944,64,0,0,0,115,0,0,0,65532,26688
1437,1000,0,0,4,2,2,0,0,19,4,18432,17408,65396,843,70,32768,8,450,750,0,0,48,34502,0,0,34630,34502,0,128,0,0,70,6,1328,944,9280,33024,0,944,64,0,0,0,854,0,0,32768,0,26624
1437,1100,0,0,4,2,2,0,0,19,4,8192,0,65232,0,64,0,0,65475,193,0,0,0,51200,0,0,56452,56484,0,65504,0,0,64,0,0,912,256,0,0,944,64,0,0,0,115,0,0,0,65532,26688
1438,1000,0,0,4,2,2,0,0,19,4,48128,36608,65384,842,70,32768,8,449,753,0,0,48,34668,0,0,34796,34668,0,128,0,0,70,6,1404,944,9280,33024,0,944,64,0,0,0,855,0,0,0,0,26624
1438,1100,0,0,4,2,2,0,0,19,4,8192,0,65232,0,64,0,0,65475,193,0,0,0,51200,0,0,56452,56484,0,65504,0,0,64,0,0,912,256,0,0,944,64,0,0,0,115,0,0,0,65532,26688
1439,1000,0,0,4,2,2,0,0,19,4,9216,55552,65370,839,70,32768,8,449,756,0,0,48,34843,0,0,34971,34843,0,128,0,0,70,6,1480,944,9280,33024,0,944,64,0,0,0,855,0,0,32768,0,26624
1439,1100,0,0,4,2,2,0,0,19,4,8192,0,65232,0,64,0,0,65475,193,0,0,0,51200,0,0,56452,56484,0,65504,0,0,64,0,0,912,256,0,0,944,64,0,0,0,115,0,0,0,65532,26688
1440,1000,0,0,4,2,2,0,0,19,4,32256,8192,65356,837,70,32768,8,448,760,0,0,48,35028,0,0,35156,35028,0,128,0,0,70,6,1555,944,9280,33024,0,944,64,0,0,0,856,0,0,0,0,26624
1440,1100,0,0,4,2,2,0,0,19,4,8192,0,65232,0,64,0,0,65475,193,0,0,0,51200,0,0,56452,56484,0,65504,0,0,64,0,0,912,256,0,0,944,64,0,0,0,115,0,0,0,65532,26688
1441,1000,0,0,4,2,2,0,0,19,4,51712,25856,65341,834,70,32768,8,447,763,0,0,48,35222,0,0,35350,35222,0,128,0,0,70,6,1630,944,9344,33024,0,944,64,0,0,0,856,0,0,32768,0,26624
1441,1100,0,0,4,2,2,0,0,19,4,8192,0,65232,0,64,0,0,65475,193,0,0,0,51200,0,0,56452,56484,0,65504,0,0,64,0,0,912,256,0,0,944,64,0,0,0,115,0,0,0,65532,26688
1442,1000,0,0,4,2,2,0,0,19,4,1792,42752,65325,832,70,32768,8,447,766,0,0,48,35425,0,0,35553,35425,0,128,0,0,70,6,1704,944,9344,33024,0,944,64,0,0,0,857,0,0,0,0,26624
1442,1100,0,0,4,2,2,0,0,19,4,8192,0,65232,0,64,0,0,65475,193,0,0,0,51200,0,0,56452,56484,0,65504,0,0,64,0,0,912,256,0,0,944,64,0,0,0,115,0,0,0,65532,26688
1443,1000,0,0,4,2,2,0,0,19,4,13312,59136,65309,827,70,32768,8,446,769,0,0,48,35638,0,0,35766,35638,0,128,0,0,70,6,1778,944,9344,33024,0,944,64,0,0,0,857,0,0,32768,0,26624
1443,1100,0,0,4,2,2,0,0,19,4,8192,0,65232,0,64,0,0,65475,193,0,0,0,51200,0,0,56452,56484,0,65504,0,0,64,0,0,912,256,0,0,944,64,0,0,0,115,0,0,0,65532,26688
1444,1000,0,0,4,2,2,0,0,19,4,20736,8704,65292,823,70,32768,8,445,773,0,0,48,35860,0,0,35988,35860,0,128,0,0,70,6,1851,944,9344,33024,0,944,64,0,0,0,858,0,0,0,0,26624
1444,1100,0,0,4,2,2,0,0,19,4,8192,0,65232,0,64,0,0,65475,193,0,0,0,51200,0,0,56452,56484,0,65504,0,0,64,0,0,912,256,0,0,944,64,0,0,0,115,0,0,0,65532,26688
1445,1000,0,0,4,2,2,0,0,19,4,23808,22784,65275,818,70,32768,8,444,776,0,0,48,36091,0,0,36219,36091,0,128,0,0,70,6,1923,944,9344,33024,0,944,64,0,0,0,858,0,0,32768,0,26624
1445,1100,0,0,4,2,2,0,0,19,4,8192,0,65232,0,64,0,0,65475,193,0,0,0,51200,0,0,56452,56484,0,65504,0,0,64,0,0,912,256,0,0,944,64,0,0,0,115,0,0,0,65532,26688
1446,1000,0,0,4,2,2,0,0,19,4,22528,35584,65256,813,70,32768,8,443,779,0,0,48,36331,0,0,36459,36331,0,128,0,0,70,6,1995,944,9344,33024,0,944,64,0,0,0,859,0,0,0,0,26624
1446,1100,0,0,4,2,2,0,0,19,4,8192,0,65232,0,64,0,0,65475,193,0,0,0,51200,0,0,56452,56484,0,65504,0,0,64,0,0,912,256,0,0,944,64,0,0,0,115,0,0,0,65532,26688
1447,1000,0,0,4,2,2,0,0,19,4,16384,47104,65238,806,70,32768,8,442,782,0,0,48,36580,0,0,36708,36580,0,128,0,0,70,6,2066,944,9344,33024,0,944,64,0,0,0,859,0,0,32768,0,26624
1447,1100,0,0,4,2,2,0,0,19,4,8192,0,65232,0,64,0,0,65475,193,0,0,0,51200,0,0,56452,56484,0,65504,0,0,64,0,0,912,256,0,0,944,64,0,0,0,115,0,0,0,65532,26688
1448,1000,0,0,4,2,2,0,0,19,4,5632,56832,65218,800,82,32768,8,441,785,0,0,96,36838,0,0,36966,36838,2,128,0,0,82,18,2137,944,9344,33024,0,944,64,0,0,0,860,0,0,0,0,26624
1448,1100,0,0,4,2,2,0,0,19,4,8192,0,65232,0,64,0,0,65475,193,0,0,0,51200,0,0,56452,56484,0,65504,0,0,64,0,0,912,256,0,0,944,64,0,0,0,115,0,0,0,65532,26688
1449,1000,0,0,4,2,2,0,0,19,4,55296,65024,65199,792,70,32768,8,439,788,0,0,48,37105,0,0,37233,37105,2,65408,65216,0,70,6,2207,944,9408,33024,0,944,64,0,0,0,860,65488,0,32768,0,26624
1449,1100,0,0,4,2,2,0,0,19,4,8192,0,65232,0,64,0,0,65475,193,0,0,0,51200,0,0,56452,56484,0,65504,0,0,64,0,0,912,256,0,0,944,64,0,0,0,115,0,0,0,65532,26688
1450,1000,0,0,4,2,2,0,0,19,4,34560,5632,65178,784,70,32768,8,438,792,0,0,48,37700,0,0,37252,37380,2,65280,64896,0,70,6,2277,944,9408,33024,0,944,64,0,0,0,861,224,0,0,0,26624
1450,1100,0,0,4,2,2,0,0,19,4,8192,0,65232,0,64,0,0,65475,193,0,0,0,51200,0,0,56452,56484,0,65504,0,0,64,0,0,912,256,0,0,944,64,0,0,0,115,0,0,0,65532,26688
1451,1000,0,0,4,2,2,0,0,19,4,8448,9728,65177,783,70,32768,8,437,795,0,0,48,38304,0,0,37408,37664,2,65152,64576,0,70,6,2346,944,9408,33024,0,944,64,0,0,0,861,496,0,32768,0,26624
1451,1100,0,0,4,2,2,0,0,19,4,8192,0,65232,0,64,0,0,65475,193,0,0,0,51200,0,0,56452,56484,0,65504,0,0,64,0,0,912,256,0,0,944,64,0,0,0,115,0,0,0,65532,26688
1452,1000,0,0,4,2,2,0,0,19,4,47616,13568,65164,779,70,32768,8,435,798,0,0,48,38917,0,0,37573,37957,2,65024,64256,0,70,6,2286,944,9408,33024,0,944,64,0,0,0,862,768,0,0,0,26624
1452,1100,0,0,4,2,2,0,0,19,4,8192,0,65232,0,64,0,0,65475,193,0,0,0,51200,0,0,56452,56484,0,65504,0,0,64,0,0,912,256,0,0,944,64,0,0,0,115,0,0,0,65532,26688
1453,1000,0,0,4,2,2,0,0,19,4,17920,16384,65152,773,82,32768,8,434,801,0,0,96,39522,0,0,37730,38242,2,64448,63616,0,82,18,2355,944,9408,33024,0,944,64,0,0,0,862,1280,0,32768,0,26624
1453,1100,0,0,4,2,2,0,0,19,4,8192,0,65232,0,64,0,0,65475,193,0,0,0,51200,0,0,56452,56484,0,65504,0,0,64,0,0,912,256,0,0,944,64,0,0,0,115,0,0,0,65532,26688
1454,1000,0,0,4,2,2,0,0,19,4,50688,17664,65140,768,82,32768,8,432,804,0,0,96,40456,0,0,37448,38536,2,63872,62976,0,82,18,2286,944,9408,33024,0,944,64,0,0,0,863,1792,0,0,0,26624
1454,1100,0,0,4,2,2,0,0,19,4,8192,0,65232,0,64,0,0,65475,193,0,0,0,51200,0,0,56452,56484,0,65504,0,0,64,0,0,912,256,0,0,944,64,0,0,0,115,0,0,0,65532,26688
1455,1000,0,0,4,2,2,0,0,19,4,14848,17664,65161,778,70,32768,8,431,807,0,0,48,41381,0,0,37157,38821,2,63744,62656,0,70,6,2355,944,9408,33024,0,944,64,0,0,0,863,2064,0,32768,0,26624
1455,1100,0,0,4,2,2,0,0,19,4,8192,0,65232,0,64,0,0,65475,193,0,0,0,51200,0,0,56452,56484,0,65504,0,0,64,0,0,912,256,0,0,944,64,0,0,0,115,0,0,0,65532,26688
1456,1000,0,0,4,2,2,0,0,19,4,49920,20224,65182,789,82,32768,8,429,810,0,0,96,41995,0,0,37323,39115,2,63168,62016,0,82,18,2277,944,9408,33024,0,944,64,0,0,0,864,2576,0,0,0,26624
1456,1100,0,0,4,2,2,0,0,19,4,8192,0,65232,0,64,0,0,65475,193,0,0,0,51200,0,0,56452,56484,0,65504,0,0,64,0,0,912,256,0,0,944,64,0,0,0,115,0,0,0,65532,26688
1457,1000,0,0,4,2,2,0,0,19,4,24832,25600,65170,783,82,32768,8,428,813,0,0,96,42919,0,0,37031,39399,2,62592,61376,0,82,18,2337,944,9472,33024,0,944,64,0,4,0,864,3088,0,32768,0,26624
1457,1100,0,0,4,2,2,0,0,19,4,8192,0,65232,0,64,0,0,65475,193,0,0,0,51200,0,0,56452,56484,0,65504,0,0,64,0,0,912,256,0,0,944,64,0,0,0,115,0,0,0,65532,26688
1458,1000,0,0,4,2,2,0,0,19,4,62208,29440,65192,794,82,32768,8,426,816,0,0,96,43851,0,0,36747,39691,2,62016,60736,0,82,18,2277,944,9472,33024,0,944,64,0,4,0,865,3600,0,0,0,26624
1458,1100,0,0,4,2,2,0,0,19,4,8192,0,65232,0,64,0,0,65475,193,0,0,0,51200,0,0,56452,56484,0,65504,0,0,64,0,0,912,256,0,0,944,64,0,0,0,115,0,0,0,65532,26688
1459,1000,0,0,4,2,2,0,0,19,4,39680,36096,65213,803,82,32768,8,425,819,0,0,96,44775,0,0,36455,39975,2,61440,60096,0,82,18,2337,944,9472,33024,0,944,64,0,4,0,865,4112,0,32768,0,26624
1459,1100,0,0,4,2,2,0,0,19,4,8192,0,65232,0,64,0,0,65475,193,0,0,0,51200,0,0,56452,56484,0,65504,0,0,64,0,0,912,256,0,0,944,64,0,0,0,115,0,0,0,65532,26688
1460,1000,0,0,4,2,2,0,0,19,4,22528,45056,65236,813,82,32768,8,424,822,0,0,96,45707,0,0,36171,40267,2,60864,59456,0,82,18,2277,944,9472,33024,0,944,64,0,4,0,866,4624,0,0,0,26624
1460,1100,0,0,4,2,2,0,0,19,4,8192,0,65232,0,64,0,0,65475,193,0,0,0,51200,0,0,56452,56484,0,65504,0,0,64,0,0,912,256,0,0,944,64,0,0,0,115,0,0,0,65532,26688
1461,1000,0,0,4,2,2,0,0,19,4,11264,56576,65258,821,70,32768,8,423,825,0,0,48,46631,0,0,35879,40551,2,60736,59136,0,70,6,2337,944,9472,33024,0,944,64,0,4,0,866,4896,0,32768,0,26624
1461,1100,0,0,4,2,2,0,0,19,4,8192,0,65232,0,64,0,0,65475,193,0,0,0,51200,0,0,56452,56484,0,65504,0,0,64,0,0,912,256,0,0,944,64,0,0,0,115,0,0,0,65532,26688
1462,1000,0,0,4,2,2,0,0,19,4,5632,4608,65281,829,70,32768,8,422,829,0,0,48,47243,0,0,36043,40843,2,60608,58816,0,70,6,2277,944,9472,33024,0,944,64,0,36,0,867,5168,0,0,0,26624
1462,1100,0,0,4,2,2,0,0,19,4,8192,0,65232,0,64,0,0,65475,193,0,0,0,51200,0,0,56452,56484,0,65504,0,0,64,0,0,912,256,0,0,944,64,0,0,0,115,0,0,0,65532,26688
1463,1000,0,0,4,2,2,0,0,19,4,5888,20224,65268,825,70,32768,8,421,832,0,0,48,47847,0,0,36199,41127,2,60480,58496,0,70,6,2337,944,9472,33024,0,944,64,0,36,0,867,5440,0,32768,0,26624
1463,1100,0,0,4,2,2,0,0,19,4,8192,0,65232,0,64,0,0,65475,193,0,0,0,51200,0,0,56452,56484,0,65504,0,0,64,0,0,912,256,0,0,944,64,0,0,0,115,0,0,0,65532,26688
1464,1000,0,0,4,2,2,0,0,19,4,2816,34816,65255,822,82,32768,8,420,835,0,0,96,48459,0,0,36363,41419,2,59904,57856,0,82,18,2277,944,9472,33024,0,944,64,0,36,0,868,5952,0,0,0,26624
1464,1100,0,0,4,2,2,0,0,19,4,8192,0,65232,0,64,0,0,65475,193,0,0,0,51200,0,0,56452,56484,0,65504,0,0,64,0,0,912,256,0,0,944,64,0,0,0,115,0,0,0,65532,26688
1465,1000,0,0,4,2,2,0,0,19,4,61952,48640,65242,818,82,32768,8,418,838,0,0,96,49383,0,0,36071,41703,2,59328,57216,0,82,18,2337,944,9536,33024,0,944,64,0,36,0,868,6464,0,32768,0,26624
1465,1100,0,0,4,2,2,0,0,19,4,8192,0,65232,0,64,0,0,65475,193,0,0,0,51200,0,0,56452,56484,0,65504,0,0,64,0,0,912,256,0,0,944,64,0,0,0,115,0,0,0,65532,26688
1466,1000,0,0,4,2,2,0,0,19,4,52224,61440,65265,826,82,32768,8,417,841,0,0,96,50315,0,0,35787,41995,2,58752,56576,0,82,18,2277,944,9536,33024,0,944,64,0,36,0,869,6976,0,0,0,26624
1466,1100,0,0,4,2,2,0,0,19,4,8192,0,65232,0,64,0,0,65475,193,0,0,0,51200,0,0,56452,56484,0,65504,0,0,64,0,0,912,256,0,0,944,64,0,0,0,115,0,0,0,65532,26688
1467,1000,0,0,4,2,2,0,0,19,4,48384,10752,65287,833,82,32768,8,416,845,0,0,96,51239,0,0,35495,42279,2,58176,55936,0,82,18,2337,944,9536,33024,0,944,64,0,36,0,869,7488,0,32768,0,26624
1467,1100,0,0,4,2,2,0,0,19,4,8192,0,65232,0,64,0,0,65475,193,0,0,0,51200,0,0,56452,56484,0,65504,0,0,64,0,0,912,256,0,0,944,64,0,0,0,115,0,0,0,65532,26688
1468,1000,0,0,4,2,2,0,0,19,4,50176,27392,65311,841,82,32768,8,415,848,0,0,96,52171,0,0,35211,42571,2,57600,55296,0,82,18,2277,944,9536,33024,0,944,64,0,36,0,870,8000,0,0,0,26624
1468,1100,0,0,4,2,2,0,0,19,4,8192,0,65232,0,64,0,0,65475,193,0,0,0,51200,0,0,56452,56484,0,65504,0,0,64,0,0,912,256,0,0,944,64,0,0,0,115,0,0,0,65532,26688
1469,1000,0,0,4,2,2,0,0,19,4,58112,46080,65334,847,82,32768,8,414,851,0,0,96,53095,0,0,34919,42855,2,57024,54656,0,82,18,2337,944,9536,33024,0,944,64,0,36,0,870,8512,0,32768,0,26624
1469,1100,0,0,4,2,2,0,0,19,4,8192,0,65232,0,64,0,0,65475,193,0,0,0,51200,0,0,56452,56484,0,65504,0,0,64,0,0,912,256,0,0,944,64,0,0,0,115,0,0,0,65532,26688
1470,1000,0,0,4,2,2,0,0,19,4,6400,768,65357,853,82,32768,8,414,855,0,0,96,54027,0,0,34635,43147,2,56448,54016,0,82,18,2277,944,9536,33024,0,944,64,0,36,0,871,9024,0,0,0,26624
1470,1100,0,0,4,2,2,0,0,19,4,8192,0,65232,0,64,0,0,65475,193,0,0,0,51200,0,0,56452,56484,0,65504,0,0,64,0,0,912,256,0,0,944,64,0,0,0,115,0,0,0,65532,26688
1471,1000,0,0,4,2,2,0,0,19,4,26112,22528,65380,858,82,32768,8,413,858,0,0,96,54951,0,0,34343,43431,2,55872,53376,0,82,18,2337,944,9536,33024,0,944,64,0,36,0,871,9536,0,32768,0,26624
1471,1100,0,0,4,2,2,0,0,19,4,8192,0,65232,0,64,0,0,65475,193,0,0,0,51200,0,0,56452,56484,0,65504,0,0,64,0,0,912,256,0,0,944,64,0,0,0,115,0,0,0,65532,26688
1472,1000,0,0,4,2,2,0,0,19,4,51712,45568,65404,863,82,32768,8,412,861,0,0,96,55883,0,0,34059,43723,2,55296,52736,0,82,18,2277,944,9536,33024,0,944,64,0,36,0,872,10048,0,0,0,26624
1472,1100,0,0,4,2,2,0,0,19,4,8192,0,65232,0,64,0,0,65475,193,0,0,0,51200,0,0,56452,56484,0,65504,0,0,64,0,0,912,256,0,0,944,64,0,0,0,115,0,0,0,65532,26688
1473,1000,0,0,4,2,2,0,0,19,4,17920,4352,65428,866,82,32768,8,412,865,0,0,96,56807,0,0,33767,44007,2,55296,53376,0,82,18,2337,944,9600,33024,0,944,64,0,36,0,872,10560,0,32768,0,26624
1473,1100,0,0,4,2,2,0,0,19,4,8192,0,65232,0,64,0,0,65475,193,0,0,0,51200,0,0,56452,56484,0,65504,0,0,64,0,0,912,256,0,0,944,64,0,0,0,115,0,0,0,65532,26688
1474,1000,0,0,4,2,2,0,0,19,4,55808,29440,65452,869,82,32768,8,411,868,0,0,96,56459,0,0,34059,44299,2,55296,52736,0,82,18,2277,944,9600,33024,0,944,64,0,36,0,873,11072,0,0,0,26624
1474,1100,0,0,4,2,2,0,0,19,4,8192,0,65232,0,64,0,0,65475,193,0,0,0,51200,0,0,56452,56484,0,65504,0,0,64,0,0,912,256,0,0,944,64,0,0,0,115,0,0,0,65532,26688
1475,1000,0,0,4,2,2,0,0,19,4,34304,55296,65428,867,82,32768,8,411,871,0,0,96,57383,0,0,34343,44583,2,55296,53376,0,82,18,2337,944,9600,33024,0,944,64,0,36,0,873,11584,0,32768,0,26624
1475,1100,0,0,4,2,2,0,0,19,4,8192,0,65232,0,64,0,0,65475,193,0,0,0,51200,0,0,56452,56484,0,65504,0,0,64,0,0,912,256,0,0,944,64,0,0,0,115,0,0,0,65532,26688
1476,1000,0,0,4,2,2,0,0,19,4,6656,15104,65404,865,82,32768,8,411,875,0,0,96,57035,0,0,34635,44875,2,55296,52736,0,82,18,2277,944,9600,33024,0,944,64,0,36,0,874,12096,0,0,0,26624
1476,1100,0,0,4,2,2,0,0,19,4,8192,0,65232,0,64,0,0,65475,193,0,0,0,51200,0,0,56452,56484,0,65504,0,0,64,0,0,912,256,0,0,944,64,0,0,0,115,0,0,0,65532,26688
1477,1000,0,0,4,2,2,0,0,19,4,38400,39936,65380,861,82,32768,8,410,878,0,0,96,57959,0,0,34919,45159,2,55296,53376,0,82,18,2337,944,9600,33024,0,944,64,0,36,0,874,12608,0,32768,0,26624
1477,1100,0,0,4,2,2,0,0,19,4,8192,0,65232,0,64,0,0,65475,193,0,0,0,51200,0,0,56452,56484,0,65504,0,0,64,0,0,912,256,0,0,944,64,0,0,0,115,0,0,0,65532,26688
1478,1000,0,0,4,2,2,0,0,19,4,64000,63744,65356,857,70,32768,8,409,881,0,0,48,57611,0,0,35211,45451,2,57344,53696,0,70,6,2277,944,9600,33024,0,944,64,0,36,0,875,12880,0,0,0,26624
1478,1100,0,0,4,2,2,0,0,19,4,8192,0,65232,0,64,0,0,65475,193,0,0,0,51200,0,0,56452,56484,0,65504,0,0,64,0,0,912,256,0,0,944,64,0,0,0,115,0,0,0,65532,26688
1479,1000,0,0,4,2,2,0,0,19,4,17920,20992,65332,852,70,32768,8,409,885,0,0,48,57575,0,0,37543,45735,2,57344,54016,0,70,6,2337,944,9600,33024,0,944,64,0,36,0,875,13152,0,32768,0,26624
1479,1100,0,0,4,2,2,0,0,19,4,8192,0,65232,0,64,0,0,65475,193,0,0,0,51200,0,0,56452,56484,0,65504,0,0,64,0,0,912,256,0,0,944,64,0,0,0,115,0,0,0,65532,26688
1480,1000,0,0,4,2,2,0,0,19,4,31232,42496,65148,786,70,32768,8,408,888,0,0,48,57547,0,0,37835,46027,2,57536,54336,0,70,6,2175,944,9600,32768,0,944,64,0,0,0,876,12655,0,0,0,26624
1480,1100,0,0,4,2,2,0,0,19,4,8192,0,65232,0,64,0,0,65475,193,0,0,0,51200,0,0,56452,56484,0,65504,0,0,64,0,0,912,256,0,0,944,64,0,0,0,115,0,0,0,65532,26688
1481,1000,0,0,4,2,2,0,0,19,4,62976,47104,65127,775,70,32768,8,406,891,0,0,48,57498,0,0,38298,46298,2,57728,54656,0,70,6,2015,944,9664,32768,0,944,64,0,0,0,876,12158,0,32768,0,26624
1481,1100,0,0,4,2,2,0,0,19,4,8192,0,65232,0,64,0,0,65475,193,0,0,0,51200,0,0,56452,56484,0,65504,0,0,64,0,0,912,256,0,0,944,64,0,0,0,115,0,0,0,65532,26688
1482,1000,0,0,4,2,2,0,0,19,4,23808,48896,65092,757,70,32768,8,405,894,0,0,48,57429,0,0,38741,46549,2,57920,54976,0,70,6,1856,944,9664,32768,0,944,64,0,0,0,877,11661,0,0,0,26624
1482,1100,0,0,4,2,2,0,0,19,4,8192,0,65232,0,64,0,0,65475,193,0,0,0,51200,0,0,56452,56484,0,65504,0,0,64,0,0,912,256,0,0,944,64,0,0,0,115,0,0,0,65532,26688
1483,1000,256,0,4,2,2,0,0,19,4,41216,46080,65060,738,70,32768,8,403,897,0,0,48,57341,0,0,39165,46781,2,57792,55296,0,70,6,1921,944,9664,33025,0,944,64,0,36,0,877,11933,0,32768,0,26624
1483,1100,256,0,4,2,2,0,0,19,4,8192,0,65232,0,64,0,0,65475,193,0,0,0,51200,0,0,56452,56484,0,65504,0,0,64,0,0,912,256,0,0,944,64,0,0,0,115,0,0,0,65532,26688
1484,1000,0,0,4,2,2,0,0,19,4,50432,38400,65030,718,70,32768,8,401,900,0,0,48,57261,0,0,39277,47021,2,57664,55616,0,70,6,1985,944,9664,33024,0,944,64,0,36,0,878,12205,0,0,0,26624
1484,1100,0,0,4,2,2,0,0,19,4,8192,0,65232,0,64,0,0,65475,193,0,0,0,51200,0,0,56452,56484,0,65504,0,0,64,0,0,912,256,0,0,944,64,0,0,0,115,0,0,0,65532,26688
1485,1000,0,0,4,2,2,0,0,19,4,51968,25600,65022,713,70,32768,8,399,903,0,0,48,57189,0,0,39397,47269,2,57536,55936,0,70,6,2048,944,9664,33024,0,944,64,0,36,0,878,12477,0,32768,0,26624
1485,1100,0,0,4,2,2,0,0,19,4,8192,0,65232,0,64,0,0,65475,193,0,0,0,51200,0,0,56452,56484,0,65504,0,0,64,0,0,912,256,0,0,944,64,0,0,0,115,0,0,0,65532,26688
1486,1000,0,0,4,2,2,0,0,19,4,51456,11520,65014,708,70,32768,8,397,906,0,0,48,57125,0,0,39525,47525,2,57408,56256,0,70,6,2110,944,9664,33024,0,944,64,0,36,0,879,12749,0,0,0,26624
1486,1100,0,0,4,2,2,0,0,19,4,8192,0,65232,0,64,0,0,65475,193,0,0,0,51200,0,0,56452,56484,0,65504,0,0,64,0,0,912,256,0,0,944,64,0,0,0,115,0,0,0,65532,26688
1487,1000,0,0,4,2,2,0,0,19,4,48896,61696,65005,701,70,32768,8,395,908,0,0,48,57068,0,0,39660,47788,2,57344,56576,0,70,6,2172,944,9664,33024,0,944,64,0,36,0,879,13021,0,32768,0,26624
1487,1100,0,0,4,2,2,0,0,19,4,8192,0,65232,0,64,0,0,65475,193,0,0,0,51200,0,0,56452,56484,0,65504,0,0,64,0,0,912,256,0,0,944,64,0,0,0,115,0,0,0,65532,26688
1488,1000,0,0,4,2,2,0,0,19,4,44032,44544,64995,695,70,32768,8,393,911,0,0,48,57019,0,0,39867,48059,2,57344,56896,0,70,6,2233,944,9664,33024,0,944,64,0,36,0,880,13293,0,0,0,26624
1488,1100,0,0,4,2,2,0,0,19,4,8192,0,65232,0,64,0,0,65475,193,0,0,0,51200,0,0,56452,56484,0,65504,0,0,64,0,0,912,256,0,0,944,64,0,0,0,115,0,0,0,65532,26688
1489,1000,0,0,4,2,2,0,0,19,4,36608,25856,64982,684,70,32768,8,391,914,0,0,48,56978,0,0,40146,48338,2,57344,57216,0,70,6,2293,944,9728,33024,0,944,64,0,36,0,880,13565,0,32768,0,26624
1489,1100,0,0,4,2,2,0,0,19,4,8192,0,65232,0,64,0,0,65475,193,0,0,0,51200,0,0,56452,56484,0,65504,0,0,64,0,0,912,256,0,0,944,64,0,0,0,115,0,0,0,65532,26688
1490,1000,0,0,4,2,2,0,0,19,4,25856,4352,64963,670,70,32768,8,389,917,0,0,48,56944,0,0,40432,48624,2,57344,56896,0,70,6,2353,944,9728,33024,0,944,64,0,36,0,881,13837,0,0,0,26624
1490,1100,0,0,4,2,2,0,0,19,4,8192,0,65232,0,64,0,0,65475,193,0,0,0,51200,0,0,56452,56484,0,65504,0,0,64,0,0,912,256,0,0,944,64,0,0,0,115,0,0,0,65532,26688
1491,1000,0,0,4,2,2,0,0,19,4,10240,44800,64945,654,70,32768,8,387,919,0,0,48,57558,0,0,40726,48918,2,57344,57216,0,70,6,2277,944,9728,33024,0,944,64,0,36,0,881,14109,0,32768,0,26624
1491,1100,0,0,4,2,2,0,0,19,4,8192,0,65232,0,64,0,0,65475,193,0,0,0,51200,0,0,56452,56484,0,65504,0,0,64,0,0,912,256,0,0,944,64,0,0,0,115,0,0,0,65532,26688
1492,1000,0,0,4,2,2,0,0,19,4,55552,15616,64926,638,70,32768,8,384,922,0,0,48,57522,0,0,41010,49202,2,57344,56896,0,70,6,2337,944,9728,33024,0,944,64,0,36,0,882,14381,0,0,0,26624
1492,1100,0,0,4,2,2,0,0,19,4,8192,0,65232,0,64,0,0,65475,193,0,0,0,51200,0,0,56452,56484,0,65504,0,0,64,0,0,912,256,0,0,944,64,0,0,0,115,0,0,0,65532,26688
1493,1000,0,0,4,2,2,0,0,19,4,30464,47872,64909,621,70,32768,8,382,924,0,0,48,58134,0,0,41302,49494,2,57536,57216,0,70,6,2175,944,9728,32768,0,944,64,0,0,0,882,13884,0,32768,0,26624
1493,1100,0,0,4,2,2,0,0,19,4,8192,0,65232,0,64,0,0,65475,193,0,0,0,51200,0,0,56452,56484,0,65504,0,0,64,0,0,912,256,0,0,944,64,0,0,0,115,0,0,0,65532,26688
1494,1000,0,0,4,2,2,0,0,19,4,1024,10240,64891,604,70,32768,8,380,927,0,0,48,58085,0,0,41765,49765,2,57728,57536,0,70,6,2015,944,9728,32768,0,944,64,0,0,0,883,13387,0,0,0,26624
1494,1100,0,0,4,2,2,0,0,19,4,8192,0,65232,0,64,0,0,65475,193,0,0,0,51200,0,0,56452,56484,0,65504,0,0,64,0,0,912,256,0,0,944,64,0,0,0,115,0,0,0,65532,26688
1495,1000,0,0,4,2,2,0,0,19,4,32512,33792,64865,575,70,32768,8,377,929,0,0,48,58016,0,0,42208,50016,2,57920,57856,0,70,6,1856,944,9728,32768,0,944,64,0,0,0,883,12890,0,32768,0,26624
1495,1100,0,0,4,2,2,0,0,19,4,8192,0,65232,0,64,0,0,65475,193,0,0,0,51200,0,0,56452,56484,0,65504,0,0,64,0,0,912,256,0,0,944,64,0,0,0,115,0,0,0,65532,26688
1496,1000,256,0,4,2,2,0,0,19,4,57344,49920,64840,546,70,32768,8,374,931,0,0,48,57928,0,0,42632,50248,2,57792,57536,0,70,6,1921,944,9728,33025,0,944,64,0,36,0,884,13162,0,0,0,26624
1496,1100,256,0,4,2,2,0,0,19,4,8192,0,65232,0,64,0,0,65475,193,0,0,0,51200,0,0,56452,56484,0,65504,0,0,64,0,0,912,256,0,0,944,64,0,0,0,115,0,0,0,65532,26688
1497,1000,0,0,4,2,2,0,0,19,4,10240,58624,64819,518,70,32768,8,372,933,0,0,48,58488,0,0,42744,50488,2,57664,57216,0,70,6,1985,944,9792,33024,0,944,64,0,36,0,884,13434,0,32768,0,26624
1497,1100,0,0,4,2,2,0,0,19,4,8192,0,65232,0,64,0,0,65475,193,0,0,0,51200,0,0,56452,56484,0,65504,0,0,64,0,0,912,256,0,0,944,64,0,0,0,115,0,0,0,65532,26688
1498,1000,0,0,4,2,2,0,0,19,4,23296,60160,64812,511,70,32768,8,369,935,0,0,48,59056,0,0,42864,50736,2,57536,56896,0,70,6,2048,944,9792,33024,0,944,64,0,36,0,885,13706,0,0,0,26624
1498,1100,0,0,4,2,2,0,0,19,4,8192,0,65232,0,64,0,0,65475,193,0,0,0,51200,0,0,56452,56484,0,65504,0,0,64,0,0,912,256,0,0,944,64,0,0,0,115,0,0,0,65532,26688
1499,1000,0,0,4,2,2,0,0,19,4,34560,59904,64806,502,70,32768,8,366,937,0,0,48,59632,0,0,42992,50992,2,57408,57216,0,70,6,2110,944,9792,33024,0,944,64,0,36,0,885,13978,0,32768,0,26624
1499,1100,0,0,4,2,2,0,0,19,4,8192,0,65232,0,64,0,0,65475,193,0,0,0,51200,0,0,56452,56484,0,65504,0,0,64,0,0,912,256,0,0,944,64,0,0,0,115,0,0,0,65532,26688
1500,1000,0,0,4,2,2,0,0,19,4,44288,57344,64800,494,70,32768,8,363,939,0,0,48,59575,0,0,43127,51255,2,57344,56896,0,70,6,2172,944,9792,33024,0,944,64,0,36,0,886,14250,0,0,0,26624
1500,1100,0,0,4,2,2,0,0,19,4,8192,0,65232,0,64,0,0,65475,193,0,0,0,51200,0,0,56452,56484,0,65504,0,0,64,0,0,912,256,0,0,944,64,0,0,0,115,0,0,0,65532,26688
1501,1000,0,0,4,2,2,0,0,19,4,52480,52736,64793,484,70,32768,8,360,941,0,0,48,60166,0,0,43334,51526,2,57344,57216,0,70,6,2233,944,9792,33024,0,944,64,0,36,0,886,14522,0,32768,0,26624
1501,1100,0,0,4,2,2,0,0,19,4,8192,0,65232,0,64,0,0,65475,193,0,0,0,51200,0,0,56452,56484,0,65504,0,0,64,0,0,912,256,0,0,944,64,0,0,0,115,0,0,0,65532,26688
1502,1000,0,0,4,2,2,0,0,19,4,58880,45568,64783,470,70,32768,8,357,943,0,0,48,60125,0,0,43613,51805,2,57344,56896,0,70,6,2293,944,9792,33024,0,944,64,0,36,0,887,14794,0,0,0,26624
1502,1100,0,0,4,2,2,0,0,19,4,8192,0,65232,0,64,0,0,65475,193,0,0,0,51200,0,0,56452,56484,0,65504,0,0,64,0,0,912,256,0,0,944,64,0,0,0,115,0,0,0,65532,26688
1503,1000,0,0,4,2,2,0,0,19,4,62720,34816,64771,450,70,32768,8,354,945,0,0,48,60731,0,0,43899,52091,2,57344,57216,0,70,6,2353,944,9792,33024,0,944,64,0,36,0,887,15066,0,32768,0,26624
1503,1100,0,0,4,2,2,0,0,19,4,8192,0,65232,0,64,0,0,65475,193,0,0,0,51200,0,0,56452,56484,0,65504,0,0,64,0,0,912,256,0,0,944,64,0,0,0,115,0,0,0,65532,26688
1504,1000,0,0,4,2,2,0,0,19,4,63488,18944,64758,429,70,32768,8,351,947,0,0,48,60705,0,0,44193,52385,2,57536,57536,0,70,6,2191,944,9792,32768,0,944,64,0,0,0,888,14569,0,0,0,26624
1504,1100,0,0,4,2,2,0,0,19,4,8192,0,65232,0,64,0,0,65475,193,0,0,0,51200,0,0,56452,56484,0,65504,0,0,64,0,0,912,256,0,0,944,64,0,0,0,115,0,0,0,65532,26688
1505,1000,0,0,4,2,2,0,0,19,4,60928,63232,64746,407,70,32768,8,348,948,0,0,48,60658,0,0,44658,52658,2,57728,57856,0,70,6,2030,944,9856,32768,0,944,64,0,0,0,888,14072,0,32768,0,26624
1505,1100,0,0,4,2,2,0,0,19,4,8192,0,65232,0,64,0,0,65475,193,0,0,0,51200,0,0,56452,56484,0,65504,0,0,64,0,0,912,256,0,0,944,64,0,0,0,115,0,0,0,65532,26688
1506,1000,0,0,4,2,2,0,0,19,4,55296,36352,64728,372,70,32768,8,345,950,0,0,48,60591,0,0,45103,52911,2,57920,58176,0,70,6,1871,944,9856,32768,0,944,64,0,0,0,889,13575,0,0,0,26624
1506,1100,0,0,4,2,2,0,0,19,4,8192,0,65232,0,64,0,0,65475,193,0,0,0,51200,0,0,56452,56484,0,65504,0,0,64,0,0,912,256,0,0,944,64,0,0,0,115,0,0,0,65532,26688
1507,1000,0,0,4,2,2,0,0,19,4,45056,512,64713,337,70,32768,8,342,952,0,0,48,60504,0,0,45528,53144,2,58112,58496,0,70,6,1714,944,9856,32768,0,944,64,0,0,0,889,13078,0,32768,0,26624
1507,1100,0,0,4,2,2,0,0,19,4,8192,0,65232,0,64,0,0,65475,193,0,0,0,51200,0,0,56452,56484,0,65504,0,0,64,0,0,912,256,0,0,944,64,0,0,0,115,0,0,0,65532,26688
1508,1000,256,0,4,2,2,0,0,19,4,30976,21248,64699,304,70,32768,8,339,953,0,0,48,60398,0,0,45934,53358,2,57984,58176,0,70,6,1780,944,9856,33025,0,944,64,0,36,0,890,13350,0,0,0,26624
1508,1100,256,0,4,2,2,0,0,19,4,8192,0,65232,0,64,0,0,65475,193,0,0,0,51200,0,0,56452,56484,0,65504,0,0,64,0,0,912,256,0,0,944,64,0,0,0,115,0,0,0,65532,26688
1509,1000,0,0,4,2,2,0,0,19,4,13312,33536,64687,271,70,32768,8,336,954,0,0,48,60940,0,0,46028,53580,2,57856,57856,0,70,6,1846,944,9856,33024,0,944,64,0,36,0,890,13622,0,32768,0,26624
1509,1100,0,0,4,2,2,0,0,19,4,8192,0,65232,0,64,0,0,65475,193,0,0,0,51200,0,0,56452,56484,0,65504,0,0,64,0,0,912,256,0,0,944,64,0,0,0,115,0,0,0,65532,26688
1510,1000,0,0,4,2,2,0,0,19,4,58112,37376,64684,263,70,32768,8,332,955,0,0,48,61490,0,0,46130,53810,2,57728,57536,0,70,6,1911,944,9856,33024,0,944,64,0,36,0,891,13894,0,0,0,26624
1510,1100,0,0,4,2,2,0,0,19,4,8192,0,65232,0,64,0,0,65475,193,0,0,0,51200,0,0,56452,56484,0,65504,0,0,64,0,0,912,256,0,0,944,64,0,0,0,115,0,0,0,65532,26688
1511,1000,0,0,4,2,2,0,0,19,4,36608,39168,64681,255,70,32768,8,329,956,0,0,48,62048,0,0,46240,54048,2,57600,57216,0,70,6,1975,944,9856,33024,0,944,64,0,36,0,891,14166,0,32768,0,26624
1511,1100,0,0,4,2,2,0,0,19,4,8192,0,65232,0,64,0,0,65475,193,0,0,0,51200,0,0,56452,56484,0,65504,0,0,64,0,0,912,256,0,0,944,64,0,0,0,115,0,0,0,65532,26688
1512,1000,0,0,4,2,2,0,0,19,4,14336,38912,64678,246,70,32768,8,326,957,0,0,48,62614,0,0,46358,54294,2,57472,56896,0,70,6,2038,944,9856,33024,0,944,64,0,36,0,892,14438,0,0,0,26624
1512,1100,0,0,4,2,2,0,0,19,4,8192,0,65232,0,64,0,0,65475,193,0,0,0,51200,0,0,56452,56484,0,65504,0,0,64,0,0,912,256,0,0,944,64,0,0,0,115,0,0,0,65532,26688
1513,1000,0,0,4,2,2,0,0,19,4,56832,36352,64675,237,70,32768,8,322,958,0,0,48,63188,0,0,46484,54548,2,57664,57216,0,70,6,1879,944,9920,32768,0,944,64,0,0,0,892,13941,0,32768,0,26624
1513,1100,0,0,4,2,2,0,0,19,4,8192,0,65232,0,64,0,0,65475,193,0,0,0,51200,0,0,56452,56484,0,65504,0,0,64,0,0,912,256,0,0,944,64,0,0,0,115,0,0,0,65532,26688
1514,1000,0,0,4,2,2,0,0,19,4,33024,31488,64672,226,70,32768,8,319,959,0,0,48,63102,0,0,46910,54782,2,57856,57536,0,70,6,1722,944,9920,32768,0,944,64,0,0,0,893,13444,0,0,0,26624
1514,1100,0,0,4,2,2,0,0,19,4,8192,0,65232,0,64,0,0,65475,193,0,0,0,51200,0,0,56452,56484,0,65504,0,0,64,0,0,912,256,0,0,944,64,0,0,0,115,0,0,0,65532,26688
1515,1000,0,0,4,2,2,0,0,19,4,8448,23808,64663,191,70,32768,8,316,960,0,0,48,62997,0,0,47317,54997,2,58048,57856,0,70,6,1567,944,9920,32768,0,944,64,0,0,0,893,12947,0,32768,0,26624
1515,1100,0,0,4,2,2,0,0,19,4,8192,0,65232,0,64,0,0,65475,193,0,0,0,51200,0,0,56452,56484,0,65504,0,0,64,0,0,912,256,0,0,944,64,0,0,0,115,0,0,0,65532,26688
1516,1000,0,0,4,2,2,0,0,19,4,47104,7168,64655,157,70,32768,8,312,961,0,0,48,62872,0,0,47704,55192,2,58240,58176,0,70,6,1414,944,9920,32768,0,944,64,0,0,0,894,12450,0,0,0,26624
1516,1100,0,0,4,2,2,0,0,19,4,8192,0,65232,0,64,0,0,65475,193,0,0,0,51200,0,0,56452,56484,0,65504,0,0,64,0,0,912,256,0,0,944,64,0,0,0,115,0,0,0,65532,26688
1517,1000,0,0,4,2,2,0,0,19,4,18176,47360,64650,124,70,32768,8,309,961,0,0,48,62728,0,0,48072,55368,2,58432,58496,0,70,6,1263,944,9920,32768,0,944,64,0,0,0,894,11953,0,32768,0,26624
1517,1100,0,0,4,2,2,0,0,19,4,8192,0,65232,0,64,0,0,65475,193,0,0,0,51200,0,0,56452,56484,0,65504,0,0,64,0,0,912,256,0,0,944,64,0,0,0,115,0,0,0,65532,26688
1518,1000,0,0,4,2,2,0,0,19,4,53504,13568,64645,93,70,32768,8,305,962,0,0,48,62565,0,0,48421,55525,2,58624,58816,0,70,6,1113,944,9920,32768,0,944,64,0,0,0,895,11456,0,0,0,26624
1518,1100,0,0,4,2,2,0,0,19,4,8192,0,65232,0,64,0,0,65475,193,0,0,0,51200,0,0,56452,56484,0,65504,0,0,64,0,0,912,256,0,0,944,64,0,0,0,115,0,0,0,65532,26688
1519,1000,0,0,4,2,2,0,0,19,4,22016,37376,64643,63,70,32768,8,302,962,0,0,48,62384,0,0,48752,55664,2,58816,59136,0,70,6,965,944,9920,32768,0,944,64,0,0,0,895,10959,0,32768,0,26624
1519,1100,0,0,4,2,2,0,0,19,4,8192,0,65232,0,64,0,0,65475,193,0,0,0,51200,0,0,56452,56484,0,65504,0,0,64,0,0,912,256,0,0,944,64,0,0,0,115,0,0,0,65532,26688
1520,1000,0,0,4,2,2,0,0,19,4,55552,53504,64640,35,70,32768,8,298,962,0,0,48,62184,0,0,49064,55784,2,59008,59456,0,70,6,816,944,9920,32768,0,944,64,0,0,0,896,10462,0,0,0,26624
1520,1100,0,0,4,2,2,0,0,19,4,8192,0,65232,0,64,0,0,65475,193,0,0,0,51200,0,0,56452,56484,0,65504,0,0,64,0,0,912,256,0,0,944,64,0,0,0,115,0,0,0,65532,26688
1521,1000,256,0,4,2,2,0,0,19,4,22784,62464,64640,8,70,32768,8,295,962,0,0,48,61966,0,0,49358,55886,2,58880,59136,0,70,6,889,944,9984,33025,0,944,64,0,4,0,896,10734,0,32768,0,26624
1521,1100,256,0,4,2,2,0,0,19,4,8192,0,65232,0,64,0,0,65475,193,0,0,0,51200,0,0,56452,56484,0,65504,0,0,64,0,0,912,256,0,0,944,64,0,0,0,115,0,0,0,65532,26688
1522,1000,0,0,4,2,2,0,0,19,4,55552,64512,64639,65519,70,32768,8,291,962,0,0,48,62397,0,0,49341,55997,2,58752,58816,0,70,6,961,944,9984,33024,0,944,64,0,36,0,897,11006,0,0,0,26624
1522,1100,0,0,4,2,2,0,0,19,4,8192,0,65232,0,64,0,0,65475,193,0,0,0,51200,0,0,56452,56484,0,65504,0,0,64,0,0,912,256,0,0,944,64,0,0,0,115,0,0,0,65532,26688
1523,1000,0,0,4,2,2,0,0,19,4,22528,60160,64639,65520,70,32768,8,288,962,0,0,48,62837,0,0,49333,56117,2,58624,58496,0,70,6,1032,944,9984,33024,0,944,64,0,36,0,897,11278,0,32768,0,26624
1523,1100,0,0,4,2,2,0,0,19,4,8192,0,65232,0,64,0,0,65475,193,0,0,0,51200,0,0,56452,56484,0,65504,0,0,64,0,0,912,256,0,0,944,64,0,0,0,115,0,0,0,65532,26688
1524,1000,0,0,4,2,2,0,0,19,4,55040,56064,64638,65521,70,32768,8,284,962,0,0,48,63286,0,0,49334,56246,2,58496,58176,0,70,6,1102,944,9984,33024,0,944,64,0,36,0,898,11550,0,0,0,26624
1524,1100,0,0,4,2,2,0,0,19,4,8192,0,65232,0,64,0,0,65475,193,0,0,0,51200,0,0,56452,56484,0,65504,0,0,64,0,0,912,256,0,0,944,64,0,0,0,115,0,0,0,65532,26688
1525,1000,0,0,4,2,2,0,0,19,4,21760,52224,64638,65521,70,32768,8,281,962,0,0,48,63743,0,0,49343,56383,2,58368,57856,0,70,6,1171,944,9984,33024,0,944,64,0,36,0,898,11822,0,32768,0,26624
1525,1100,0,0,4,2,2,0,0,19,4,8192,0,65232,0,64,0,0,65475,193,0,0,0,51200,0,0,56452,56484,0,65504,0,0,64,0,0,912,256,0,0,944,64,0,0,0,115,0,0,0,65532,26688
1526,1000,0,0,4,2,2,0,0,19,4,54016,48384,64637,65520,70,32768,8,277,962,0,0,48,64209,0,0,49361,56529,2,58240,57536,0,70,6,1239,944,9984,33024,0,944,64,0,36,0,899,12094,0,0,0,26624
1526,1100,0,0,4,2,2,0,0,19,4,8192,0,65232,0,64,0,0,65475,193,0,0,0,51200,0,0,56452,56484,0,65504,0,0,64,0,0,912,256,0,0,944,64,0,0,0,115,0,0,0,65532,26688
1527,1000,0,0,4,2,2,0,0,19,4,20480,44288,64637,65518,70,32768,8,274,962,0,0,48,64683,0,0,49387,56683,2,58112,57216,0,70,6,1306,944,9984,33024,0,944,64,0,36,0,899,12366,0,32768,0,26624
1527,1100,0,0,4,2,2,0,0,19,4,8192,0,65232,0,64,0,0,65475,193,0,0,0,51200,0,0,56452,56484,0,65504,0,0,64,0,0,912,256,0,0,944,64,0,0,0,115,0,0,0,65532,26688
1528,1000,0,0,4,2,2,0,0,19,4,52480,39680,64636,65516,70,32768,8,270,962,0,0,48,65166,0,0,49422,56846,2,57984,56896,0,70,6,1372,944,9984,33024,0,944,64,0,36,0,900,12638,0,0,0,26624
1528,1100,0,0,4,2,2,0,0,19,4,8192,0,65232,0,64,0,0,65475,193,0,0,0,51200,0,0,56452,56484,0,65504,0,0,64,0,0,912,256,0,0,944,64,0,0,0,115,0,0,0,65532,26688
1529,1000,0,0,4,2,2,0,0,19,4,18688,34560,64636,65513,70,32768,8,267,962,0,0,48,121,0,0,49465,57017,2,57856,57216,0,70,6,1437,944,10048,33024,0,944,64,0,36,0,900,12910,0,32768,0,26624
1529,1100,0,0,4,2,2,0,0,19,4,8192,0,65232,0,64,0,0,65475,193,0,0,0,51200,0,0,56452,56484,0,65504,0,0,64,0,0,912,256,0,0,944,64,0,0,0,115,0,0,0,65532,26688
1530,1000,0,0,4,2,2,0,0,19,4,50432,28672,64635,65509,70,32768,8,263,962,0,0,48,65516,0,0,49516,57196,2,57728,56896,0,70,6,1501,944,10048,33024,0,944,64,0,36,0,901,13182,0,0,0,26624
1530,1100,0,0,4,2,2,0,0,19,4,8192,0,65232,0,64,0,0,65475,193,0,0,0,51200,0,0,56452,56484,0,65504,0,0,64,0,0,912,256,0,0,944,64,0,0,0,115,0,0,0,65532,26688
1531,1000,0,0,4,2,2,0,0,19,4,16384,21760,64635,65505,70,32768,8,260,962,0,0,48,487,0,0,49575,57383,2,57600,57216,0,70,6,1564,944,10048,33024,0,944,64,0,36,0,901,13454,0,32768,0,26624
1531,1100,0,0,4,2,2,0,0,19,4,8192,0,65232,0,64,0,0,65475,193,0,0,0,51200,0,0,56452,56484,0,65504,0,0,64,0,0,912,256,0,0,944,64,0,0,0,115,0,0,0,65532,26688
1532,1000,0,0,4,2,2,0,0,19,4,47872,13824,64634,65500,70,32768,8,256,962,0,0,48,362,0,0,49642,57578,2,57472,56896,0,70,6,1626,944,10048,33024,0,944,64,0,36,0,902,13726,0,0,0,26624
1532,1100,0,0,4,2,2,0,0,19,4,8192,0,65232,0,64,0,0,65475,193,0,0,0,51200,0,0,56452,56484,0,65504,0,0,64,0,0,912,256,0,0,944,64,0,0,0,115,0,0,0,65532,26688
1533,1000,0,0,4,2,2,0,0,19,4,13568,4608,64635,65494,70,32768,8,253,962,0,0,48,885,0,0,49717,57781,2,57344,57216,0,70,6,1687,944,10048,33024,0,944,64,0,36,0,902,13998,0,32768,0,26624
1533,1100,0,0,4,2,2,0,0,19,4,8192,0,65232,0,64,0,0,65475,193,0,0,0,51200,0,0,56452,56484,0,65504,0,0,64,0,0,912,256,0,0,944,64,0,0,0,115,0,0,0,65532,26688
1534,1000,0,0,4,2,2,0,0,19,4,45056,59392,64634,65488,70,32768,8,249,961,0,0,48,775,0,0,49799,57991,2,57344,56896,0,70,6,1747,944,10048,33024,0,944,64,0,36,0,903,14270,0,0,0,26624
1534,1100,0,0,4,2,2,0,0,19,4,8192,0,65232,0,64,0,0,65475,193,0,0,0,51200,0,0,56452,56484,0,65504,0,0,64,0,0,912,256,0,0,944,64,0,0,0,115,0,0,0,65532,26688
1535,1000,0,0,4,2,2,0,0,19,4,10752,47104,64634,65481,70,32768,8,246,961,0,0,48,1313,0,0,50017,58209,2,57344,57216,0,70,6,1806,944,10048,33024,0,944,64,0,36,0,903,14542,0,32768,0,26624
1535,1100,0,0,4,2,2,0,0,19,4,8192,0,65232,0,64,0,0,65475,193,0,0,0,51200,0,0,56452,56484,0,65504,0,0,64,0,0,912,256,0,0,944,64,0,0,0,115,0,0,0,65532,26688
1536,1000,0,0,4,2,2,0,0,19,4,41984,33024,64635,65462,70,32768,8,242,961,0,0,48,1218,0,0,50242,58434,2,57344,56896,0,70,6,1864,944,10048,33024,0,944,64,0,36,0,904,14814,0,0,0,26624
1536,1100,0,0,4,2,2,0,0,19,4,8192,0,65232,0,64,0,0,65475,193,0,0,0,51200,0,0,56452,56484,0,65504,0,0,64,0,0,912,256,0,0,944,64,0,0,0,115,0,0,0,65532,26688
1537,1000,0,0,4,2,2,0,0,19,4,7936,14080,64636,65442,70,32768,8,239,961,0,0,48,1771,0,0,50475,58667,2,57344,57216,0,70,6,1921,944,10112,33024,0,944,64,0,36,0,904,15086,0,32768,0,26624
1537,1100,0,0,4,2,2,0,0,19,4,8192,0,65232,0,64,0,0,65475,193,0,0,0,51200,0,0,56452,56484,0,65504,0,0,64,0,0,912,256,0,0,944,64,0,0,0,115,0,0,0,65532,26688
1538,1000,0,0,4,2,2,0,0,19,4,39680,55552,64638,65422,70,32768,8,235,960,0,0,48,1691,0,0,50715,58907,2,57344,56896,0,70,6,1977,944,10112,33024,0,944,64,0,36,0,905,15358,0,0,0,26624
1538,1100,0,0,4,2,2,0,0,19,4,8192,0,65232,0,64,0,0,65475,193,0,0,0,51200,0,0,56452,56484,0,65504,0,0,64,0,0,912,256,0,0,944,64,0,0,0,115,0,0,0,65532,26688
1539,1000,0,0,4,2,2,0,0,19,4,6400,26368,64640,65401,70,32768,8,232,960,0,0,48,2258,0,0,50962,59154,2,57344,57216,0,70,6,2032,944,10112,33024,0,944,64,0,36,0,905,15630,0,32768,0,26624
1539,1100,0,0,4,2,2,0,0,19,4,8192,0,65232,0,64,0,0,65475,193,0,0,0,51200,0,0,56452,56484,0,65504,0,0,64,0,0,912,256,0,0,944,64,0,0,0,115,0,0,0,65532,26688
1540,1000,0,0,4,2,2,0,0,19,4,39168,57344,64643,65380,70,32768,8,228,959,0,0,48,2192,0,0,51216,59408,2,57344,56896,0,70,6,2086,944,10112,33024,0,944,64,0,36,0,906,15902,0,0,0,26624
1540,1100,0,0,4,2,2,0,0,19,4,8192,0,65232,0,64,0,0,65475,193,0,0,0,51200,0,0,56452,56484,0,65504,0,0,64,0,0,912,256,0,0,944,64,0,0,0,115,0,0,0,65532,26688
1541,1000,0,0,4,2,2,0,0,19,4,7168,17408,64647,65358,70,32768,8,225,959,0,0,48,2772,0,0,51476,59668,2,57344,57216,0,70,6,2140,944,10112,33024,0,944,64,0,36,0,906,16174,0,32768,0,26624
1541,1100,0,0,4,2,2,0,0,19,4,8192,0,65232,0,64,0,0,65475,193,0,0,0,51200,0,0,56452,56484,0,65504,0,0,64,0,0,912,256,0,0,944,64,0,0,0,115,0,0,0,65532,26688
1542,1000,0,0,4,2,2,0,0,19,4,41728,37376,64651,65336,70,32768,8,221,958,0,0,48,2719,0,0,51743,59935,2,57344,56896,0,70,6,2193,944,10112,33024,0,944,64,0,36,0,907,16446,0,0,0,26624
1542,1100,0,0,4,2,2,0,0,19,4,8192,0,65232,0,64,0,0,65475,193,0,0,0,51200,0,0,56452,56484,0,65504,0,0,64,0,0,912,256,0,0,944,64,0,0,0,115,0,0,0,65532,26688
1543,1000,0,0,4,2,2,0,0,19,4,11776,51712,64656,65313,70,32768,8,218,957,0,0,48,3313,0,0,52017,60209,2,57344,57216,0,70,6,2245,944,10112,33024,0,944,64,0,36,0,907,16718,0,32768,0,26624
1543,1100,0,0,4,2,2,0,0,19,4,8192,0,65232,0,64,0,0,65475,193,0,0,0,51200,0,0,56452,56484,0,65504,0,0,64,0,0,912,256,0,0,944,64,0,0,0,115,0,0,0,65532,26688
1544,1000,0,0,4,2,2,0,0,19,4,48640,60160,64661,65290,70,32768,8,214,956,0,0,48,3273,0,0,52297,60489,2,57344,56896,0,70,6,2296,944,10112,33024,0,944,64,0,36,0,908,16990,0,0,0,26624
1544,1100,0,0,4,2,2,0,0,19,4,8192,0,65232,0,64,0,0,65475,193,0,0,0,51200,0,0,56452,56484,0,65504,0,0,64,0,0,912,256,0,0,944,64,0,0,0,115,0,0,0,65532,26688
1545,1000,0,0,4,2,2,0,0,19,4,21248,62720,64668,65267,70,32768,8,211,955,0,0,48,3880,0,0,52584,60776,2,57344,57216,0,70,6,2346,944,10176,33024,0,944,64,0,36,0,908,17262,0,32768,0,26624
1545,1100,0,0,4,2,2,0,0,19,4,8192,0,65232,0,64,0,0,65475,193,0,0,0,51200,0,0,56452,56484,0,65504,0,0,64,0,0,912,256,0,0,944,64,0,0,0,115,0,0,0,65532,26688
1546,1000,0,0,4,2,2,0,0,19,4,61184,59392,64675,65243,70,32768,8,207,954,0,0,48,3853,0,0,52877,61069,2,57344,56896,0,70,6,2268,944,10176,33024,0,944,64,0,36,0,909,17534,0,0,0,26624
1546,1100,0,0,4,2,2,0,0,19,4,8192,0,65232,0,64,0,0,65475,193,0,0,0,51200,0,0,56452,56484,0,65504,0,0,64,0,0,912,256,0,0,944,64,0,0,0,115,0,0,0,65532,26688
1547,1000,0,0,4,2,2,0,0,19,4,37376,49920,64684,65219,70,32768,8,204,953,0,0,48,4456,0,0,53160,61352,2,57344,57216,0,70,6,2319,944,10176,33024,0,944,64,0,36,0,909,17806,0,32768,0,26624
1547,1100,0,0,4,2,2,0,0,19,4,8192,0,65232,0,64,0,0,65475,193,0,0,0,51200,0,0,56452,56484,0,65504,0,0,64,0,0,912,256,0,0,944,64,0,0,0,115,0,0,0,65532,26688
1548,1000,0,0,4,2,2,0,0,19,4,15872,34304,64692,65195,70,32768,8,201,952,0,0,48,4425,0,0,53449,61641,2,57344,56896,0,70,6,2268,944,10176,33024,0,944,64,0,36,0,910,18078,0,0,0,26624
1548,1100,0,0,4,2,2,0,0,19,4,8192,0,65232,0,64,0,0,65475,193,0,0,0,51200,0,0,56452,56484,0,65504,0,0,64,0,0,912,256,0,0,944,64,0,0,0,115,0,0,0,65532,26688
1549,1000,0,0,4,2,2,0,0,19,4,61952,12544,64702,65172,70,32768,8,197,951,0,0,48,5028,0,0,53732,61924,2,57344,57216,0,70,6,2319,944,10176,33024,0,944,64,0,36,0,910,18350,0,32768,0,26624
1549,1100,0,0,4,2,2,0,0,19,4,8192,0,65232,0,64,0,0,65475,193,0,0,0,51200,0,0,56452,56484,0,65504,0,0,64,0,0,912,256,0,0,944,64,0,0,0,115,0,0,0,65532,26688
1550,1000,0,0,4,2,2,0,0,19,4,45056,50432,64711,65149,70,32768,8,194,949,0,0,48,4997,0,0,54021,62213,2,57344,56896,0,70,6,2268,944,10176,33024,0,944,64,0,36,0,911,18622,0,0,0,26624
1550,1100,0,0,4,2,2,0,0,19,4,8192,0,65232,0,64,0,0,65475,193,0,0,0,51200,0,0,56452,56484,0,65504,0,0,64,0,0,912,256,0,0,944,64,0,0,0,115,0,0,0,65532,26688
1551,1000,0,0,4,2,2,0,0,19,4,30464,16896,64722,65126,70,32768,8,191,948,0,0,48,5600,0,0,54304,62496,2,57344,57216,0,70,6,2319,944,10176,33024,0,944,64,0,36,0,911,18894,0,32768,0,26624
1551,1100,0,0,4,2,2,0,0,19,4,8192,0,65232,0,64,0,0,65475,193,0,0,0,51200,0,0,56452,56484,0,65504,0,0,64,0,0,912,256,0,0,944,64,0,0,0,115,0,0,0,65532,26688
1552,1000,0,0,4,2,2,0,0,19,4,18688,43008,64732,65104,70,32768,8,188,946,0,0,48,5569,0,0,54593,62785,2,57536,57536,0,70,6,2148,944,10176,32768,0,944,64,0,0,0,912,18397,0,0,0,26624
1552,1100,0,0,4,2,2,0,0,19,4,8192,0,65232,0,64,0,0,65475,193,0,0,0,51200,0,0,56452,56484,0,65504,0,0,64,0,0,912,256,0,0,944,64,0,0,0,115,0,0,0,65532,26688
1553,1000,0,0,4,2,2,0,0,19,4,9472,63488,64745,65082,70,32768,8,185,944,0,0,48,5517,0,0,55053,63053,2,57728,57856,0,70,6,1980,944,10240,32768,0,944,64,0,0,0,912,17900,0,32768,0,26624
1553,1100,0,0,4,2,2,0,0,19,4,8192,0,65232,0,64,0,0,65475,193,0,0,0,51200,0,0,56452,56484,0,65504,0,0,64,0,0,912,256,0,0,944,64,0,0,0,115,0,0,0,65532,26688
1554,1000,0,0,4,2,2,0,0,19,4,3584,12800,64765,65047,70,32768,8,182,943,0,0,48,5444,0,0,55492,63300,2,57920,58176,0,70,6,1815,944,10240,32768,0,944,64,0,0,0,913,17403,0,0,0,26624
1554,1100,0,0,4,2,2,0,0,19,4,8192,0,65232,0,64,0,0,65475,193,0,0,0,51200,0,0,56452,56484,0,65504,0,0,64,0,0,912,256,0,0,944,64,0,0,0,115,0,0,0,65532,26688
1555,1000,0,0,4,2,2,0,0,19,4,2816,18688,64786,65015,70,32768,8,179,941,0,0,48,5350,0,0,55910,63526,2,58112,58496,0,70,6,1652,944,10240,32768,0,944,64,0,0,0,913,16906,0,32768,0,26624
1555,1100,0,0,4,2,2,0,0,19,4,8192,0,65232,0,64,0,0,65475,193,0,0,0,51200,0,0,56452,56484,0,65504,0,0,64,0,0,912,256,0,0,944,64,0,0,0,115,0,0,0,65532,26688
1556,1000,0,0,4,2,2,0,0,19,4,7424,16384,64807,64985,70,32768,8,176,939,0,0,48,5236,0,0,56308,63732,2,58304,58816,0,70,6,1492,944,10240,32768,0,944,64,0,0,0,914,16409,0,0,0,26624
1556,1100,0,0,4,2,2,0,0,19,4,8192,0,65232,0,64,0,0,65475,193,0,0,0,51200,0,0,56452,56484,0,65504,0,0,64,0,0,912,256,0,0,944,64,0,0,0,115,0,0,0,65532,26688
1557,1000,0,0,4,2,2,0,0,19,4,17408,6400,64828,64957,70,32768,8,173,937,0,0,48,5102,0,0,56686,63918,2,58496,59136,0,70,6,1334,944,10240,32768,0,944,64,0,0,0,914,15912,0,32768,0,26624
1557,1100,0,0,4,2,2,0,0,19,4,8192,0,65232,0,64,0,0,65475,193,0,0,0,51200,0,0,56452,56484,0,65504,0,0,64,0,0,912,256,0,0,944,64,0,0,0,115,0,0,0,65532,26688
1558,1000,0,0,4,2,2,0,0,19,4,32768,54784,64849,64932,70,32768,8,170,934,0,0,48,4948,0,0,57044,64084,2,58688,59456,0,70,6,1179,944,10240,32768,0,944,64,0,0,0,915,15415,0,0,0,26624
1558,1100,0,0,4,2,2,0,0,19,4,8192,0,65232,0,64,0,0,65475,193,0,0,0,51200,0,0,56452,56484,0,65504,0,0,64,0,0,912,256,0,0,944,64,0,0,0,115,0,0,0,65532,26688
1559,1000,0,0,4,2,2,0,0,19,4,53504,31232,64870,64908,70,32768,8,167,932,0,0,48,4775,0,0,57383,64231,2,58880,59776,0,70,6,1026,944,10240,32768,0,944,64,0,0,0,915,14918,0,32768,0,26624
1559,1100,0,0,4,2,2,0,0,19,4,8192,0,65232,0,64,0,0,65475,193,0,0,0,51200,0,0,56452,56484,0,65504,0,0,64,0,0,912,256,0,0,944,64,0,0,0,115,0,0,0,65532,26688
1560,1000,0,0,4,2,2,0,0,19,4,14080,1536,64890,64886,70,32768,8,165,930,0,0,48,4583,0,0,57703,64359,2,59072,60096,0,70,6,876,944,10240,32768,0,944,64,0,0,0,916,14421,0,0,0,26624
1560,1100,0,0,4,2,2,0,0,19,4,8192,0,65232,0,64,0,0,65475,193,0,0,0,51200,0,0,56452,56484,0,65504,0,0,64,0,0,912,256,0,0,944,64,0,0,0,115,0,0,0,65532,26688
1561,1000,0,0,4,2,2,0,0,19,4,45312,31744,64910,64867,70,32768,8,162,927,0,0,48,4372,0,0,58004,64468,2,59264,60416,0,70,6,728,944,10304,32768,0,944,64,0,0,0,916,13924,0,32768,0,26624
1561,1100,0,0,4,2,2,0,0,19,4,8192,0,65232,0,64,0,0,65475,193,0,0,0,51200,0,0,56452,56484,0,65504,0,0,64,0,0,912,256,0,0,944,64,0,0,0,115,0,0,0,65532,26688
1562,1000,0,0,4,2,2,0,0,19,4,16128,57088,64929,64848,70,32768,8,160,924,0,0,48,4143,0,0,58287,64559,2,59456,60736,0,70,6,582,944,10304,32768,0,944,64,0,0,0,917,13427,0,0,0,26624
1562,1100,0,0,4,2,2,0,0,19,4,8192,0,65232,0,64,0,0,65475,193,0,0,0,51200,0,0,56452,56484,0,65504,0,0,64,0,0,912,256,0,0,944,64,0,0,0,115,0,0,0,65532,26688
1563,1000,0,0,4,2,2,0,0,19,4,57344,12032,64948,64832,70,32768,8,157,922,0,0,48,3895,0,0,58551,64631,2,59648,61056,0,70,6,439,944,10304,32768,0,944,64,0,0,0,917,12930,0,32768,0,26624
1563,1100,0,0,4,2,2,0,0,19,4,8192,0,65232,0,64,0,0,65475,193,0,0,0,51200,0,0,56452,56484,0,65504,0,0,64,0,0,912,256,0,0,944,64,0,0,0,115,0,0,0,65532,26688
1564,1000,0,0,4,2,2,0,0,19,4,37888,28416,64966,64817,70,32768,8,155,919,0,0,48,3629,0,0,58797,64685,2,59840,61376,0,70,6,298,944,10304,32768,0,944,64,0,0,0,918,12433,0,0,0,26624
1564,1100,0,0,4,2,2,0,0,19,4,8192,0,65232,0,64,0,0,65475,193,0,0,0,51200,0,0,56452,56484,0,65504,0,0,64,0,0,912,256,0,0,944,64,0,0,0,115,0,0,0,65532,26688
1565,1000,0,0,4,2,2,0,0,19,4,23040,40960,64983,64803,70,32768,8,153,916,0,0,48,3346,0,0,59026,64722,2,60032,61696,0,70,6,159,944,10304,32768,0,944,64,0,0,0,918,11936,0,32768,0,26624
1565,1100,0,0,4,2,2,0,0,19,4,8192,0,65232,0,64,0,0,65475,193,0,0,0,51200,0,0,56452,56484,0,65504,0,0,64,0,0,912,256,0,0,944,64,0,0,0,115,0,0,0,65532,26688
1566,1000,0,0,4,2,2,0,0,19,4,12544,49920,64998,64791,70,32768,8,151,913,0,0,48,3045,0,0,59237,64741,2,60224,62016,0,70,6,22,944,10304,32768,0,944,64,0,0,0,919,11439,0,0,0,26624
1566,1100,0,0,4,2,2,0,0,19,4,8192,0,65232,0,64,0,0,65475,193,0,0,0,51200,0,0,56452,56484,0,65504,0,0,64,0,0,912,256,0,0,944,64,0,0,0,115,0,0,0,65532,26688
1567,1000,0,0,4,2,2,0,0,19,4,5888,55808,65014,64780,70,32768,8,149,910,0,0,48,2727,0,0,59431,64743,2,60416,62336,0,70,6,0,944,10304,32768,0,944,64,0,0,0,919,10942,0,32768,0,26624
1567,1100,0,0,4,2,2,0,0,19,4,8192,0,65232,0,64,0,0,65475,193,0,0,0,51200,0,0,56452,56484,0,65504,0,0,64,0,0,912,256,0,0,944,64,0,0,0,115,0,0,0,65532,26688
1568,1000,0,0,4,2,2,0,0,19,4,3328,58880,65027,64769,70,32768,8,147,907,0,0,48,2407,0,0,59623,64743,2,60608,62656,0,70,6,0,944,10304,32768,0,944,64,0,0,0,920,10445,0,0,0,26624
1568,1100,0,0,4,2,2,0,0,19,4,8192,0,65232,0,64,0,0,65475,193,0,0,0,51200,0,0,56452,56484,0,65504,0,0,64,0,0,912,256,0,0,944,64,0,0,0,115,0,0,0,65532,26688
1569,1000,0,0,4,2,2,0,0,19,4,4096,59136,65041,64760,70,32768,8,145,904,0,0,48,2087,0,0,59815,64743,2,60800,62976,0,70,6,0,944,10368,32768,0,944,64,0,0,0,920,9948,0,32768,0,26624
1569,1100,0,0,4,2,2,0,0,19,4,8192,0,65232,0,64,0,0,65475,193,0,0,0,51200,0,0,56452,56484,0,65504,0,0,64,0,0,912,256,0,0,944,64,0,0,0,115,0,0,0,65532,26688
1570,1000,0,0,4,2,2,0,0,19,4,8448,57088,65055,64751,70,32768,8,143,901,0,0,48,1767,0,0,60007,64743,2,60992,63296,0,70,6,0,944,10368,32768,0,944,64,0,0,0,921,9451,0,0,0,26624
1570,1100,0,0,4,2,2,0,0,19,4,8192,0,65232,0,64,0,0,65475,193,0,0,0,51200,0,0,56452,56484,0,65504,0,0,64,0,0,912,256,0,0,944,64,0,0,0,115,0,0,0,65532,26688
1571,1000,0,0,4,2,2,0,0,19,4,16384,52736,65070,64742,70,32768,8,141,898,0,0,48,1447,0,0,60199,64743,2,61184,63616,0,70,6,0,944,10368,32768,0,944,64,0,0,0,921,8954,0,32768,0,26624
1571,1100,0,0,4,2,2,0,0,19,4,8192,0,65232,0,64,0,0,65475,193,0,0,0,51200,0,0,56452,56484,0,65504,0,0,64,0,0,912,256,0,0,944,64,0,0,0,115,0,0,0,65532,26688
1572,1000,0,0,4,2,2,0,0,19,4,28160,46080,65084,64732,70,32768,8,139,895,0,0,48,1127,0,0,60391,64743,2,61376,63936,0,70,6,0,944,10368,32768,0,944,64,0,0,0,922,8457,0,0,0,26624
1572,1100,0,0,4,2,2,0,0,19,4,8192,0,65232,0,64,0,0,65475,193,0,0,0,51200,0,0,56452,56484,0,65504,0,0,64,0,0,912,256,0,0,944,64,0,0,0,115,0,0,0,65532,26688
1573,1000,0,0,4,2,2,0,0,19,4,43520,36864,65099,64724,70,32768,8,137,892,0,0,48,807,0,0,60583,64743,2,61568,64256,0,70,6,0,944,10368,32768,0,944,64,0,0,0,922,7960,0,32768,0,26624
1573,1100,0,0,4,2,2,0,0,19,4,8192,0,65232,0,64,0,0,65475,193,0,0,0,51200,0,0,56452,56484,0,65504,0,0,64,0,0,912,256,0,0,944,64,0,0,0,115,0,0,0,65532,26688
1574,1000,0,0,4,2,2,0,0,19,4,62720,25600,65114,64716,70,32768,8,135,889,0,0,48,487,0,0,60775,64743,2,61760,64576,0,70,6,0,944,10368,32768,0,944,64,0,0,0,923,7463,0,0,0,26624
1574,1100,0,0,4,2,2,0,0,19,4,8192,0,65232,0,64,0,0,65475,193,0,0,0,51200,0,0,56452,56484,0,65504,0,0,64,0,0,912,256,0,0,944,64,0,0,0,115,0,0,0,65532,26688
1575,1000,0,0,4,2,2,0,0,19,4,20224,12288,65129,64708,70,32768,8,134,886,0,0,48,167,0,0,60967,64743,2,61952,64896,0,70,6,0,944,10368,32768,0,944,64,0,0,0,923,6966,0,32768,0,26624
1575,1100,0,0,4,2,2,0,0,19,4,8192,0,65232,0,64,0,0,65475,193,0,0,0,51200,0,0,56452,56484,0,65504,0,0,64,0,0,912,256,0,0,944,64,0,0,0,115,0,0,0,65532,26688
1576,1000,0,0,4,2,2,0,0,19,4,47104,62464,65144,64700,70,32768,8,132,882,0,0,48,65383,0,0,61159,64743,2,62144,65216,0,70,6,0,944,10368,32768,0,944,64,0,0,0,924,6469,0,0,0,26624
1576,1100,0,0,4,2,2,0,0,19,4,8192,0,65232,0,64,0,0,65475,193,0,0,0,51200,0,0,56452,56484,0,65504,0,0,64,0,0,912,256,0,0,944,64,0,0,0,115,0,0,0,65532,26688
1577,1000,0,0,4,2,2,0,0,19,4,12288,45056,65159,64693,70,32768,8,131,879,0,0,48,65063,0,0,61351,64743,2,62336,0,0,70,6,0,944,10432,32768,0,944,64,0,0,0,924,5972,0,32768,0,26624
1577,1100,0,0,4,2,2,0,0,19,4,8192,0,65232,0,64,0,0,65475,193,0,0,0,51200,0,0,56452,56484,0,65504,0,0,64,0,0,912,256,0,0,944,64,0,0,0,115,0,0,0,65532,26688
