frame,kart,g28,g2A,g2C,g2E,g30,gE00,gE02,g124,g126,f16,f1A,f22,f24,fAE,f10,f12,f18,f1C,f1F,f26,f28,f2A,f60,fA0,fA2,fA4,fA6,fA8,fAA,fAC,fAE,fB0,fB2,fB4,fC2,fC4,fCA,fD6,fDE,fE0,fE2,fE4,fEA,fFA,fFC,fE8,fEE,fB8
0,1000,0,0,0,2,2,5,5,18,6,0,0,0,0,64,32832,6,912,756,0,0,0,0,0,0,0,0,0,0,0,0,64,0,0,880,0,0,0,0,64,0,0,0,0,0,0,0,0,26624
0,1100,0,0,0,2,2,5,5,18,6,0,0,0,0,64,8192,10,880,732,0,0,0,0,0,0,0,0,0,0,0,0,64,0,0,912,0,0,0,0,64,0,0,0,0,0,0,0,0,26688
1,1000,0,0,0,2,2,5,5,18,6,0,0,0,0,76,32832,6,912,756,0,0,0,0,0,0,0,0,0,0,0,0,76,0,0,880,0,0,0,0,64,0,0,0,0,0,0,0,0,26624
1,1100,0,0,0,2,2,5,5,18,6,0,0,0,0,76,8192,10,880,732,0,0,0,0,0,0,0,0,0,0,0,0,76,0,0,912,0,0,0,0,64,0,0,0,0,0,0,0,0,26688
2,1000,0,0,0,2,2,5,5,18,6,0,0,0,0,76,32832,6,912,756,0,0,0,0,0,0,0,0,0,0,0,0,76,0,0,880,0,0,0,0,64,0,0,0,0,0,0,0,0,26624
2,1100,0,0,0,2,2,5,5,18,6,0,0,0,0,76,8192,10,880,732,0,0,0,0,0,0,0,0,0,0,0,0,76,0,0,912,0,0,0,0,64,0,0,0,0,0,0,0,0,26688
3,1000,0,0,0,2,2,5,5,18,6,0,0,0,0,76,32832,6,912,756,0,0,0,0,0,0,0,0,0,0,0,0,76,0,0,880,0,0,0,0,64,0,0,0,0,0,0,0,0,26624
3,1100,0,0,0,2,2,5,5,18,6,0,0,0,0,76,8192,10,880,732,0,0,0,0,0,0,0,0,0,0,0,0,76,0,0,912,0,0,0,0,64,0,0,0,0,0,0,0,0,26688
4,1000,0,0,0,2,2,5,5,18,6,0,0,0,0,76,32832,6,912,756,0,0,0,0,0,0,0,0,0,0,0,0,76,0,0,880,0,0,0,0,64,0,0,0,0,0,0,0,0,26624
4,1100,0,0,0,2,2,5,5,18,6,0,0,0,0,76,8192,10,880,732,0,0,0,0,0,0,0,0,0,0,0,0,76,0,0,912,0,0,0,0,64,0,0,0,0,0,0,0,0,26688
5,1000,0,0,0,2,2,5,5,18,6,0,0,0,0,76,32832,6,912,756,0,0,0,0,0,0,0,0,0,0,0,0,76,0,0,880,0,0,0,0,64,0,0,0,0,0,0,0,0,26624
5,1100,0,0,0,2,2,5,5,18,6,0,0,0,0,76,8192,10,880,732,0,0,0,0,0,0,0,0,0,0,0,0,76,0,0,912,0,0,0,0,64,0,0,0,0,0,0,0,0,26688
6,1000,0,0,0,2,2,5,5,18,6,0,0,0,0,76,32832,6,912,756,0,0,0,0,0,0,0,0,0,0,0,0,76,0,0,880,0,0,0,0,64,0,0,0,0,0,0,0,0,26624
6,1100,0,0,0,2,2,5,5,18,6,0,0,0,0,76,8192,10,880,732,0,0,0,0,0,0,0,0,0,0,0,0,76,0,0,912,0,0,0,0,64,0,0,0,0,0,0,0,0,26688
7,1000,0,0,0,2,2,5,5,18,6,0,0,0,0,76,32832,6,912,756,0,0,0,0,0,0,0,0,0,0,0,0,76,0,0,880,0,0,0,0,64,0,0,0,0,0,0,0,0,26624
7,1100,0,0,0,2,2,5,5,18,6,0,0,0,0,76,8192,10,880,732,0,0,0,0,0,0,0,0,0,0,0,0,76,0,0,912,0,0,0,0,64,0,0,0,0,0,0,0,0,26688
8,1000,0,0,0,2,2,5,5,18,6,0,0,0,0,76,32832,6,912,756,0,0,0,0,0,0,0,0,0,0,0,0,76,0,0,880,0,0,0,0,64,0,0,0,0,0,0,0,0,26624
8,1100,0,0,0,2,2,5,5,18,6,0,0,0,0,76,8192,10,880,732,0,0,0,0,0,0,0,0,0,0,0,0,76,0,0,912,0,0,0,0,64,0,0,0,0,0,0,0,0,26688
9,1000,0,0,0,2,2,5,5,18,6,0,0,0,0,76,32832,6,912,756,0,0,0,0,0,0,0,0,0,0,0,0,76,0,0,880,0,0,0,0,64,0,0,0,0,0,0,0,0,26624
9,1100,0,0,0,2,2,5,5,18,6,0,0,0,0,76,8192,10,880,732,0,0,0,0,0,0,0,0,0,0,0,0,76,0,0,912,0,0,0,0,64,0,0,0,0,0,0,0,0,26688
10,1000,0,0,0,2,2,5,5,18,6,0,0,0,0,76,32832,6,912,756,0,0,0,0,0,0,0,0,0,0,0,0,76,0,0,880,0,0,0,0,64,0,0,0,0,0,0,0,0,26624
10,1100,0,0,0,2,2,5,5,18,6,0,0,0,0,76,8192,10,880,732,0,0,0,0,0,0,0,0,0,0,0,0,76,0,0,912,0,0,0,0,64,0,0,0,0,0,0,0,0,26688
11,1000,0,0,0,2,2,5,5,18,6,0,0,0,0,76,32832,6,912,756,0,0,0,0,0,0,0,0,0,0,0,0,76,0,0,880,0,0,0,0,64,0,0,0,0,0,0,0,0,26624
11,1100,0,0,0,2,2,5,5,18,6,0,0,0,0,76,8192,10,880,732,0,0,0,0,0,0,0,0,0,0,0,0,76,0,0,912,0,0,0,0,64,0,0,0,0,0,0,0,0,26688
12,1000,0,0,0,2,2,5,5,18,6,0,0,0,0,76,32832,6,912,756,0,0,0,0,0,0,0,0,0,0,0,0,76,0,0,880,0,0,0,0,64,0,0,0,0,0,0,0,0,26624
12,1100,0,0,0,2,2,5,5,18,6,0,0,0,0,76,8192,10,880,732,0,0,0,0,0,0,0,0,0,0,0,0,76,0,0,912,0,0,0,0,64,0,0,0,0,0,0,0,0,26688
13,1000,0,0,0,2,2,5,5,18,6,0,0,0,0,76,32832,6,912,756,0,0,0,0,0,0,0,0,0,0,0,0,76,0,0,880,0,0,0,0,64,0,0,0,0,0,0,0,0,26624
13,1100,0,0,0,2,2,5,5,18,6,0,0,0,0,76,8192,10,880,732,0,0,0,0,0,0,0,0,0,0,0,0,76,0,0,912,0,0,0,0,64,0,0,0,0,0,0,0,0,26688
14,1000,0,0,0,2,2,5,5,18,6,0,0,0,0,76,32832,6,912,756,0,0,0,0,0,0,0,0,0,0,0,0,76,0,0,880,0,0,0,0,64,0,0,0,0,0,0,0,0,26624
14,1100,0,0,0,2,2,5,5,18,6,0,0,0,0,76,8192,10,880,732,0,0,0,0,0,0,0,0,0,0,0,0,76,0,0,912,0,0,0,0,64,0,0,0,0,0,0,0,0,26688
15,1000,0,0,0,2,2,5,5,18,6,0,0,0,0,76,32832,6,912,756,0,0,0,0,0,0,0,0,0,0,0,0,76,0,0,880,0,0,0,0,64,0,0,0,0,0,0,0,0,26624
15,1100,0,0,0,2,2,5,5,18,6,0,0,0,0,76,8192,10,880,732,0,0,0,0,0,0,0,0,0,0,0,0,76,0,0,912,0,0,0,0,64,0,0,0,0,0,0,0,0,26688
16,1000,0,0,0,2,2,5,5,18,6,0,0,0,0,76,32832,6,912,756,0,0,0,0,0,0,0,0,0,0,0,0,76,0,0,880,0,0,0,0,64,0,0,0,0,0,0,0,0,26624
16,1100,0,0,0,2,2,5,5,18,6,0,0,0,0,76,8192,10,880,732,0,0,0,0,0,0,0,0,0,0,0,0,76,0,0,912,0,0,0,0,64,0,0,0,0,0,0,0,0,26688
17,1000,0,0,0,2,2,5,5,18,6,0,0,0,0,76,32832,6,912,756,0,0,0,0,0,0,0,0,0,0,0,0,76,0,0,880,0,0,0,0,64,0,0,0,0,0,0,0,0,26624
17,1100,0,0,0,2,2,5,5,18,6,0,0,0,0,76,8192,10,880,732,0,0,0,0,0,0,0,0,0,0,0,0,76,0,0,912,0,0,0,0,64,0,0,0,0,0,0,0,0,26688
18,1000,0,0,0,2,2,5,5,18,6,0,0,0,0,76,32832,6,912,756,0,0,0,0,0,0,0,0,0,0,0,0,76,0,0,880,0,0,0,0,64,0,0,0,0,0,0,0,0,26624
18,1100,0,0,0,2,2,5,5,18,6,0,0,0,0,76,8192,10,880,732,0,0,0,0,0,0,0,0,0,0,0,0,76,0,0,912,0,0,0,0,64,0,0,0,0,0,0,0,0,26688
19,1000,0,0,0,2,2,5,5,18,6,0,0,0,0,76,32832,6,912,756,0,0,0,0,0,0,0,0,0,0,0,0,76,0,0,880,0,0,0,0,64,0,0,0,0,0,0,0,0,26624
19,1100,0,0,0,2,2,5,5,18,6,0,0,0,0,76,8192,10,880,732,0,0,0,0,0,0,0,0,0,0,0,0,76,0,0,912,0,0,0,0,64,0,0,0,0,0,0,0,0,26688
20,1000,0,0,0,2,2,5,5,18,6,0,0,0,0,76,32832,6,912,756,0,0,0,0,0,0,0,0,0,0,0,0,76,0,0,880,0,0,0,0,64,0,0,0,0,0,0,0,0,26624
20,1100,0,0,0,2,2,5,5,18,6,0,0,0,0,76,8192,10,880,732,0,0,0,0,0,0,0,0,0,0,0,0,76,0,0,912,0,0,0,0,64,0,0,0,0,0,0,0,0,26688
21,1000,0,0,0,2,2,5,5,18,6,0,0,0,0,76,32832,6,912,756,0,0,0,0,0,0,0,0,0,0,0,0,76,0,0,880,0,0,0,0,64,0,0,0,0,0,0,0,0,26624
21,1100,0,0,0,2,2,5,5,18,6,0,0,0,0,76,8192,10,880,732,0,0,0,0,0,0,0,0,0,0,0,0,76,0,0,912,0,0,0,0,64,0,0,0,0,0,0,0,0,26688
22,1000,0,0,0,2,2,5,5,18,6,0,0,0,0,76,32832,6,912,756,0,0,0,0,0,0,0,0,0,0,0,0,76,0,0,880,0,0,0,0,64,0,0,0,0,0,0,0,0,26624
22,1100,0,0,0,2,2,5,5,18,6,0,0,0,0,76,8192,10,880,732,0,0,0,0,0,0,0,0,0,0,0,0,76,0,0,912,0,0,0,0,64,0,0,0,0,0,0,0,0,26688
23,1000,0,0,0,2,2,5,5,18,6,0,0,0,0,76,32832,6,912,756,0,0,0,0,0,0,0,0,0,0,0,0,76,0,0,880,0,0,0,0,64,0,0,0,0,0,0,0,0,26624
23,1100,0,0,0,2,2,5,5,18,6,0,0,0,0,76,8192,10,880,732,0,0,0,0,0,0,0,0,0,0,0,0,76,0,0,912,0,0,0,0,64,0,0,0,0,0,0,0,0,26688
24,1000,0,0,0,2,2,5,5,18,6,0,0,0,0,76,32832,6,912,756,0,0,0,0,0,0,0,0,0,0,0,0,76,0,0,880,0,0,0,0,64,0,0,0,0,0,0,0,0,26624
24,1100,0,0,0,2,2,5,5,18,6,0,0,0,0,76,8192,10,880,732,0,0,0,0,0,0,0,0,0,0,0,0,76,0,0,912,0,0,0,0,64,0,0,0,0,0,0,0,0,26688
25,1000,0,0,0,2,2,5,5,18,6,0,0,0,0,76,32832,6,912,756,0,0,0,0,0,0,0,0,0,0,0,0,76,0,0,880,0,0,0,0,64,0,0,0,0,0,0,0,0,26624
25,1100,0,0,0,2,2,5,5,18,6,0,0,0,0,76,8192,10,880,732,0,0,0,0,0,0,0,0,0,0,0,0,76,0,0,912,0,0,0,0,64,0,0,0,0,0,0,0,0,26688
26,1000,0,0,0,2,2,5,5,18,6,0,0,0,0,76,32832,6,912,756,0,0,0,0,0,0,0,0,0,0,0,0,76,0,0,880,0,0,0,0,64,0,0,0,0,0,0,0,0,26624
26,1100,0,0,0,2,2,5,5,18,6,0,0,0,0,76,8192,10,880,732,0,0,0,0,0,0,0,0,0,0,0,0,76,0,0,912,0,0,0,0,64,0,0,0,0,0,0,0,0,26688
27,1000,0,0,0,2,2,5,5,18,6,0,0,0,0,76,32832,6,912,756,0,0,0,0,0,0,0,0,0,0,0,0,76,0,0,880,0,0,0,0,64,0,0,0,0,0,0,0,0,26624
27,1100,0,0,0,2,2,5,5,18,6,0,0,0,0,76,8192,10,880,732,0,0,0,0,0,0,0,0,0,0,0,0,76,0,0,912,0,0,0,0,64,0,0,0,0,0,0,0,0,26688
28,1000,0,0,0,2,2,5,5,18,6,0,0,0,0,76,32832,6,912,756,0,0,0,0,0,0,0,0,0,0,0,0,76,0,0,880,0,0,0,0,64,0,0,0,0,0,0,0,0,26624
28,1100,0,0,0,2,2,5,5,18,6,0,0,0,0,76,8192,10,880,732,0,0,0,0,0,0,0,0,0,0,0,0,76,0,0,912,0,0,0,0,64,0,0,0,0,0,0,0,0,26688
29,1000,0,0,0,2,2,5,5,18,6,0,0,0,0,76,32832,6,912,756,0,0,0,0,0,0,0,0,0,0,0,0,76,0,0,880,0,0,0,0,64,0,0,0,0,0,0,0,0,26624
29,1100,0,0,0,2,2,5,5,18,6,0,0,0,0,76,8192,10,880,732,0,0,0,0,0,0,0,0,0,0,0,0,76,0,0,912,0,0,0,0,64,0,0,0,0,0,0,0,0,26688
30,1000,0,0,0,2,2,5,5,18,6,0,0,0,0,76,32832,6,912,756,0,0,0,0,0,0,0,0,0,0,0,0,76,0,0,880,0,0,0,0,64,0,0,0,0,0,0,0,0,26624
30,1100,0,0,0,2,2,5,5,18,6,0,0,0,0,76,8192,10,880,732,0,0,0,0,0,0,0,0,0,0,0,0,76,0,0,912,0,0,0,0,64,0,0,0,0,0,0,0,0,26688
31,1000,0,0,0,2,2,5,5,18,6,0,0,0,0,76,32832,6,912,756,0,0,0,0,0,0,0,0,0,0,0,0,76,0,0,880,0,0,0,0,64,0,0,0,0,0,0,0,0,26624
31,1100,0,0,0,2,2,5,5,18,6,0,0,0,0,76,8192,10,880,732,0,0,0,0,0,0,0,0,0,0,0,0,76,0,0,912,0,0,0,0,64,0,0,0,0,0,0,0,0,26688
32,1000,0,0,0,2,2,5,5,18,6,0,0,0,0,76,32832,6,912,756,0,0,0,0,0,0,0,0,0,0,0,0,76,0,0,880,0,0,0,0,64,0,0,0,0,0,0,0,0,26624
32,1100,0,0,0,2,2,5,5,18,6,0,0,0,0,76,8192,10,880,732,0,0,0,0,0,0,0,0,0,0,0,0,76,0,0,912,0,0,0,0,64,0,0,0,0,0,0,0,0,26688
33,1000,0,0,0,2,2,5,5,18,6,0,0,0,0,76,32832,6,912,756,0,0,0,0,0,0,0,0,0,0,0,0,76,0,0,880,0,0,0,0,64,0,0,0,0,0,0,0,0,26624
33,1100,0,0,0,2,2,5,5,18,6,0,0,0,0,76,8192,10,880,732,0,0,0,0,0,0,0,0,0,0,0,0,76,0,0,912,0,0,0,0,64,0,0,0,0,0,0,0,0,26688
34,1000,0,0,0,2,2,5,5,18,6,0,0,0,0,76,32832,6,912,756,0,0,0,0,0,0,0,0,0,0,0,0,76,0,0,880,0,0,0,0,64,0,0,0,0,0,0,0,0,26624
34,1100,0,0,0,2,2,5,5,18,6,0,0,0,0,76,8192,10,880,732,0,0,0,0,0,0,0,0,0,0,0,0,76,0,0,912,0,0,0,0,64,0,0,0,0,0,0,0,0,26688
35,1000,0,0,0,2,2,5,5,18,6,0,0,0,0,76,32832,6,912,756,0,0,0,0,0,0,0,0,0,0,0,0,76,0,0,880,0,0,0,0,64,0,0,0,0,0,0,0,0,26624
35,1100,0,0,0,2,2,5,5,18,6,0,0,0,0,76,8192,10,880,732,0,0,0,0,0,0,0,0,0,0,0,0,76,0,0,912,0,0,0,0,64,0,0,0,0,0,0,0,0,26688
36,1000,0,0,0,2,2,5,5,18,6,0,0,0,0,76,32832,6,912,756,0,0,0,0,0,0,0,0,0,0,0,0,76,0,0,880,0,0,0,0,64,0,0,0,0,0,0,0,0,26624
36,1100,0,0,0,2,2,5,5,18,6,0,0,0,0,76,8192,10,880,732,0,0,0,0,0,0,0,0,0,0,0,0,76,0,0,912,0,0,0,0,64,0,0,0,0,0,0,0,0,26688
37,1000,0,0,0,2,2,5,5,18,6,0,0,0,0,76,32832,6,912,756,0,0,0,0,0,0,0,0,0,0,0,0,76,0,0,880,0,0,0,0,64,0,0,0,0,0,0,0,0,26624
37,1100,0,0,0,2,2,5,5,18,6,0,0,0,0,76,8192,10,880,732,0,0,0,0,0,0,0,0,0,0,0,0,76,0,0,912,0,0,0,0,64,0,0,0,0,0,0,0,0,26688
38,1000,0,0,0,2,2,5,5,18,6,0,0,0,0,76,32832,6,912,756,0,0,0,0,0,0,0,0,0,0,0,0,76,0,0,880,0,0,0,0,64,0,0,0,0,0,0,0,0,26624
38,1100,0,0,0,2,2,5,5,18,6,0,0,0,0,76,8192,10,880,732,0,0,0,0,0,0,0,0,0,0,0,0,76,0,0,912,0,0,0,0,64,0,0,0,0,0,0,0,0,26688
39,1000,0,0,0,2,2,5,5,18,6,0,0,0,0,76,32832,6,912,756,0,0,0,0,0,0,0,0,0,0,0,0,76,0,0,880,0,0,0,0,64,0,0,0,0,0,0,0,0,26624
39,1100,0,0,0,2,2,5,5,18,6,0,0,0,0,76,8192,10,880,732,0,0,0,0,0,0,0,0,0,0,0,0,76,0,0,912,0,0,0,0,64,0,0,0,0,0,0,0,0,26688
40,1000,0,0,0,2,2,5,5,18,6,0,0,0,0,76,32832,6,912,756,0,0,0,0,0,0,0,0,0,0,0,0,76,0,0,880,0,0,0,0,64,0,0,0,0,0,0,0,0,26624
40,1100,0,0,0,2,2,5,5,18,6,0,0,0,0,76,8192,10,880,732,0,0,0,0,0,0,0,0,0,0,0,0,76,0,0,912,0,0,0,0,64,0,0,0,0,0,0,0,0,26688
41,1000,0,0,0,2,2,5,5,18,6,0,0,0,0,76,32832,6,912,756,0,0,0,0,0,0,0,0,0,0,0,0,76,0,0,880,0,0,0,0,64,0,0,0,0,0,0,0,0,26624
41,1100,0,0,0,2,2,5,5,18,6,0,0,0,0,76,8192,10,880,732,0,0,0,0,0,0,0,0,0,0,0,0,76,0,0,912,0,0,0,0,64,0,0,0,0,0,0,0,0,26688
42,1000,0,0,0,2,2,5,5,18,6,0,0,0,0,76,32832,6,912,756,0,0,0,0,0,0,0,0,0,0,0,0,76,0,0,880,0,0,0,0,64,0,0,0,0,0,0,0,0,26624
42,1100,0,0,0,2,2,5,5,18,6,0,0,0,0,76,8192,10,880,732,0,0,0,0,0,0,0,0,0,0,0,0,76,0,0,912,0,0,0,0,64,0,0,0,0,0,0,0,0,26688
43,1000,0,0,0,2,2,5,5,18,6,0,0,0,0,76,32832,6,912,756,0,0,0,0,0,0,0,0,0,0,0,0,76,0,0,880,0,0,0,0,64,0,0,0,0,0,0,0,0,26624
43,1100,0,0,0,2,2,5,5,18,6,0,0,0,0,76,8192,10,880,732,0,0,0,0,0,0,0,0,0,0,0,0,76,0,0,912,0,0,0,0,64,0,0,0,0,0,0,0,0,26688
44,1000,0,0,0,2,2,5,5,18,6,0,0,0,0,76,32832,6,912,756,0,0,0,0,0,0,0,0,0,0,0,0,76,0,0,880,0,0,0,0,64,0,0,0,0,0,0,0,0,26624
44,1100,0,0,0,2,2,5,5,18,6,0,0,0,0,76,8192,10,880,732,0,0,0,0,0,0,0,0,0,0,0,0,76,0,0,912,0,0,0,0,64,0,0,0,0,0,0,0,0,26688
45,1000,0,0,0,2,2,5,5,18,6,0,0,0,0,76,32832,6,912,756,0,0,0,0,0,0,0,0,0,0,0,0,76,0,0,880,0,0,0,0,64,0,0,0,0,0,0,0,0,26624
45,1100,0,0,0,2,2,5,5,18,6,0,0,0,0,76,8192,10,880,732,0,0,0,0,0,0,0,0,0,0,0,0,76,0,0,912,0,0,0,0,64,0,0,0,0,0,0,0,0,26688
46,1000,0,0,0,2,2,5,5,18,6,0,0,0,0,76,32832,6,912,756,0,0,0,0,0,0,0,0,0,0,0,0,76,0,0,880,0,0,0,0,64,0,0,0,0,0,0,0,0,26624
46,1100,0,0,0,2,2,5,5,18,6,0,0,0,0,76,8192,10,880,732,0,0,0,0,0,0,0,0,0,0,0,0,76,0,0,912,0,0,0,0,64,0,0,0,0,0,0,0,0,26688
47,1000,0,0,0,2,2,5,5,18,6,0,0,0,0,76,32832,6,912,756,0,0,0,0,0,0,0,0,0,0,0,0,76,0,0,880,0,0,0,0,64,0,0,0,0,0,0,0,0,26624
47,1100,0,0,0,2,2,5,5,18,6,0,0,0,0,76,8192,10,880,732,0,0,0,0,0,0,0,0,0,0,0,0,76,0,0,912,0,0,0,0,64,0,0,0,0,0,0,0,0,26688
48,1000,0,0,0,2,2,5,5,18,6,0,0,0,0,76,32832,6,912,756,0,0,0,0,0,0,0,0,0,0,0,0,76,0,0,880,0,0,0,0,64,0,0,0,0,0,0,0,0,26624
48,1100,0,0,0,2,2,5,5,18,6,0,0,0,0,76,8192,10,880,732,0,0,0,0,0,0,0,0,0,0,0,0,76,0,0,912,0,0,0,0,64,0,0,0,0,0,0,0,0,26688
49,1000,0,0,0,2,2,5,5,18,6,0,0,0,0,76,32832,6,912,756,0,0,0,0,0,0,0,0,0,0,0,0,76,0,0,880,0,0,0,0,64,0,0,0,0,0,0,0,0,26624
49,1100,0,0,0,2,2,5,5,18,6,0,0,0,0,76,8192,10,880,732,0,0,0,0,0,0,0,0,0,0,0,0,76,0,0,912,0,0,0,0,64,0,0,0,0,0,0,0,0,26688
50,1000,0,0,0,2,2,5,5,18,6,0,0,0,0,76,32832,6,912,756,0,0,0,0,0,0,0,0,0,0,0,0,76,0,0,880,0,0,0,0,64,0,0,0,0,0,0,0,0,26624
50,1100,0,0,0,2,2,5,5,18,6,0,0,0,0,76,8192,10,880,732,0,0,0,0,0,0,0,0,0,0,0,0,76,0,0,912,0,0,0,0,64,0,0,0,0,0,0,0,0,26688
51,1000,0,0,0,2,2,5,5,18,6,0,0,0,0,76,32832,6,912,756,0,0,0,0,0,0,0,0,0,0,0,0,76,0,0,880,0,0,0,0,64,0,0,0,0,0,0,0,0,26624
51,1100,0,0,0,2,2,5,5,18,6,0,0,0,0,76,8192,10,880,732,0,0,0,0,0,0,0,0,0,0,0,0,76,0,0,912,0,0,0,0,64,0,0,0,0,0,0,0,0,26688
52,1000,0,0,0,2,2,5,5,18,6,0,0,0,0,76,32832,6,912,756,0,0,0,0,0,0,0,0,0,0,0,0,76,0,0,880,0,0,0,0,64,0,0,0,0,0,0,0,0,26624
52,1100,0,0,0,2,2,5,5,18,6,0,0,0,0,76,8192,10,880,732,0,0,0,0,0,0,0,0,0,0,0,0,76,0,0,912,0,0,0,0,64,0,0,0,0,0,0,0,0,26688
53,1000,0,0,0,2,2,5,5,18,6,0,0,0,0,76,32832,6,912,756,0,0,0,0,0,0,0,0,0,0,0,0,76,0,0,880,0,0,0,0,64,0,0,0,0,0,0,0,0,26624
53,1100,0,0,0,2,2,5,5,18,6,0,0,0,0,76,8192,10,880,732,0,0,0,0,0,0,0,0,0,0,0,0,76,0,0,912,0,0,0,0,64,0,0,0,0,0,0,0,0,26688
54,1000,0,0,0,2,2,5,5,18,6,0,0,0,0,76,32832,6,912,756,0,0,0,0,0,0,0,0,0,0,0,0,76,0,0,880,0,0,0,0,64,0,0,0,0,0,0,0,0,26624
54,1100,0,0,0,2,2,5,5,18,6,0,0,0,0,76,8192,10,880,732,0,0,0,0,0,0,0,0,0,0,0,0,76,0,0,912,0,0,0,0,64,0,0,0,0,0,0,0,0,26688
55,1000,0,0,0,2,2,5,5,18,6,0,0,0,0,76,32832,6,912,756,0,0,0,0,0,0,0,0,0,0,0,0,76,0,0,880,0,0,0,0,64,0,0,0,0,0,0,0,0,26624
55,1100,0,0,0,2,2,5,5,18,6,0,0,0,0,76,8192,10,880,732,0,0,0,0,0,0,0,0,0,0,0,0,76,0,0,912,0,0,0,0,64,0,0,0,0,0,0,0,0,26688
56,1000,0,0,0,2,2,5,5,18,6,0,0,0,0,76,32832,6,912,756,0,0,0,0,0,0,0,0,0,0,0,0,76,0,0,880,0,0,0,0,64,0,0,0,0,0,0,0,0,26624
56,1100,0,0,0,2,2,5,5,18,6,0,0,0,0,76,8192,10,880,732,0,0,0,0,0,0,0,0,0,0,0,0,76,0,0,912,0,0,0,0,64,0,0,0,0,0,0,0,0,26688
57,1000,0,0,0,2,2,5,5,18,6,0,0,0,0,76,32832,6,912,756,0,0,0,0,0,0,0,0,0,0,0,0,76,0,0,880,0,0,0,0,64,0,0,0,0,0,0,0,0,26624
57,1100,0,0,0,2,2,5,5,18,6,0,0,0,0,76,8192,10,880,732,0,0,0,0,0,0,0,0,0,0,0,0,76,0,0,912,0,0,0,0,64,0,0,0,0,0,0,0,0,26688
58,1000,0,0,0,2,2,5,5,18,6,0,0,0,0,76,32832,6,912,756,0,0,0,0,0,0,0,0,0,0,0,0,76,0,0,880,0,0,0,0,64,0,0,0,0,0,0,0,0,26624
58,1100,0,0,0,2,2,5,5,18,6,0,0,0,0,76,8192,10,880,732,0,0,0,0,0,0,0,0,0,0,0,0,76,0,0,912,0,0,0,0,64,0,0,0,0,0,0,0,0,26688
59,1000,0,0,0,2,2,5,5,18,6,0,0,0,0,76,32832,6,912,756,0,0,0,0,0,0,0,0,0,0,0,0,76,0,0,880,0,0,0,0,64,0,0,0,0,0,0,0,0,26624
59,1100,0,0,0,2,2,5,5,18,6,0,0,0,0,76,8192,10,880,732,0,0,0,0,0,0,0,0,0,0,0,0,76,0,0,912,0,0,0,0,64,0,0,0,0,0,0,0,0,26688
60,1000,0,0,0,2,2,5,5,18,6,0,0,0,0,76,32832,6,912,756,0,0,0,0,0,0,0,0,0,0,0,0,76,0,0,880,0,0,0,0,64,0,0,0,0,0,0,0,0,26624
60,1100,0,0,0,2,2,5,5,18,6,0,0,0,0,76,8192,10,880,732,0,0,0,0,0,0,0,0,0,0,0,0,76,0,0,912,0,0,0,0,64,0,0,0,0,0,0,0,0,26688
61,1000,0,0,0,2,2,5,5,18,6,0,0,0,0,76,32832,6,912,756,0,0,0,0,0,0,0,0,0,0,0,0,76,0,0,880,0,0,0,0,64,0,0,0,0,0,0,0,0,26624
61,1100,0,0,0,2,2,5,5,18,6,0,0,0,0,76,8192,10,880,732,0,0,0,0,0,0,0,0,0,0,0,0,76,0,0,912,0,0,0,0,64,0,0,0,0,0,0,0,0,26688
62,1000,0,0,0,2,2,5,5,18,6,0,0,0,0,76,32832,6,912,756,0,0,0,0,0,0,0,0,0,0,0,0,76,0,0,880,0,0,0,0,64,0,0,0,0,0,0,0,0,26624
62,1100,0,0,0,2,2,5,5,18,6,0,0,0,0,76,8192,10,880,732,0,0,0,0,0,0,0,0,0,0,0,0,76,0,0,912,0,0,0,0,64,0,0,0,0,0,0,0,0,26688
63,1000,0,0,0,2,2,5,5,18,6,0,0,0,0,76,32832,6,912,756,0,0,0,0,0,0,0,0,0,0,0,0,76,0,0,880,0,0,0,0,64,0,0,0,0,0,0,0,0,26624
63,1100,0,0,0,2,2,5,5,18,6,0,0,0,0,76,8192,10,880,732,0,0,0,0,0,0,0,0,0,0,0,0,76,0,0,912,0,0,0,0,64,0,0,0,0,0,0,0,0,26688
64,1000,0,0,0,2,2,5,5,18,6,0,0,0,0,76,32832,6,912,756,0,0,0,0,0,0,0,0,0,0,0,0,76,0,0,880,0,0,0,0,64,0,0,0,0,0,0,0,0,26624
64,1100,0,0,0,2,2,5,5,18,6,0,0,0,0,76,8192,10,880,732,0,0,0,0,0,0,0,0,0,0,0,0,76,0,0,912,0,0,0,0,64,0,0,0,0,0,0,0,0,26688
65,1000,0,0,0,2,2,5,5,18,6,0,0,0,0,76,32832,6,912,756,0,0,0,0,0,0,0,0,0,0,0,0,76,0,0,880,0,0,0,0,64,0,0,0,0,0,0,0,0,26624
65,1100,0,0,0,2,2,5,5,18,6,0,0,0,0,76,8192,10,880,732,0,0,0,0,0,0,0,0,0,0,0,0,76,0,0,912,0,0,0,0,64,0,0,0,0,0,0,0,0,26688
66,1000,0,0,0,2,2,5,5,18,6,0,0,0,0,76,32832,6,912,756,0,0,0,0,0,0,0,0,0,0,0,0,76,0,0,880,0,0,0,0,64,0,0,0,0,0,0,0,0,26624
66,1100,0,0,0,2,2,5,5,18,6,0,0,0,0,76,8192,10,880,732,0,0,0,0,0,0,0,0,0,0,0,0,76,0,0,912,0,0,0,0,64,0,0,0,0,0,0,0,0,26688
67,1000,0,0,0,2,2,5,5,18,6,0,0,0,0,76,32832,6,912,756,0,0,0,0,0,0,0,0,0,0,0,0,76,0,0,880,0,0,0,0,64,0,0,0,0,0,0,0,0,26624
67,1100,0,0,0,2,2,5,5,18,6,0,0,0,0,76,8192,10,880,732,0,0,0,0,0,0,0,0,0,0,0,0,76,0,0,912,0,0,0,0,64,0,0,0,0,0,0,0,0,26688
68,1000,0,0,0,2,2,5,5,18,6,0,0,0,0,76,32832,6,912,756,0,0,0,0,0,0,0,0,0,0,0,0,76,0,0,880,0,0,0,0,64,0,0,0,0,0,0,0,0,26624
68,1100,0,0,0,2,2,5,5,18,6,0,0,0,0,76,8192,10,880,732,0,0,0,0,0,0,0,0,0,0,0,0,76,0,0,912,0,0,0,0,64,0,0,0,0,0,0,0,0,26688
69,1000,0,0,0,2,2,5,5,18,6,0,0,0,0,76,32832,6,912,756,0,0,0,0,0,0,0,0,0,0,0,0,76,0,0,880,0,0,0,0,64,0,0,0,0,0,0,0,0,26624
69,1100,0,0,0,2,2,5,5,18,6,0,0,0,0,76,8192,10,880,732,0,0,0,0,0,0,0,0,0,0,0,0,76,0,0,912,0,0,0,0,64,0,0,0,0,0,0,0,0,26688
70,1000,0,0,0,2,2,5,5,18,6,0,0,0,0,76,32832,6,912,756,0,0,0,0,0,0,0,0,0,0,0,0,76,0,0,880,0,0,0,0,64,0,0,0,0,0,0,0,0,26624
70,1100,0,0,0,2,2,5,5,18,6,0,0,0,0,76,8192,10,880,732,0,0,0,0,0,0,0,0,0,0,0,0,76,0,0,912,0,0,0,0,64,0,0,0,0,0,0,0,0,26688
71,1000,0,0,0,2,2,5,5,18,6,0,0,0,0,76,32832,6,912,756,0,0,0,0,0,0,0,0,0,0,0,0,76,0,0,880,0,0,0,0,64,0,0,0,0,0,0,0,0,26624
71,1100,0,0,0,2,2,5,5,18,6,0,0,0,0,76,8192,10,880,732,0,0,0,0,0,0,0,0,0,0,0,0,76,0,0,912,0,0,0,0,64,0,0,0,0,0,0,0,0,26688
72,1000,0,0,0,2,2,5,5,18,6,0,0,0,0,76,32832,6,912,756,0,0,0,0,0,0,0,0,0,0,0,0,76,0,0,880,0,0,0,0,64,0,0,0,0,0,0,0,0,26624
72,1100,0,0,0,2,2,5,5,18,6,0,0,0,0,76,8192,10,880,732,0,0,0,0,0,0,0,0,0,0,0,0,76,0,0,912,0,0,0,0,64,0,0,0,0,0,0,0,0,26688
73,1000,0,0,0,2,2,5,5,18,6,0,0,0,0,76,32832,6,912,756,0,0,0,0,0,0,0,0,0,0,0,0,76,0,0,880,0,0,0,0,64,0,0,0,0,0,0,0,0,26624
73,1100,0,0,0,2,2,5,5,18,6,0,0,0,0,76,8192,10,880,732,0,0,0,0,0,0,0,0,0,0,0,0,76,0,0,912,0,0,0,0,64,0,0,0,0,0,0,0,0,26688
74,1000,0,0,0,2,2,5,5,18,6,0,0,0,0,76,32832,6,912,756,0,0,0,0,0,0,0,0,0,0,0,0,76,0,0,880,0,0,0,0,64,0,0,0,0,0,0,0,0,26624
74,1100,0,0,0,2,2,5,5,18,6,0,0,0,0,76,8192,10,880,732,0,0,0,0,0,0,0,0,0,0,0,0,76,0,0,912,0,0,0,0,64,0,0,0,0,0,0,0,0,26688
75,1000,0,0,0,2,2,5,5,18,6,0,0,0,0,76,32832,6,912,756,0,0,0,0,0,0,0,0,0,0,0,0,76,0,0,880,0,0,0,0,64,0,0,0,0,0,0,0,0,26624
75,1100,0,0,0,2,2,5,5,18,6,0,0,0,0,76,8192,10,880,732,0,0,0,0,0,0,0,0,0,0,0,0,76,0,0,912,0,0,0,0,64,0,0,0,0,0,0,0,0,26688
76,1000,0,0,0,2,2,5,5,18,6,0,0,0,0,76,32832,6,912,756,0,0,0,0,0,0,0,0,0,0,0,0,76,0,0,880,0,0,0,0,64,0,0,0,0,0,0,0,0,26624
76,1100,0,0,0,2,2,5,5,18,6,0,0,0,0,76,8192,10,880,732,0,0,0,0,0,0,0,0,0,0,0,0,76,0,0,912,0,0,0,0,64,0,0,0,0,0,0,0,0,26688
77,1000,0,0,0,2,2,5,5,18,6,0,0,0,0,76,32832,6,912,756,0,0,0,0,0,0,0,0,0,0,0,0,76,0,0,880,0,0,0,0,64,0,0,0,0,0,0,0,0,26624
77,1100,0,0,0,2,2,5,5,18,6,0,0,0,0,76,8192,10,880,732,0,0,0,0,0,0,0,0,0,0,0,0,76,0,0,912,0,0,0,0,64,0,0,0,0,0,0,0,0,26688
78,1000,0,0,0,2,2,5,5,18,6,0,0,0,0,76,32832,6,912,756,0,0,0,0,0,0,0,0,0,0,0,0,76,0,0,880,0,0,0,0,64,0,0,0,0,0,0,0,0,26624
78,1100,0,0,0,2,2,5,5,18,6,0,0,0,0,76,8192,10,880,732,0,0,0,0,0,0,0,0,0,0,0,0,76,0,0,912,0,0,0,0,64,0,0,0,0,0,0,0,0,26688
79,1000,0,0,0,2,2,5,5,18,6,0,0,0,0,76,32832,6,912,756,0,0,0,0,0,0,0,0,0,0,0,0,76,0,0,880,0,0,0,0,64,0,0,0,0,0,0,0,0,26624
79,1100,0,0,0,2,2,5,5,18,6,0,0,0,0,76,8192,10,880,732,0,0,0,0,0,0,0,0,0,0,0,0,76,0,0,912,0,0,0,0,64,0,0,0,0,0,0,0,0,26688
80,1000,0,0,0,2,2,5,5,18,6,0,0,0,0,76,32832,6,912,756,0,0,0,0,0,0,0,0,0,0,0,0,76,0,0,880,0,0,0,0,64,0,0,0,0,0,0,0,0,26624
80,1100,0,0,0,2,2,5,5,18,6,0,0,0,0,76,8192,10,880,732,0,0,0,0,0,0,0,0,0,0,0,0,76,0,0,912,0,0,0,0,64,0,0,0,0,0,0,0,0,26688
81,1000,0,0,0,2,2,5,5,18,6,0,0,0,0,76,32832,6,912,756,0,0,0,0,0,0,0,0,0,0,0,0,76,0,0,880,0,0,0,0,64,0,0,0,0,0,0,0,0,26624
81,1100,0,0,0,2,2,5,5,18,6,0,0,0,0,76,8192,10,880,732,0,0,0,0,0,0,0,0,0,0,0,0,76,0,0,912,0,0,0,0,64,0,0,0,0,0,0,0,0,26688
82,1000,0,0,0,2,2,5,5,18,6,0,0,0,0,76,32832,6,912,756,0,0,0,0,0,0,0,0,0,0,0,0,76,0,0,880,0,0,0,0,64,0,0,0,0,0,0,0,0,26624
82,1100,0,0,0,2,2,5,5,18,6,0,0,0,0,76,8192,10,880,732,0,0,0,0,0,0,0,0,0,0,0,0,76,0,0,912,0,0,0,0,64,0,0,0,0,0,0,0,0,26688
83,1000,0,0,0,2,2,5,5,18,6,0,0,0,0,76,32832,6,912,756,0,0,0,0,0,0,0,0,0,0,0,0,76,0,0,880,0,0,0,0,64,0,0,0,0,0,0,0,0,26624
83,1100,0,0,0,2,2,5,5,18,6,0,0,0,0,76,8192,10,880,732,0,0,0,0,0,0,0,0,0,0,0,0,76,0,0,912,0,0,0,0,64,0,0,0,0,0,0,0,0,26688
84,1000,0,0,0,2,2,5,5,18,6,0,0,0,0,76,32832,6,912,756,0,0,0,0,0,0,0,0,0,0,0,0,76,0,0,880,0,0,0,0,64,0,0,0,0,0,0,0,0,26624
84,1100,0,0,0,2,2,5,5,18,6,0,0,0,0,76,8192,10,880,732,0,0,0,0,0,0,0,0,0,0,0,0,76,0,0,912,0,0,0,0,64,0,0,0,0,0,0,0,0,26688
85,1000,0,0,0,2,2,5,5,18,6,0,0,0,0,76,32832,6,912,756,0,0,0,0,0,0,0,0,0,0,0,0,76,0,0,880,0,0,0,0,64,0,0,0,0,0,0,0,0,26624
85,1100,0,0,0,2,2,5,5,18,6,0,0,0,0,76,8192,10,880,732,0,0,0,0,0,0,0,0,0,0,0,0,76,0,0,912,0,0,0,0,64,0,0,0,0,0,0,0,0,26688
86,1000,0,0,0,2,2,5,5,18,6,0,0,0,0,76,32832,6,912,756,0,0,0,0,0,0,0,0,0,0,0,0,76,0,0,880,0,0,0,0,64,0,0,0,0,0,0,0,0,26624
86,1100,0,0,0,2,2,5,5,18,6,0,0,0,0,76,8192,10,880,732,0,0,0,0,0,0,0,0,0,0,0,0,76,0,0,912,0,0,0,0,64,0,0,0,0,0,0,0,0,26688
87,1000,0,0,0,2,2,5,5,18,6,0,0,0,0,76,32832,6,912,756,0,0,0,0,0,0,0,0,0,0,0,0,76,0,0,880,0,0,0,0,64,0,0,0,0,0,0,0,0,26624
87,1100,0,0,0,2,2,5,5,18,6,0,0,0,0,76,8192,10,880,732,0,0,0,0,0,0,0,0,0,0,0,0,76,0,0,912,0,0,0,0,64,0,0,0,0,0,0,0,0,26688
88,1000,0,0,0,2,2,5,5,18,6,0,0,0,0,76,32832,6,912,756,0,0,0,0,0,0,0,0,0,0,0,0,76,0,0,880,0,0,0,0,64,0,0,0,0,0,0,0,0,26624
88,1100,0,0,0,2,2,5,5,18,6,0,0,0,0,76,8192,10,880,732,0,0,0,0,0,0,0,0,0,0,0,0,76,0,0,912,0,0,0,0,64,0,0,0,0,0,0,0,0,26688
89,1000,0,0,0,2,2,5,5,18,6,0,0,0,0,76,32832,6,912,756,0,0,0,0,0,0,0,0,0,0,0,0,76,0,0,880,0,0,0,0,64,0,0,0,0,0,0,0,0,26624
89,1100,0,0,0,2,2,5,5,18,6,0,0,0,0,76,8192,10,880,732,0,0,0,0,0,0,0,0,0,0,0,0,76,0,0,912,0,0,0,0,64,0,0,0,0,0,0,0,0,26688
90,1000,0,0,0,2,2,5,5,18,6,0,0,0,0,76,32832,6,912,756,0,0,0,0,0,0,0,0,0,0,0,0,76,0,0,880,0,0,0,0,64,0,0,0,0,0,0,0,0,26624
90,1100,0,0,0,2,2,5,5,18,6,0,0,0,0,76,8192,10,880,732,0,0,0,0,0,0,0,0,0,0,0,0,76,0,0,912,0,0,0,0,64,0,0,0,0,0,0,0,0,26688
91,1000,0,0,0,2,2,5,5,18,6,0,0,0,0,76,32832,6,912,756,0,0,0,0,0,0,0,0,0,0,0,0,76,0,0,880,0,0,0,0,64,0,0,0,0,0,0,0,0,26624
91,1100,0,0,0,2,2,5,5,18,6,0,0,0,0,76,8192,10,880,732,0,0,0,0,0,0,0,0,0,0,0,0,76,0,0,912,0,0,0,0,64,0,0,0,0,0,0,0,0,26688
92,1000,0,0,0,2,2,5,5,18,6,0,0,0,0,76,32832,6,912,756,0,0,0,0,0,0,0,0,0,0,0,0,76,0,0,880,0,0,0,0,64,0,0,0,0,0,0,0,0,26624
92,1100,0,0,0,2,2,5,5,18,6,0,0,0,0,76,8192,10,880,732,0,0,0,0,0,0,0,0,0,0,0,0,76,0,0,912,0,0,0,0,64,0,0,0,0,0,0,0,0,26688
93,1000,0,0,0,2,2,5,5,18,6,0,0,0,0,76,32832,6,912,756,0,0,0,0,0,0,0,0,0,0,0,0,76,0,0,880,0,0,0,0,64,0,0,0,0,0,0,0,0,26624
93,1100,0,0,0,2,2,5,5,18,6,0,0,0,0,76,8192,10,880,732,0,0,0,0,0,0,0,0,0,0,0,0,76,0,0,912,0,0,0,0,64,0,0,0,0,0,0,0,0,26688
94,1000,0,0,0,2,2,5,5,18,6,0,0,0,0,76,32832,6,912,756,0,0,0,0,0,0,0,0,0,0,0,0,76,0,0,880,0,0,0,0,64,0,0,0,0,0,0,0,0,26624
94,1100,0,0,0,2,2,5,5,18,6,0,0,0,0,76,8192,10,880,732,0,0,0,0,0,0,0,0,0,0,0,0,76,0,0,912,0,0,0,0,64,0,0,0,0,0,0,0,0,26688
95,1000,0,0,0,2,2,5,5,18,6,0,0,0,0,76,32832,6,912,756,0,0,0,0,0,0,0,0,0,0,0,0,76,0,0,880,0,0,0,0,64,0,0,0,0,0,0,0,0,26624
95,1100,0,0,0,2,2,5,5,18,6,0,0,0,0,76,8192,10,880,732,0,0,0,0,0,0,0,0,0,0,0,0,76,0,0,912,0,0,0,0,64,0,0,0,0,0,0,0,0,26688
96,1000,0,0,0,2,2,5,5,18,6,0,0,0,0,76,32832,6,912,756,0,0,0,0,0,0,0,0,0,0,0,0,76,0,0,880,0,0,0,0,64,0,0,0,0,0,0,0,0,26624
96,1100,0,0,0,2,2,5,5,18,6,0,0,0,0,76,8192,10,880,732,0,0,0,0,0,0,0,0,0,0,0,0,76,0,0,912,0,0,0,0,64,0,0,0,0,0,0,0,0,26688
97,1000,0,0,0,2,2,5,5,18,6,0,0,0,0,76,32832,6,912,756,0,0,0,0,0,0,0,0,0,0,0,0,76,0,0,880,0,0,0,0,64,0,0,0,0,0,0,0,0,26624
97,1100,0,0,0,2,2,5,5,18,6,0,0,0,0,76,8192,10,880,732,0,0,0,0,0,0,0,0,0,0,0,0,76,0,0,912,0,0,0,0,64,0,0,0,0,0,0,0,0,26688
98,1000,0,0,0,2,2,5,5,18,6,0,0,0,0,76,32832,6,912,756,0,0,0,0,0,0,0,0,0,0,0,0,76,0,0,880,0,0,0,0,64,0,0,0,0,0,0,0,0,26624
98,1100,0,0,0,2,2,5,5,18,6,0,0,0,0,76,8192,10,880,732,0,0,0,0,0,0,0,0,0,0,0,0,76,0,0,912,0,0,0,0,64,0,0,0,0,0,0,0,0,26688
99,1000,0,0,0,2,2,5,5,18,6,0,0,0,0,76,32832,6,912,756,0,0,0,0,0,0,0,0,0,0,0,0,76,0,0,880,0,0,0,0,64,0,0,0,0,0,0,0,0,26624
99,1100,0,0,0,2,2,5,5,18,6,0,0,0,0,76,8192,10,880,732,0,0,0,0,0,0,0,0,0,0,0,0,76,0,0,912,0,0,0,0,64,0,0,0,0,0,0,0,0,26688
100,1000,0,0,0,2,2,5,5,18,6,0,0,0,0,76,32832,6,912,756,0,0,0,0,0,0,0,0,0,0,0,0,76,0,0,880,0,0,0,0,64,0,0,0,0,0,0,0,0,26624
100,1100,0,0,0,2,2,5,5,18,6,0,0,0,0,76,8192,10,880,732,0,0,0,0,0,0,0,0,0,0,0,0,76,0,0,912,0,0,0,0,64,0,0,0,0,0,0,0,0,26688
101,1000,0,0,0,2,2,5,5,18,6,0,0,0,0,76,32832,6,912,756,0,0,0,0,0,0,0,0,0,0,0,0,76,0,0,880,0,0,0,0,64,0,0,0,0,0,0,0,0,26624
101,1100,0,0,0,2,2,5,5,18,6,0,0,0,0,76,8192,10,880,732,0,0,0,0,0,0,0,0,0,0,0,0,76,0,0,912,0,0,0,0,64,0,0,0,0,0,0,0,0,26688
102,1000,0,0,0,2,2,5,5,18,6,0,0,0,0,76,32832,6,912,756,0,0,0,0,0,0,0,0,0,0,0,0,76,0,0,880,0,0,0,0,64,0,0,0,0,0,0,0,0,26624
102,1100,0,0,0,2,2,5,5,18,6,0,0,0,0,76,8192,10,880,732,0,0,0,0,0,0,0,0,0,0,0,0,76,0,0,912,0,0,0,0,64,0,0,0,0,0,0,0,0,26688
103,1000,0,0,0,2,2,5,5,18,6,0,0,0,0,76,32832,6,912,756,0,0,0,0,0,0,0,0,0,0,0,0,76,0,0,880,0,0,0,0,64,0,0,0,0,0,0,0,0,26624
103,1100,0,0,0,2,2,5,5,18,6,0,0,0,0,76,8192,10,880,732,0,0,0,0,0,0,0,0,0,0,0,0,76,0,0,912,0,0,0,0,64,0,0,0,0,0,0,0,0,26688
104,1000,0,0,0,2,2,5,5,18,6,0,0,0,0,76,32832,6,912,756,0,0,0,0,0,0,0,0,0,0,0,0,76,0,0,880,0,0,0,0,64,0,0,0,0,0,0,0,0,26624
104,1100,0,0,0,2,2,5,5,18,6,0,0,0,0,76,8192,10,880,732,0,0,0,0,0,0,0,0,0,0,0,0,76,0,0,912,0,0,0,0,64,0,0,0,0,0,0,0,0,26688
105,1000,0,0,0,2,2,5,5,18,6,0,0,0,0,76,32832,6,912,756,0,0,0,0,0,0,0,0,0,0,0,0,76,0,0,880,0,0,0,0,64,0,0,0,0,0,0,0,0,26624
105,1100,0,0,0,2,2,5,5,18,6,0,0,0,0,76,8192,10,880,732,0,0,0,0,0,0,0,0,0,0,0,0,76,0,0,912,0,0,0,0,64,0,0,0,0,0,0,0,0,26688
106,1000,0,0,0,2,2,5,5,18,6,0,0,0,0,76,32832,6,912,756,0,0,0,0,0,0,0,0,0,0,0,0,76,0,0,880,0,0,0,0,64,0,0,0,0,0,0,0,0,26624
106,1100,0,0,0,2,2,5,5,18,6,0,0,0,0,76,8192,10,880,732,0,0,0,0,0,0,0,0,0,0,0,0,76,0,0,912,0,0,0,0,64,0,0,0,0,0,0,0,0,26688
107,1000,0,0,0,2,2,5,5,18,6,0,0,0,0,76,32832,6,912,756,0,0,0,0,0,0,0,0,0,0,0,0,76,0,0,880,0,0,0,0,64,0,0,0,0,0,0,0,0,26624
107,1100,0,0,0,2,2,5,5,18,6,0,0,0,0,76,8192,10,880,732,0,0,0,0,0,0,0,0,0,0,0,0,76,0,0,912,0,0,0,0,64,0,0,0,0,0,0,0,0,26688
108,1000,0,0,0,2,2,5,5,18,6,0,0,0,0,76,32832,6,912,756,0,0,0,0,0,0,0,0,0,0,0,0,76,0,0,880,0,0,0,0,64,0,0,0,0,0,0,0,0,26624
108,1100,0,0,0,2,2,5,5,18,6,0,0,0,0,76,8192,10,880,732,0,0,0,0,0,0,0,0,0,0,0,0,76,0,0,912,0,0,0,0,64,0,0,0,0,0,0,0,0,26688
109,1000,0,0,0,2,2,5,5,18,6,0,0,0,0,76,32832,6,912,756,0,0,0,0,0,0,0,0,0,0,0,0,76,0,0,880,0,0,0,0,64,0,0,0,0,0,0,0,0,26624
109,1100,0,0,0,2,2,5,5,18,6,0,0,0,0,76,8192,10,880,732,0,0,0,0,0,0,0,0,0,0,0,0,76,0,0,912,0,0,0,0,64,0,0,0,0,0,0,0,0,26688
110,1000,0,0,0,2,2,5,5,18,6,0,0,0,0,76,32832,6,912,756,0,0,0,0,0,0,0,0,0,0,0,0,76,0,0,880,0,0,0,0,64,0,0,0,0,0,0,0,0,26624
110,1100,0,0,0,2,2,5,5,18,6,0,0,0,0,76,8192,10,880,732,0,0,0,0,0,0,0,0,0,0,0,0,76,0,0,912,0,0,0,0,64,0,0,0,0,0,0,0,0,26688
111,1000,0,0,0,2,2,5,5,18,6,0,0,0,0,76,32832,6,912,756,0,0,0,0,0,0,0,0,0,0,0,0,76,0,0,880,0,0,0,0,64,0,0,0,0,0,0,0,0,26624
111,1100,0,0,0,2,2,5,5,18,6,0,0,0,0,76,8192,10,880,732,0,0,0,0,0,0,0,0,0,0,0,0,76,0,0,912,0,0,0,0,64,0,0,0,0,0,0,0,0,26688
112,1000,0,0,0,2,2,5,5,18,6,0,0,0,0,76,32832,6,912,756,0,0,0,0,0,0,0,0,0,0,0,0,76,0,0,880,0,0,0,0,64,0,0,0,0,0,0,0,0,26624
112,1100,0,0,0,2,2,5,5,18,6,0,0,0,0,76,8192,10,880,732,0,0,0,0,0,0,0,0,0,0,0,0,76,0,0,912,0,0,0,0,64,0,0,0,0,0,0,0,0,26688
113,1000,0,0,0,2,2,5,5,18,6,0,0,0,0,76,32832,6,912,756,0,0,0,0,0,0,0,0,0,0,0,0,76,0,0,880,0,0,0,0,64,0,0,0,0,0,0,0,0,26624
113,1100,0,0,0,2,2,5,5,18,6,0,0,0,0,76,8192,10,880,732,0,0,0,0,0,0,0,0,0,0,0,0,76,0,0,912,0,0,0,0,64,0,0,0,0,0,0,0,0,26688
114,1000,0,0,0,2,2,5,5,18,6,0,0,0,0,76,32832,6,912,756,0,0,0,0,0,0,0,0,0,0,0,0,76,0,0,880,0,0,0,0,64,0,0,0,0,0,0,0,0,26624
114,1100,0,0,0,2,2,5,5,18,6,0,0,0,0,76,8192,10,880,732,0,0,0,0,0,0,0,0,0,0,0,0,76,0,0,912,0,0,0,0,64,0,0,0,0,0,0,0,0,26688
115,1000,0,0,0,2,2,5,5,18,6,0,0,0,0,76,32832,6,912,756,0,0,0,0,0,0,0,0,0,0,0,0,76,0,0,880,0,0,0,0,64,0,0,0,0,0,0,0,0,26624
115,1100,0,0,0,2,2,5,5,18,6,0,0,0,0,76,8192,10,880,732,0,0,0,0,0,0,0,0,0,0,0,0,76,0,0,912,0,0,0,0,64,0,0,0,0,0,0,0,0,26688
116,1000,0,0,0,2,2,5,5,18,6,0,0,0,0,76,32832,6,912,756,0,0,0,0,0,0,0,0,0,0,0,0,76,0,0,880,0,0,0,0,64,0,0,0,0,0,0,0,0,26624
116,1100,0,0,0,2,2,5,5,18,6,0,0,0,0,76,8192,10,880,732,0,0,0,0,0,0,0,0,0,0,0,0,76,0,0,912,0,0,0,0,64,0,0,0,0,0,0,0,0,26688
117,1000,0,0,0,2,2,5,5,18,6,0,0,0,0,76,32832,6,912,756,0,0,0,0,0,0,0,0,0,0,0,0,76,0,0,880,0,0,0,0,64,0,0,0,0,0,0,0,0,26624
117,1100,0,0,0,2,2,5,5,18,6,0,0,0,0,76,8192,10,880,732,0,0,0,0,0,0,0,0,0,0,0,0,76,0,0,912,0,0,0,0,64,0,0,0,0,0,0,0,0,26688
118,1000,0,0,0,2,2,5,5,18,6,0,0,0,0,76,32832,6,912,756,0,0,0,0,0,0,0,0,0,0,0,0,76,0,0,880,0,0,0,0,64,0,0,0,0,0,0,0,0,26624
118,1100,0,0,0,2,2,5,5,18,6,0,0,0,0,76,8192,10,880,732,0,0,0,0,0,0,0,0,0,0,0,0,76,0,0,912,0,0,0,0,64,0,0,0,0,0,0,0,0,26688
119,1000,0,0,0,2,2,5,5,18,6,0,0,0,0,76,32832,6,912,756,0,0,0,0,0,0,0,0,0,0,0,0,76,0,0,880,0,0,0,0,64,0,0,0,0,0,0,0,0,26624
119,1100,0,0,0,2,2,5,5,18,6,0,0,0,0,76,8192,10,880,732,0,0,0,0,0,0,0,0,0,0,0,0,76,0,0,912,0,0,0,0,64,0,0,0,0,0,0,0,0,26688
120,1000,0,0,0,2,2,5,5,18,6,0,0,0,0,76,32832,6,912,756,0,0,0,0,0,0,0,0,0,0,0,0,76,0,0,880,0,0,0,0,64,0,0,0,0,0,0,0,0,26624
120,1100,0,0,0,2,2,5,5,18,6,0,0,0,0,76,8192,10,880,732,0,0,0,0,0,0,0,0,0,0,0,0,76,0,0,912,0,0,0,0,64,0,0,0,0,0,0,0,0,26688
121,1000,0,0,0,2,2,5,5,18,6,0,0,0,0,76,32832,6,912,756,0,0,0,0,0,0,0,0,0,0,0,0,76,0,0,880,0,0,0,0,64,0,0,0,0,0,0,0,0,26624
121,1100,0,0,0,2,2,5,5,18,6,0,0,0,0,76,8192,10,880,732,0,0,0,0,0,0,0,0,0,0,0,0,76,0,0,912,0,0,0,0,64,0,0,0,0,0,0,0,0,26688
122,1000,0,0,0,2,2,5,5,18,6,0,0,0,0,76,32832,6,912,756,0,0,0,0,0,0,0,0,0,0,0,0,76,0,0,880,0,0,0,0,64,0,0,0,0,0,0,0,0,26624
122,1100,0,0,0,2,2,5,5,18,6,0,0,0,0,76,8192,10,880,732,0,0,0,0,0,0,0,0,0,0,0,0,76,0,0,912,0,0,0,0,64,0,0,0,0,0,0,0,0,26688
123,1000,0,0,0,2,2,5,5,18,6,0,0,0,0,76,32832,6,912,756,0,0,0,0,0,0,0,0,0,0,0,0,76,0,0,880,0,0,0,0,64,0,0,0,0,0,0,0,0,26624
123,1100,0,0,0,2,2,5,5,18,6,0,0,0,0,76,8192,10,880,732,0,0,0,0,0,0,0,0,0,0,0,0,76,0,0,912,0,0,0,0,64,0,0,0,0,0,0,0,0,26688
124,1000,0,0,0,2,2,5,5,18,6,0,0,0,0,76,32832,6,912,756,0,0,0,0,0,0,0,0,0,0,0,0,76,0,0,880,0,0,0,0,64,0,0,0,0,0,0,0,0,26624
124,1100,0,0,0,2,2,5,5,18,6,0,0,0,0,76,8192,10,880,732,0,0,0,0,0,0,0,0,0,0,0,0,76,0,0,912,0,0,0,0,64,0,0,0,0,0,0,0,0,26688
125,1000,0,0,0,2,2,5,5,18,6,0,0,0,0,76,32832,6,912,756,0,0,0,0,0,0,0,0,0,0,0,0,76,0,0,880,0,0,0,0,64,0,0,0,0,0,0,0,0,26624
125,1100,0,0,0,2,2,5,5,18,6,0,0,0,0,76,8192,10,880,732,0,0,0,0,0,0,0,0,0,0,0,0,76,0,0,912,0,0,0,0,64,0,0,0,0,0,0,0,0,26688
126,1000,0,0,0,2,2,5,5,18,6,0,0,0,0,76,32832,6,912,756,0,0,0,0,0,0,0,0,0,0,0,0,76,0,0,880,0,0,0,0,64,0,0,0,0,0,0,0,0,26624
126,1100,0,0,0,2,2,5,5,18,6,0,0,0,0,76,8192,10,880,732,0,0,0,0,0,0,0,0,0,0,0,0,76,0,0,912,0,0,0,0,64,0,0,0,0,0,0,0,0,26688
127,1000,0,0,0,2,2,5,5,18,6,0,0,0,0,76,32832,6,912,756,0,0,0,0,0,0,0,0,0,0,0,0,76,0,0,880,0,0,0,0,64,0,0,0,0,0,0,0,0,26624
127,1100,0,0,0,2,2,5,5,18,6,0,0,0,0,76,8192,10,880,732,0,0,0,0,0,0,0,0,0,0,0,0,76,0,0,912,0,0,0,0,64,0,0,0,0,0,0,0,0,26688
128,1000,0,0,0,2,2,5,5,18,6,0,0,0,0,76,32832,6,912,756,0,0,0,0,0,0,0,0,0,0,0,0,76,0,0,880,0,0,0,0,64,0,0,0,0,0,0,0,0,26624
128,1100,0,0,0,2,2,5,5,18,6,0,0,0,0,76,8192,10,880,732,0,0,0,0,0,0,0,0,0,0,0,0,76,0,0,912,0,0,0,0,64,0,0,0,0,0,0,0,0,26688
129,1000,0,0,0,2,2,5,5,18,6,0,0,0,0,76,32832,6,912,756,0,0,0,0,0,0,0,0,0,0,0,0,76,0,0,880,0,0,0,0,64,0,0,0,0,0,0,0,0,26624
129,1100,0,0,0,2,2,5,5,18,6,0,0,0,0,76,8192,10,880,732,0,0,0,0,0,0,0,0,0,0,0,0,76,0,0,912,0,0,0,0,64,0,0,0,0,0,0,0,0,26688
130,1000,0,0,0,2,2,5,5,18,6,0,0,0,0,76,32832,6,912,756,0,0,0,0,0,0,0,0,0,0,0,0,76,0,0,880,0,0,0,0,64,0,0,0,0,0,0,0,0,26624
130,1100,0,0,0,2,2,5,5,18,6,0,0,0,0,76,8192,10,880,732,0,0,0,0,0,0,0,0,0,0,0,0,76,0,0,912,0,0,0,0,64,0,0,0,0,0,0,0,0,26688
131,1000,0,0,0,2,2,5,5,18,6,0,0,0,0,76,32832,6,912,756,0,0,0,0,0,0,0,0,0,0,0,0,76,0,0,880,0,0,0,0,64,0,0,0,0,0,0,0,0,26624
131,1100,0,0,0,2,2,5,5,18,6,0,0,0,0,76,8192,10,880,732,0,0,0,0,0,0,0,0,0,0,0,0,76,0,0,912,0,0,0,0,64,0,0,0,0,0,0,0,0,26688
132,1000,0,0,0,2,2,5,5,18,6,0,0,0,0,76,32832,6,912,756,0,0,0,0,0,0,0,0,0,0,0,0,76,0,0,880,0,0,0,0,64,0,0,0,0,0,0,0,0,26624
132,1100,0,0,0,2,2,5,5,18,6,0,0,0,0,76,8192,10,880,732,0,0,0,0,0,0,0,0,0,0,0,0,76,0,0,912,0,0,0,0,64,0,0,0,0,0,0,0,0,26688
133,1000,0,0,0,2,2,5,5,18,6,0,0,0,0,76,32832,6,912,756,0,0,0,0,0,0,0,0,0,0,0,0,76,0,0,880,0,0,0,0,64,0,0,0,0,0,0,0,0,26624
133,1100,0,0,0,2,2,5,5,18,6,0,0,0,0,76,8192,10,880,732,0,0,0,0,0,0,0,0,0,0,0,0,76,0,0,912,0,0,0,0,64,0,0,0,0,0,0,0,0,26688
134,1000,0,0,0,2,2,5,5,18,6,0,0,0,0,76,32832,6,912,756,0,0,0,0,0,0,0,0,0,0,0,0,76,0,0,880,0,0,0,0,64,0,0,0,0,0,0,0,0,26624
134,1100,0,0,0,2,2,5,5,18,6,0,0,0,0,76,8192,10,880,732,0,0,0,0,0,0,0,0,0,0,0,0,76,0,0,912,0,0,0,0,64,0,0,0,0,0,0,0,0,26688
135,1000,0,0,0,2,2,5,5,18,6,0,0,0,0,76,32832,6,912,756,0,0,0,0,0,0,0,0,0,0,0,0,76,0,0,880,0,0,0,0,64,0,0,0,0,0,0,0,0,26624
135,1100,0,0,0,2,2,5,5,18,6,0,0,0,0,76,8192,10,880,732,0,0,0,0,0,0,0,0,0,0,0,0,76,0,0,912,0,0,0,0,64,0,0,0,0,0,0,0,0,26688
136,1000,0,0,0,2,2,5,5,18,6,0,0,0,0,76,32832,6,912,756,0,0,0,0,0,0,0,0,0,0,0,0,76,0,0,880,0,0,0,0,64,0,0,0,0,0,0,0,0,26624
136,1100,0,0,0,2,2,5,5,18,6,0,0,0,0,76,8192,10,880,732,0,0,0,0,0,0,0,0,0,0,0,0,76,0,0,912,0,0,0,0,64,0,0,0,0,0,0,0,0,26688
137,1000,0,0,0,2,2,5,5,18,6,0,0,0,0,76,32768,6,912,756,0,0,0,0,0,0,0,0,0,0,0,0,76,0,0,880,0,0,0,0,64,0,0,0,0,0,0,0,0,26624
137,1100,0,0,0,2,2,5,5,18,6,0,0,0,0,76,8192,10,880,732,0,0,0,0,0,0,0,0,0,0,0,0,76,0,0,912,0,0,0,0,64,0,0,0,0,0,0,0,0,26688
138,1000,0,0,0,2,2,5,5,18,6,0,0,0,0,76,32768,6,912,756,0,0,0,0,0,0,0,0,0,0,0,0,76,0,0,880,0,0,0,0,64,0,0,0,0,0,0,0,0,26624
138,1100,0,0,0,2,2,5,5,18,6,0,0,0,0,76,8192,10,880,732,0,0,0,0,0,0,0,0,0,0,0,0,76,0,0,912,0,0,0,0,64,0,0,0,0,0,0,0,0,26688
139,1000,0,0,0,2,2,5,5,18,6,0,0,0,0,76,32768,6,912,756,0,0,0,0,0,0,0,0,0,0,0,0,76,0,0,880,0,0,0,0,64,0,0,0,0,0,0,0,0,26624
139,1100,0,0,0,2,2,5,5,18,6,0,0,0,0,76,8192,10,880,732,0,0,0,0,0,0,0,0,0,0,0,0,76,0,0,912,0,0,0,0,64,0,0,0,0,0,0,0,0,26688
140,1000,0,0,0,2,2,5,5,18,6,0,0,0,0,76,32768,6,912,756,0,0,0,0,0,0,0,0,0,0,0,0,76,0,0,880,0,0,0,0,64,0,0,0,0,0,0,0,0,26624
140,1100,0,0,0,2,2,5,5,18,6,0,0,0,0,76,8192,10,880,732,0,0,0,0,0,0,0,0,0,0,0,0,76,0,0,912,0,0,0,0,64,0,0,0,0,0,0,0,0,26688
141,1000,0,0,0,2,2,5,5,18,6,0,0,0,0,76,32768,6,912,756,0,0,0,0,0,0,0,0,0,0,0,0,76,0,0,880,0,0,0,0,64,0,0,0,0,0,0,0,0,26624
141,1100,0,0,0,2,2,5,5,18,6,0,0,0,0,76,8192,10,880,732,0,0,0,0,0,0,0,0,0,0,0,0,76,0,0,912,0,0,0,0,64,0,0,0,0,0,0,0,0,26688
142,1000,0,0,0,2,2,5,5,18,6,0,0,0,0,76,32768,6,912,756,0,0,0,0,0,0,0,0,0,0,0,0,76,0,0,880,0,0,0,0,64,0,0,0,0,0,0,0,0,26624
142,1100,0,0,0,2,2,5,5,18,6,0,0,0,0,76,8192,10,880,732,0,0,0,0,0,0,0,0,0,0,0,0,76,0,0,912,0,0,0,0,64,0,0,0,0,0,0,0,0,26688
143,1000,0,0,0,2,2,5,5,18,6,0,0,0,0,76,32768,6,912,756,0,0,0,0,0,0,0,0,0,0,0,0,76,0,0,880,0,0,0,0,64,0,0,0,0,0,0,0,0,26624
143,1100,0,0,0,2,2,5,5,18,6,0,0,0,0,76,8192,10,880,732,0,0,0,0,0,0,0,0,0,0,0,0,76,0,0,912,0,0,0,0,64,0,0,0,0,0,0,0,0,26688
144,1000,0,0,0,2,2,5,5,18,6,0,0,0,0,76,32768,6,912,756,0,0,0,0,0,0,0,0,0,0,0,0,76,0,0,880,0,0,0,0,64,0,0,0,0,0,0,0,0,26624
144,1100,0,0,0,2,2,5,5,18,6,0,0,0,0,76,8192,10,880,732,0,0,0,0,0,0,0,0,0,0,0,0,76,0,0,912,0,0,0,0,64,0,0,0,0,0,0,0,0,26688
145,1000,0,0,0,2,2,5,5,18,6,0,0,0,0,76,32768,6,912,756,0,0,0,0,0,0,0,0,0,0,0,0,76,0,0,880,0,0,0,0,64,0,0,0,0,0,0,0,0,26624
145,1100,0,0,0,2,2,5,5,18,6,0,0,0,0,76,8192,10,880,732,0,0,0,0,0,0,0,0,0,0,0,0,76,0,0,912,0,0,0,0,64,0,0,0,0,0,0,0,0,26688
146,1000,0,0,0,2,2,5,5,18,6,0,0,0,0,76,32768,6,912,756,0,0,0,0,0,0,0,0,0,0,0,0,76,0,0,880,0,0,0,0,64,0,0,0,0,0,0,0,0,26624
146,1100,0,0,0,2,2,5,5,18,6,0,0,0,0,76,8192,10,880,732,0,0,0,0,0,0,0,0,0,0,0,0,76,0,0,912,0,0,0,0,64,0,0,0,0,0,0,0,0,26688
147,1000,0,0,0,2,2,5,5,18,6,0,0,0,0,76,32768,6,912,756,0,0,0,0,0,0,0,0,0,0,0,0,76,0,0,880,0,0,0,0,64,0,0,0,0,0,0,0,0,26624
147,1100,0,0,0,2,2,5,5,18,6,0,0,0,0,76,8192,10,880,732,0,0,0,0,0,0,0,0,0,0,0,0,76,0,0,912,0,0,0,0,64,0,0,0,0,0,0,0,0,26688
148,1000,0,0,0,2,2,5,5,18,6,0,0,0,0,76,32768,6,912,756,0,0,0,0,0,0,0,0,0,0,0,0,76,0,0,880,0,0,0,0,64,0,0,0,0,0,0,0,0,26624
148,1100,0,0,0,2,2,5,5,18,6,0,0,0,0,76,8192,10,880,732,0,0,0,0,0,0,0,0,0,0,0,0,76,0,0,912,0,0,0,0,64,0,0,0,0,0,0,0,0,26688
149,1000,0,0,0,2,2,5,5,18,6,0,0,0,0,76,32768,6,912,756,0,0,0,0,0,0,0,0,0,0,0,0,76,0,0,880,0,0,0,0,64,0,0,0,0,0,0,0,0,26624
149,1100,0,0,0,2,2,5,5,18,6,0,0,0,0,76,8192,10,880,732,0,0,0,0,0,0,0,0,0,0,0,0,76,0,0,912,0,0,0,0,64,0,0,0,0,0,0,0,0,26688
150,1000,0,0,0,2,2,5,5,18,6,0,0,0,0,76,32768,6,912,756,0,0,0,0,0,0,0,0,0,0,0,0,76,0,0,880,0,0,0,0,64,0,0,0,0,0,0,0,0,26624
150,1100,0,0,0,2,2,5,5,18,6,0,0,0,0,76,8192,10,880,732,0,0,0,0,0,0,0,0,0,0,0,0,76,0,0,912,0,0,0,0,64,0,0,0,0,0,0,0,0,26688
151,1000,0,0,0,2,2,5,5,18,6,0,0,0,0,76,32768,6,912,756,0,0,0,0,0,0,0,0,0,0,0,0,76,0,0,880,0,0,0,0,64,0,0,0,0,0,0,0,0,26624
151,1100,0,0,0,2,2,5,5,18,6,0,0,0,0,76,8192,10,880,732,0,0,0,0,0,0,0,0,0,0,0,0,76,0,0,912,0,0,0,0,64,0,0,0,0,0,0,0,0,26688
152,1000,0,0,0,2,2,5,5,18,6,0,0,0,0,76,32768,6,912,756,0,0,0,0,0,0,0,0,0,0,0,0,76,0,0,880,0,0,0,0,64,0,0,0,0,0,0,0,0,26624
152,1100,0,0,0,2,2,5,5,18,6,0,0,0,0,76,8192,10,880,732,0,0,0,0,0,0,0,0,0,0,0,0,76,0,0,912,0,0,0,0,64,0,0,0,0,0,0,0,0,26688
153,1000,0,0,0,2,2,5,5,18,6,0,0,0,0,76,32768,6,912,756,0,0,0,0,0,0,0,0,0,0,0,0,76,0,0,880,0,0,0,0,64,0,0,0,0,0,0,0,0,26624
153,1100,0,0,0,2,2,5,5,18,6,0,0,0,0,76,8192,10,880,732,0,0,0,0,0,0,0,0,0,0,0,0,76,0,0,912,0,0,0,0,64,0,0,0,0,0,0,0,0,26688
154,1000,0,0,0,2,2,5,5,18,6,0,0,0,0,76,32768,6,912,756,0,0,0,0,0,0,0,0,0,0,0,0,76,0,0,880,0,0,0,0,64,0,0,0,0,0,0,0,0,26624
154,1100,0,0,0,2,2,5,5,18,6,0,0,0,0,76,8192,10,880,732,0,0,0,0,0,0,0,0,0,0,0,0,76,0,0,912,0,0,0,0,64,0,0,0,0,0,0,0,0,26688
155,1000,0,0,0,2,2,5,5,18,6,0,0,0,0,76,32768,6,912,756,0,0,0,0,0,0,0,0,0,0,0,0,76,0,0,880,0,0,0,0,64,0,0,0,0,0,0,0,0,26624
155,1100,0,0,0,2,2,5,5,18,6,0,0,0,0,76,8192,10,880,732,0,0,0,0,0,0,0,0,0,0,0,0,76,0,0,912,0,0,0,0,64,0,0,0,0,0,0,0,0,26688
156,1000,0,0,0,2,2,5,5,18,6,0,0,0,0,76,32768,6,912,756,0,0,0,0,0,0,0,0,0,0,0,0,76,0,0,880,0,0,0,0,64,0,0,0,0,0,0,0,0,26624
156,1100,0,0,0,2,2,5,5,18,6,0,0,0,0,76,8192,10,880,732,0,0,0,0,0,0,0,0,0,0,0,0,76,0,0,912,0,0,0,0,64,0,0,0,0,0,0,0,0,26688
157,1000,0,0,0,2,2,5,5,18,6,0,0,0,0,76,32768,6,912,756,0,0,0,0,0,0,0,0,0,0,0,0,76,0,0,880,0,0,0,0,64,0,0,0,0,0,0,0,0,26624
157,1100,0,0,0,2,2,5,5,18,6,0,0,0,0,76,8192,10,880,732,0,0,0,0,0,0,0,0,0,0,0,0,76,0,0,912,0,0,0,0,64,0,0,0,0,0,0,0,0,26688
158,1000,0,0,0,2,2,5,5,18,6,0,0,0,0,76,32768,6,912,756,0,0,0,0,0,0,0,0,0,0,0,0,76,0,0,880,0,0,0,0,64,0,0,0,0,0,0,0,0,26624
158,1100,0,0,0,2,2,5,5,18,6,0,0,0,0,76,8192,10,880,732,0,0,0,0,0,0,0,0,0,0,0,0,76,0,0,912,0,0,0,0,64,0,0,0,0,0,0,0,0,26688
159,1000,0,0,0,2,2,5,5,18,6,0,0,0,0,76,32768,6,912,756,0,0,0,0,0,0,0,0,0,0,0,0,76,0,0,880,0,0,0,0,64,0,0,0,0,0,0,0,0,26624
159,1100,0,0,0,2,2,5,5,18,6,0,0,0,0,76,8192,10,880,732,0,0,0,0,0,0,0,0,0,0,0,0,76,0,0,912,0,0,0,0,64,0,0,0,0,0,0,0,0,26688
160,1000,0,0,0,2,2,5,5,18,6,0,0,0,0,76,32768,6,912,756,0,0,0,0,0,0,0,0,0,0,0,0,76,0,0,880,0,0,0,0,64,0,0,0,0,0,0,0,0,26624
160,1100,0,0,0,2,2,5,5,18,6,0,0,0,0,76,8192,10,880,732,0,0,0,0,0,0,0,0,0,0,0,0,76,0,0,912,0,0,0,0,64,0,0,0,0,0,0,0,0,26688
161,1000,0,0,0,2,2,5,5,18,6,0,0,0,0,76,32768,6,912,756,0,0,0,0,0,0,0,0,0,0,0,0,76,0,0,880,0,0,0,0,64,0,0,0,0,0,0,0,0,26624
161,1100,0,0,0,2,2,5,5,18,6,0,0,0,0,76,8192,10,880,732,0,0,0,0,0,0,0,0,0,0,0,0,76,0,0,912,0,0,0,0,64,0,0,0,0,0,0,0,0,26688
162,1000,0,0,0,2,2,5,5,18,6,0,0,0,0,76,32768,6,912,756,0,0,0,0,0,0,0,0,0,0,0,0,76,0,0,880,0,0,0,0,64,0,0,0,0,0,0,0,0,26624
162,1100,0,0,0,2,2,5,5,18,6,0,0,0,0,76,8192,10,880,732,0,0,0,0,0,0,0,0,0,0,0,0,76,0,0,912,0,0,0,0,64,0,0,0,0,0,0,0,0,26688
163,1000,0,0,0,2,2,5,5,18,6,0,0,0,0,76,32768,6,912,756,0,0,0,0,0,0,0,0,0,0,0,0,76,0,0,880,0,0,0,0,64,0,0,0,0,0,0,0,0,26624
163,1100,0,0,0,2,2,5,5,18,6,0,0,0,0,76,8192,10,880,732,0,0,0,0,0,0,0,0,0,0,0,0,76,0,0,912,0,0,0,0,64,0,0,0,0,0,0,0,0,26688
164,1000,0,0,0,2,2,5,5,18,6,0,0,0,0,76,32768,6,912,756,0,0,0,0,0,0,0,0,0,0,0,0,76,0,0,880,0,0,0,0,64,0,0,0,0,0,0,0,0,26624
164,1100,0,0,0,2,2,5,5,18,6,0,0,0,0,76,8192,10,880,732,0,0,0,0,0,0,0,0,0,0,0,0,76,0,0,912,0,0,0,0,64,0,0,0,0,0,0,0,0,26688
165,1000,0,0,0,2,2,5,5,18,6,0,0,0,0,76,32768,6,912,756,0,0,0,0,0,0,0,0,0,0,0,0,76,0,0,880,0,0,0,0,64,0,0,0,0,0,0,0,0,26624
165,1100,0,0,0,2,2,5,5,18,6,0,0,0,0,76,8192,10,880,732,0,0,0,0,0,0,0,0,0,0,0,0,76,0,0,912,0,0,0,0,64,0,0,0,0,0,0,0,0,26688
166,1000,0,0,0,2,2,5,5,18,6,0,0,0,0,76,32768,6,912,756,0,0,0,0,0,0,0,0,0,0,0,0,76,0,0,880,0,0,0,0,64,0,0,0,0,0,0,0,0,26624
166,1100,0,0,0,2,2,5,5,18,6,0,0,0,0,76,8192,10,880,732,0,0,0,0,0,0,0,0,0,0,0,0,76,0,0,912,0,0,0,0,64,0,0,0,0,0,0,0,0,26688
167,1000,0,0,0,2,2,5,5,18,6,0,0,0,0,76,32768,6,912,756,0,0,0,0,0,0,0,0,0,0,0,0,76,0,0,880,0,0,0,0,64,0,0,0,0,0,0,0,0,26624
167,1100,0,0,0,2,2,5,5,18,6,0,0,0,0,76,8192,10,880,732,0,0,0,0,0,0,0,0,0,0,0,0,76,0,0,912,0,0,0,0,64,0,0,0,0,0,0,0,0,26688
168,1000,0,0,0,2,2,5,5,18,6,0,0,0,0,76,32768,6,912,756,0,0,0,0,0,0,0,0,0,0,0,0,76,0,0,880,0,0,0,0,64,0,0,0,0,0,0,0,0,26624
168,1100,0,0,0,2,2,5,5,18,6,0,0,0,0,76,8192,10,880,732,0,0,0,0,0,0,0,0,0,0,0,0,76,0,0,912,0,0,0,0,64,0,0,0,0,0,0,0,0,26688
169,1000,0,0,0,2,2,5,5,18,6,0,0,0,0,76,32768,6,912,756,0,0,0,0,0,0,0,0,0,0,0,0,76,0,0,880,0,0,0,0,64,0,0,0,0,0,0,0,0,26624
169,1100,0,0,0,2,2,5,5,18,6,0,0,0,0,76,8192,10,880,732,0,0,0,0,0,0,0,0,0,0,0,0,76,0,0,912,0,0,0,0,64,0,0,0,0,0,0,0,0,26688
170,1000,0,0,0,2,2,5,5,18,6,0,0,0,0,76,32768,6,912,756,0,0,0,0,0,0,0,0,0,0,0,0,76,0,0,880,0,0,0,0,64,0,0,0,0,0,0,0,0,26624
170,1100,0,0,0,2,2,5,5,18,6,0,0,0,0,76,8192,10,880,732,0,0,0,0,0,0,0,0,0,0,0,0,76,0,0,912,0,0,0,0,64,0,0,0,0,0,0,0,0,26688
171,1000,0,0,0,2,2,5,5,18,6,0,0,0,0,76,32768,6,912,756,0,0,0,0,0,0,0,0,0,0,0,0,76,0,0,880,0,0,0,0,64,0,0,0,0,0,0,0,0,26624
171,1100,0,0,0,2,2,5,5,18,6,0,0,0,0,76,8192,10,880,732,0,0,0,0,0,0,0,0,0,0,0,0,76,0,0,912,0,0,0,0,64,0,0,0,0,0,0,0,0,26688
172,1000,0,0,0,2,2,5,5,18,6,0,0,0,0,76,32768,6,912,756,0,0,0,0,0,0,0,0,0,0,0,0,76,0,0,880,0,0,0,0,64,0,0,0,0,0,0,0,0,26624
172,1100,0,0,0,2,2,5,5,18,6,0,0,0,0,76,8192,10,880,732,0,0,0,0,0,0,0,0,0,0,0,0,76,0,0,912,0,0,0,0,64,0,0,0,0,0,0,0,0,26688
173,1000,0,0,0,2,2,5,5,18,6,0,0,0,0,76,32768,6,912,756,0,0,0,0,0,0,0,0,0,0,0,0,76,0,0,880,0,0,0,0,64,0,0,0,0,0,0,0,0,26624
173,1100,0,0,0,2,2,5,5,18,6,0,0,0,0,76,8192,10,880,732,0,0,0,0,0,0,0,0,0,0,0,0,76,0,0,912,0,0,0,0,64,0,0,0,0,0,0,0,0,26688
174,1000,0,0,0,2,2,5,5,18,6,0,0,0,0,76,32768,6,912,756,0,0,0,0,0,0,0,0,0,0,0,0,76,0,0,880,0,0,0,0,64,0,0,0,0,0,0,0,0,26624
174,1100,0,0,0,2,2,5,5,18,6,0,0,0,0,76,8192,10,880,732,0,0,0,0,0,0,0,0,0,0,0,0,76,0,0,912,0,0,0,0,64,0,0,0,0,0,0,0,0,26688
175,1000,0,0,0,2,2,5,5,18,6,0,0,0,0,76,32768,6,912,756,0,0,0,0,0,0,0,0,0,0,0,0,76,0,0,880,0,0,0,0,64,0,0,0,0,0,0,0,0,26624
175,1100,0,0,0,2,2,5,5,18,6,0,0,0,0,76,8192,10,880,732,0,0,0,0,0,0,0,0,0,0,0,0,76,0,0,912,0,0,0,0,64,0,0,0,0,0,0,0,0,26688
176,1000,0,0,0,2,2,5,5,18,6,0,0,0,0,76,32768,6,912,756,0,0,0,0,0,0,0,0,0,0,0,0,76,0,0,880,0,0,0,0,64,0,0,0,0,0,0,0,0,26624
176,1100,0,0,0,2,2,5,5,18,6,0,0,0,0,76,8192,10,880,732,0,0,0,0,0,0,0,0,0,0,0,0,76,0,0,912,0,0,0,0,64,0,0,0,0,0,0,0,0,26688
177,1000,0,0,0,2,2,5,5,18,6,0,0,0,0,76,32768,6,912,756,0,0,0,0,0,0,0,0,0,0,0,0,76,0,0,880,0,0,0,0,64,0,0,0,0,0,0,0,0,26624
177,1100,0,0,0,2,2,5,5,18,6,0,0,0,0,76,8192,10,880,732,0,0,0,0,0,0,0,0,0,0,0,0,76,0,0,912,0,0,0,0,64,0,0,0,0,0,0,0,0,26688
178,1000,0,0,0,2,2,5,5,18,6,0,0,0,0,76,32768,6,912,756,0,0,0,0,0,0,0,0,0,0,0,0,76,0,0,880,0,0,0,0,64,0,0,0,0,0,0,0,0,26624
178,1100,0,0,0,2,2,5,5,18,6,0,0,0,0,76,8192,10,880,732,0,0,0,0,0,0,0,0,0,0,0,0,76,0,0,912,0,0,0,0,64,0,0,0,0,0,0,0,0,26688
179,1000,0,0,0,2,2,5,5,18,6,0,0,0,0,76,32768,6,912,756,0,0,0,0,0,0,0,0,0,0,0,0,76,0,0,880,0,0,0,0,64,0,0,0,0,0,0,0,0,26624
179,1100,0,0,0,2,2,5,5,18,6,0,0,0,0,76,8192,10,880,732,0,0,0,0,0,0,0,0,0,0,0,0,76,0,0,912,0,0,0,0,64,0,0,0,0,0,0,0,0,26688
180,1000,0,0,0,2,2,5,5,18,6,0,0,0,0,76,32768,6,912,756,0,0,0,0,0,0,0,0,0,0,0,0,76,0,0,880,0,0,0,0,64,0,0,0,0,0,0,0,0,26624
180,1100,0,0,0,2,2,5,5,18,6,0,0,0,0,76,8192,10,880,732,0,0,0,0,0,0,0,0,0,0,0,0,76,0,0,912,0,0,0,0,64,0,0,0,0,0,0,0,0,26688
181,1000,0,0,0,2,2,5,5,18,6,0,0,0,0,76,32768,6,912,756,0,0,0,0,0,0,0,0,0,0,0,0,76,0,0,880,0,0,0,0,64,0,0,0,0,0,0,0,0,26624
181,1100,0,0,0,2,2,5,5,18,6,0,0,0,0,76,8192,10,880,732,0,0,0,0,0,0,0,0,0,0,0,0,76,0,0,912,0,0,0,0,64,0,0,0,0,0,0,0,0,26688
182,1000,0,0,0,2,2,5,5,18,6,0,0,0,0,76,32768,6,912,756,0,0,0,0,0,0,0,0,0,0,0,0,76,0,0,880,0,0,0,0,64,0,0,0,0,0,0,0,0,26624
182,1100,0,0,0,2,2,5,5,18,6,0,0,0,0,76,8192,10,880,732,0,0,0,0,0,0,0,0,0,0,0,0,76,0,0,912,0,0,0,0,64,0,0,0,0,0,0,0,0,26688
183,1000,0,0,0,2,2,5,5,18,6,0,0,0,0,76,32768,6,912,756,0,0,0,0,0,0,0,0,0,0,0,0,76,0,0,880,0,0,0,0,64,0,0,0,0,0,0,0,0,26624
183,1100,0,0,0,2,2,5,5,18,6,0,0,0,0,76,8192,10,880,732,0,0,0,0,0,0,0,0,0,0,0,0,76,0,0,912,0,0,0,0,64,0,0,0,0,0,0,0,0,26688
184,1000,0,0,0,2,2,5,5,18,6,0,0,0,0,76,32768,6,912,756,0,0,0,0,0,0,0,0,0,0,0,0,76,0,0,880,0,0,0,0,64,0,0,0,0,0,0,0,0,26624
184,1100,0,0,0,2,2,5,5,18,6,0,0,0,0,76,8192,10,880,732,0,0,0,0,0,0,0,0,0,0,0,0,76,0,0,912,0,0,0,0,64,0,0,0,0,0,0,0,0,26688
185,1000,0,0,0,2,2,5,5,18,6,0,0,0,0,76,32768,6,912,756,0,0,0,0,0,0,0,0,0,0,0,0,76,0,0,880,0,0,0,0,64,0,0,0,0,0,0,0,0,26624
185,1100,0,0,0,2,2,5,5,18,6,0,0,0,0,76,8192,10,880,732,0,0,0,0,0,0,0,0,0,0,0,0,76,0,0,912,0,0,0,0,64,0,0,0,0,0,0,0,0,26688
186,1000,0,0,0,2,2,5,5,18,6,0,0,0,0,76,32768,6,912,756,0,0,0,0,0,0,0,0,0,0,0,0,76,0,0,880,0,0,0,0,64,0,0,0,0,0,0,0,0,26624
186,1100,0,0,0,2,2,5,5,18,6,0,0,0,0,76,8192,10,880,732,0,0,0,0,0,0,0,0,0,0,0,0,76,0,0,912,0,0,0,0,64,0,0,0,0,0,0,0,0,26688
187,1000,0,0,0,2,2,5,5,18,6,0,0,0,0,76,32768,6,912,756,0,0,0,0,0,0,0,0,0,0,0,0,76,0,0,880,0,0,0,0,64,0,0,0,0,0,0,0,0,26624
187,1100,0,0,0,2,2,5,5,18,6,0,0,0,0,76,8192,10,880,732,0,0,0,0,0,0,0,0,0,0,0,0,76,0,0,912,0,0,0,0,64,0,0,0,0,0,0,0,0,26688
188,1000,0,0,0,2,2,5,5,18,6,0,0,0,0,76,32768,6,912,756,0,0,0,0,0,0,0,0,0,0,0,0,76,0,0,880,0,0,0,0,64,0,0,0,0,0,0,0,0,26624
188,1100,0,0,0,2,2,5,5,18,6,0,0,0,0,76,8192,10,880,732,0,0,0,0,0,0,0,0,0,0,0,0,76,0,0,912,0,0,0,0,64,0,0,0,0,0,0,0,0,26688
189,1000,0,0,0,2,2,5,5,18,6,0,0,0,0,76,32768,6,912,756,0,0,0,0,0,0,0,0,0,0,0,0,76,0,0,880,0,0,0,0,64,0,0,0,0,0,0,0,0,26624
189,1100,0,0,0,2,2,5,5,18,6,0,0,0,0,76,8192,10,880,732,0,0,0,0,0,0,0,0,0,0,0,0,76,0,0,912,0,0,0,0,64,0,0,0,0,0,0,0,0,26688
190,1000,0,0,0,2,2,5,5,18,6,0,0,0,0,76,32768,6,912,756,0,0,0,0,0,0,0,0,0,0,0,0,76,0,0,880,0,0,0,0,64,0,0,0,0,0,0,0,0,26624
190,1100,0,0,0,2,2,5,5,18,6,0,0,0,0,76,8192,10,880,732,0,0,0,0,0,0,0,0,0,0,0,0,76,0,0,912,0,0,0,0,64,0,0,0,0,0,0,0,0,26688
191,1000,0,0,0,2,2,5,5,18,6,0,0,0,0,76,32768,6,912,756,0,0,0,0,0,0,0,0,0,0,0,0,76,0,0,880,0,0,0,0,64,0,0,0,0,0,0,0,0,26624
191,1100,0,0,0,2,2,5,5,18,6,0,0,0,0,76,8192,10,880,732,0,0,0,0,0,0,0,0,0,0,0,0,76,0,0,912,0,0,0,0,64,0,0,0,0,0,0,0,0,26688
192,1000,0,0,0,2,2,5,5,18,6,0,0,0,0,76,32768,6,912,756,0,0,0,0,0,0,0,0,0,0,0,0,76,0,0,880,0,0,0,0,64,0,0,0,0,0,0,0,0,26624
192,1100,0,0,0,2,2,5,5,18,6,0,0,0,0,76,8192,10,880,732,0,0,0,0,0,0,0,0,0,0,0,0,76,0,0,912,0,0,0,0,64,0,0,0,0,0,0,0,0,26688
193,1000,0,0,0,2,2,5,5,18,6,0,0,0,0,76,32768,6,912,756,0,0,0,0,0,0,0,0,0,0,0,0,76,0,0,880,0,0,0,0,64,0,0,0,0,0,0,0,0,26624
193,1100,0,0,0,2,2,5,5,18,6,0,0,0,0,76,8192,10,880,732,0,0,0,0,0,0,0,0,0,0,0,0,76,0,0,912,0,0,0,0,64,0,0,0,0,0,0,0,0,26688
194,1000,0,0,0,2,2,5,5,18,6,0,0,0,0,76,32768,6,912,756,0,0,0,0,0,0,0,0,0,0,0,0,76,0,0,880,0,0,0,0,64,0,0,0,0,0,0,0,0,26624
194,1100,0,0,0,2,2,5,5,18,6,0,0,0,0,76,8192,10,880,732,0,0,0,0,0,0,0,0,0,0,0,0,76,0,0,912,0,0,0,0,64,0,0,0,0,0,0,0,0,26688
195,1000,0,0,0,2,2,5,5,18,6,0,0,0,0,76,32768,6,912,756,0,0,0,0,0,0,0,0,0,0,0,0,76,0,0,880,0,0,0,0,64,0,0,0,0,0,0,0,0,26624
195,1100,0,0,0,2,2,5,5,18,6,0,0,0,0,76,8192,10,880,732,0,0,0,0,0,0,0,0,0,0,0,0,76,0,0,912,0,0,0,0,64,0,0,0,0,0,0,0,0,26688
196,1000,0,0,0,2,2,5,5,18,6,0,0,0,0,76,32768,6,912,756,0,0,0,0,0,0,0,0,0,0,0,0,76,0,0,880,0,0,0,0,64,0,0,0,0,0,0,0,0,26624
196,1100,0,0,0,2,2,5,5,18,6,0,0,0,0,76,8192,10,880,732,0,0,0,0,0,0,0,0,0,0,0,0,76,0,0,912,0,0,0,0,64,0,0,0,0,0,0,0,0,26688
197,1000,0,0,0,2,2,5,5,18,6,0,0,0,0,76,32768,6,912,756,0,0,0,0,0,0,0,0,0,0,0,0,76,0,0,880,0,0,0,0,64,0,0,0,0,0,0,0,0,26624
197,1100,0,0,0,2,2,5,5,18,6,0,0,0,0,76,8192,10,880,732,0,0,0,0,0,0,0,0,0,0,0,0,76,0,0,912,0,0,0,0,64,0,0,0,0,0,0,0,0,26688
198,1000,0,0,0,2,2,5,5,18,6,0,0,0,0,76,32768,6,912,756,0,0,0,0,0,0,0,0,0,0,0,0,76,0,0,880,0,0,0,0,64,0,0,0,0,0,0,0,0,26624
198,1100,0,0,0,2,2,5,5,18,6,0,0,0,0,76,8192,10,880,732,0,0,0,0,0,0,0,0,0,0,0,0,76,0,0,912,0,0,0,0,64,0,0,0,0,0,0,0,0,26688
199,1000,0,0,0,2,2,5,5,18,6,0,0,0,0,76,32768,6,912,756,0,0,0,0,0,0,0,0,0,0,0,0,76,0,0,880,0,0,0,0,64,0,0,0,0,0,0,0,0,26624
199,1100,0,0,0,2,2,5,5,18,6,0,0,0,0,76,8192,10,880,732,0,0,0,0,0,0,0,0,0,0,0,0,76,0,0,912,0,0,0,0,64,0,0,0,0,0,0,0,0,26688
200,1000,0,0,0,2,2,5,5,18,6,0,0,0,0,76,32768,6,912,756,0,0,0,0,0,0,0,0,0,0,0,0,76,0,0,880,0,0,0,0,64,0,0,0,0,0,0,0,0,26624
200,1100,0,0,0,2,2,5,5,18,6,0,0,0,0,76,8192,10,880,732,0,0,0,0,0,0,0,0,0,0,0,0,76,0,0,912,0,0,0,0,64,0,0,0,0,0,0,0,0,26688
201,1000,0,0,0,2,2,5,5,18,6,0,0,0,0,76,32768,6,912,756,0,0,0,0,0,0,0,0,0,0,0,0,76,0,0,880,0,0,0,0,64,0,0,0,0,0,0,0,0,26624
201,1100,0,0,0,2,2,5,5,18,6,0,0,0,0,76,8192,10,880,732,0,0,0,0,0,0,0,0,0,0,0,0,76,0,0,912,0,0,0,0,64,0,0,0,0,0,0,0,0,26688
202,1000,0,0,0,2,2,5,5,18,6,0,0,0,0,76,32768,6,912,756,0,0,0,0,0,0,0,0,0,0,0,0,76,0,0,880,0,0,0,0,64,0,0,0,0,0,0,0,0,26624
202,1100,0,0,0,2,2,5,5,18,6,0,0,0,0,76,8192,10,880,732,0,0,0,0,0,0,0,0,0,0,0,0,76,0,0,912,0,0,0,0,64,0,0,0,0,0,0,0,0,26688
203,1000,0,0,0,2,2,5,5,18,6,0,0,0,0,76,32768,6,912,756,0,0,0,0,0,0,0,0,0,0,0,0,76,0,0,880,0,0,0,0,64,0,0,0,0,0,0,0,0,26624
203,1100,0,0,0,2,2,5,5,18,6,0,0,0,0,76,8192,10,880,732,0,0,0,0,0,0,0,0,0,0,0,0,76,0,0,912,0,0,0,0,64,0,0,0,0,0,0,0,0,26688
204,1000,0,0,0,2,2,5,5,18,6,0,0,0,0,76,32768,6,912,756,0,0,0,0,0,0,0,0,0,0,0,0,76,0,0,880,0,0,0,0,64,0,0,0,0,0,0,0,0,26624
204,1100,0,0,0,2,2,5,5,18,6,0,0,0,0,76,8192,10,880,732,0,0,0,0,0,0,0,0,0,0,0,0,76,0,0,912,0,0,0,0,64,0,0,0,0,0,0,0,0,26688
205,1000,0,0,0,2,2,5,5,18,6,0,0,0,0,76,32768,6,912,756,0,0,0,0,0,0,0,0,0,0,0,0,76,0,0,880,0,0,0,0,64,0,0,0,0,0,0,0,0,26624
205,1100,0,0,0,2,2,5,5,18,6,0,0,0,0,76,8192,10,880,732,0,0,0,0,0,0,0,0,0,0,0,0,76,0,0,912,0,0,0,0,64,0,0,0,0,0,0,0,0,26688
206,1000,0,0,0,2,2,5,5,18,6,0,0,0,0,76,32768,6,912,756,0,0,0,0,0,0,0,0,0,0,0,0,76,0,0,880,0,0,0,0,64,0,0,0,0,0,0,0,0,26624
206,1100,0,0,0,2,2,5,5,18,6,0,0,0,0,76,8192,10,880,732,0,0,0,0,0,0,0,0,0,0,0,0,76,0,0,912,0,0,0,0,64,0,0,0,0,0,0,0,0,26688
207,1000,0,0,0,2,2,5,5,18,6,0,0,0,0,76,32768,6,912,756,0,0,0,0,0,0,0,0,0,0,0,0,76,0,0,880,0,0,0,0,64,0,0,0,0,0,0,0,0,26624
207,1100,0,0,0,2,2,5,5,18,6,0,0,0,0,76,8192,10,880,732,0,0,0,0,0,0,0,0,0,0,0,0,76,0,0,912,0,0,0,0,64,0,0,0,0,0,0,0,0,26688
208,1000,0,0,0,2,2,5,5,18,6,0,0,0,0,76,32768,6,912,756,0,0,0,0,0,0,0,0,0,0,0,0,76,0,0,880,0,0,0,0,64,0,0,0,0,0,0,0,0,26624
208,1100,0,0,0,2,2,5,5,18,6,0,0,0,0,76,8192,10,880,732,0,0,0,0,0,0,0,0,0,0,0,0,76,0,0,912,0,0,0,0,64,0,0,0,0,0,0,0,0,26688
209,1000,0,0,0,2,2,5,5,18,6,0,0,0,0,76,32768,6,912,756,0,0,0,0,0,0,0,0,0,0,0,0,76,0,0,880,0,0,0,0,64,0,0,0,0,0,0,0,0,26624
209,1100,0,0,0,2,2,5,5,18,6,0,0,0,0,76,8192,10,880,732,0,0,0,0,0,0,0,0,0,0,0,0,76,0,0,912,0,0,0,0,64,0,0,0,0,0,0,0,0,26688
210,1000,0,0,0,2,2,5,5,18,6,0,0,0,0,76,32768,6,912,756,0,0,0,0,0,0,0,0,0,0,0,0,76,0,0,880,0,0,0,0,64,0,0,0,0,0,0,0,0,26624
210,1100,0,0,0,2,2,5,5,18,6,0,0,0,0,76,8192,10,880,732,0,0,0,0,0,0,0,0,0,0,0,0,76,0,0,912,0,0,0,0,64,0,0,0,0,0,0,0,0,26688
211,1000,0,0,0,2,2,5,5,18,6,0,0,0,0,76,32768,6,912,756,0,0,0,0,0,0,0,0,0,0,0,0,76,0,0,880,0,0,0,0,64,0,0,0,0,0,0,0,0,26624
211,1100,0,0,0,2,2,5,5,18,6,0,0,0,0,76,8192,10,880,732,0,0,0,0,0,0,0,0,0,0,0,0,76,0,0,912,0,0,0,0,64,0,0,0,0,0,0,0,0,26688
212,1000,0,0,0,2,2,5,5,18,6,0,0,0,0,76,32768,6,912,756,0,0,0,0,0,0,0,0,0,0,0,0,76,0,0,880,0,0,0,0,64,0,0,0,0,0,0,0,0,26624
212,1100,0,0,0,2,2,5,5,18,6,0,0,0,0,76,8192,10,880,732,0,0,0,0,0,0,0,0,0,0,0,0,76,0,0,912,0,0,0,0,64,0,0,0,0,0,0,0,0,26688
213,1000,0,0,0,2,2,5,5,18,6,0,0,0,0,76,32768,6,912,756,0,0,0,0,0,0,0,0,0,0,0,0,76,0,0,880,0,0,0,0,64,0,0,0,0,0,0,0,0,26624
213,1100,0,0,0,2,2,5,5,18,6,0,0,0,0,76,8192,10,880,732,0,0,0,0,0,0,0,0,0,0,0,0,76,0,0,912,0,0,0,0,64,0,0,0,0,0,0,0,0,26688
214,1000,0,0,0,2,2,5,5,18,6,0,0,0,0,76,32768,6,912,756,0,0,0,0,0,0,0,0,0,0,0,0,76,0,0,880,0,0,0,0,64,0,0,0,0,0,0,0,0,26624
214,1100,0,0,0,2,2,5,5,18,6,0,0,0,0,76,8192,10,880,732,0,0,0,0,0,0,0,0,0,0,0,0,76,0,0,912,0,0,0,0,64,0,0,0,0,0,0,0,0,26688
215,1000,0,0,0,2,2,5,5,18,6,0,0,0,0,76,32768,6,912,756,0,0,0,0,0,0,0,0,0,0,0,0,76,0,0,880,0,0,0,0,64,0,0,0,0,0,0,0,0,26624
215,1100,0,0,0,2,2,5,5,18,6,0,0,0,0,76,8192,10,880,732,0,0,0,0,0,0,0,0,0,0,0,0,76,0,0,912,0,0,0,0,64,0,0,0,0,0,0,0,0,26688
216,1000,0,0,0,2,2,5,5,18,6,0,0,0,0,76,32768,6,912,756,0,0,0,0,0,0,0,0,0,0,0,0,76,0,0,880,0,0,0,0,64,0,0,0,0,0,0,0,0,26624
216,1100,0,0,0,2,2,5,5,18,6,0,0,0,0,76,8192,10,880,732,0,0,0,0,0,0,0,0,0,0,0,0,76,0,0,912,0,0,0,0,64,0,0,0,0,0,0,0,0,26688
217,1000,0,0,0,2,2,5,5,18,6,0,0,0,0,76,32768,6,912,756,0,0,0,0,0,0,0,0,0,0,0,0,76,0,0,880,0,0,0,0,64,0,0,0,0,0,0,0,0,26624
217,1100,0,0,0,2,2,5,5,18,6,0,0,0,0,76,8192,10,880,732,0,0,0,0,0,0,0,0,0,0,0,0,76,0,0,912,0,0,0,0,64,0,0,0,0,0,0,0,0,26688
218,1000,0,0,0,2,2,5,5,18,6,0,0,0,0,76,32768,6,912,756,0,0,0,0,0,0,0,0,0,0,0,0,76,0,0,880,0,0,0,0,64,0,0,0,0,0,0,0,0,26624
218,1100,0,0,0,2,2,5,5,18,6,0,0,0,0,76,8192,10,880,732,0,0,0,0,0,0,0,0,0,0,0,0,76,0,0,912,0,0,0,0,64,0,0,0,0,0,0,0,0,26688
219,1000,0,0,0,2,2,5,5,18,6,0,0,0,0,76,32768,6,912,756,0,0,0,0,0,0,0,0,0,0,0,0,76,0,0,880,0,0,0,0,64,0,0,0,0,0,0,0,0,26624
219,1100,0,0,0,2,2,5,5,18,6,0,0,0,0,76,8192,10,880,732,0,0,0,0,0,0,0,0,0,0,0,0,76,0,0,912,0,0,0,0,64,0,0,0,0,0,0,0,0,26688
220,1000,0,0,0,2,2,5,5,18,6,0,0,0,0,76,32768,6,912,756,0,0,0,0,0,0,0,0,0,0,0,0,76,0,0,880,0,0,0,0,64,0,0,0,0,0,0,0,0,26624
220,1100,0,0,0,2,2,5,5,18,6,0,0,0,0,76,8192,10,880,732,0,0,0,0,0,0,0,0,0,0,0,0,76,0,0,912,0,0,0,0,64,0,0,0,0,0,0,0,0,26688
221,1000,0,0,0,2,2,5,5,18,6,0,0,0,0,76,32768,6,912,756,0,0,0,0,0,0,0,0,0,0,0,0,76,0,0,880,0,0,0,0,64,0,0,0,0,0,0,0,0,26624
221,1100,0,0,0,2,2,5,5,18,6,0,0,0,0,76,8192,10,880,732,0,0,0,0,0,0,0,0,0,0,0,0,76,0,0,912,0,0,0,0,64,0,0,0,0,0,0,0,0,26688
222,1000,0,0,0,2,2,5,5,18,6,0,0,0,0,76,32768,6,912,756,0,0,0,0,0,0,0,0,0,0,0,0,76,0,0,880,0,0,0,0,64,0,0,0,0,0,0,0,0,26624
222,1100,0,0,0,2,2,5,5,18,6,0,0,0,0,76,8192,10,880,732,0,0,0,0,0,0,0,0,0,0,0,0,76,0,0,912,0,0,0,0,64,0,0,0,0,0,0,0,0,26688
223,1000,0,0,0,2,2,5,5,18,6,0,0,0,0,76,32768,6,912,756,0,0,0,0,0,0,0,0,0,0,0,0,76,0,0,880,0,0,0,0,64,0,0,0,0,0,0,0,0,26624
223,1100,0,0,0,2,2,5,5,18,6,0,0,0,0,76,8192,10,880,732,0,0,0,0,0,0,0,0,0,0,0,0,76,0,0,912,0,0,0,0,64,0,0,0,0,0,0,0,0,26688
224,1000,0,0,0,2,2,5,5,18,6,0,0,0,0,76,32768,6,912,756,0,0,0,0,0,0,0,0,0,0,0,0,76,0,0,880,0,0,0,0,64,0,0,0,0,0,0,0,0,26624
224,1100,0,0,0,2,2,5,5,18,6,0,0,0,0,76,8192,10,880,732,0,0,0,0,0,0,0,0,0,0,0,0,76,0,0,912,0,0,0,0,64,0,0,0,0,0,0,0,0,26688
225,1000,0,0,0,2,2,5,5,18,6,0,0,0,0,76,32768,6,912,756,0,0,0,0,0,0,0,0,0,0,0,0,76,0,0,880,0,0,0,0,64,0,0,0,0,0,0,0,0,26624
225,1100,0,0,0,2,2,5,5,18,6,0,0,0,0,76,8192,10,880,732,0,0,0,0,0,0,0,0,0,0,0,0,76,0,0,912,0,0,0,0,64,0,0,0,0,0,0,0,0,26688
226,1000,0,0,0,2,2,5,5,18,6,0,0,0,0,76,32768,6,912,756,0,0,0,0,0,0,0,0,0,0,0,0,76,0,0,880,0,0,0,0,64,0,0,0,0,0,0,0,0,26624
226,1100,0,0,0,2,2,5,5,18,6,0,0,0,0,76,8192,10,880,732,0,0,0,0,0,0,0,0,0,0,0,0,76,0,0,912,0,0,0,0,64,0,0,0,0,0,0,0,0,26688
227,1000,0,0,0,2,2,5,5,18,6,0,0,0,0,76,32768,6,912,756,0,0,0,0,0,0,0,0,0,0,0,0,76,0,0,880,0,0,0,0,64,0,0,0,0,0,0,0,0,26624
227,1100,0,0,0,2,2,5,5,18,6,0,0,0,0,76,8192,10,880,732,0,0,0,0,0,0,0,0,0,0,0,0,76,0,0,912,0,0,0,0,64,0,0,0,0,0,0,0,0,26688
228,1000,0,0,0,2,2,5,5,18,6,0,0,0,0,76,32768,6,912,756,0,0,0,0,0,0,0,0,0,0,0,0,76,0,0,880,0,0,0,0,64,0,0,0,0,0,0,0,0,26624
228,1100,0,0,0,2,2,5,5,18,6,0,0,0,0,76,8192,10,880,732,0,0,0,0,0,0,0,0,0,0,0,0,76,0,0,912,0,0,0,0,64,0,0,0,0,0,0,0,0,26688
229,1000,0,0,0,2,2,5,5,18,6,0,0,0,0,76,32768,6,912,756,0,0,0,0,0,0,0,0,0,0,0,0,76,0,0,880,0,0,0,0,64,0,0,0,0,0,0,0,0,26624
229,1100,0,0,0,2,2,5,5,18,6,0,0,0,0,76,8192,10,880,732,0,0,0,0,0,0,0,0,0,0,0,0,76,0,0,912,0,0,0,0,64,0,0,0,0,0,0,0,0,26688
230,1000,0,0,0,2,2,5,5,18,6,0,0,0,0,76,32768,6,912,756,0,0,0,0,0,0,0,0,0,0,0,0,76,0,0,880,0,0,0,0,64,0,0,0,0,0,0,0,0,26624
230,1100,0,0,0,2,2,5,5,18,6,0,0,0,0,76,8192,10,880,732,0,0,0,0,0,0,0,0,0,0,0,0,76,0,0,912,0,0,0,0,64,0,0,0,0,0,0,0,0,26688
231,1000,0,0,0,2,2,5,5,18,6,0,0,0,0,76,32768,6,912,756,0,0,0,0,0,0,0,0,0,0,0,0,76,0,0,880,0,0,0,0,64,0,0,0,0,0,0,0,0,26624
231,1100,0,0,0,2,2,5,5,18,6,0,0,0,0,76,8192,10,880,732,0,0,0,0,0,0,0,0,0,0,0,0,76,0,0,912,0,0,0,0,64,0,0,0,0,0,0,0,0,26688
232,1000,0,0,0,2,2,5,5,18,6,0,0,0,0,76,32768,6,912,756,0,0,0,0,0,0,0,0,0,0,0,0,76,0,0,880,0,0,0,0,64,0,0,0,0,0,0,0,0,26624
232,1100,0,0,0,2,2,5,5,18,6,0,0,0,0,76,8192,10,880,732,0,0,0,0,0,0,0,0,0,0,0,0,76,0,0,912,0,0,0,0,64,0,0,0,0,0,0,0,0,26688
233,1000,0,0,0,2,2,5,5,18,6,0,0,0,0,76,32768,6,912,756,0,0,0,0,0,0,0,0,0,0,0,0,76,0,0,880,0,0,0,0,64,0,0,0,0,0,0,0,0,26624
233,1100,0,0,0,2,2,5,5,18,6,0,0,0,0,76,8192,10,880,732,0,0,0,0,0,0,0,0,0,0,0,0,76,0,0,912,0,0,0,0,64,0,0,0,0,0,0,0,0,26688
234,1000,0,0,0,2,2,5,5,18,6,0,0,0,0,76,32768,6,912,756,0,0,0,0,0,0,0,0,0,0,0,0,76,0,0,880,0,0,0,0,64,0,0,0,0,0,0,0,0,26624
234,1100,0,0,0,2,2,5,5,18,6,0,0,0,0,76,8192,10,880,732,0,0,0,0,0,0,0,0,0,0,0,0,76,0,0,912,0,0,0,0,64,0,0,0,0,0,0,0,0,26688
235,1000,0,0,0,2,2,5,5,18,6,0,0,0,0,76,32768,6,912,756,0,0,0,0,0,0,0,0,0,0,0,0,76,0,0,880,0,0,0,0,64,0,0,0,0,0,0,0,0,26624
235,1100,0,0,0,2,2,5,5,18,6,0,0,0,0,76,8192,10,880,732,0,0,0,0,0,0,0,0,0,0,0,0,76,0,0,912,0,0,0,0,64,0,0,0,0,0,0,0,0,26688
236,1000,0,0,0,2,2,5,5,18,6,0,0,0,0,76,32768,6,912,756,0,0,0,0,0,0,0,0,0,0,0,0,76,0,0,880,0,0,0,0,64,0,0,0,0,0,0,0,0,26624
236,1100,0,0,0,2,2,5,5,18,6,0,0,0,0,76,8192,10,880,732,0,0,0,0,0,0,0,0,0,0,0,0,76,0,0,912,0,0,0,0,64,0,0,0,0,0,0,0,0,26688
237,1000,0,0,0,2,2,5,5,18,6,0,0,0,0,76,32768,6,912,756,0,0,0,0,0,0,0,0,0,0,0,0,76,0,0,880,0,0,0,0,64,0,0,0,0,0,0,0,0,26624
237,1100,0,0,0,2,2,5,5,18,6,0,0,0,0,76,8192,10,880,732,0,0,0,0,0,0,0,0,0,0,0,0,76,0,0,912,0,0,0,0,64,0,0,0,0,0,0,0,0,26688
238,1000,0,0,0,2,2,5,5,18,6,0,0,0,0,76,32768,6,912,756,0,0,0,0,0,0,0,0,0,0,0,0,76,0,0,880,0,0,0,0,64,0,0,0,0,0,0,0,0,26624
238,1100,0,0,0,2,2,5,5,18,6,0,0,0,0,76,8192,10,880,732,0,0,0,0,0,0,0,0,0,0,0,0,76,0,0,912,0,0,0,0,64,0,0,0,0,0,0,0,0,26688
239,1000,0,0,0,2,2,5,5,18,6,0,0,0,0,76,32768,6,912,756,0,0,0,0,0,0,0,0,0,0,0,0,76,0,0,880,0,0,0,0,64,0,0,0,0,0,0,0,0,26624
239,1100,0,0,0,2,2,5,5,18,6,0,0,0,0,76,8192,10,880,732,0,0,0,0,0,0,0,0,0,0,0,0,76,0,0,912,0,0,0,0,64,0,0,0,0,0,0,0,0,26688
240,1000,0,0,0,2,2,5,5,18,6,0,0,0,0,76,32768,6,912,756,0,0,0,0,0,0,0,0,0,0,0,0,76,0,0,880,0,0,0,0,64,0,0,0,0,0,0,0,0,26624
240,1100,0,0,0,2,2,5,5,18,6,0,0,0,0,76,8192,10,880,732,0,0,0,0,0,0,0,0,0,0,0,0,76,0,0,912,0,0,0,0,64,0,0,0,0,0,0,0,0,26688
241,1000,0,0,0,2,2,5,5,18,6,0,0,0,0,76,32768,6,912,756,0,0,0,0,0,0,0,0,0,0,0,0,76,0,0,880,0,0,0,0,64,0,0,0,0,0,0,0,0,26624
241,1100,0,0,0,2,2,5,5,18,6,0,0,0,0,76,8192,10,880,732,0,0,0,0,0,0,0,0,0,0,0,0,76,0,0,912,0,0,0,0,64,0,0,0,0,0,0,0,0,26688
242,1000,0,0,0,2,2,5,5,18,6,0,0,0,0,76,32768,6,912,756,0,0,0,0,0,0,0,0,0,0,0,0,76,0,0,880,0,0,0,0,64,0,0,0,0,0,0,0,0,26624
242,1100,0,0,0,2,2,5,5,18,6,0,0,0,0,76,8192,10,880,732,0,0,0,0,0,0,0,0,0,0,0,0,76,0,0,912,0,0,0,0,64,0,0,0,0,0,0,0,0,26688
243,1000,0,0,0,2,2,5,5,18,6,0,0,0,0,76,32768,6,912,756,0,0,0,0,0,0,0,0,0,0,0,0,76,0,0,880,0,0,0,0,64,0,0,0,0,0,0,0,0,26624
243,1100,0,0,0,2,2,5,5,18,6,0,0,0,0,76,8192,10,880,732,0,0,0,0,0,0,0,0,0,0,0,0,76,0,0,912,0,0,0,0,64,0,0,0,0,0,0,0,0,26688
244,1000,0,0,0,2,2,5,5,18,6,0,0,0,0,76,32768,6,912,756,0,0,0,0,0,0,0,0,0,0,0,0,76,0,0,880,0,0,0,0,64,0,0,0,0,0,0,0,0,26624
244,1100,0,0,0,2,2,5,5,18,6,0,0,0,0,76,8192,10,880,732,0,0,0,0,0,0,0,0,0,0,0,0,76,0,0,912,0,0,0,0,64,0,0,0,0,0,0,0,0,26688
245,1000,0,0,0,2,2,5,5,18,6,0,0,0,0,76,32768,6,912,756,0,0,0,0,0,0,0,0,0,0,0,0,76,0,0,880,0,0,0,0,64,0,0,0,0,0,0,0,0,26624
245,1100,0,0,0,2,2,5,5,18,6,0,0,0,0,76,8192,10,880,732,0,0,0,0,0,0,0,0,0,0,0,0,76,0,0,912,0,0,0,0,64,0,0,0,0,0,0,0,0,26688
246,1000,0,0,0,2,2,5,5,18,6,0,0,0,0,76,32768,6,912,756,0,0,0,0,0,0,0,0,0,0,0,0,76,0,0,880,0,0,0,0,64,0,0,0,0,0,0,0,0,26624
246,1100,0,0,0,2,2,5,5,18,6,0,0,0,0,76,8192,10,880,732,0,0,0,0,0,0,0,0,0,0,0,0,76,0,0,912,0,0,0,0,64,0,0,0,0,0,0,0,0,26688
247,1000,0,0,0,2,2,5,5,18,6,0,0,0,0,76,32768,6,912,756,0,0,0,0,0,0,0,0,0,0,0,0,76,0,0,880,0,0,0,0,64,0,0,0,0,0,0,0,0,26624
247,1100,0,0,0,2,2,5,5,18,6,0,0,0,0,76,8192,10,880,732,0,0,0,0,0,0,0,0,0,0,0,0,76,0,0,912,0,0,0,0,64,0,0,0,0,0,0,0,0,26688
248,1000,0,0,0,2,2,5,5,18,6,0,0,0,0,76,32768,6,912,756,0,0,0,0,0,0,0,0,0,0,0,0,76,0,0,880,0,0,0,0,64,0,0,0,0,0,0,0,0,26624
248,1100,0,0,0,2,2,5,5,18,6,0,0,0,0,76,8192,10,880,732,0,0,0,0,0,0,0,0,0,0,0,0,76,0,0,912,0,0,0,0,64,0,0,0,0,0,0,0,0,26688
249,1000,0,0,0,2,2,5,5,18,6,0,0,0,0,76,32768,6,912,756,0,0,0,0,0,0,0,0,0,0,0,0,76,0,0,880,0,0,0,0,64,0,0,0,0,0,0,0,0,26624
249,1100,0,0,0,2,2,5,5,18,6,0,0,0,0,76,8192,10,880,732,0,0,0,0,0,0,0,0,0,0,0,0,76,0,0,912,0,0,0,0,64,0,0,0,0,0,0,0,0,26688
250,1000,0,0,0,2,2,5,5,18,6,0,0,0,0,76,32768,6,912,756,0,0,0,0,0,0,0,0,0,0,0,0,76,0,0,880,0,0,0,0,64,0,0,0,0,0,0,0,0,26624
250,1100,0,0,0,2,2,5,5,18,6,0,0,0,0,76,8192,10,880,732,0,0,0,0,0,0,0,0,0,0,0,0,76,0,0,912,0,0,0,0,64,0,0,0,0,0,0,0,0,26688
251,1000,0,0,0,2,2,5,5,18,6,0,0,0,0,76,32768,6,912,756,0,0,0,0,0,0,0,0,0,0,0,0,76,0,0,880,0,0,0,0,64,0,0,0,0,0,0,0,0,26624
251,1100,0,0,0,2,2,5,5,18,6,0,0,0,0,76,8192,10,880,732,0,0,0,0,0,0,0,0,0,0,0,0,76,0,0,912,0,0,0,0,64,0,0,0,0,0,0,0,0,26688
252,1000,0,0,0,2,2,5,5,18,6,0,0,0,0,76,32768,6,912,756,0,0,0,0,0,0,0,0,0,0,0,0,76,0,0,880,0,0,0,0,64,0,0,0,0,0,0,0,0,26624
252,1100,0,0,0,2,2,5,5,18,6,0,0,0,0,76,8192,10,880,732,0,0,0,0,0,0,0,0,0,0,0,0,76,0,0,912,0,0,0,0,64,0,0,0,0,0,0,0,0,26688
253,1000,0,0,0,2,2,5,5,18,6,0,0,0,0,76,32768,6,912,756,0,0,0,0,0,0,0,0,0,0,0,0,76,0,0,880,0,0,0,0,64,0,0,0,0,0,0,0,0,26624
253,1100,0,0,0,2,2,5,5,18,6,0,0,0,0,76,8192,10,880,732,0,0,0,0,0,0,0,0,0,0,0,0,76,0,0,912,0,0,0,0,64,0,0,0,0,0,0,0,0,26688
254,1000,0,0,0,2,2,5,5,18,6,0,0,0,0,76,32768,6,912,756,0,0,0,0,0,0,0,0,0,0,0,0,76,0,0,880,0,0,0,0,64,0,0,0,0,0,0,0,0,26624
254,1100,0,0,0,2,2,5,5,18,6,0,0,0,0,76,8192,10,880,732,0,0,0,0,0,0,0,0,0,0,0,0,76,0,0,912,0,0,0,0,64,0,0,0,0,0,0,0,0,26688
255,1000,0,0,0,2,2,5,5,18,6,0,0,0,0,76,32768,6,912,756,0,0,0,0,0,0,0,0,0,0,0,0,76,0,0,880,0,0,0,0,64,0,0,0,0,0,0,0,0,26624
255,1100,0,0,0,2,2,5,5,18,6,0,0,0,0,76,8192,10,880,732,0,0,0,0,0,0,0,0,0,0,0,0,76,0,0,912,0,0,0,0,64,0,0,0,0,0,0,0,0,26688
256,1000,0,0,0,2,2,5,5,18,6,0,0,0,0,76,32768,6,912,756,0,0,0,0,0,0,0,0,0,0,0,0,76,0,0,880,0,0,0,0,64,0,0,0,0,0,0,0,0,26624
256,1100,0,0,0,2,2,5,5,18,6,0,0,0,0,76,8192,10,880,732,0,0,0,0,0,0,0,0,0,0,0,0,76,0,0,912,0,0,0,0,64,0,0,0,0,0,0,0,0,26688
257,1000,0,0,0,2,2,5,5,18,6,0,0,0,0,76,32768,6,912,756,0,0,0,0,0,0,0,0,0,0,0,0,76,0,0,880,0,0,0,0,64,0,0,0,0,0,0,0,0,26624
257,1100,0,0,0,2,2,5,5,18,6,0,0,0,0,76,8192,10,880,732,0,0,0,0,0,0,0,0,0,0,0,0,76,0,0,912,0,0,0,0,64,0,0,0,0,0,0,0,0,26688
258,1000,0,0,0,2,2,5,5,18,6,0,0,0,0,76,32768,6,912,756,0,0,0,0,0,0,0,0,0,0,0,0,76,0,0,880,0,0,0,0,64,0,0,0,0,0,0,0,0,26624
258,1100,0,0,0,2,2,5,5,18,6,0,0,0,0,76,8192,10,880,732,0,0,0,0,0,0,0,0,0,0,0,0,76,0,0,912,0,0,0,0,64,0,0,0,0,0,0,0,0,26688
259,1000,0,0,0,2,2,5,5,18,6,0,0,0,0,76,32768,6,912,756,0,0,0,0,0,0,0,0,0,0,0,0,76,0,0,880,0,0,0,0,64,0,0,0,0,0,0,0,0,26624
259,1100,0,0,0,2,2,5,5,18,6,0,0,0,0,76,8192,10,880,732,0,0,0,0,0,0,0,0,0,0,0,0,76,0,0,912,0,0,0,0,64,0,0,0,0,0,0,0,0,26688
260,1000,0,0,0,2,2,5,5,18,6,0,0,0,0,76,32768,6,912,756,0,0,0,0,0,0,0,0,0,0,0,0,76,0,0,880,0,0,0,0,64,0,0,0,0,0,0,0,0,26624
260,1100,0,0,0,2,2,5,5,18,6,0,0,0,0,76,8192,10,880,732,0,0,0,0,0,0,0,0,0,0,0,0,76,0,0,912,0,0,0,0,64,0,0,0,0,0,0,0,0,26688
261,1000,0,0,0,2,2,5,5,18,6,0,0,0,0,76,32768,6,912,756,0,0,0,0,0,0,0,0,0,0,0,0,76,0,0,880,0,0,0,0,64,0,0,0,0,0,0,0,0,26624
261,1100,0,0,0,2,2,5,5,18,6,0,0,0,0,76,8192,10,880,732,0,0,0,0,0,0,0,0,0,0,0,0,76,0,0,912,0,0,0,0,64,0,0,0,0,0,0,0,0,26688
262,1000,0,0,0,2,2,5,5,18,6,0,0,0,0,76,32768,6,912,756,0,0,0,0,0,0,0,0,0,0,0,0,76,0,0,880,0,0,0,0,64,0,0,0,0,0,0,0,0,26624
262,1100,0,0,0,2,2,5,5,18,6,0,0,0,0,76,8192,10,880,732,0,0,0,0,0,0,0,0,0,0,0,0,76,0,0,912,0,0,0,0,64,0,0,0,0,0,0,0,0,26688
263,1000,0,0,0,2,2,5,5,18,6,0,0,0,0,76,32768,6,912,756,0,0,0,0,0,0,0,0,0,0,0,0,76,0,0,880,0,0,0,0,64,0,0,0,0,0,0,0,0,26624
263,1100,0,0,0,2,2,5,5,18,6,0,0,0,0,76,8192,10,880,732,0,0,0,0,0,0,0,0,0,0,0,0,76,0,0,912,0,0,0,0,64,0,0,0,0,0,0,0,0,26688
264,1000,0,0,0,2,2,5,5,18,6,0,0,0,0,76,32768,6,912,756,0,0,0,0,0,0,0,0,0,0,0,0,76,0,0,880,0,0,0,0,64,0,0,0,0,0,0,0,0,26624
264,1100,0,0,0,2,2,5,5,18,6,0,0,0,0,76,8192,10,880,732,0,0,0,0,0,0,0,0,0,0,0,0,76,0,0,912,0,0,0,0,64,0,0,0,0,0,0,0,0,26688
265,1000,0,0,0,2,2,5,5,18,6,0,0,0,0,76,32768,6,912,756,0,0,0,0,0,0,0,0,0,0,0,0,76,0,0,880,0,0,0,0,64,0,0,0,0,0,0,0,0,26624
265,1100,0,0,0,2,2,5,5,18,6,0,0,0,0,76,8192,10,880,732,0,0,0,0,0,0,0,0,0,0,0,0,76,0,0,912,0,0,0,0,64,0,0,0,0,0,0,0,0,26688
266,1000,0,0,0,2,2,5,5,18,6,0,0,0,0,76,32768,6,912,756,0,0,0,0,0,0,0,0,0,0,0,0,76,0,0,880,0,0,0,0,64,0,0,0,0,0,0,0,0,26624
266,1100,0,0,0,2,2,5,5,18,6,0,0,0,0,76,8192,10,880,732,0,0,0,0,0,0,0,0,0,0,0,0,76,0,0,912,0,0,0,0,64,0,0,0,0,0,0,0,0,26688
267,1000,0,0,0,2,2,5,5,18,6,0,0,0,0,76,32768,6,912,756,0,0,0,0,0,0,0,0,0,0,0,0,76,0,0,880,0,0,0,0,64,0,0,0,0,0,0,0,0,26624
267,1100,0,0,0,2,2,5,5,18,6,0,0,0,0,76,8192,10,880,732,0,0,0,0,0,0,0,0,0,0,0,0,76,0,0,912,0,0,0,0,64,0,0,0,0,0,0,0,0,26688
268,1000,0,0,0,2,2,5,5,18,6,0,0,0,0,76,32768,6,912,756,0,0,0,0,0,0,0,0,0,0,0,0,76,0,0,880,0,0,0,0,64,0,0,0,0,0,0,0,0,26624
268,1100,0,0,0,2,2,5,5,18,6,0,0,0,0,76,8192,10,880,732,0,0,0,0,0,0,0,0,0,0,0,0,76,0,0,912,0,0,0,0,64,0,0,0,0,0,0,0,0,26688
269,1000,0,0,0,2,2,5,5,18,6,0,0,0,0,76,32768,6,912,756,0,0,0,0,0,0,0,0,0,0,0,0,76,0,0,880,0,0,0,0,64,0,0,0,0,0,0,0,0,26624
269,1100,0,0,0,2,2,5,5,18,6,0,0,0,0,76,8192,10,880,732,0,0,0,0,0,0,0,0,0,0,0,0,76,0,0,912,0,0,0,0,64,0,0,0,0,0,0,0,0,26688
270,1000,0,0,0,2,2,5,5,18,6,0,0,0,0,76,32768,6,912,756,0,0,0,0,0,0,0,0,0,0,0,0,76,0,0,880,0,0,0,0,64,0,0,0,0,0,0,0,0,26624
270,1100,0,0,0,2,2,5,5,18,6,0,0,0,0,76,8192,10,880,732,0,0,0,0,0,0,0,0,0,0,0,0,76,0,0,912,0,0,0,0,64,0,0,0,0,0,0,0,0,26688
271,1000,0,0,0,2,2,5,5,18,6,0,0,0,0,76,32768,6,912,756,0,0,0,0,0,0,0,0,0,0,0,0,76,0,0,880,0,0,0,0,64,0,0,0,0,0,0,0,0,26624
271,1100,0,0,0,2,2,5,5,18,6,0,0,0,0,76,8192,10,880,732,0,0,0,0,0,0,0,0,0,0,0,0,76,0,0,912,0,0,0,0,64,0,0,0,0,0,0,0,0,26688
272,1000,0,0,0,2,2,5,5,18,6,0,0,0,0,76,32768,6,912,756,0,0,0,0,0,0,0,0,0,0,0,0,76,0,0,880,0,0,0,0,64,0,0,0,0,0,0,0,0,26624
272,1100,0,0,0,2,2,5,5,18,6,0,0,0,0,76,8192,10,880,732,0,0,0,0,0,0,0,0,0,0,0,0,76,0,0,912,0,0,0,0,64,0,0,0,0,0,0,0,0,26688
273,1000,0,0,0,2,2,5,5,18,6,0,0,0,0,76,32768,6,912,756,0,0,0,0,0,0,0,0,0,0,0,0,76,0,0,880,0,0,0,0,64,0,0,0,0,0,0,0,0,26624
273,1100,0,0,0,2,2,5,5,18,6,0,0,0,0,76,8192,10,880,732,0,0,0,0,0,0,0,0,0,0,0,0,76,0,0,912,0,0,0,0,64,0,0,0,0,0,0,0,0,26688
274,1000,0,0,0,2,2,5,5,18,6,0,0,0,0,76,32768,6,912,756,0,0,0,0,0,0,0,0,0,0,0,0,76,0,0,880,0,0,0,0,64,0,0,0,0,0,0,0,0,26624
274,1100,0,0,0,2,2,5,5,18,6,0,0,0,0,76,8192,10,880,732,0,0,0,0,0,0,0,0,0,0,0,0,76,0,0,912,0,0,0,0,64,0,0,0,0,0,0,0,0,26688
275,1000,0,0,0,2,2,5,5,18,6,0,0,0,0,76,32768,6,912,756,0,0,0,0,0,0,0,0,0,0,0,0,76,0,0,880,0,0,0,0,64,0,0,0,0,0,0,0,0,26624
275,1100,0,0,0,2,2,5,5,18,6,0,0,0,0,76,8192,10,880,732,0,0,0,0,0,0,0,0,0,0,0,0,76,0,0,912,0,0,0,0,64,0,0,0,0,0,0,0,0,26688
276,1000,0,0,0,2,2,5,5,18,6,0,0,0,0,76,32768,6,912,756,0,0,0,0,0,0,0,0,0,0,0,0,76,0,0,880,0,0,0,0,64,0,0,0,0,0,0,0,0,26624
276,1100,0,0,0,2,2,5,5,18,6,0,0,0,0,76,8192,10,880,732,0,0,0,0,0,0,0,0,0,0,0,0,76,0,0,912,0,0,0,0,64,0,0,0,0,0,0,0,0,26688
277,1000,0,0,0,2,2,5,5,18,6,0,0,0,0,76,32768,6,912,756,0,0,0,0,0,0,0,0,0,0,0,0,76,0,0,880,0,0,0,0,64,0,0,0,0,0,0,0,0,26624
277,1100,0,0,0,2,2,5,5,18,6,0,0,0,0,76,8192,10,880,732,0,0,0,0,0,0,0,0,0,0,0,0,76,0,0,912,0,0,0,0,64,0,0,0,0,0,0,0,0,26688
278,1000,0,0,0,2,2,5,5,18,6,0,0,0,0,76,32768,6,912,756,0,0,0,0,0,0,0,0,0,0,0,0,76,0,0,880,0,0,0,0,64,0,0,0,0,0,0,0,0,26624
278,1100,0,0,0,2,2,5,5,18,6,0,0,0,0,76,8192,10,880,732,0,0,0,0,0,0,0,0,0,0,0,0,76,0,0,912,0,0,0,0,64,0,0,0,0,0,0,0,0,26688
279,1000,0,0,0,2,2,5,5,18,6,0,0,0,0,76,32768,6,912,756,0,0,0,0,0,0,0,0,0,0,0,0,76,0,0,880,0,0,0,0,64,0,0,0,0,0,0,0,0,26624
279,1100,0,0,0,2,2,5,5,18,6,0,0,0,0,76,8192,10,880,732,0,0,0,0,0,0,0,0,0,0,0,0,76,0,0,912,0,0,0,0,64,0,0,0,0,0,0,0,0,26688
280,1000,0,0,0,2,2,5,5,18,6,0,0,0,0,76,32768,6,912,756,0,0,0,0,0,0,0,0,0,0,0,0,76,0,0,880,0,0,0,0,64,0,0,0,0,0,0,0,0,26624
280,1100,0,0,0,2,2,5,5,18,6,0,0,0,0,76,8192,10,880,732,0,0,0,0,0,0,0,0,0,0,0,0,76,0,0,912,0,0,0,0,64,0,0,0,0,0,0,0,0,26688
281,1000,0,0,0,2,2,5,5,18,6,0,0,0,0,76,32768,6,912,756,0,0,0,0,0,0,0,0,0,0,0,0,76,0,0,880,0,0,0,0,64,0,0,0,0,0,0,0,0,26624
281,1100,0,0,0,2,2,5,5,18,6,0,0,0,0,76,8192,10,880,732,0,0,0,0,0,0,0,0,0,0,0,0,76,0,0,912,0,0,0,0,64,0,0,0,0,0,0,0,0,26688
282,1000,0,0,0,2,2,5,5,18,6,0,0,0,0,76,32768,6,912,756,0,0,0,0,0,0,0,0,0,0,0,0,76,0,0,880,0,0,0,0,64,0,0,0,0,0,0,0,0,26624
282,1100,0,0,0,2,2,5,5,18,6,0,0,0,0,76,8192,10,880,732,0,0,0,0,0,0,0,0,0,0,0,0,76,0,0,912,0,0,0,0,64,0,0,0,0,0,0,0,0,26688
283,1000,0,0,0,2,2,5,5,18,6,0,0,0,0,76,32768,6,912,756,0,0,0,0,0,0,0,0,0,0,0,0,76,0,0,880,0,0,0,0,64,0,0,0,0,0,0,0,0,26624
283,1100,0,0,0,2,2,5,5,18,6,0,0,0,0,76,8192,10,880,732,0,0,0,0,0,0,0,0,0,0,0,0,76,0,0,912,0,0,0,0,64,0,0,0,0,0,0,0,0,26688
284,1000,0,0,0,2,2,5,5,18,6,0,0,0,0,76,32768,6,912,756,0,0,0,0,0,0,0,0,0,0,0,0,76,0,0,880,0,0,0,0,64,0,0,0,0,0,0,0,0,26624
284,1100,0,0,0,2,2,5,5,18,6,0,0,0,0,76,8192,10,880,732,0,0,0,0,0,0,0,0,0,0,0,0,76,0,0,912,0,0,0,0,64,0,0,0,0,0,0,0,0,26688
285,1000,0,0,0,2,2,5,5,18,6,0,0,0,0,76,32768,6,912,756,0,0,0,0,0,0,0,0,0,0,0,0,76,0,0,880,0,0,0,0,64,0,0,0,0,0,0,0,0,26624
285,1100,0,0,0,2,2,5,5,18,6,0,0,0,0,76,8192,10,880,732,0,0,0,0,0,0,0,0,0,0,0,0,76,0,0,912,0,0,0,0,64,0,0,0,0,0,0,0,0,26688
286,1000,0,0,0,2,2,5,5,18,6,0,0,0,0,76,32768,6,912,756,0,0,0,0,0,0,0,0,0,0,0,0,76,0,0,880,0,0,0,0,64,0,0,0,0,0,0,0,0,26624
286,1100,0,0,0,2,2,5,5,18,6,0,0,0,0,76,8192,10,880,732,0,0,0,0,0,0,0,0,0,0,0,0,76,0,0,912,0,0,0,0,64,0,0,0,0,0,0,0,0,26688
287,1000,0,0,0,2,2,5,5,18,6,0,0,0,0,76,32768,6,912,756,0,0,0,0,0,0,0,0,0,0,0,0,76,0,0,880,0,0,0,0,64,0,0,0,0,0,0,0,0,26624
287,1100,0,0,0,2,2,5,5,18,6,0,0,0,0,76,8192,10,880,732,0,0,0,0,0,0,0,0,0,0,0,0,76,0,0,912,0,0,0,0,64,0,0,0,0,0,0,0,0,26688
288,1000,0,0,0,2,2,5,5,18,6,0,0,0,0,76,32768,6,912,756,0,0,0,0,0,0,0,0,0,0,0,0,76,0,0,880,0,0,0,0,64,0,0,0,0,0,0,0,0,26624
288,1100,0,0,0,2,2,5,5,18,6,0,0,0,0,76,8192,10,880,732,0,0,0,0,0,0,0,0,0,0,0,0,76,0,0,912,0,0,0,0,64,0,0,0,0,0,0,0,0,26688
289,1000,0,0,0,2,2,5,5,18,6,0,0,0,0,76,32768,6,912,756,0,0,0,0,0,0,0,0,0,0,0,0,76,0,0,880,0,0,0,0,64,0,0,0,0,0,0,0,0,26624
289,1100,0,0,0,2,2,5,5,18,6,0,0,0,0,76,8192,10,880,732,0,0,0,0,0,0,0,0,0,0,0,0,76,0,0,912,0,0,0,0,64,0,0,0,0,0,0,0,0,26688
290,1000,0,0,0,2,2,5,5,18,6,0,0,0,0,76,32768,6,912,756,0,0,0,0,0,0,0,0,0,0,0,0,76,0,0,880,0,0,0,0,64,0,0,0,0,0,0,0,0,26624
290,1100,0,0,0,2,2,5,5,18,6,0,0,0,0,76,8192,10,880,732,0,0,0,0,0,0,0,0,0,0,0,0,76,0,0,912,0,0,0,0,64,0,0,0,0,0,0,0,0,26688
291,1000,0,0,0,2,2,5,5,18,6,0,0,0,0,76,32768,6,912,756,0,0,0,0,0,0,0,0,0,0,0,0,76,0,0,880,0,0,0,0,64,0,0,0,0,0,0,0,0,26624
291,1100,0,0,0,2,2,5,5,18,6,0,0,0,0,76,8192,10,880,732,0,0,0,0,0,0,0,0,0,0,0,0,76,0,0,912,0,0,0,0,64,0,0,0,0,0,0,0,0,26688
292,1000,0,0,0,2,2,5,5,18,6,0,0,0,0,76,32768,6,912,756,0,0,0,0,0,0,0,0,0,0,0,0,76,0,0,880,0,0,0,0,64,0,0,0,0,0,0,0,0,26624
292,1100,0,0,0,2,2,5,5,18,6,0,0,0,0,76,8192,10,880,732,0,0,0,0,0,0,0,0,0,0,0,0,76,0,0,912,0,0,0,0,64,0,0,0,0,0,0,0,0,26688
293,1000,0,0,0,2,2,5,5,18,6,0,0,0,0,76,32768,6,912,756,0,0,0,0,0,0,0,0,0,0,0,0,76,0,0,880,0,0,0,0,64,0,0,0,0,0,0,0,0,26624
293,1100,0,0,0,2,2,5,5,18,6,0,0,0,0,76,8192,10,880,732,0,0,0,0,0,0,0,0,0,0,0,0,76,0,0,912,0,0,0,0,64,0,0,0,0,0,0,0,0,26688
294,1000,0,0,0,2,2,5,5,18,6,0,0,0,0,76,32768,6,912,756,0,0,0,0,0,0,0,0,0,0,0,0,76,0,0,880,0,0,0,0,64,0,0,0,0,0,0,0,0,26624
294,1100,0,0,0,2,2,5,5,18,6,0,0,0,0,76,8192,10,880,732,0,0,0,0,0,0,0,0,0,0,0,0,76,0,0,912,0,0,0,0,64,0,0,0,0,0,0,0,0,26688
295,1000,0,0,0,2,2,5,5,18,6,0,0,0,0,76,32768,6,912,756,0,0,0,0,0,0,0,0,0,0,0,0,76,0,0,880,0,0,0,0,64,0,0,0,0,0,0,0,0,26624
295,1100,0,0,0,2,2,5,5,18,6,0,0,0,0,76,8192,10,880,732,0,0,0,0,0,0,0,0,0,0,0,0,76,0,0,912,0,0,0,0,64,0,0,0,0,0,0,0,0,26688
296,1000,0,0,0,2,2,5,5,18,6,0,0,0,0,76,32768,6,912,756,0,0,0,0,0,0,0,0,0,0,0,0,76,0,0,880,0,0,0,0,64,0,0,0,0,0,0,0,0,26624
296,1100,0,0,0,2,2,5,5,18,6,0,0,0,0,76,8192,10,880,732,0,0,0,0,0,0,0,0,0,0,0,0,76,0,0,912,0,0,0,0,64,0,0,0,0,0,0,0,0,26688
297,1000,0,0,0,2,2,5,5,18,6,0,0,0,0,76,32768,6,912,756,0,0,0,0,0,0,0,0,0,0,0,0,76,0,0,880,0,0,0,0,64,0,0,0,0,0,0,0,0,26624
297,1100,0,0,0,2,2,5,5,18,6,0,0,0,0,76,8192,10,880,732,0,0,0,0,0,0,0,0,0,0,0,0,76,0,0,912,0,0,0,0,64,0,0,0,0,0,0,0,0,26688
298,1000,0,0,0,2,2,5,5,18,6,0,0,0,0,76,32768,6,912,756,0,0,0,0,0,0,0,0,0,0,0,0,76,0,0,880,0,0,0,0,64,0,0,0,0,0,0,0,0,26624
298,1100,0,0,0,2,2,5,5,18,6,0,0,0,0,76,8192,10,880,732,0,0,0,0,0,0,0,0,0,0,0,0,76,0,0,912,0,0,0,0,64,0,0,0,0,0,0,0,0,26688
299,1000,0,0,0,2,2,5,5,18,6,0,0,0,0,76,32768,6,912,756,0,0,0,0,0,0,0,0,0,0,0,0,76,0,0,880,0,0,0,0,64,0,0,0,0,0,0,0,0,26624
299,1100,0,0,0,2,2,5,5,18,6,0,0,0,0,76,8192,10,880,732,0,0,0,0,0,0,0,0,0,0,0,0,76,0,0,912,0,0,0,0,64,0,0,0,0,0,0,0,0,26688
300,1000,0,0,0,2,2,5,5,18,6,0,0,0,0,76,32768,6,912,756,0,0,0,0,0,0,0,0,0,0,0,0,76,0,0,880,0,0,0,0,64,0,0,0,0,0,0,0,0,26624
300,1100,0,0,0,2,2,5,5,18,6,0,0,0,0,76,8192,10,880,732,0,0,0,0,0,0,0,0,0,0,0,0,76,0,0,912,0,0,0,0,64,0,0,0,0,0,0,0,0,26688
301,1000,0,0,0,2,2,5,5,18,6,0,0,0,0,76,32768,6,912,756,0,0,0,0,0,0,0,0,0,0,0,0,76,0,0,880,0,0,0,0,64,0,0,0,0,0,0,0,0,26624
301,1100,0,0,0,2,2,5,5,18,6,0,0,0,0,76,8192,10,880,732,0,0,0,0,0,0,0,0,0,0,0,0,76,0,0,912,0,0,0,0,64,0,0,0,0,0,0,0,0,26688
302,1000,0,0,0,2,2,5,5,18,6,0,0,0,0,76,32768,6,912,756,0,0,0,0,0,0,0,0,0,0,0,0,76,0,0,880,0,0,0,0,64,0,0,0,0,0,0,0,0,26624
302,1100,0,0,0,2,2,5,5,18,6,0,0,0,0,76,8192,10,880,732,0,0,0,0,0,0,0,0,0,0,0,0,76,0,0,912,0,0,0,0,64,0,0,0,0,0,0,0,0,26688
303,1000,0,0,0,2,2,5,5,18,6,0,0,0,0,76,32768,6,912,756,0,0,0,0,0,0,0,0,0,0,0,0,76,0,0,880,0,0,0,0,64,0,0,0,0,0,0,0,0,26624
303,1100,0,0,0,2,2,5,5,18,6,0,0,0,0,76,8192,10,880,732,0,0,0,0,0,0,0,0,0,0,0,0,76,0,0,912,0,0,0,0,64,0,0,0,0,0,0,0,0,26688
304,1000,0,0,0,2,2,5,5,18,6,0,0,0,0,76,32768,6,912,756,0,0,0,0,0,0,0,0,0,0,0,0,76,0,0,880,0,0,0,0,64,0,0,0,0,0,0,0,0,26624
304,1100,0,0,0,2,2,5,5,18,6,0,0,0,0,76,8192,10,880,732,0,0,0,0,0,0,0,0,0,0,0,0,76,0,0,912,0,0,0,0,64,0,0,0,0,0,0,0,0,26688
305,1000,0,0,0,2,2,5,5,18,6,0,0,0,0,76,32768,6,912,756,0,0,0,0,0,0,0,0,0,0,0,0,76,0,0,880,0,0,0,0,64,0,0,0,0,0,0,0,0,26624
305,1100,0,0,0,2,2,5,5,18,6,0,0,0,0,76,8192,10,880,732,0,0,0,0,0,0,0,0,0,0,0,0,76,0,0,912,0,0,0,0,64,0,0,0,0,0,0,0,0,26688
306,1000,0,0,0,2,2,5,5,18,6,0,0,0,0,76,32768,6,912,756,0,0,0,0,0,0,0,0,0,0,0,0,76,0,0,880,0,0,0,0,64,0,0,0,0,0,0,0,0,26624
306,1100,0,0,0,2,2,5,5,18,6,0,0,0,0,76,8192,10,880,732,0,0,0,0,0,0,0,0,0,0,0,0,76,0,0,912,0,0,0,0,64,0,0,0,0,0,0,0,0,26688
307,1000,0,0,0,2,2,5,5,18,6,0,0,0,0,76,32768,6,912,756,0,0,0,0,0,0,0,0,0,0,0,0,76,0,0,880,0,0,0,0,64,0,0,0,0,0,0,0,0,26624
307,1100,0,0,0,2,2,5,5,18,6,0,0,0,0,76,8192,10,880,732,0,0,0,0,0,0,0,0,0,0,0,0,76,0,0,912,0,0,0,0,64,0,0,0,0,0,0,0,0,26688
308,1000,0,0,0,2,2,5,5,18,6,0,0,0,0,76,32768,6,912,756,0,0,0,0,0,0,0,0,0,0,0,0,76,0,0,880,0,0,0,0,64,0,0,0,0,0,0,0,0,26624
308,1100,0,0,0,2,2,5,5,18,6,0,0,0,0,76,8192,10,880,732,0,0,0,0,0,0,0,0,0,0,0,0,76,0,0,912,0,0,0,0,64,0,0,0,0,0,0,0,0,26688
309,1000,0,0,0,2,2,5,5,18,6,0,0,0,0,76,32768,6,912,756,0,0,0,0,0,0,0,0,0,0,0,0,76,0,0,880,0,0,0,0,64,0,0,0,0,0,0,0,0,26624
309,1100,0,0,0,2,2,5,5,18,6,0,0,0,0,76,8192,10,880,732,0,0,0,0,0,0,0,0,0,0,0,0,76,0,0,912,0,0,0,0,64,0,0,0,0,0,0,0,0,26688
310,1000,0,0,0,2,2,5,5,18,6,0,0,0,0,76,32768,6,912,756,0,0,0,0,0,0,0,0,0,0,0,0,76,0,0,880,0,0,0,0,64,0,0,0,0,0,0,0,0,26624
310,1100,0,0,0,2,2,5,5,18,6,0,0,0,0,76,8192,10,880,732,0,0,0,0,0,0,0,0,0,0,0,0,76,0,0,912,0,0,0,0,64,0,0,0,0,0,0,0,0,26688
311,1000,0,0,0,2,2,5,5,18,6,0,0,0,0,76,32768,6,912,756,0,0,0,0,0,0,0,0,0,0,0,0,76,0,0,880,0,0,0,0,64,0,0,0,0,0,0,0,0,26624
311,1100,0,0,0,2,2,5,5,18,6,0,0,0,0,76,8192,10,880,732,0,0,0,0,0,0,0,0,0,0,0,0,76,0,0,912,0,0,0,0,64,0,0,0,0,0,0,0,0,26688
312,1000,0,0,0,2,2,5,5,18,6,0,0,0,0,76,32768,6,912,756,0,0,0,0,0,0,0,0,0,0,0,0,76,0,0,880,0,0,0,0,64,0,0,0,0,0,0,0,0,26624
312,1100,0,0,0,2,2,5,5,18,6,0,0,0,0,76,8192,10,880,732,0,0,0,0,0,0,0,0,0,0,0,0,76,0,0,912,0,0,0,0,64,0,0,0,0,0,0,0,0,26688
313,1000,0,0,0,2,2,5,5,18,6,0,0,0,0,76,32768,6,912,756,0,0,0,0,0,0,0,0,0,0,0,0,76,0,0,880,0,0,0,0,64,0,0,0,0,0,0,0,0,26624
313,1100,0,0,0,2,2,5,5,18,6,0,0,0,0,76,8192,10,880,732,0,0,0,0,0,0,0,0,0,0,0,0,76,0,0,912,0,0,0,0,64,0,0,0,0,0,0,0,0,26688
314,1000,0,0,0,2,2,5,5,18,6,0,0,0,0,76,32768,6,912,756,0,0,0,0,0,0,0,0,0,0,0,0,76,0,0,880,0,0,0,0,64,0,0,0,0,0,0,0,0,26624
314,1100,0,0,0,2,2,5,5,18,6,0,0,0,0,76,8192,10,880,732,0,0,0,0,0,0,0,0,0,0,0,0,76,0,0,912,0,0,0,0,64,0,0,0,0,0,0,0,0,26688
315,1000,0,0,0,2,2,5,5,18,6,0,0,0,0,76,32768,6,912,756,0,0,0,0,0,0,0,0,0,0,0,0,76,0,0,880,0,0,0,0,64,0,0,0,0,0,0,0,0,26624
315,1100,0,0,0,2,2,5,5,18,6,0,0,0,0,76,8192,10,880,732,0,0,0,0,0,0,0,0,0,0,0,0,76,0,0,912,0,0,0,0,64,0,0,0,0,0,0,0,0,26688
316,1000,0,0,0,2,2,5,5,18,6,0,0,0,0,76,32768,6,912,756,0,0,0,0,0,0,0,0,0,0,0,0,76,0,0,880,0,0,0,0,64,0,0,0,0,0,0,0,0,26624
316,1100,0,0,0,2,2,5,5,18,6,0,0,0,0,76,8192,10,880,732,0,0,0,0,0,0,0,0,0,0,0,0,76,0,0,912,0,0,0,0,64,0,0,0,0,0,0,0,0,26688
317,1000,0,0,0,2,2,5,5,18,6,0,0,0,0,76,32768,6,912,756,0,0,0,0,0,0,0,0,0,0,0,0,76,0,0,880,0,0,0,0,64,0,0,0,0,0,0,0,0,26624
317,1100,0,0,0,2,2,5,5,18,6,0,0,0,0,76,8192,10,880,732,0,0,0,0,0,0,0,0,0,0,0,0,76,0,0,912,0,0,0,0,64,0,0,0,0,0,0,0,0,26688
318,1000,0,0,0,2,2,5,5,18,6,0,0,0,0,76,32768,6,912,756,0,0,0,0,0,0,0,0,0,0,0,0,76,0,0,880,0,0,0,0,64,0,0,0,0,0,0,0,0,26624
318,1100,0,0,0,2,2,5,5,18,6,0,0,0,0,76,8192,10,880,732,0,0,0,0,0,0,0,0,0,0,0,0,76,0,0,912,0,0,0,0,64,0,0,0,0,0,0,0,0,26688
319,1000,0,0,0,2,2,5,5,18,6,0,0,0,0,76,32768,6,912,756,0,0,0,0,0,0,0,0,0,0,0,0,76,0,0,880,0,0,0,0,64,0,0,0,0,0,0,0,0,26624
319,1100,0,0,0,2,2,5,5,18,6,0,0,0,0,76,8192,10,880,732,0,0,0,0,0,0,0,0,0,0,0,0,76,0,0,912,0,0,0,0,64,0,0,0,0,0,0,0,0,26688
320,1000,0,0,0,2,2,5,5,18,6,0,0,0,0,76,32768,6,912,756,0,0,0,0,0,0,0,0,0,0,0,0,76,0,0,880,0,0,0,0,64,0,0,0,0,0,0,0,0,26624
320,1100,0,0,0,2,2,5,5,18,6,0,0,0,0,76,8192,10,880,732,0,0,0,0,0,0,0,0,0,0,0,0,76,0,0,912,0,0,0,0,64,0,0,0,0,0,0,0,0,26688
321,1000,0,0,0,2,2,5,5,18,6,0,0,0,0,76,32768,6,912,756,0,0,0,0,0,0,0,0,0,0,0,0,76,0,0,880,0,0,0,0,64,0,0,0,0,0,0,0,0,26624
321,1100,0,0,0,2,2,5,5,18,6,0,0,0,0,76,8192,10,880,732,0,0,0,0,0,0,0,0,0,0,0,0,76,0,0,912,0,0,0,0,64,0,0,0,0,0,0,0,0,26688
322,1000,0,0,0,2,2,5,5,18,6,0,0,0,0,76,32768,6,912,756,0,0,0,0,0,0,0,0,0,0,0,0,76,0,0,880,0,0,0,0,64,0,0,0,0,0,0,0,0,26624
322,1100,0,0,0,2,2,5,5,18,6,0,0,0,0,76,8192,10,880,732,0,0,0,0,0,0,0,0,0,0,0,0,76,0,0,912,0,0,0,0,64,0,0,0,0,0,0,0,0,26688
323,1000,0,0,0,2,2,5,5,18,6,0,0,0,0,76,32768,6,912,756,0,0,0,0,0,0,0,0,0,0,0,0,76,0,0,880,0,0,0,0,64,0,0,0,0,0,0,0,0,26624
323,1100,0,0,0,2,2,5,5,18,6,0,0,0,0,76,8192,10,880,732,0,0,0,0,0,0,0,0,0,0,0,0,76,0,0,912,0,0,0,0,64,0,0,0,0,0,0,0,0,26688
324,1000,0,0,0,2,2,5,5,18,6,0,0,0,0,76,32768,6,912,756,0,0,0,0,0,0,0,0,0,0,0,0,76,0,0,880,0,0,0,0,64,0,0,0,0,0,0,0,0,26624
324,1100,0,0,0,2,2,5,5,18,6,0,0,0,0,76,8192,10,880,732,0,0,0,0,0,0,0,0,0,0,0,0,76,0,0,912,0,0,0,0,64,0,0,0,0,0,0,0,0,26688
325,1000,0,0,0,2,2,5,5,18,6,0,0,0,0,76,32768,6,912,756,0,0,0,0,0,0,0,0,0,0,0,0,76,0,0,880,0,0,0,0,64,0,0,0,0,0,0,0,0,26624
325,1100,0,0,0,2,2,5,5,18,6,0,0,0,0,76,8192,10,880,732,0,0,0,0,0,0,0,0,0,0,0,0,76,0,0,912,0,0,0,0,64,0,0,0,0,0,0,0,0,26688
326,1000,0,0,0,2,2,5,5,18,6,0,0,0,0,76,32768,6,912,756,0,0,0,0,0,0,0,0,0,0,0,0,76,0,0,880,0,0,0,0,64,0,0,0,0,0,0,0,0,26624
326,1100,0,0,0,2,2,5,5,18,6,0,0,0,0,76,8192,10,880,732,0,0,0,0,0,0,0,0,0,0,0,0,76,0,0,912,0,0,0,0,64,0,0,0,0,0,0,0,0,26688
327,1000,0,0,0,2,2,5,5,18,6,0,0,0,0,76,32768,6,912,756,0,0,0,0,0,0,0,0,0,0,0,0,76,0,0,880,0,0,0,0,64,0,0,0,0,0,0,0,0,26624
327,1100,0,0,0,2,2,5,5,18,6,0,0,0,0,76,8192,10,880,732,0,0,0,0,0,0,0,0,0,0,0,0,76,0,0,912,0,0,0,0,64,0,0,0,0,0,0,0,0,26688
328,1000,0,0,0,2,2,5,5,18,6,0,0,0,0,76,32768,6,912,756,0,0,0,0,0,0,0,0,0,0,0,0,76,0,0,880,0,0,0,0,64,0,0,0,0,0,0,0,0,26624
328,1100,0,0,0,2,2,5,5,18,6,0,0,0,0,76,8192,10,880,732,0,0,0,0,0,0,0,0,0,0,0,0,76,0,0,912,0,0,0,0,64,0,0,0,0,0,0,0,0,26688
329,1000,0,0,0,2,2,5,5,18,6,0,0,0,0,76,32768,6,912,756,0,0,0,0,0,0,0,0,0,0,0,0,76,0,0,880,0,0,0,0,64,0,0,0,0,0,0,0,0,26624
329,1100,0,0,0,2,2,5,5,18,6,0,0,0,0,76,8192,10,880,732,0,0,0,0,0,0,0,0,0,0,0,0,76,0,0,912,0,0,0,0,64,0,0,0,0,0,0,0,0,26688
330,1000,0,0,0,2,2,5,5,18,6,0,0,0,0,76,32768,6,912,756,0,0,0,0,0,0,0,0,0,0,0,0,76,0,0,880,0,0,0,0,64,0,0,0,0,0,0,0,0,26624
330,1100,0,0,0,2,2,5,5,18,6,0,0,0,0,76,8192,10,880,732,0,0,0,0,0,0,0,0,0,0,0,0,76,0,0,912,0,0,0,0,64,0,0,0,0,0,0,0,0,26688
331,1000,0,0,0,2,2,5,5,18,6,0,0,0,0,76,32768,6,912,756,0,0,0,0,0,0,0,0,0,0,0,0,76,0,0,880,0,0,0,0,64,0,0,0,0,0,0,0,0,26624
331,1100,0,0,0,2,2,5,5,18,6,0,0,0,0,76,8192,10,880,732,0,0,0,0,0,0,0,0,0,0,0,0,76,0,0,912,0,0,0,0,64,0,0,0,0,0,0,0,0,26688
332,1000,0,0,0,2,2,5,5,18,6,0,0,0,0,76,32768,6,912,756,0,0,0,0,0,0,0,0,0,0,0,0,76,0,0,880,0,0,0,0,64,0,0,0,0,0,0,0,0,26624
332,1100,0,0,0,2,2,5,5,18,6,0,0,0,0,76,8192,10,880,732,0,0,0,0,0,0,0,0,0,0,0,0,76,0,0,912,0,0,0,0,64,0,0,0,0,0,0,0,0,26688
333,1000,0,0,0,2,2,5,5,18,6,0,0,0,0,76,32768,6,912,756,0,0,0,0,0,0,0,0,0,0,0,0,76,0,0,880,0,0,0,0,64,0,0,0,0,0,0,0,0,26624
333,1100,0,0,0,2,2,5,5,18,6,0,0,0,0,76,8192,10,880,732,0,0,0,0,0,0,0,0,0,0,0,0,76,0,0,912,0,0,0,0,64,0,0,0,0,0,0,0,0,26688
334,1000,0,0,0,2,2,5,5,18,6,0,0,0,0,76,32768,6,912,756,0,0,0,0,0,0,0,0,0,0,0,0,76,0,0,880,0,0,0,0,64,0,0,0,0,0,0,0,0,26624
334,1100,0,0,0,2,2,5,5,18,6,0,0,0,0,76,8192,10,880,732,0,0,0,0,0,0,0,0,0,0,0,0,76,0,0,912,0,0,0,0,64,0,0,0,0,0,0,0,0,26688
335,1000,0,0,0,2,2,5,5,18,6,0,0,0,0,76,32768,6,912,756,0,0,0,0,0,0,0,0,0,0,0,0,76,0,0,880,0,0,0,0,64,0,0,0,0,0,0,0,0,26624
335,1100,0,0,0,2,2,5,5,18,6,0,0,0,0,76,8192,10,880,732,0,0,0,0,0,0,0,0,0,0,0,0,76,0,0,912,0,0,0,0,64,0,0,0,0,0,0,0,0,26688
336,1000,0,0,0,2,2,5,5,18,6,0,0,0,0,76,32768,6,912,756,0,0,0,0,0,0,0,0,0,0,0,0,76,0,0,880,0,0,0,0,64,0,0,0,0,0,0,0,0,26624
336,1100,0,0,0,2,2,5,5,18,6,0,0,0,0,76,8192,10,880,732,0,0,0,0,0,0,0,0,0,0,0,0,76,0,0,912,0,0,0,0,64,0,0,0,0,0,0,0,0,26688
337,1000,0,0,0,2,2,5,5,18,6,0,0,0,0,76,32768,6,912,756,0,0,0,0,0,0,0,0,0,0,0,0,76,0,0,880,0,0,0,0,64,0,0,0,0,0,0,0,0,26624
337,1100,0,0,0,2,2,5,5,18,6,0,0,0,0,76,8192,10,880,732,0,0,0,0,0,0,0,0,0,0,0,0,76,0,0,912,0,0,0,0,64,0,0,0,0,0,0,0,0,26688
338,1000,0,0,0,2,2,5,5,18,6,0,0,0,0,76,32768,6,912,756,0,0,0,0,0,0,0,0,0,0,0,0,76,0,0,880,0,0,0,0,64,0,0,0,0,0,0,0,0,26624
338,1100,0,0,0,2,2,5,5,18,6,0,0,0,0,76,8192,10,880,732,0,0,0,0,0,0,0,0,0,0,0,0,76,0,0,912,0,0,0,0,64,0,0,0,0,0,0,0,0,26688
339,1000,0,0,0,2,2,5,5,18,6,0,0,0,0,76,32768,6,912,756,0,0,0,0,0,0,0,0,0,0,0,0,76,0,0,880,0,0,0,0,64,0,0,0,0,0,0,0,0,26624
339,1100,0,0,0,2,2,5,5,18,6,0,0,0,0,76,8192,10,880,732,0,0,0,0,0,0,0,0,0,0,0,0,76,0,0,912,0,0,0,0,64,0,0,0,0,0,0,0,0,26688
340,1000,0,0,0,2,2,5,5,18,6,0,0,0,0,76,32768,6,912,756,0,0,0,0,0,0,0,0,0,0,0,0,76,0,0,880,0,0,0,0,64,0,0,0,0,0,0,0,0,26624
340,1100,0,0,0,2,2,5,5,18,6,0,0,0,0,76,8192,10,880,732,0,0,0,0,0,0,0,0,0,0,0,0,76,0,0,912,0,0,0,0,64,0,0,0,0,0,0,0,0,26688
341,1000,0,0,0,2,2,5,5,18,6,0,0,0,0,76,32768,6,912,756,0,0,0,0,0,0,0,0,0,0,0,0,76,0,0,880,0,0,0,0,64,0,0,0,0,0,0,0,0,26624
341,1100,0,0,0,2,2,5,5,18,6,0,0,0,0,76,8192,10,880,732,0,0,0,0,0,0,0,0,0,0,0,0,76,0,0,912,0,0,0,0,64,0,0,0,0,0,0,0,0,26688
342,1000,0,0,0,2,2,5,5,18,6,0,0,0,0,76,32768,6,912,756,0,0,0,0,0,0,0,0,0,0,0,0,76,0,0,880,0,0,0,0,64,0,0,0,0,0,0,0,0,26624
342,1100,0,0,0,2,2,5,5,18,6,0,0,0,0,76,8192,10,880,732,0,0,0,0,0,0,0,0,0,0,0,0,76,0,0,912,0,0,0,0,64,0,0,0,0,0,0,0,0,26688
343,1000,0,0,0,2,2,5,5,18,6,0,0,0,0,76,32768,6,912,756,0,0,0,0,0,0,0,0,0,0,0,0,76,0,0,880,0,0,0,0,64,0,0,0,0,0,0,0,0,26624
343,1100,0,0,0,2,2,5,5,18,6,0,0,0,0,76,8192,10,880,732,0,0,0,0,0,0,0,0,0,0,0,0,76,0,0,912,0,0,0,0,64,0,0,0,0,0,0,0,0,26688
344,1000,0,0,0,2,2,5,5,18,6,0,0,0,0,76,32768,6,912,756,0,0,0,0,0,0,0,0,0,0,0,0,76,0,0,880,0,0,0,0,64,0,0,0,0,0,0,0,0,26624
344,1100,0,0,0,2,2,5,5,18,6,0,0,0,0,76,8192,10,880,732,0,0,0,0,0,0,0,0,0,0,0,0,76,0,0,912,0,0,0,0,64,0,0,0,0,0,0,0,0,26688
345,1000,0,0,0,2,2,5,5,18,6,0,0,0,0,76,32768,6,912,756,0,0,0,0,0,0,0,0,0,0,0,0,76,0,0,880,0,0,0,0,64,0,0,0,0,0,0,0,0,26624
345,1100,0,0,0,2,2,5,5,18,6,0,0,0,0,76,8192,10,880,732,0,0,0,0,0,0,0,0,0,0,0,0,76,0,0,912,0,0,0,0,64,0,0,0,0,0,0,0,0,26688
346,1000,0,0,0,2,2,5,5,18,6,0,0,0,0,76,32768,6,912,756,0,0,0,0,0,0,0,0,0,0,0,0,76,0,0,880,0,0,0,0,64,0,0,0,0,0,0,0,0,26624
346,1100,0,0,0,2,2,5,5,18,6,0,0,0,0,76,8192,10,880,732,0,0,0,0,0,0,0,0,0,0,0,0,76,0,0,912,0,0,0,0,64,0,0,0,0,0,0,0,0,26688
347,1000,0,0,0,2,2,5,5,18,6,0,0,0,0,76,32768,6,912,756,0,0,0,0,0,0,0,0,0,0,0,0,76,0,0,880,0,0,0,0,64,0,0,0,0,0,0,0,0,26624
347,1100,0,0,0,2,2,5,5,18,6,0,0,0,0,76,8192,10,880,732,0,0,0,0,0,0,0,0,0,0,0,0,76,0,0,912,0,0,0,0,64,0,0,0,0,0,0,0,0,26688
348,1000,0,0,0,2,2,5,5,18,6,0,0,0,0,76,32768,6,912,756,0,0,0,0,0,0,0,0,0,0,0,0,76,0,0,880,0,0,0,0,64,0,0,0,0,0,0,0,0,26624
348,1100,0,0,0,2,2,5,5,18,6,0,0,0,0,76,8192,10,880,732,0,0,0,0,0,0,0,0,0,0,0,0,76,0,0,912,0,0,0,0,64,0,0,0,0,0,0,0,0,26688
349,1000,0,0,0,2,2,5,5,18,6,0,0,0,0,76,32768,6,912,756,0,0,0,0,0,0,0,0,0,0,0,0,76,0,0,880,0,0,0,0,64,0,0,0,0,0,0,0,0,26624
349,1100,0,0,0,2,2,5,5,18,6,0,0,0,0,76,8192,10,880,732,0,0,0,0,0,0,0,0,0,0,0,0,76,0,0,912,0,0,0,0,64,0,0,0,0,0,0,0,0,26688
350,1000,0,0,0,2,2,5,5,18,6,0,0,0,0,76,32768,6,912,756,0,0,0,0,0,0,0,0,0,0,0,0,76,0,0,880,0,0,0,0,64,0,0,0,0,0,0,0,0,26624
350,1100,0,0,0,2,2,5,5,18,6,0,0,0,0,76,8192,10,880,732,0,0,0,0,0,0,0,0,0,0,0,0,76,0,0,912,0,0,0,0,64,0,0,0,0,0,0,0,0,26688
351,1000,0,0,0,2,2,5,5,18,6,0,0,0,0,76,32768,6,912,756,0,0,0,0,0,0,0,0,0,0,0,0,76,0,0,880,0,0,0,0,64,0,0,0,0,0,0,0,0,26624
351,1100,0,0,0,2,2,5,5,18,6,0,0,0,0,76,8192,10,880,732,0,0,0,0,0,0,0,0,0,0,0,0,76,0,0,912,0,0,0,0,64,0,0,0,0,0,0,0,0,26688
352,1000,0,0,0,2,2,5,5,18,6,0,0,0,0,76,32768,6,912,756,0,0,0,0,0,0,0,0,0,0,0,0,76,0,0,880,0,0,0,0,64,0,0,0,0,0,0,0,0,26624
352,1100,0,0,0,2,2,5,5,18,6,0,0,0,0,76,8192,10,880,732,0,0,0,0,0,0,0,0,0,0,0,0,76,0,0,912,0,0,0,0,64,0,0,0,0,0,0,0,0,26688
353,1000,0,0,0,2,2,5,5,18,6,0,0,0,0,76,32768,6,912,756,0,0,0,0,0,0,0,0,0,0,0,0,76,0,0,880,0,0,0,0,64,0,0,0,0,0,0,0,0,26624
353,1100,0,0,0,2,2,5,5,18,6,0,0,0,0,76,8192,10,880,732,0,0,0,0,0,0,0,0,0,0,0,0,76,0,0,912,0,0,0,0,64,0,0,0,0,0,0,0,0,26688
354,1000,0,0,0,2,2,5,5,18,6,0,0,0,0,76,32768,6,912,756,0,0,0,0,0,0,0,0,0,0,0,0,76,0,0,880,0,0,0,0,64,0,0,0,0,0,0,0,0,26624
354,1100,0,0,0,2,2,5,5,18,6,0,0,0,0,76,8192,10,880,732,0,0,0,0,0,0,0,0,0,0,0,0,76,0,0,912,0,0,0,0,64,0,0,0,0,0,0,0,0,26688
355,1000,0,0,0,2,2,5,5,18,6,0,0,0,0,76,32768,6,912,756,0,0,0,0,0,0,0,0,0,0,0,0,76,0,0,880,0,0,0,0,64,0,0,0,0,0,0,0,0,26624
355,1100,0,0,0,2,2,5,5,18,6,0,0,0,0,76,8192,10,880,732,0,0,0,0,0,0,0,0,0,0,0,0,76,0,0,912,0,0,0,0,64,0,0,0,0,0,0,0,0,26688
356,1000,0,0,0,2,2,5,5,18,6,0,0,0,0,76,32768,6,912,756,0,0,0,0,0,0,0,0,0,0,0,0,76,0,0,880,0,0,0,0,64,0,0,0,0,0,0,0,0,26624
356,1100,0,0,0,2,2,5,5,18,6,0,0,0,0,76,8192,10,880,732,0,0,0,0,0,0,0,0,0,0,0,0,76,0,0,912,0,0,0,0,64,0,0,0,0,0,0,0,0,26688
357,1000,0,0,0,2,2,5,5,18,6,0,0,0,0,76,32768,6,912,756,0,0,0,0,0,0,0,0,0,0,0,0,76,0,0,880,0,0,0,0,64,0,0,0,0,0,0,0,0,26624
357,1100,0,0,0,2,2,5,5,18,6,0,0,0,0,76,8192,10,880,732,0,0,0,0,0,0,0,0,0,0,0,0,76,0,0,912,0,0,0,0,64,0,0,0,0,0,0,0,0,26688
358,1000,0,0,0,2,2,5,5,18,6,0,0,0,0,76,32768,6,912,756,0,0,0,0,0,0,0,0,0,0,0,0,76,0,0,880,0,0,0,0,64,0,0,0,0,0,0,0,0,26624
358,1100,0,0,0,2,2,5,5,18,6,0,0,0,0,76,8192,10,880,732,0,0,0,0,0,0,0,0,0,0,0,0,76,0,0,912,0,0,0,0,64,0,0,0,0,0,0,0,0,26688
359,1000,0,0,0,2,2,5,5,18,6,0,0,0,0,76,32768,6,912,756,0,0,0,0,0,0,0,0,0,0,0,0,76,0,0,880,0,0,0,0,64,0,0,0,0,0,0,0,0,26624
359,1100,0,0,0,2,2,5,5,18,6,0,0,0,0,76,8192,10,880,732,0,0,0,0,0,0,0,0,0,0,0,0,76,0,0,912,0,0,0,0,64,0,0,0,0,0,0,0,0,26688
360,1000,0,0,0,2,2,5,5,18,6,0,0,0,0,76,32768,6,912,756,0,0,0,0,0,0,0,0,0,0,0,0,76,0,0,880,0,0,0,0,64,0,0,0,0,0,0,0,0,26624
360,1100,0,0,0,2,2,5,5,18,6,0,0,0,0,76,8192,10,880,732,0,0,0,0,0,0,0,0,0,0,0,0,76,0,0,912,0,0,0,0,64,0,0,0,0,0,0,0,0,26688
361,1000,0,0,0,2,2,5,5,18,6,0,0,0,0,76,32768,6,912,756,0,0,0,0,0,0,0,0,0,0,0,0,76,0,0,880,0,0,0,0,64,0,0,0,0,0,0,0,0,26624
361,1100,0,0,0,2,2,5,5,18,6,0,0,0,0,76,8192,10,880,732,0,0,0,0,0,0,0,0,0,0,0,0,76,0,0,912,0,0,0,0,64,0,0,0,0,0,0,0,0,26688
362,1000,0,0,0,2,2,5,5,18,6,0,0,0,0,76,32768,6,912,756,0,0,0,0,0,0,0,0,0,0,0,0,76,0,0,880,0,0,0,0,64,0,0,0,0,0,0,0,0,26624
362,1100,0,0,0,2,2,5,5,18,6,0,0,0,0,76,8192,10,880,732,0,0,0,0,0,0,0,0,0,0,0,0,76,0,0,912,0,0,0,0,64,0,0,0,0,0,0,0,0,26688
363,1000,0,0,0,2,2,5,5,18,6,0,0,0,0,76,32768,6,912,756,0,0,0,0,0,0,0,0,0,0,0,0,76,0,0,880,0,0,0,0,64,0,0,0,0,0,0,0,0,26624
363,1100,0,0,0,2,2,5,5,18,6,0,0,0,0,76,8192,10,880,732,0,0,0,0,0,0,0,0,0,0,0,0,76,0,0,912,0,0,0,0,64,0,0,0,0,0,0,0,0,26688
364,1000,0,0,0,2,2,5,5,18,6,0,0,0,0,76,32768,6,912,756,0,0,0,0,0,0,0,0,0,0,0,0,76,0,0,880,0,0,0,0,64,0,0,0,0,0,0,0,0,26624
364,1100,0,0,0,2,2,5,5,18,6,0,0,0,0,76,8192,10,880,732,0,0,0,0,0,0,0,0,0,0,0,0,76,0,0,912,0,0,0,0,64,0,0,0,0,0,0,0,0,26688
365,1000,0,0,0,2,2,5,5,18,6,0,0,0,0,76,32768,6,912,756,0,0,0,0,0,0,0,0,0,0,0,0,76,0,0,880,0,0,0,0,64,0,0,0,0,0,0,0,0,26624
365,1100,0,0,0,2,2,5,5,18,6,0,0,0,0,76,8192,10,880,732,0,0,0,0,0,0,0,0,0,0,0,0,76,0,0,912,0,0,0,0,64,0,0,0,0,0,0,0,0,26688
366,1000,0,0,0,2,2,5,5,18,6,0,0,0,0,76,32768,6,912,756,0,0,0,0,0,0,0,0,0,0,0,0,76,0,0,880,0,0,0,0,64,0,0,0,0,0,0,0,0,26624
366,1100,0,0,0,2,2,5,5,18,6,0,0,0,0,76,8192,10,880,732,0,0,0,0,0,0,0,0,0,0,0,0,76,0,0,912,0,0,0,0,64,0,0,0,0,0,0,0,0,26688
367,1000,0,0,0,2,2,5,5,18,6,0,0,0,0,76,32768,6,912,756,0,0,0,0,0,0,0,0,0,0,0,0,76,0,0,880,0,0,0,0,64,0,0,0,0,0,0,0,0,26624
367,1100,0,0,0,2,2,5,5,18,6,0,0,0,0,76,8192,10,880,732,0,0,0,0,0,0,0,0,0,0,0,0,76,0,0,912,0,0,0,0,64,0,0,0,0,0,0,0,0,26688
368,1000,0,0,0,2,2,5,5,18,6,0,0,0,0,76,32768,6,912,756,0,0,0,0,0,0,0,0,0,0,0,0,76,0,0,880,0,0,0,0,64,0,0,0,0,0,0,0,0,26624
368,1100,0,0,0,2,2,5,5,18,6,0,0,0,0,76,8192,10,880,732,0,0,0,0,0,0,0,0,0,0,0,0,76,0,0,912,0,0,0,0,64,0,0,0,0,0,0,0,0,26688
369,1000,0,0,0,2,2,5,5,18,6,0,0,0,0,76,32768,6,912,756,0,0,0,0,0,0,0,0,0,0,0,0,76,0,0,880,0,0,0,0,64,0,0,0,0,0,0,0,0,26624
369,1100,0,0,0,2,2,5,5,18,6,0,0,0,0,76,8192,10,880,732,0,0,0,0,0,0,0,0,0,0,0,0,76,0,0,912,0,0,0,0,64,0,0,0,0,0,0,0,0,26688
370,1000,0,0,0,2,2,5,5,18,6,0,0,0,0,76,32768,6,912,756,0,0,0,0,0,0,0,0,0,0,0,0,76,0,0,880,0,0,0,0,64,0,0,0,0,0,0,0,0,26624
370,1100,0,0,0,2,2,5,5,18,6,0,0,0,0,76,8192,10,880,732,0,0,0,0,0,0,0,0,0,0,0,0,76,0,0,912,0,0,0,0,64,0,0,0,0,0,0,0,0,26688
371,1000,0,0,0,2,2,5,5,18,6,0,0,0,0,76,32768,6,912,756,0,0,0,0,0,0,0,0,0,0,0,0,76,0,0,880,0,0,0,0,64,0,0,0,0,0,0,0,0,26624
371,1100,0,0,0,2,2,5,5,18,6,0,0,0,0,76,8192,10,880,732,0,0,0,0,0,0,0,0,0,0,0,0,76,0,0,912,0,0,0,0,64,0,0,0,0,0,0,0,0,26688
372,1000,0,0,0,2,2,5,5,18,6,0,0,0,0,76,32768,6,912,756,0,0,0,0,0,0,0,0,0,0,0,0,76,0,0,880,0,0,0,0,64,0,0,0,0,0,0,0,0,26624
372,1100,0,0,0,2,2,5,5,18,6,0,0,0,0,76,8192,10,880,732,0,0,0,0,0,0,0,0,0,0,0,0,76,0,0,912,0,0,0,0,64,0,0,0,0,0,0,0,0,26688
373,1000,0,0,0,2,2,5,5,18,6,0,0,0,0,76,32768,6,912,756,0,0,0,0,0,0,0,0,0,0,0,0,76,0,0,880,0,0,0,0,64,0,0,0,0,0,0,0,0,26624
373,1100,0,0,0,2,2,5,5,18,6,0,0,0,0,76,8192,10,880,732,0,0,0,0,0,0,0,0,0,0,0,0,76,0,0,912,0,0,0,0,64,0,0,0,0,0,0,0,0,26688
374,1000,0,0,0,2,2,5,5,18,6,0,0,0,0,76,32768,6,912,756,0,0,0,0,0,0,0,0,0,0,0,0,76,0,0,880,0,0,0,0,64,0,0,0,0,0,0,0,0,26624
374,1100,0,0,0,2,2,5,5,18,6,0,0,0,0,76,8192,10,880,732,0,0,0,0,0,0,0,0,0,0,0,0,76,0,0,912,0,0,0,0,64,0,0,0,0,0,0,0,0,26688
375,1000,0,0,0,2,2,5,5,18,6,0,0,0,0,76,32768,6,912,756,0,0,0,0,0,0,0,0,0,0,0,0,76,0,0,880,0,0,0,0,64,0,0,0,0,0,0,0,0,26624
375,1100,0,0,0,2,2,5,5,18,6,0,0,0,0,76,8192,10,880,732,0,0,0,0,0,0,0,0,0,0,0,0,76,0,0,912,0,0,0,0,64,0,0,0,0,0,0,0,0,26688
376,1000,0,0,0,2,2,5,5,18,6,0,0,0,0,76,32768,6,912,756,0,0,0,0,0,0,0,0,0,0,0,0,76,0,0,880,0,0,0,0,64,0,0,0,0,0,0,0,0,26624
376,1100,0,0,0,2,2,5,5,18,6,0,0,0,0,76,8192,10,880,732,0,0,0,0,0,0,0,0,0,0,0,0,76,0,0,912,0,0,0,0,64,0,0,0,0,0,0,0,0,26688
377,1000,0,0,0,2,2,5,5,18,6,0,0,0,0,76,32768,6,912,756,0,0,0,0,0,0,0,0,0,0,0,0,76,0,0,880,0,0,0,0,64,0,0,0,0,0,0,0,0,26624
377,1100,0,0,0,2,2,5,5,18,6,0,0,0,0,76,8192,10,880,732,0,0,0,0,0,0,0,0,0,0,0,0,76,0,0,912,0,0,0,0,64,0,0,0,0,0,0,0,0,26688
378,1000,0,0,0,2,2,5,5,18,6,0,0,0,0,76,32768,6,912,756,0,0,0,0,0,0,0,0,0,0,0,0,76,0,0,880,0,0,0,0,64,0,0,0,0,0,0,0,0,26624
378,1100,0,0,0,2,2,5,5,18,6,0,0,0,0,76,8192,10,880,732,0,0,0,0,0,0,0,0,0,0,0,0,76,0,0,912,0,0,0,0,64,0,0,0,0,0,0,0,0,26688
379,1000,0,0,0,2,2,5,5,18,6,0,0,0,0,76,32768,6,912,756,0,0,0,0,0,0,0,0,0,0,0,0,76,0,0,880,0,0,0,0,64,0,0,0,0,0,0,0,0,26624
379,1100,0,0,0,2,2,5,5,18,6,0,0,0,0,76,8192,10,880,732,0,0,0,0,0,0,0,0,0,0,0,0,76,0,0,912,0,0,0,0,64,0,0,0,0,0,0,0,0,26688
380,1000,0,0,0,2,2,5,5,18,6,0,0,0,0,76,32768,6,912,756,0,0,0,0,0,0,0,0,0,0,0,0,76,0,0,880,0,0,0,0,64,0,0,0,0,0,0,0,0,26624
380,1100,0,0,0,2,2,5,5,18,6,0,0,0,0,76,8192,10,880,732,0,0,0,0,0,0,0,0,0,0,0,0,76,0,0,912,0,0,0,0,64,0,0,0,0,0,0,0,0,26688
381,1000,0,0,0,2,2,5,5,18,6,0,0,0,0,76,32768,6,912,756,0,0,0,0,0,0,0,0,0,0,0,0,76,0,0,880,0,0,0,0,64,0,0,0,0,0,0,0,0,26624
381,1100,0,0,0,2,2,5,5,18,6,0,0,0,0,76,8192,10,880,732,0,0,0,0,0,0,0,0,0,0,0,0,76,0,0,912,0,0,0,0,64,0,0,0,0,0,0,0,0,26688
382,1000,0,0,0,2,2,5,5,18,6,0,0,0,0,76,32768,6,912,756,0,0,0,0,0,0,0,0,0,0,0,0,76,0,0,880,0,0,0,0,64,0,0,0,0,0,0,0,0,26624
382,1100,0,0,0,2,2,5,5,18,6,0,0,0,0,76,8192,10,880,732,0,0,0,0,0,0,0,0,0,0,0,0,76,0,0,912,0,0,0,0,64,0,0,0,0,0,0,0,0,26688
383,1000,0,0,0,2,2,5,5,18,6,0,0,0,0,76,32768,6,912,756,0,0,0,0,0,0,0,0,0,0,0,0,76,0,0,880,0,0,0,0,64,0,0,0,0,0,0,0,0,26624
383,1100,0,0,0,2,2,5,5,18,6,0,0,0,0,76,8192,10,880,732,0,0,0,0,0,0,0,0,0,0,0,0,76,0,0,912,0,0,0,0,64,0,0,0,0,0,0,0,0,26688
384,1000,0,0,0,2,2,5,5,18,6,0,0,0,0,76,32768,6,912,756,0,0,0,0,0,0,0,0,0,0,0,0,76,0,0,880,0,0,0,0,64,0,0,0,0,0,0,0,0,26624
384,1100,0,0,0,2,2,5,5,18,6,0,0,0,0,76,8192,10,880,732,0,0,0,0,0,0,0,0,0,0,0,0,76,0,0,912,0,0,0,0,64,0,0,0,0,0,0,0,0,26688
385,1000,0,0,0,2,2,5,5,18,6,0,0,0,0,76,32768,6,912,756,0,0,0,0,0,0,0,0,0,0,0,0,76,0,0,880,0,0,0,0,64,0,0,0,0,0,0,0,0,26624
385,1100,0,0,0,2,2,5,5,18,6,0,0,0,0,76,8192,10,880,732,0,0,0,0,0,0,0,0,0,0,0,0,76,0,0,912,0,0,0,0,64,0,0,0,0,0,0,0,0,26688
386,1000,0,0,0,2,2,5,5,18,6,0,0,0,0,76,32768,6,912,756,0,0,0,0,0,0,0,0,0,0,0,0,76,0,0,880,0,0,0,0,64,0,0,0,0,0,0,0,0,26624
386,1100,0,0,0,2,2,5,5,18,6,0,0,0,0,76,8192,10,880,732,0,0,0,0,0,0,0,0,0,0,0,0,76,0,0,912,0,0,0,0,64,0,0,0,0,0,0,0,0,26688
387,1000,0,0,0,2,2,5,5,18,6,0,0,0,0,76,32768,6,912,756,0,0,0,0,0,0,0,0,0,0,0,0,76,0,0,880,0,0,0,0,64,0,0,0,0,0,0,0,0,26624
387,1100,0,0,0,2,2,5,5,18,6,0,0,0,0,76,8192,10,880,732,0,0,0,0,0,0,0,0,0,0,0,0,76,0,0,912,0,0,0,0,64,0,0,0,0,0,0,0,0,26688
388,1000,0,0,0,2,2,5,5,18,6,0,0,0,0,76,32768,6,912,756,0,0,0,0,0,0,0,0,0,0,0,0,76,0,0,880,0,0,0,0,64,0,0,0,0,0,0,0,0,26624
388,1100,0,0,0,2,2,5,5,18,6,0,0,0,0,76,8192,10,880,732,0,0,0,0,0,0,0,0,0,0,0,0,76,0,0,912,0,0,0,0,64,0,0,0,0,0,0,0,0,26688
389,1000,0,0,0,2,2,5,5,18,6,0,0,0,0,76,32768,6,912,756,0,0,0,0,0,0,0,0,0,0,0,0,76,0,0,880,0,0,0,0,64,0,0,0,0,0,0,0,0,26624
389,1100,0,0,0,2,2,5,5,18,6,0,0,0,0,76,8192,10,880,732,0,0,0,0,0,0,0,0,0,0,0,0,76,0,0,912,0,0,0,0,64,0,0,0,0,0,0,0,0,26688
390,1000,0,0,0,2,2,5,5,18,6,0,0,0,0,76,32768,6,912,756,0,0,0,0,0,0,0,0,0,0,0,0,76,0,0,880,0,0,0,0,64,0,0,0,0,0,0,0,0,26624
390,1100,0,0,0,2,2,5,5,18,6,0,0,0,0,76,8192,10,880,732,0,0,0,0,0,0,0,0,0,0,0,0,76,0,0,912,0,0,0,0,64,0,0,0,0,0,0,0,0,26688
391,1000,0,0,0,2,2,5,5,18,6,0,0,0,0,76,32768,6,912,756,0,0,0,0,0,0,0,0,0,0,0,0,76,0,0,880,0,0,0,0,64,0,0,0,0,0,0,0,0,26624
391,1100,0,0,0,2,2,5,5,18,6,0,0,0,0,76,8192,10,880,732,0,0,0,0,0,0,0,0,0,0,0,0,76,0,0,912,0,0,0,0,64,0,0,0,0,0,0,0,0,26688
392,1000,0,0,0,2,2,5,5,18,6,0,0,0,0,76,32768,6,912,756,0,0,0,0,0,0,0,0,0,0,0,0,76,0,0,880,0,0,0,0,64,0,0,0,0,0,0,0,0,26624
392,1100,0,0,0,2,2,5,5,18,6,0,0,0,0,76,8192,10,880,732,0,0,0,0,0,0,0,0,0,0,0,0,76,0,0,912,0,0,0,0,64,0,0,0,0,0,0,0,0,26688
393,1000,0,0,0,2,2,5,5,18,6,0,0,0,0,76,32768,6,912,756,0,0,0,0,0,0,0,0,0,0,0,0,76,0,0,880,0,0,0,0,64,0,0,0,0,0,0,0,0,26624
393,1100,0,0,0,2,2,5,5,18,6,0,0,0,0,76,8192,10,880,732,0,0,0,0,0,0,0,0,0,0,0,0,76,0,0,912,0,0,0,0,64,0,0,0,0,0,0,0,0,26688
394,1000,0,0,0,2,2,5,5,18,6,0,0,0,0,76,32768,6,912,756,0,0,0,0,0,0,0,0,0,0,0,0,76,0,0,880,0,0,0,0,64,0,0,0,0,0,0,0,0,26624
394,1100,0,0,0,2,2,5,5,18,6,0,0,0,0,76,8192,10,880,732,0,0,0,0,0,0,0,0,0,0,0,0,76,0,0,912,0,0,0,0,64,0,0,0,0,0,0,0,0,26688
395,1000,0,0,0,2,2,5,5,18,6,0,0,0,0,76,32768,6,912,756,0,0,0,0,0,0,0,0,0,0,0,0,76,0,0,880,0,0,0,0,64,0,0,0,0,0,0,0,0,26624
395,1100,0,0,0,2,2,5,5,18,6,0,0,0,0,76,8192,10,880,732,0,0,0,0,0,0,0,0,0,0,0,0,76,0,0,912,0,0,0,0,64,0,0,0,0,0,0,0,0,26688
396,1000,0,0,0,2,2,5,5,18,6,0,0,0,0,76,32768,6,912,756,0,0,0,0,0,0,0,0,0,0,0,0,76,0,0,880,0,0,0,0,64,0,0,0,0,0,0,0,0,26624
396,1100,0,0,0,2,2,5,5,18,6,0,0,0,0,76,8192,10,880,732,0,0,0,0,0,0,0,0,0,0,0,0,76,0,0,912,0,0,0,0,64,0,0,0,0,0,0,0,0,26688
397,1000,0,0,0,2,2,5,5,18,6,0,0,0,0,76,32768,6,912,756,0,0,0,0,0,0,0,0,0,0,0,0,76,0,0,880,0,0,0,0,64,0,0,0,0,0,0,0,0,26624
397,1100,0,0,0,2,2,5,5,18,6,0,0,0,0,76,8192,10,880,732,0,0,0,0,0,0,0,0,0,0,0,0,76,0,0,912,0,0,0,0,64,0,0,0,0,0,0,0,0,26688
398,1000,0,0,0,2,2,5,5,18,6,0,0,0,0,76,32768,6,912,756,0,0,0,0,0,0,0,0,0,0,0,0,76,0,0,880,0,0,0,0,64,0,0,0,0,0,0,0,0,26624
398,1100,0,0,0,2,2,5,5,18,6,0,0,0,0,76,8192,10,880,732,0,0,0,0,0,0,0,0,0,0,0,0,76,0,0,912,0,0,0,0,64,0,0,0,0,0,0,0,0,26688
399,1000,0,0,0,2,2,5,5,18,6,0,0,0,0,76,32768,6,912,756,0,0,0,0,0,0,0,0,0,0,0,0,76,0,0,880,0,0,0,0,64,0,0,0,0,0,0,0,0,26624
399,1100,0,0,0,2,2,5,5,18,6,0,0,0,0,76,8192,10,880,732,0,0,0,0,0,0,0,0,0,0,0,0,76,0,0,912,0,0,0,0,64,0,0,0,0,0,0,0,0,26688
400,1000,0,0,0,2,2,5,5,18,6,0,0,0,0,76,32768,6,912,756,0,0,0,0,0,0,0,0,0,0,0,0,76,0,0,880,0,0,0,0,64,0,0,0,0,0,0,0,0,26624
400,1100,0,0,0,2,2,5,5,18,6,0,0,0,0,76,8192,10,880,732,0,0,0,0,0,0,0,0,0,0,0,0,76,0,0,912,0,0,0,0,64,0,0,0,0,0,0,0,0,26688
401,1000,0,0,0,2,2,5,5,18,6,0,0,0,0,76,32768,6,912,756,0,0,0,0,0,0,0,0,0,0,0,0,76,0,0,880,0,0,0,0,64,0,0,0,0,0,0,0,0,26624
401,1100,0,0,0,2,2,5,5,18,6,0,0,0,0,76,8192,10,880,732,0,0,0,0,0,0,0,0,0,0,0,0,76,0,0,912,0,0,0,0,64,0,0,0,0,0,0,0,0,26688
402,1000,0,0,0,2,2,5,5,18,6,0,0,0,0,76,32768,6,912,756,0,0,0,0,0,0,0,0,0,0,0,0,76,0,0,880,0,0,0,0,64,0,0,0,0,0,0,0,0,26624
402,1100,0,0,0,2,2,5,5,18,6,0,0,0,0,76,8192,10,880,732,0,0,0,0,0,0,0,0,0,0,0,0,76,0,0,912,0,0,0,0,64,0,0,0,0,0,0,0,0,26688
403,1000,0,0,0,2,2,5,5,18,6,0,0,0,0,76,32768,6,912,756,0,0,0,0,0,0,0,0,0,0,0,0,76,0,0,880,0,0,0,0,64,0,0,0,0,0,0,0,0,26624
403,1100,0,0,0,2,2,5,5,18,6,0,0,0,0,76,8192,10,880,732,0,0,0,0,0,0,0,0,0,0,0,0,76,0,0,912,0,0,0,0,64,0,0,0,0,0,0,0,0,26688
404,1000,0,0,0,2,2,5,5,18,6,0,0,0,0,76,32768,6,912,756,0,0,0,0,0,0,0,0,0,0,0,0,76,0,0,880,0,0,0,0,64,0,0,0,0,0,0,0,0,26624
404,1100,0,0,0,2,2,5,5,18,6,0,0,0,0,76,8192,10,880,732,0,0,0,0,0,0,0,0,0,0,0,0,76,0,0,912,0,0,0,0,64,0,0,0,0,0,0,0,0,26688
405,1000,0,0,0,2,2,5,5,18,6,0,0,0,0,76,32768,6,912,756,0,0,0,0,0,0,0,0,0,0,0,0,76,0,0,880,0,0,0,0,64,0,0,0,0,0,0,0,0,26624
405,1100,0,0,0,2,2,5,5,18,6,0,0,0,0,76,8192,10,880,732,0,0,0,0,0,0,0,0,0,0,0,0,76,0,0,912,0,0,0,0,64,0,0,0,0,0,0,0,0,26688
406,1000,0,0,0,2,2,5,5,18,6,0,0,0,0,76,32768,6,912,756,0,0,0,0,0,0,0,0,0,0,0,0,76,0,0,880,0,0,0,0,64,0,0,0,0,0,0,0,0,26624
406,1100,0,0,0,2,2,5,5,18,6,0,0,0,0,76,8192,10,880,732,0,0,0,0,0,0,0,0,0,0,0,0,76,0,0,912,0,0,0,0,64,0,0,0,0,0,0,0,0,26688
407,1000,0,0,0,2,2,5,5,18,6,0,0,0,0,76,32768,6,912,756,0,0,0,0,0,0,0,0,0,0,0,0,76,0,0,880,0,0,0,0,64,0,0,0,0,0,0,0,0,26624
407,1100,0,0,0,2,2,5,5,18,6,0,0,0,0,76,8192,10,880,732,0,0,0,0,0,0,0,0,0,0,0,0,76,0,0,912,0,0,0,0,64,0,0,0,0,0,0,0,0,26688
408,1000,0,0,0,2,2,5,5,18,6,0,0,0,0,76,32768,6,912,756,0,0,0,0,0,0,0,0,0,0,0,0,76,0,0,880,0,0,0,0,64,0,0,0,0,0,0,0,0,26624
408,1100,0,0,0,2,2,5,5,18,6,0,0,0,0,76,8192,10,880,732,0,0,0,0,0,0,0,0,0,0,0,0,76,0,0,912,0,0,0,0,64,0,0,0,0,0,0,0,0,26688
409,1000,0,0,0,2,2,5,5,18,6,0,0,0,0,76,32768,6,912,756,0,0,0,0,0,0,0,0,0,0,0,0,76,0,0,880,0,0,0,0,64,0,0,0,0,0,0,0,0,26624
409,1100,0,0,0,2,2,5,5,18,6,0,0,0,0,76,8192,10,880,732,0,0,0,0,0,0,0,0,0,0,0,0,76,0,0,912,0,0,0,0,64,0,0,0,0,0,0,0,0,26688
410,1000,0,0,0,2,2,5,5,18,6,0,0,0,0,76,32768,6,912,756,0,0,0,0,0,0,0,0,0,0,0,0,76,0,0,880,0,0,0,0,64,0,0,0,0,0,0,0,0,26624
410,1100,0,0,0,2,2,5,5,18,6,0,0,0,0,76,8192,10,880,732,0,0,0,0,0,0,0,0,0,0,0,0,76,0,0,912,0,0,0,0,64,0,0,0,0,0,0,0,0,26688
411,1000,0,0,0,2,2,5,5,18,6,0,0,0,0,76,32768,6,912,756,0,0,0,0,0,0,0,0,0,0,0,0,76,0,0,880,0,0,0,0,64,0,0,0,0,0,0,0,0,26624
411,1100,0,0,0,2,2,5,5,18,6,0,0,0,0,76,8192,10,880,732,0,0,0,0,0,0,0,0,0,0,0,0,76,0,0,912,0,0,0,0,64,0,0,0,0,0,0,0,0,26688
412,1000,0,0,0,2,2,5,5,18,6,0,0,0,0,76,32768,6,912,756,0,0,0,0,0,0,0,0,0,0,0,0,76,0,0,880,0,0,0,0,64,0,0,0,0,0,0,0,0,26624
412,1100,0,0,0,2,2,5,5,18,6,0,0,0,0,76,8192,10,880,732,0,0,0,0,0,0,0,0,0,0,0,0,76,0,0,912,0,0,0,0,64,0,0,0,0,0,0,0,0,26688
413,1000,0,0,0,2,2,5,5,18,6,0,0,0,0,76,32768,6,912,756,0,0,0,0,0,0,0,0,0,0,0,0,76,0,0,880,0,0,0,0,64,0,0,0,0,0,0,0,0,26624
413,1100,0,0,0,2,2,5,5,18,6,0,0,0,0,76,8192,10,880,732,0,0,0,0,0,0,0,0,0,0,0,0,76,0,0,912,0,0,0,0,64,0,0,0,0,0,0,0,0,26688
414,1000,0,0,0,2,2,5,5,18,6,0,0,0,0,76,32768,6,912,756,0,0,0,0,0,0,0,0,0,0,0,0,76,0,0,880,0,0,0,0,64,0,0,0,0,0,0,0,0,26624
414,1100,0,0,0,2,2,5,5,18,6,0,0,0,0,76,8192,10,880,732,0,0,0,0,0,0,0,0,0,0,0,0,76,0,0,912,0,0,0,0,64,0,0,0,0,0,0,0,0,26688
415,1000,0,0,0,2,2,5,5,18,6,0,0,0,0,76,32768,6,912,756,0,0,0,0,0,0,0,0,0,0,0,0,76,0,0,880,0,0,0,0,64,0,0,0,0,0,0,0,0,26624
415,1100,0,0,0,2,2,5,5,18,6,0,0,0,0,76,8192,10,880,732,0,0,0,0,0,0,0,0,0,0,0,0,76,0,0,912,0,0,0,0,64,0,0,0,0,0,0,0,0,26688
416,1000,0,0,0,2,2,5,5,18,6,0,0,0,0,76,32768,6,912,756,0,0,0,0,0,0,0,0,0,0,0,0,76,0,0,880,0,0,0,0,64,0,0,0,0,0,0,0,0,26624
416,1100,0,0,0,2,2,5,5,18,6,0,0,0,0,76,8192,10,880,732,0,0,0,0,0,0,0,0,0,0,0,0,76,0,0,912,0,0,0,0,64,0,0,0,0,0,0,0,0,26688
417,1000,0,0,0,2,2,5,5,18,6,0,0,0,0,76,32768,6,912,756,0,0,0,0,0,0,0,0,0,0,0,0,76,0,0,880,0,0,0,0,64,0,0,0,0,0,0,0,0,26624
417,1100,0,0,0,2,2,5,5,18,6,0,0,0,0,76,8192,10,880,732,0,0,0,0,0,0,0,0,0,0,0,0,76,0,0,912,0,0,0,0,64,0,0,0,0,0,0,0,0,26688
418,1000,0,0,0,2,2,5,5,18,6,0,0,0,0,76,32768,6,912,756,0,0,0,0,0,0,0,0,0,0,0,0,76,0,0,880,0,0,0,0,64,0,0,0,0,0,0,0,0,26624
418,1100,0,0,0,2,2,5,5,18,6,0,0,0,0,76,8192,10,880,732,0,0,0,0,0,0,0,0,0,0,0,0,76,0,0,912,0,0,0,0,64,0,0,0,0,0,0,0,0,26688
419,1000,0,0,0,2,2,5,5,18,6,0,0,0,0,76,32768,6,912,756,0,0,0,0,0,0,0,0,0,0,0,0,76,0,0,880,0,0,0,0,64,0,0,0,0,0,0,0,0,26624
419,1100,0,0,0,2,2,5,5,18,6,0,0,0,0,76,8192,10,880,732,0,0,0,0,0,0,0,0,0,0,0,0,76,0,0,912,0,0,0,0,64,0,0,0,0,0,0,0,0,26688
420,1000,0,0,0,2,2,5,5,18,6,0,0,0,0,76,32768,6,912,756,0,0,0,0,0,0,0,0,0,0,0,0,76,0,0,880,0,0,0,0,64,0,0,0,0,0,0,0,0,26624
420,1100,0,0,0,2,2,5,5,18,6,0,0,0,0,76,8192,10,880,732,0,0,0,0,0,0,0,0,0,0,0,0,76,0,0,912,0,0,0,0,64,0,0,0,0,0,0,0,0,26688
421,1000,0,0,0,2,2,5,5,18,6,0,0,0,0,76,32768,6,912,756,0,0,0,0,0,0,0,0,0,0,0,0,76,0,0,880,0,0,0,0,64,0,0,0,0,0,0,0,0,26624
421,1100,0,0,0,2,2,5,5,18,6,0,0,0,0,76,8192,10,880,732,0,0,0,0,0,0,0,0,0,0,0,0,76,0,0,912,0,0,0,0,64,0,0,0,0,0,0,0,0,26688
422,1000,0,0,0,2,2,5,5,18,6,0,0,0,0,76,32768,6,912,756,0,0,0,0,0,0,0,0,0,0,0,0,76,0,0,880,0,0,0,0,64,0,0,0,0,0,0,0,0,26624
422,1100,0,0,0,2,2,5,5,18,6,0,0,0,0,76,8192,10,880,732,0,0,0,0,0,0,0,0,0,0,0,0,76,0,0,912,0,0,0,0,64,0,0,0,0,0,0,0,0,26688
423,1000,0,0,0,2,2,5,5,18,6,0,0,0,0,76,32768,6,912,756,0,0,0,0,0,0,0,0,0,0,0,0,76,0,0,880,0,0,0,0,64,0,0,0,0,0,0,0,0,26624
423,1100,0,0,0,2,2,5,5,18,6,0,0,0,0,76,8192,10,880,732,0,0,0,0,0,0,0,0,0,0,0,0,76,0,0,912,0,0,0,0,64,0,0,0,0,0,0,0,0,26688
424,1000,0,0,0,2,2,5,5,18,6,0,0,0,0,76,32768,6,912,756,0,0,0,0,0,0,0,0,0,0,0,0,76,0,0,880,0,0,0,0,64,0,0,0,0,0,0,0,0,26624
424,1100,0,0,0,2,2,5,5,18,6,0,0,0,0,76,8192,10,880,732,0,0,0,0,0,0,0,0,0,0,0,0,76,0,0,912,0,0,0,0,64,0,0,0,0,0,0,0,0,26688
425,1000,0,0,0,2,2,5,5,18,6,0,0,0,0,76,32768,6,912,756,0,0,0,0,0,0,0,0,0,0,0,0,76,0,0,880,0,0,0,0,64,0,0,0,0,0,0,0,0,26624
425,1100,0,0,0,2,2,5,5,18,6,0,0,0,0,76,8192,10,880,732,0,0,0,0,0,0,0,0,0,0,0,0,76,0,0,912,0,0,0,0,64,0,0,0,0,0,0,0,0,26688
426,1000,0,0,0,2,2,5,5,18,6,0,0,0,0,76,32768,6,912,756,0,0,0,0,0,0,0,0,0,0,0,0,76,0,0,880,0,0,0,0,64,0,0,0,0,0,0,0,0,26624
426,1100,0,0,0,2,2,5,5,18,6,0,0,0,0,76,8192,10,880,732,0,0,0,0,0,0,0,0,0,0,0,0,76,0,0,912,0,0,0,0,64,0,0,0,0,0,0,0,0,26688
427,1000,0,0,0,2,2,5,5,18,6,0,0,0,0,76,32768,6,912,756,0,0,0,0,0,0,0,0,0,0,0,0,76,0,0,880,0,0,0,0,64,0,0,0,0,0,0,0,0,26624
427,1100,0,0,0,2,2,5,5,18,6,0,0,0,0,76,8192,10,880,732,0,0,0,0,0,0,0,0,0,0,0,0,76,0,0,912,0,0,0,0,64,0,0,0,0,0,0,0,0,26688
428,1000,0,0,0,2,2,5,5,18,6,0,0,0,0,76,32768,6,912,756,0,0,0,0,0,0,0,0,0,0,0,0,76,0,0,880,0,0,0,0,64,0,0,0,0,0,0,0,0,26624
428,1100,0,0,0,2,2,5,5,18,6,0,0,0,0,76,8192,10,880,732,0,0,0,0,0,0,0,0,0,0,0,0,76,0,0,912,0,0,0,0,64,0,0,0,0,0,0,0,0,26688
429,1000,0,0,0,2,2,5,5,18,6,0,0,0,0,76,32768,6,912,756,0,0,0,0,0,0,0,0,0,0,0,0,76,0,0,880,0,0,0,0,64,0,0,0,0,0,0,0,0,26624
429,1100,0,0,0,2,2,5,5,18,6,0,0,0,0,76,8192,10,880,732,0,0,0,0,0,0,0,0,0,0,0,0,76,0,0,912,0,0,0,0,64,0,0,0,0,0,0,0,0,26688
430,1000,0,0,0,2,2,5,5,18,6,0,0,0,0,76,32768,6,912,756,0,0,0,0,0,0,0,0,0,0,0,0,76,0,0,880,0,0,0,0,64,0,0,0,0,0,0,0,0,26624
430,1100,0,0,0,2,2,5,5,18,6,0,0,0,0,76,8192,10,880,732,0,0,0,0,0,0,0,0,0,0,0,0,76,0,0,912,0,0,0,0,64,0,0,0,0,0,0,0,0,26688
431,1000,0,0,0,2,2,5,5,18,6,0,0,0,0,76,32768,6,912,756,0,0,0,0,0,0,0,0,0,0,0,0,76,0,0,880,0,0,0,0,64,0,0,0,0,0,0,0,0,26624
431,1100,0,0,0,2,2,5,5,18,6,0,0,0,0,76,8192,10,880,732,0,0,0,0,0,0,0,0,0,0,0,0,76,0,0,912,0,0,0,0,64,0,0,0,0,0,0,0,0,26688
432,1000,0,0,0,2,2,5,5,18,6,0,0,0,0,76,32768,6,912,756,0,0,0,0,0,0,0,0,0,0,0,0,76,0,0,880,0,0,0,0,64,0,0,0,0,0,0,0,0,26624
432,1100,0,0,0,2,2,5,5,18,6,0,0,0,0,76,8192,10,880,732,0,0,0,0,0,0,0,0,0,0,0,0,76,0,0,912,0,0,0,0,64,0,0,0,0,0,0,0,0,26688
433,1000,0,0,0,2,2,5,5,18,6,0,0,0,0,76,32768,6,912,756,0,0,0,0,0,0,0,0,0,0,0,0,76,0,0,880,0,0,0,0,64,0,0,0,0,0,0,0,0,26624
433,1100,0,0,0,2,2,5,5,18,6,0,0,0,0,76,8192,10,880,732,0,0,0,0,0,0,0,0,0,0,0,0,76,0,0,912,0,0,0,0,64,0,0,0,0,0,0,0,0,26688
434,1000,0,0,0,2,2,5,5,18,6,0,0,0,0,76,32768,6,912,756,0,0,0,0,0,0,0,0,0,0,0,0,76,0,0,880,0,0,0,0,64,0,0,0,0,0,0,0,0,26624
434,1100,0,0,0,2,2,5,5,18,6,0,0,0,0,76,8192,10,880,732,0,0,0,0,0,0,0,0,0,0,0,0,76,0,0,912,0,0,0,0,64,0,0,0,0,0,0,0,0,26688
435,1000,0,0,0,2,2,5,5,18,6,0,0,0,0,76,32768,6,912,756,0,0,0,0,0,0,0,0,0,0,0,0,76,0,0,880,0,0,0,0,64,0,0,0,0,0,0,0,0,26624
435,1100,0,0,0,2,2,5,5,18,6,0,0,0,0,76,8192,10,880,732,0,0,0,0,0,0,0,0,0,0,0,0,76,0,0,912,0,0,0,0,64,0,0,0,0,0,0,0,0,26688
436,1000,0,0,0,2,2,5,5,18,6,0,0,0,0,76,32768,6,912,756,0,0,0,0,0,0,0,0,0,0,0,0,76,0,0,880,0,0,0,0,64,0,0,0,0,0,0,0,0,26624
436,1100,0,0,0,2,2,5,5,18,6,0,0,0,0,76,8192,10,880,732,0,0,0,0,0,0,0,0,0,0,0,0,76,0,0,912,0,0,0,0,64,0,0,0,0,0,0,0,0,26688
437,1000,0,0,0,2,2,5,5,18,6,0,0,0,0,76,32768,6,912,756,0,0,0,0,0,0,0,0,0,0,0,0,76,0,0,880,0,0,0,0,64,0,0,0,0,0,0,0,0,26624
437,1100,0,0,0,2,2,5,5,18,6,0,0,0,0,76,8192,10,880,732,0,0,0,0,0,0,0,0,0,0,0,0,76,0,0,912,0,0,0,0,64,0,0,0,0,0,0,0,0,26688
438,1000,0,0,0,2,2,5,5,18,6,0,0,0,0,76,32768,6,912,756,0,0,0,0,0,0,0,0,0,0,0,0,76,0,0,880,0,0,0,0,64,0,0,0,0,0,0,0,0,26624
438,1100,0,0,0,2,2,5,5,18,6,0,0,0,0,76,8192,10,880,732,0,0,0,0,0,0,0,0,0,0,0,0,76,0,0,912,0,0,0,0,64,0,0,0,0,0,0,0,0,26688
439,1000,0,0,0,2,2,5,5,18,6,0,0,0,0,76,32768,6,912,756,0,0,0,0,0,0,0,0,0,0,0,0,76,0,0,880,0,0,0,0,64,0,0,0,0,0,0,0,0,26624
439,1100,0,0,0,2,2,5,5,18,6,0,0,0,0,76,8192,10,880,732,0,0,0,0,0,0,0,0,0,0,0,0,76,0,0,912,0,0,0,0,64,0,0,0,0,0,0,0,0,26688
440,1000,0,0,0,2,2,5,5,18,6,0,0,0,0,76,32768,6,912,756,0,0,0,0,0,0,0,0,0,0,0,0,76,0,0,880,0,0,0,0,64,0,0,0,0,0,0,0,0,26624
440,1100,0,0,0,2,2,5,5,18,6,0,0,0,0,76,8192,10,880,732,0,0,0,0,0,0,0,0,0,0,0,0,76,0,0,912,0,0,0,0,64,0,0,0,0,0,0,0,0,26688
441,1000,0,0,0,2,2,5,5,18,6,0,0,0,0,76,32768,6,912,756,0,0,0,0,0,0,0,0,0,0,0,0,76,0,0,880,0,0,0,0,64,0,0,0,0,0,0,0,0,26624
441,1100,0,0,0,2,2,5,5,18,6,0,0,0,0,76,8192,10,880,732,0,0,0,0,0,0,0,0,0,0,0,0,76,0,0,912,0,0,0,0,64,0,0,0,0,0,0,0,0,26688
442,1000,0,0,0,2,2,5,5,18,6,0,0,0,0,76,32768,6,912,756,0,0,0,0,0,0,0,0,0,0,0,0,76,0,0,880,0,0,0,0,64,0,0,0,0,0,0,0,0,26624
442,1100,0,0,0,2,2,5,5,18,6,0,0,0,0,76,8192,10,880,732,0,0,0,0,0,0,0,0,0,0,0,0,76,0,0,912,0,0,0,0,64,0,0,0,0,0,0,0,0,26688
443,1000,0,0,0,2,2,5,5,18,6,0,0,0,0,76,32768,6,912,756,0,0,0,0,0,0,0,0,0,0,0,0,76,0,0,880,0,0,0,0,64,0,0,0,0,0,0,0,0,26624
443,1100,0,0,0,2,2,5,5,18,6,0,0,0,0,76,8192,10,880,732,0,0,0,0,0,0,0,0,0,0,0,0,76,0,0,912,0,0,0,0,64,0,0,0,0,0,0,0,0,26688
444,1000,0,0,0,2,2,5,5,18,6,0,0,0,0,76,32768,6,912,756,0,0,0,0,0,0,0,0,0,0,0,0,76,0,0,880,0,0,0,0,64,0,0,0,0,0,0,0,0,26624
444,1100,0,0,0,2,2,5,5,18,6,0,0,0,0,76,8192,10,880,732,0,0,0,0,0,0,0,0,0,0,0,0,76,0,0,912,0,0,0,0,64,0,0,0,0,0,0,0,0,26688
445,1000,0,0,0,2,2,5,5,18,6,0,0,0,0,76,32768,6,912,756,0,0,0,0,0,0,0,0,0,0,0,0,76,0,0,880,0,0,0,0,64,0,0,0,0,0,0,0,0,26624
445,1100,0,0,0,2,2,5,5,18,6,0,0,0,0,76,8192,10,880,732,0,0,0,0,0,0,0,0,0,0,0,0,76,0,0,912,0,0,0,0,64,0,0,0,0,0,0,0,0,26688
446,1000,0,0,0,2,2,5,5,18,6,0,0,0,0,76,32768,6,912,756,0,0,0,0,0,0,0,0,0,0,0,0,76,0,0,880,0,0,0,0,64,0,0,0,0,0,0,0,0,26624
446,1100,0,0,0,2,2,5,5,18,6,0,0,0,0,76,8192,10,880,732,0,0,0,0,0,0,0,0,0,0,0,0,76,0,0,912,0,0,0,0,64,0,0,0,0,0,0,0,0,26688
447,1000,0,0,0,2,2,5,5,18,6,0,0,0,0,76,32768,6,912,756,0,0,0,0,0,0,0,0,0,0,0,0,76,0,0,880,0,0,0,0,64,0,0,0,0,0,0,0,0,26624
447,1100,0,0,0,2,2,5,5,18,6,0,0,0,0,76,8192,10,880,732,0,0,0,0,0,0,0,0,0,0,0,0,76,0,0,912,0,0,0,0,64,0,0,0,0,0,0,0,0,26688
448,1000,0,0,0,2,2,5,5,18,6,0,0,0,0,76,32768,6,912,756,0,0,0,0,0,0,0,0,0,0,0,0,76,0,0,880,0,0,0,0,64,0,0,0,0,0,0,0,0,26624
448,1100,0,0,0,2,2,5,5,18,6,0,0,0,0,76,8192,10,880,732,0,0,0,0,0,0,0,0,0,0,0,0,76,0,0,912,0,0,0,0,64,0,0,0,0,0,0,0,0,26688
449,1000,0,0,0,2,2,5,5,18,6,0,0,0,0,76,32768,6,912,756,0,0,0,0,0,0,0,0,0,0,0,0,76,0,0,880,0,0,0,0,64,0,0,0,0,0,0,0,0,26624
449,1100,0,0,0,2,2,5,5,18,6,0,0,0,0,76,8192,10,880,732,0,0,0,0,0,0,0,0,0,0,0,0,76,0,0,912,0,0,0,0,64,0,0,0,0,0,0,0,0,26688
450,1000,0,0,0,2,2,5,5,18,6,0,0,0,0,76,32768,6,912,756,0,0,0,0,0,0,0,0,0,0,0,0,76,0,0,880,0,0,0,0,64,0,0,0,0,0,0,0,0,26624
450,1100,0,0,0,2,2,5,5,18,6,0,0,0,0,76,8192,10,880,732,0,0,0,0,0,0,0,0,0,0,0,0,76,0,0,912,0,0,0,0,64,0,0,0,0,0,0,0,0,26688
451,1000,0,0,0,2,2,5,5,18,6,0,0,0,0,76,32768,6,912,756,0,0,0,0,0,0,0,0,0,0,0,0,76,0,0,880,0,0,0,0,64,0,0,0,0,0,0,0,0,26624
451,1100,0,0,0,2,2,5,5,18,6,0,0,0,0,76,8192,10,880,732,0,0,0,0,0,0,0,0,0,0,0,0,76,0,0,912,0,0,0,0,64,0,0,0,0,0,0,0,0,26688
452,1000,0,0,0,2,2,5,5,18,6,0,0,0,0,76,32768,6,912,756,0,0,0,0,0,0,0,0,0,0,0,0,76,0,0,880,0,0,0,0,64,0,0,0,0,0,0,0,0,26624
452,1100,0,0,0,2,2,5,5,18,6,0,0,0,0,76,8192,10,880,732,0,0,0,0,0,0,0,0,0,0,0,0,76,0,0,912,0,0,0,0,64,0,0,0,0,0,0,0,0,26688
453,1000,0,0,0,2,2,5,5,18,6,0,0,0,0,76,32768,6,912,756,0,0,0,0,0,0,0,0,0,0,0,0,76,0,0,880,0,0,0,0,64,0,0,0,0,0,0,0,0,26624
453,1100,0,0,0,2,2,5,5,18,6,0,0,0,0,76,8192,10,880,732,0,0,0,0,0,0,0,0,0,0,0,0,76,0,0,912,0,0,0,0,64,0,0,0,0,0,0,0,0,26688
454,1000,0,0,0,2,2,5,5,18,6,0,0,0,0,76,32768,6,912,756,0,0,0,0,0,0,0,0,0,0,0,0,76,0,0,880,0,0,0,0,64,0,0,0,0,0,0,0,0,26624
454,1100,0,0,0,2,2,5,5,18,6,0,0,0,0,76,8192,10,880,732,0,0,0,0,0,0,0,0,0,0,0,0,76,0,0,912,0,0,0,0,64,0,0,0,0,0,0,0,0,26688
455,1000,0,0,0,2,2,5,5,18,6,0,0,0,0,76,32768,6,912,756,0,0,0,0,0,0,0,0,0,0,0,0,76,0,0,880,0,0,0,0,64,0,0,0,0,0,0,0,0,26624
455,1100,0,0,0,2,2,5,5,18,6,0,0,0,0,76,8192,10,880,732,0,0,0,0,0,0,0,0,0,0,0,0,76,0,0,912,0,0,0,0,64,0,0,0,0,0,0,0,0,26688
456,1000,0,0,0,2,2,5,5,18,6,0,0,0,0,76,32768,6,912,756,0,0,0,0,0,0,0,0,0,0,0,0,76,0,0,880,0,0,0,0,64,0,0,0,0,0,0,0,0,26624
456,1100,0,0,0,2,2,5,5,18,6,0,0,0,0,76,8192,10,880,732,0,0,0,0,0,0,0,0,0,0,0,0,76,0,0,912,0,0,0,0,64,0,0,0,0,0,0,0,0,26688
457,1000,0,0,0,2,2,5,5,18,6,0,0,0,0,76,32768,6,912,756,0,0,0,0,0,0,0,0,0,0,0,0,76,0,0,880,0,0,0,0,64,0,0,0,0,0,0,0,0,26624
457,1100,0,0,0,2,2,5,5,18,6,0,0,0,0,76,8192,10,880,732,0,0,0,0,0,0,0,0,0,0,0,0,76,0,0,912,0,0,0,0,64,0,0,0,0,0,0,0,0,26688
458,1000,0,0,0,2,2,5,5,18,6,0,0,0,0,76,32768,6,912,756,0,0,0,0,0,0,0,0,0,0,0,0,76,0,0,880,0,0,0,0,64,0,0,0,0,0,0,0,0,26624
458,1100,0,0,0,2,2,5,5,18,6,0,0,0,0,76,8192,10,880,732,0,0,0,0,0,0,0,0,0,0,0,0,76,0,0,912,0,0,0,0,64,0,0,0,0,0,0,0,0,26688
459,1000,0,0,0,2,2,5,5,18,6,0,0,0,0,76,32768,6,912,756,0,0,0,0,0,0,0,0,0,0,0,0,76,0,0,880,0,0,0,0,64,0,0,0,0,0,0,0,0,26624
459,1100,0,0,0,2,2,5,5,18,6,0,0,0,0,76,8192,10,880,732,0,0,0,0,0,0,0,0,0,0,0,0,76,0,0,912,0,0,0,0,64,0,0,0,0,0,0,0,0,26688
460,1000,0,0,0,2,2,5,5,18,6,0,0,0,0,76,32768,6,912,756,0,0,0,0,0,0,0,0,0,0,0,0,76,0,0,880,0,0,0,0,64,0,0,0,0,0,0,0,0,26624
460,1100,0,0,0,2,2,5,5,18,6,0,0,0,0,76,8192,10,880,732,0,0,0,0,0,0,0,0,0,0,0,0,76,0,0,912,0,0,0,0,64,0,0,0,0,0,0,0,0,26688
461,1000,0,0,0,2,2,5,5,18,6,0,0,0,0,76,32768,6,912,756,0,0,0,0,0,0,0,0,0,0,0,0,76,0,0,880,0,0,0,0,64,0,0,0,0,0,0,0,0,26624
461,1100,0,0,0,2,2,5,5,18,6,0,0,0,0,76,8192,10,880,732,0,0,0,0,0,0,0,0,0,0,0,0,76,0,0,912,0,0,0,0,64,0,0,0,0,0,0,0,0,26688
462,1000,0,0,0,2,2,5,5,18,6,0,0,0,0,76,32768,6,912,756,0,0,0,0,0,0,0,0,0,0,0,0,76,0,0,880,0,0,0,0,64,0,0,0,0,0,0,0,0,26624
462,1100,0,0,0,2,2,5,5,18,6,0,0,0,0,76,8192,10,880,732,0,0,0,0,0,0,0,0,0,0,0,0,76,0,0,912,0,0,0,0,64,0,0,0,0,0,0,0,0,26688
463,1000,0,0,0,2,2,5,5,18,6,0,0,0,0,76,32768,6,912,756,0,0,0,0,0,0,0,0,0,0,0,0,76,0,0,880,0,0,0,0,64,0,0,0,0,0,0,0,0,26624
463,1100,0,0,0,2,2,5,5,18,6,0,0,0,0,76,8192,10,880,732,0,0,0,0,0,0,0,0,0,0,0,0,76,0,0,912,0,0,0,0,64,0,0,0,0,0,0,0,0,26688
464,1000,0,0,0,2,2,5,5,18,6,0,0,0,0,76,32768,6,912,756,0,0,0,0,0,0,0,0,0,0,0,0,76,0,0,880,0,0,0,0,64,0,0,0,0,0,0,0,0,26624
464,1100,0,0,0,2,2,5,5,18,6,0,0,0,0,76,8192,10,880,732,0,0,0,0,0,0,0,0,0,0,0,0,76,0,0,912,0,0,0,0,64,0,0,0,0,0,0,0,0,26688
465,1000,0,0,0,2,2,5,5,18,6,0,0,0,0,76,32768,6,912,756,0,0,0,0,0,0,0,0,0,0,0,0,76,0,0,880,0,0,0,0,64,0,0,0,0,0,0,0,0,26624
465,1100,0,0,0,2,2,5,5,18,6,0,0,0,0,76,8192,10,880,732,0,0,0,0,0,0,0,0,0,0,0,0,76,0,0,912,0,0,0,0,64,0,0,0,0,0,0,0,0,26688
466,1000,0,0,0,2,2,5,5,18,6,0,0,0,0,76,32768,6,912,756,0,0,0,0,0,0,0,0,0,0,0,0,76,0,0,880,0,0,0,0,64,0,0,0,0,0,0,0,0,26624
466,1100,0,0,0,2,2,5,5,18,6,0,0,0,0,76,8192,10,880,732,0,0,0,0,0,0,0,0,0,0,0,0,76,0,0,912,0,0,0,0,64,0,0,0,0,0,0,0,0,26688
467,1000,0,0,0,2,2,5,5,18,6,0,0,0,0,76,32768,6,912,756,0,0,0,0,0,0,0,0,0,0,0,0,76,0,0,880,0,0,0,0,64,0,0,0,0,0,0,0,0,26624
467,1100,0,0,0,2,2,5,5,18,6,0,0,0,0,76,8192,10,880,732,0,0,0,0,0,0,0,0,0,0,0,0,76,0,0,912,0,0,0,0,64,0,0,0,0,0,0,0,0,26688
468,1000,0,0,0,2,2,5,5,18,6,0,0,0,0,76,32768,6,912,756,0,0,0,0,0,0,0,0,0,0,0,0,76,0,0,880,0,0,0,0,64,0,0,0,0,0,0,0,0,26624
468,1100,0,0,0,2,2,5,5,18,6,0,0,0,0,76,8192,10,880,732,0,0,0,0,0,0,0,0,0,0,0,0,76,0,0,912,0,0,0,0,64,0,0,0,0,0,0,0,0,26688
469,1000,0,0,0,2,2,5,5,18,6,0,0,0,0,76,32768,6,912,756,0,0,0,0,0,0,0,0,0,0,0,0,76,0,0,880,0,0,0,0,64,0,0,0,0,0,0,0,0,26624
469,1100,0,0,0,2,2,5,5,18,6,0,0,0,0,76,8192,10,880,732,0,0,0,0,0,0,0,0,0,0,0,0,76,0,0,912,0,0,0,0,64,0,0,0,0,0,0,0,0,26688
470,1000,0,0,0,2,2,5,5,18,6,0,0,0,0,76,32768,6,912,756,0,0,0,0,0,0,0,0,0,0,0,0,76,0,0,880,0,0,0,0,64,0,0,0,0,0,0,0,0,26624
470,1100,0,0,0,2,2,5,5,18,6,0,0,0,0,76,8192,10,880,732,0,0,0,0,0,0,0,0,0,0,0,0,76,0,0,912,0,0,0,0,64,0,0,0,0,0,0,0,0,26688
471,1000,0,0,0,2,2,5,5,18,6,0,0,0,0,76,32768,6,912,756,0,0,0,0,0,0,0,0,0,0,0,0,76,0,0,880,0,0,0,0,64,0,0,0,0,0,0,0,0,26624
471,1100,0,0,0,2,2,5,5,18,6,0,0,0,0,76,8192,10,880,732,0,0,0,0,0,0,0,0,0,0,0,0,76,0,0,912,0,0,0,0,64,0,0,0,0,0,0,0,0,26688
472,1000,0,0,0,2,2,5,5,18,6,0,0,0,0,76,32768,6,912,756,0,0,0,0,0,0,0,0,0,0,0,0,76,0,0,880,0,0,0,0,64,0,0,0,0,0,0,0,0,26624
472,1100,0,0,0,2,2,5,5,18,6,0,0,0,0,76,8192,10,880,732,0,0,0,0,0,0,0,0,0,0,0,0,76,0,0,912,0,0,0,0,64,0,0,0,0,0,0,0,0,26688
473,1000,0,0,0,2,2,5,5,18,6,0,0,0,0,76,32768,6,912,756,0,0,0,0,0,0,0,0,0,0,0,0,76,0,0,880,0,0,0,0,64,0,0,0,0,0,0,0,0,26624
473,1100,0,0,0,2,2,5,5,18,6,0,0,0,0,76,8192,10,880,732,0,0,0,0,0,0,0,0,0,0,0,0,76,0,0,912,0,0,0,0,64,0,0,0,0,0,0,0,0,26688
474,1000,0,0,0,2,2,5,5,18,6,0,0,0,0,76,32768,6,912,756,0,0,0,0,0,0,0,0,0,0,0,0,76,0,0,880,0,0,0,0,64,0,0,0,0,0,0,0,0,26624
474,1100,0,0,0,2,2,5,5,18,6,0,0,0,0,76,8192,10,880,732,0,0,0,0,0,0,0,0,0,0,0,0,76,0,0,912,0,0,0,0,64,0,0,0,0,0,0,0,0,26688
475,1000,0,0,0,2,2,5,5,18,6,0,0,0,0,76,32768,6,912,756,0,0,0,0,0,0,0,0,0,0,0,0,76,0,0,880,0,0,0,0,64,0,0,0,0,0,0,0,0,26624
475,1100,0,0,0,2,2,5,5,18,6,0,0,0,0,76,8192,10,880,732,0,0,0,0,0,0,0,0,0,0,0,0,76,0,0,912,0,0,0,0,64,0,0,0,0,0,0,0,0,26688
476,1000,0,0,0,2,2,5,5,18,6,0,0,0,0,76,32768,6,912,756,0,0,0,0,0,0,0,0,0,0,0,0,76,0,0,880,0,0,0,0,64,0,0,0,0,0,0,0,0,26624
476,1100,0,0,0,2,2,5,5,18,6,0,0,0,0,76,8192,10,880,732,0,0,0,0,0,0,0,0,0,0,0,0,76,0,0,912,0,0,0,0,64,0,0,0,0,0,0,0,0,26688
477,1000,0,0,0,2,2,5,5,18,6,0,0,0,0,76,32768,6,912,756,0,0,0,0,0,0,0,0,0,0,0,0,76,0,0,880,0,0,0,0,64,0,0,0,0,0,0,0,0,26624
477,1100,0,0,0,2,2,5,5,18,6,0,0,0,0,76,8192,10,880,732,0,0,0,0,0,0,0,0,0,0,0,0,76,0,0,912,0,0,0,0,64,0,0,0,0,0,0,0,0,26688
478,1000,0,0,0,2,2,5,5,18,6,0,0,0,0,76,32768,6,912,756,0,0,0,0,0,0,0,0,0,0,0,0,76,0,0,880,0,0,0,0,64,0,0,0,0,0,0,0,0,26624
478,1100,0,0,0,2,2,5,5,18,6,0,0,0,0,76,8192,10,880,732,0,0,0,0,0,0,0,0,0,0,0,0,76,0,0,912,0,0,0,0,64,0,0,0,0,0,0,0,0,26688
479,1000,0,0,0,2,2,5,5,18,6,0,0,0,0,76,32768,6,912,756,0,0,0,0,0,0,0,0,0,0,0,0,76,0,0,880,0,0,0,0,64,0,0,0,0,0,0,0,0,26624
479,1100,0,0,0,2,2,5,5,18,6,0,0,0,0,76,8192,10,880,732,0,0,0,0,0,0,0,0,0,0,0,0,76,0,0,912,0,0,0,0,64,0,0,0,0,0,0,0,0,26688
480,1000,0,0,0,2,2,5,5,18,6,0,0,0,0,76,32768,6,912,756,0,0,0,0,0,0,0,0,0,0,0,0,76,0,0,880,0,0,0,0,64,0,0,0,0,0,0,0,0,26624
480,1100,0,0,0,2,2,5,5,18,6,0,0,0,0,76,8192,10,880,732,0,0,0,0,0,0,0,0,0,0,0,0,76,0,0,912,0,0,0,0,64,0,0,0,0,0,0,0,0,26688
481,1000,0,0,0,2,2,5,5,18,6,0,0,0,0,76,32768,6,912,756,0,0,0,0,0,0,0,0,0,0,0,0,76,0,0,880,0,0,0,0,64,0,0,0,0,0,0,0,0,26624
481,1100,0,0,0,2,2,5,5,18,6,0,0,0,0,76,8192,10,880,732,0,0,0,0,0,0,0,0,0,0,0,0,76,0,0,912,0,0,0,0,64,0,0,0,0,0,0,0,0,26688
482,1000,0,0,0,2,2,5,5,18,6,0,0,0,0,76,32768,6,912,756,0,0,0,0,0,0,0,0,0,0,0,0,76,0,0,880,0,0,0,0,64,0,0,0,0,0,0,0,0,26624
482,1100,0,0,0,2,2,5,5,18,6,0,0,0,0,76,8192,10,880,732,0,0,0,0,0,0,0,0,0,0,0,0,76,0,0,912,0,0,0,0,64,0,0,0,0,0,0,0,0,26688
483,1000,0,0,0,2,2,5,5,18,6,0,0,0,0,76,32768,6,912,756,0,0,0,0,0,0,0,0,0,0,0,0,76,0,0,880,0,0,0,0,64,0,0,0,0,0,0,0,0,26624
483,1100,0,0,0,2,2,5,5,18,6,0,0,0,0,76,8192,10,880,732,0,0,0,0,0,0,0,0,0,0,0,0,76,0,0,912,0,0,0,0,64,0,0,0,0,0,0,0,0,26688
484,1000,0,0,0,2,2,5,5,18,6,0,0,0,0,76,32768,6,912,756,0,0,0,0,0,0,0,0,0,0,0,0,76,0,0,880,0,0,0,0,64,0,0,0,0,0,0,0,0,26624
484,1100,0,0,0,2,2,5,5,18,6,0,0,0,0,76,8192,10,880,732,0,0,0,0,0,0,0,0,0,0,0,0,76,0,0,912,0,0,0,0,64,0,0,0,0,0,0,0,0,26688
485,1000,0,0,0,2,2,5,5,18,6,0,0,0,0,76,32768,6,912,756,0,0,0,0,0,0,0,0,0,0,0,0,76,0,0,880,0,0,0,0,64,0,0,0,0,0,0,0,0,26624
485,1100,0,0,0,2,2,5,5,18,6,0,0,0,0,76,8192,10,880,732,0,0,0,0,0,0,0,0,0,0,0,0,76,0,0,912,0,0,0,0,64,0,0,0,0,0,0,0,0,26688
486,1000,0,0,0,2,2,5,5,18,6,0,0,0,0,76,32768,6,912,756,0,0,0,0,0,0,0,0,0,0,0,0,76,0,0,880,0,0,0,0,64,0,0,0,0,0,0,0,0,26624
486,1100,0,0,0,2,2,5,5,18,6,0,0,0,0,76,8192,10,880,732,0,0,0,0,0,0,0,0,0,0,0,0,76,0,0,912,0,0,0,0,64,0,0,0,0,0,0,0,0,26688
487,1000,0,0,0,2,2,5,5,18,6,0,0,0,0,76,32768,6,912,756,0,0,0,0,0,0,0,0,0,0,0,0,76,0,0,880,0,0,0,0,64,0,0,0,0,0,0,0,0,26624
487,1100,0,0,0,2,2,5,5,18,6,0,0,0,0,76,8192,10,880,732,0,0,0,0,0,0,0,0,0,0,0,0,76,0,0,912,0,0,0,0,64,0,0,0,0,0,0,0,0,26688
488,1000,0,0,0,2,2,5,5,18,6,0,0,0,0,76,32768,6,912,756,0,0,0,0,0,0,0,0,0,0,0,0,76,0,0,880,0,0,0,0,64,0,0,0,0,0,0,0,0,26624
488,1100,0,0,0,2,2,5,5,18,6,0,0,0,0,76,8192,10,880,732,0,0,0,0,0,0,0,0,0,0,0,0,76,0,0,912,0,0,0,0,64,0,0,0,0,0,0,0,0,26688
489,1000,0,0,0,2,2,5,5,18,6,0,0,0,0,76,32768,6,912,756,0,0,0,0,0,0,0,0,0,0,0,0,76,0,0,880,0,0,0,0,64,0,0,0,0,0,0,0,0,26624
489,1100,0,0,0,2,2,5,5,18,6,0,0,0,0,76,8192,10,880,732,0,0,0,0,0,0,0,0,0,0,0,0,76,0,0,912,0,0,0,0,64,0,0,0,0,0,0,0,0,26688
490,1000,0,0,0,2,2,5,5,18,6,0,0,0,0,76,32768,6,912,756,0,0,0,0,0,0,0,0,0,0,0,0,76,0,0,880,0,0,0,0,64,0,0,0,0,0,0,0,0,26624
490,1100,0,0,0,2,2,5,5,18,6,0,0,0,0,76,8192,10,880,732,0,0,0,0,0,0,0,0,0,0,0,0,76,0,0,912,0,0,0,0,64,0,0,0,0,0,0,0,0,26688
491,1000,0,0,0,2,2,5,5,18,6,0,0,0,0,76,32768,6,912,756,0,0,0,0,0,0,0,0,0,0,0,0,76,0,0,880,0,0,0,0,64,0,0,0,0,0,0,0,0,26624
491,1100,0,0,0,2,2,5,5,18,6,0,0,0,0,76,8192,10,880,732,0,0,0,0,0,0,0,0,0,0,0,0,76,0,0,912,0,0,0,0,64,0,0,0,0,0,0,0,0,26688
492,1000,0,0,0,2,2,5,5,18,6,0,0,0,0,76,32768,6,912,756,0,0,0,0,0,0,0,0,0,0,0,0,76,0,0,880,0,0,0,0,64,0,0,0,0,0,0,0,0,26624
492,1100,0,0,0,2,2,5,5,18,6,0,0,0,0,76,8192,10,880,732,0,0,0,0,0,0,0,0,0,0,0,0,76,0,0,912,0,0,0,0,64,0,0,0,0,0,0,0,0,26688
493,1000,0,0,0,2,2,5,5,18,6,0,0,0,0,76,32768,6,912,756,0,0,0,0,0,0,0,0,0,0,0,0,76,0,0,880,0,0,0,0,64,0,0,0,0,0,0,0,0,26624
493,1100,0,0,0,2,2,5,5,18,6,0,0,0,0,76,8192,10,880,732,0,0,0,0,0,0,0,0,0,0,0,0,76,0,0,912,0,0,0,0,64,0,0,0,0,0,0,0,0,26688
494,1000,0,0,0,2,2,5,5,18,6,0,0,0,0,76,32768,6,912,756,0,0,0,0,0,0,0,0,0,0,0,0,76,0,0,880,0,0,0,0,64,0,0,0,0,0,0,0,0,26624
494,1100,0,0,0,2,2,5,5,18,6,0,0,0,0,76,8192,10,880,732,0,0,0,0,0,0,0,0,0,0,0,0,76,0,0,912,0,0,0,0,64,0,0,0,0,0,0,0,0,26688
495,1000,0,0,0,2,2,5,5,18,6,0,0,0,0,76,32768,6,912,756,0,0,0,0,0,0,0,0,0,0,0,0,76,0,0,880,0,0,0,0,64,0,0,0,0,0,0,0,0,26624
495,1100,0,0,0,2,2,5,5,18,6,0,0,0,0,76,8192,10,880,732,0,0,0,0,0,0,0,0,0,0,0,0,76,0,0,912,0,0,0,0,64,0,0,0,0,0,0,0,0,26688
496,1000,0,0,0,2,2,5,5,18,6,0,0,0,0,76,32768,6,912,756,0,0,0,0,0,0,0,0,0,0,0,0,76,0,0,880,0,0,0,0,64,0,0,0,0,0,0,0,0,26624
496,1100,0,0,0,2,2,5,5,18,6,0,0,0,0,76,8192,10,880,732,0,0,0,0,0,0,0,0,0,0,0,0,76,0,0,912,0,0,0,0,64,0,0,0,0,0,0,0,0,26688
497,1000,0,0,0,2,2,5,5,18,6,0,0,0,0,76,32768,6,912,756,0,0,0,0,0,0,0,0,0,0,0,0,76,0,0,880,0,0,0,0,64,0,0,0,0,0,0,0,0,26624
497,1100,0,0,0,2,2,5,5,18,6,0,0,0,0,76,8192,10,880,732,0,0,0,0,0,0,0,0,0,0,0,0,76,0,0,912,0,0,0,0,64,0,0,0,0,0,0,0,0,26688
498,1000,0,0,0,2,2,5,5,18,6,0,0,0,0,76,32768,6,912,756,0,0,0,0,0,0,0,0,0,0,0,0,76,0,0,880,0,0,0,0,64,0,0,0,0,0,0,0,0,26624
498,1100,0,0,0,2,2,5,5,18,6,0,0,0,0,76,8192,10,880,732,0,0,0,0,0,0,0,0,0,0,0,0,76,0,0,912,0,0,0,0,64,0,0,0,0,0,0,0,0,26688
499,1000,0,0,0,2,2,5,5,18,6,0,0,0,0,76,32768,6,912,756,0,0,0,0,0,0,0,0,0,0,0,0,76,0,0,880,0,0,0,0,64,0,0,0,0,0,0,0,0,26624
499,1100,0,0,0,2,2,5,5,18,6,0,0,0,0,76,8192,10,880,732,0,0,0,0,0,0,0,0,0,0,0,0,76,0,0,912,0,0,0,0,64,0,0,0,0,0,0,0,0,26688
500,1000,0,0,0,2,2,5,5,18,6,0,0,0,0,76,32768,6,912,756,0,0,0,0,0,0,0,0,0,0,0,0,76,0,0,880,0,0,0,0,64,0,0,0,0,0,0,0,0,26624
500,1100,0,0,0,2,2,5,5,18,6,0,0,0,0,76,8192,10,880,732,0,0,0,0,0,0,0,0,0,0,0,0,76,0,0,912,0,0,0,0,64,0,0,0,0,0,0,0,0,26688
501,1000,0,0,0,2,2,5,5,18,6,0,0,0,0,76,32768,6,912,756,0,0,0,0,0,0,0,0,0,0,0,0,76,0,0,880,0,0,0,0,64,0,0,0,0,0,0,0,0,26624
501,1100,0,0,0,2,2,5,5,18,6,0,0,0,0,76,8192,10,880,732,0,0,0,0,0,0,0,0,0,0,0,0,76,0,0,912,0,0,0,0,64,0,0,0,0,0,0,0,0,26688
502,1000,0,0,0,2,2,5,5,18,6,0,0,0,0,76,32768,6,912,756,0,0,0,0,0,0,0,0,0,0,0,0,76,0,0,880,0,0,0,0,64,0,0,0,0,0,0,0,0,26624
502,1100,0,0,0,2,2,5,5,18,6,0,0,0,0,76,8192,10,880,732,0,0,0,0,0,0,0,0,0,0,0,0,76,0,0,912,0,0,0,0,64,0,0,0,0,0,0,0,0,26688
503,1000,0,0,0,2,2,5,5,18,6,0,0,0,0,76,32768,6,912,756,0,0,0,0,0,0,0,0,0,0,0,0,76,0,0,880,0,0,0,0,64,0,0,0,0,0,0,0,0,26624
503,1100,0,0,0,2,2,5,5,18,6,0,0,0,0,76,8192,10,880,732,0,0,0,0,0,0,0,0,0,0,0,0,76,0,0,912,0,0,0,0,64,0,0,0,0,0,0,0,0,26688
504,1000,0,0,0,2,2,5,5,18,6,0,0,0,0,76,32768,6,912,756,0,0,0,0,0,0,0,0,0,0,0,0,76,0,0,880,0,0,0,0,64,0,0,0,0,0,0,0,0,26624
504,1100,0,0,0,2,2,5,5,18,6,0,0,0,0,76,8192,10,880,732,0,0,0,0,0,0,0,0,0,0,0,0,76,0,0,912,0,0,0,0,64,0,0,0,0,0,0,0,0,26688
505,1000,0,0,0,2,2,5,5,18,6,0,0,0,0,76,32768,6,912,756,0,0,0,0,0,0,0,0,0,0,0,0,76,0,0,880,0,0,0,0,64,0,0,0,0,0,0,0,0,26624
505,1100,0,0,0,2,2,5,5,18,6,0,0,0,0,76,8192,10,880,732,0,0,0,0,0,0,0,0,0,0,0,0,76,0,0,912,0,0,0,0,64,0,0,0,0,0,0,0,0,26688
506,1000,0,0,0,2,2,5,5,18,6,0,0,0,0,76,32768,6,912,756,0,0,64,0,0,0,0,0,0,0,0,0,76,12,0,880,0,0,0,920,64,0,0,0,0,0,0,0,65532,26624
506,1100,0,0,0,2,2,5,5,18,6,0,0,0,0,76,8192,10,880,732,0,0,0,0,0,0,0,0,0,0,0,0,76,12,0,912,0,32768,0,0,64,0,0,0,0,64768,0,0,2,26688
507,1000,0,0,0,2,2,5,5,18,6,0,0,0,0,76,32768,6,912,756,0,0,64,0,0,0,0,0,0,0,0,0,76,12,0,880,0,0,0,920,64,0,0,0,0,0,0,0,65532,26624
507,1100,0,0,0,2,2,5,5,18,6,0,0,65535,65535,76,8192,10,880,732,0,0,0,65184,0,0,65184,0,0,0,0,0,76,12,0,912,0,32768,0,0,64,0,0,0,2,64768,0,0,2,26688
508,1000,0,0,0,2,2,5,5,18,6,0,0,0,0,76,32768,6,912,756,0,0,64,0,0,0,0,0,0,0,0,0,76,12,0,880,0,0,0,920,64,0,0,0,0,0,0,0,65532,26624
508,1100,0,0,0,2,2,5,5,18,6,65280,65280,65535,65533,76,8192,10,879,731,0,0,0,64768,0,0,64768,0,0,0,0,0,76,12,0,912,0,32768,0,0,64,0,0,0,4,768,0,0,2,26688
509,1000,0,0,0,2,2,5,5,18,6,0,0,0,0,76,32768,6,912,756,0,0,64,0,0,0,0,0,0,0,0,0,76,12,0,880,0,0,0,920,64,0,0,0,0,0,0,0,65532,26624
509,1100,0,0,0,2,2,5,5,18,6,65024,64512,65535,65531,76,8192,10,879,731,0,0,0,65120,0,0,65120,0,0,0,0,0,76,12,0,912,0,32768,0,0,64,0,0,0,6,768,0,0,2,26688
510,1000,0,0,0,2,2,5,5,18,6,0,0,0,0,76,32768,6,912,756,0,0,64,0,0,0,0,0,0,0,0,0,76,12,0,880,0,0,0,920,64,0,0,0,0,0,0,0,65532,26624
510,1100,0,0,0,2,2,5,5,18,6,64768,63232,65535,65529,76,8192,10,879,731,0,0,0,65472,0,0,65472,0,0,0,0,0,76,12,0,912,0,32768,0,0,64,0,0,0,8,768,0,0,2,26688
511,1000,0,0,0,2,2,5,5,18,6,0,0,0,0,76,32768,6,912,756,0,0,64,0,0,0,0,0,0,0,0,0,76,12,0,880,0,0,0,920,64,0,0,0,0,0,0,0,65532,26624
511,1100,0,0,0,2,2,5,5,18,6,64512,61440,0,65527,76,8192,10,879,731,0,0,0,288,0,0,288,0,0,0,0,0,76,12,0,912,0,32768,0,0,64,0,0,0,10,768,0,0,2,26688
512,1000,0,0,0,2,2,5,5,18,6,0,0,0,0,76,32768,6,912,756,0,0,64,0,0,0,0,0,0,0,0,0,76,12,0,880,0,0,0,920,64,0,0,0,0,0,0,0,65532,26624
512,1100,0,0,0,2,2,5,5,18,6,64512,59136,0,65525,76,8192,10,879,731,0,0,0,768,0,0,768,0,0,0,0,0,76,12,0,912,0,32768,0,0,64,0,0,0,12,768,0,0,2,26688
513,1000,0,0,0,2,2,5,5,18,6,0,0,0,0,76,32768,6,912,756,0,0,64,0,0,0,0,0,0,0,0,0,76,12,0,880,256,0,0,920,64,0,0,0,0,0,0,0,65532,26624
513,1100,0,0,0,2,2,5,5,18,6,64512,56320,1,65523,76,8192,10,879,731,0,0,0,768,0,0,768,0,0,0,0,0,76,12,0,912,0,32768,0,0,64,0,0,0,14,768,0,0,2,26688
514,1000,0,0,0,2,2,5,5,18,6,0,0,0,0,76,32768,6,912,756,0,0,64,0,0,0,0,0,0,0,0,0,76,12,0,880,256,0,0,920,64,0,0,0,0,0,0,0,65532,26624
514,1100,0,0,0,2,2,5,5,18,6,64768,52992,1,65521,76,8192,10,879,731,0,0,0,768,0,0,768,0,0,0,0,0,76,12,0,912,0,32768,0,0,64,0,0,0,16,768,0,0,2,26688
515,1000,0,0,0,2,2,5,5,18,6,0,0,0,0,76,32768,6,912,756,0,0,64,0,0,0,0,0,0,0,0,0,76,12,0,880,256,0,0,920,64,0,0,0,0,0,0,0,65532,26624
515,1100,0,0,0,2,2,5,5,18,6,65024,49152,1,65519,76,8192,10,879,731,0,0,0,768,0,0,768,0,0,0,0,0,76,12,0,912,0,32768,0,0,64,0,0,0,18,768,0,0,2,26688
516,1000,0,0,0,2,2,5,5,18,6,0,0,0,0,76,32768,6,912,756,0,0,64,0,0,0,0,0,0,0,0,0,76,12,0,880,256,0,0,920,64,0,0,0,0,0,0,0,65532,26624
516,1100,0,0,0,2,2,5,5,18,6,65280,44800,1,65517,76,8192,10,879,731,0,0,0,768,0,0,768,0,0,0,0,0,76,12,0,912,0,32768,0,0,64,0,0,0,20,768,0,0,2,26688
517,1000,0,0,0,2,2,5,5,18,6,0,0,0,0,76,32768,6,912,756,0,0,64,0,0,0,0,0,0,0,0,0,76,12,0,880,256,0,0,920,64,0,0,0,0,0,0,0,65532,26624
517,1100,0,0,0,2,2,5,5,18,6,0,39936,1,65515,76,8192,10,880,731,0,0,0,768,0,0,768,0,0,0,0,0,76,12,0,912,0,32768,0,0,64,0,0,0,22,64768,0,0,2,26688
518,1000,0,0,0,2,2,5,5,18,6,0,0,0,0,76,32768,6,912,756,0,0,64,0,0,0,0,0,0,0,0,0,76,12,0,880,256,0,0,920,64,0,0,0,0,0,0,0,65532,26624
518,1100,0,0,0,2,2,5,5,18,6,256,34560,0,65513,76,8192,10,880,731,0,0,0,416,0,0,416,0,0,0,0,0,76,12,0,912,0,32768,0,0,64,0,0,0,24,64768,0,0,2,26688
519,1000,0,0,0,2,2,5,5,18,6,0,0,0,0,76,32768,6,912,756,0,0,64,0,0,0,0,0,0,0,0,0,76,12,0,880,256,0,0,920,64,0,0,0,0,0,0,0,65532,26624
519,1100,0,0,0,2,2,5,5,18,6,256,28672,0,65511,76,8192,10,880,731,0,0,0,64,0,0,64,0,0,0,0,0,76,12,0,912,0,32768,0,0,64,0,0,0,26,64768,0,0,2,26688
520,1000,0,0,0,2,2,5,5,18,6,0,0,0,0,76,32768,6,912,756,0,0,64,0,0,0,0,0,0,0,0,0,76,12,0,880,256,0,0,920,64,0,0,0,0,0,0,0,65532,26624
520,1100,0,0,0,2,2,5,5,18,6,256,22272,65535,65509,76,8192,10,880,731,0,0,0,65248,0,0,65248,0,0,0,0,0,76,12,0,912,0,32768,0,0,64,0,0,0,28,64768,0,0,2,26688
521,1000,0,0,0,2,2,5,5,18,6,0,0,0,0,76,32768,6,912,756,0,0,64,0,0,0,0,0,0,0,0,0,76,12,0,880,256,0,0,920,64,0,0,0,0,0,0,0,65532,26624
521,1100,0,0,0,2,2,5,5,18,6,0,15360,65533,65507,76,8192,10,880,731,0,0,0,64768,0,0,64768,0,0,0,0,0,76,12,0,912,0,32768,0,0,64,0,0,0,30,64768,0,0,2,26688
522,1000,0,0,0,2,2,5,5,18,6,0,0,0,0,76,32768,6,912,756,0,0,64,0,0,0,0,0,0,0,0,0,76,12,0,880,256,32768,0,920,64,0,0,0,0,0,0,0,4,26624
522,1100,0,0,0,2,2,5,5,18,6,64768,7936,65533,65505,76,8192,10,879,731,0,0,0,64768,0,0,64768,0,0,0,0,0,76,12,0,912,0,32768,0,0,64,0,0,0,32,768,0,0,2,26688
523,1000,0,0,0,2,2,5,5,18,6,0,0,0,65533,76,32768,6,912,756,0,0,64,0,0,0,0,0,0,0,0,0,76,12,0,880,256,32768,0,920,64,0,0,0,4,0,0,0,4,26624
523,1100,0,0,0,2,2,5,5,18,6,64000,0,65534,65503,76,8192,10,879,731,0,0,0,65120,0,0,65120,0,0,0,0,0,76,12,0,912,0,32768,0,0,64,0,0,0,34,768,0,0,2,26688
524,1000,0,0,0,2,2,5,5,18,6,0,64768,0,65529,76,32768,6,912,755,0,0,64,0,0,0,0,0,0,0,0,0,76,12,0,880,256,32768,0,920,64,0,0,0,8,0,0,0,4,26624
524,1100,0,0,0,2,2,5,5,18,6,63488,57088,65535,65501,76,8192,10,879,730,0,0,0,65472,0,0,65472,0,0,0,0,0,76,12,0,912,0,32768,0,0,64,0,0,0,36,768,0,0,2,26688
525,1000,0,0,0,2,2,5,5,18,6,0,62976,0,65525,76,32768,6,912,755,0,0,64,0,0,0,0,0,0,0,0,0,76,12,0,880,256,32768,0,920,64,0,0,0,12,0,0,0,4,26624
525,1100,0,0,0,2,2,5,5,18,6,63232,48128,1,65499,76,8192,10,879,730,0,0,0,288,0,0,288,0,0,0,0,0,76,12,0,912,0,32768,0,0,64,0,0,0,38,768,0,0,2,26688
526,1000,0,0,0,2,2,5,5,18,6,0,60160,0,65521,76,32768,6,912,755,0,0,64,0,0,0,0,0,0,0,0,0,76,12,0,880,256,32768,0,920,64,0,0,0,16,0,0,0,4,26624
526,1100,0,0,0,2,2,5,5,18,6,63488,38656,2,65497,76,8192,10,879,730,0,0,0,768,0,0,768,0,0,0,0,0,76,12,0,912,0,32768,0,0,64,0,0,0,40,768,0,0,2,26688
527,1000,0,0,0,2,2,5,5,18,6,0,56320,0,65517,76,32768,6,912,755,0,0,64,0,0,0,0,0,0,0,0,0,76,12,0,880,256,32768,0,920,64,0,0,0,20,0,0,0,4,26624
527,1100,0,0,0,2,2,5,5,18,6,64000,28672,3,65495,76,8192,10,879,730,0,0,0,768,0,0,768,0,0,0,0,0,76,12,0,912,0,32768,0,0,64,0,0,0,42,768,0,0,2,26688
528,1000,0,0,0,2,2,5,5,18,6,0,51456,0,65513,76,32768,6,912,755,0,0,64,0,0,0,0,0,0,0,0,0,76,12,0,880,256,32768,0,920,64,0,0,0,24,0,0,0,4,26624
528,1100,0,0,0,2,2,5,5,18,6,64768,18176,3,65493,76,8192,10,879,730,0,0,0,768,0,0,768,0,0,0,0,0,76,12,0,912,0,32768,0,0,64,0,0,0,44,768,0,0,2,26688
529,1000,0,0,0,2,2,5,5,18,6,0,45568,0,65509,76,32768,6,912,755,0,0,64,0,0,0,0,0,0,0,0,0,76,12,0,880,768,32768,0,920,64,0,0,0,28,0,0,0,4,26624
529,1100,0,0,0,2,2,5,5,18,6,0,7168,3,65491,76,8192,10,880,730,0,0,0,768,0,0,768,0,0,0,0,0,76,12,0,912,0,32768,0,0,64,0,0,0,46,64768,0,0,2,26688
530,1000,0,0,0,2,2,5,5,18,6,0,38656,0,65505,76,32768,6,912,755,0,0,64,0,0,0,0,0,0,0,0,0,76,12,0,880,768,32768,0,920,64,0,0,0,32,0,0,0,4,26624
530,1100,0,0,0,2,2,5,5,18,6,768,61184,1,65489,76,8192,10,880,729,0,0,0,416,0,0,416,0,0,0,0,0,76,12,0,912,0,32768,0,0,64,0,0,0,48,64768,0,0,2,26688
531,1000,0,0,0,2,2,5,5,18,6,0,30720,0,65501,76,32768,6,912,755,0,0,64,0,0,0,0,0,0,0,0,0,76,12,0,880,768,32768,0,920,64,0,0,0,36,0,0,0,4,26624
531,1100,0,0,0,2,2,5,5,18,6,1024,49152,0,65487,76,8192,10,880,729,0,0,0,64,0,0,64,0,0,0,0,0,76,12,0,912,0,32768,0,0,64,0,0,0,50,64768,0,0,2,26688
532,1000,0,0,0,2,2,5,5,18,6,0,21760,0,65497,76,32768,6,912,755,0,0,64,0,0,0,0,0,0,0,0,0,76,12,0,880,768,32768,0,920,64,0,0,0,40,0,0,0,4,26624
532,1100,0,0,0,2,2,5,5,18,6,1024,36608,65534,65485,76,8192,10,880,729,0,0,0,65248,0,0,65248,0,0,0,0,0,76,12,0,912,0,32768,0,0,64,0,0,0,52,64768,0,0,2,26688
533,1000,0,0,0,2,2,5,5,18,6,0,11776,0,65493,76,32768,6,912,755,0,0,64,0,0,0,0,0,0,0,0,0,76,12,0,880,768,32768,0,920,64,0,0,0,44,0,0,0,4,26624
533,1100,0,0,0,2,2,5,5,18,6,512,23552,65532,65483,76,8192,10,880,729,0,0,0,64768,0,0,64768,0,0,0,0,0,76,12,0,912,0,32768,0,0,64,0,0,0,54,64768,0,0,2,26688
534,1000,0,0,0,2,2,5,5,18,6,0,768,0,65489,76,32768,6,912,755,0,0,64,0,0,0,0,0,0,0,0,0,76,12,0,880,768,32768,0,920,64,0,0,0,48,0,0,0,4,26624
534,1100,0,0,0,2,2,5,5,18,6,65024,9984,65531,65481,76,8192,10,879,729,0,0,0,64768,0,0,64768,0,0,0,0,0,76,12,0,912,0,32768,0,0,64,0,0,0,56,768,0,0,2,26688
535,1000,0,0,0,2,2,5,5,18,6,0,54272,0,65485,76,32768,6,912,754,0,0,64,0,0,0,0,0,0,0,0,0,76,12,0,880,768,32768,0,920,64,0,0,0,52,0,0,0,4,26624
535,1100,0,0,0,2,2,5,5,18,6,63744,61440,65533,65479,76,8192,10,879,728,0,0,0,65120,0,0,65120,0,0,0,0,0,76,12,0,912,0,32768,0,0,64,0,0,0,58,768,0,0,2,26688
536,1000,0,0,0,2,2,5,5,18,6,0,41216,0,65481,76,32768,6,912,754,0,0,64,0,0,0,0,0,0,0,0,0,76,12,0,880,768,32768,0,920,64,0,0,0,56,0,0,0,4,26624
536,1100,0,0,0,2,2,5,5,18,6,62976,46848,65535,65477,76,8192,10,879,728,0,0,0,65472,0,0,65472,0,0,0,0,0,76,12,0,912,0,32768,0,0,64,0,0,0,60,768,0,0,2,26688
537,1000,0,0,0,2,2,5,5,18,6,0,27136,0,65477,76,32768,6,912,754,0,0,64,0,0,0,0,0,0,0,0,0,76,12,0,880,1280,32768,0,920,64,0,0,0,60,0,0,0,4,26624
537,1100,0,0,0,2,2,5,5,18,6,62720,31744,1,65475,76,8192,10,879,728,0,0,0,288,0,0,288,0,0,0,0,0,76,12,0,912,0,32768,0,0,64,0,0,0,62,768,0,0,2,26688
538,1000,0,0,0,2,2,5,5,18,6,0,12032,0,65473,76,32768,6,912,754,0,0,64,0,0,0,0,0,0,0,0,0,76,12,0,880,1280,32768,0,920,64,0,0,0,64,0,0,0,12,26624
538,1100,0,0,0,2,2,5,5,18,6,62976,16128,4,65473,76,8192,10,879,728,0,0,0,768,0,0,768,0,0,0,0,0,76,12,0,912,0,32768,0,0,64,0,0,0,64,768,0,0,6,26688
539,1000,0,0,0,2,2,5,5,18,6,0,61440,0,65461,76,32768,6,912,753,0,0,64,0,0,0,0,0,0,0,0,0,76,12,0,880,1280,32768,0,920,64,0,0,0,76,0,0,0,12,26624
539,1100,0,0,0,2,2,5,5,18,6,64000,0,5,65467,76,8192,10,879,728,0,0,0,768,0,0,768,0,0,0,0,0,76,12,0,912,0,32768,0,0,64,0,0,0,70,768,0,0,6,26688
540,1000,0,0,0,2,2,5,5,18,6,0,42240,0,65449,76,32768,6,912,753,0,0,64,0,0,0,0,0,0,0,0,0,76,12,0,880,1280,32768,0,920,64,0,0,0,88,0,0,0,12,26624
540,1100,0,0,0,2,2,5,5,18,6,65280,47872,5,65461,76,8192,10,879,727,0,0,0,768,0,0,768,0,0,0,0,0,76,12,0,912,0,32768,0,0,64,0,0,0,76,768,0,0,6,26688
541,1000,0,0,0,2,2,5,5,18,6,0,19968,0,65437,76,32768,6,912,753,0,0,64,0,0,0,0,0,0,0,0,0,76,12,0,880,1280,32768,0,920,64,0,0,0,100,0,0,0,12,26624
541,1100,0,0,0,2,2,5,5,18,6,1024,28672,6,65455,76,8192,10,880,727,0,0,0,768,0,0,768,0,0,0,0,0,76,12,0,912,0,32768,0,0,64,0,0,0,82,64768,0,0,6,26688
542,1000,0,0,0,2,2,5,5,18,6,0,60160,0,65425,76,32768,6,912,752,0,0,64,0,0,0,0,0,0,0,0,0,76,12,0,880,1280,32768,0,920,64,0,0,0,112,0,0,0,12,26624
542,1100,0,0,0,2,2,5,5,18,6,2560,7936,3,65449,76,8192,10,880,727,0,0,0,416,0,0,416,0,0,0,0,0,76,12,0,912,0,32768,0,0,64,0,0,0,88,64768,0,0,6,26688
543,1000,0,0,0,2,2,5,5,18,6,0,31744,0,65413,76,32768,6,912,752,0,0,64,0,0,0,0,0,0,0,0,0,76,12,0,880,1280,32768,0,920,64,0,0,0,124,0,0,0,12,26624
543,1100,0,0,0,2,2,5,5,18,6,3328,51200,0,65443,76,8192,10,880,726,0,0,0,64,0,0,64,0,0,0,0,0,76,12,0,912,0,32768,0,0,64,0,0,0,94,64768,0,0,6,26688
544,1000,0,0,0,2,2,5,5,18,6,0,256,0,65401,76,32768,6,912,752,0,0,64,0,0,0,0,0,0,0,0,0,76,12,0,880,1280,32768,0,920,64,0,0,0,136,0,0,0,15,26624
544,1100,0,0,0,2,2,5,5,18,6,3328,27392,65533,65437,76,8192,10,880,726,0,0,0,65248,0,0,65248,0,0,0,0,0,76,12,0,912,0,32768,0,0,64,0,0,0,100,64768,0,0,6,26688
545,1000,0,0,0,2,2,5,5,18,6,0,31232,0,65386,76,32768,6,912,751,0,0,64,0,0,0,0,0,0,0,0,0,76,12,0,880,1792,32768,0,920,64,0,0,0,151,0,0,61440,15,26624
545,1100,0,0,0,2,2,5,5,18,6,2560,2048,65528,65431,76,8192,10,880,726,0,0,0,64768,0,0,64768,0,0,0,0,0,76,12,0,912,0,32768,0,0,64,0,0,0,106,64768,0,0,6,26688
546,1000,0,0,0,2,2,5,5,18,6,0,58368,0,65370,76,32768,6,912,750,0,0,64,0,0,0,0,0,0,0,0,0,76,12,0,880,1792,32768,0,920,64,0,0,0,167,0,0,57344,15,26624
546,1100,0,0,0,2,2,5,5,18,6,512,40704,65527,65425,76,8192,10,880,725,0,0,0,64768,0,0,64768,0,0,0,0,0,76,12,0,912,0,32768,0,0,64,0,0,0,112,64768,0,0,6,26688
547,1000,0,0,0,2,2,5,5,18,6,0,15872,0,65354,76,32768,6,912,750,0,0,64,0,0,0,0,0,0,0,0,0,76,12,0,880,1792,32768,0,920,64,0,0,0,183,0,0,53248,15,26624
547,1100,0,0,0,2,2,5,5,18,6,63744,12288,65527,65419,76,8192,10,879,725,0,0,0,64768,0,0,64768,0,0,0,0,0,76,12,0,912,0,32768,0,0,64,0,0,0,118,768,0,0,6,26688
548,1000,0,0,0,2,2,5,5,18,6,0,34816,0,65338,76,32768,6,912,749,0,0,64,0,0,0,0,0,0,0,0,0,76,12,0,880,1792,32768,0,920,64,0,0,0,199,0,0,49152,15,26624
548,1100,0,0,0,2,2,5,5,18,6,61440,47872,65531,65413,76,8192,10,879,724,0,0,0,65120,0,0,65120,0,0,0,0,0,76,12,0,912,0,32768,0,0,64,0,0,0,124,768,0,0,6,26688
549,1000,0,0,0,2,2,5,5,18,6,0,49664,0,65322,76,32768,6,912,748,0,0,64,0,0,0,0,0,0,0,0,0,76,12,0,880,1792,32768,0,920,64,0,0,0,215,0,0,45056,15,26624
549,1100,0,0,0,2,2,5,5,18,6,60160,16384,65535,65407,76,8192,10,879,724,0,0,0,65472,0,0,65472,0,0,0,0,0,76,12,0,912,0,32768,0,0,64,0,0,0,130,768,0,0,4,26688
550,1000,0,0,0,2,2,5,5,18,6,0,60416,0,65306,76,32768,6,912,747,0,0,64,0,0,0,0,0,0,0,0,0,76,12,0,880,1792,32768,0,920,64,0,0,0,231,0,0,40960,15,26624
550,1100,0,0,0,2,2,5,5,18,6,59904,48896,3,65403,76,8192,10,879,723,0,0,0,288,0,0,288,0,0,0,0,0,76,12,0,912,0,32768,0,0,64,0,0,0,134,768,0,0,4,26688
551,1000,0,0,0,2,2,5,5,18,6,0,1536,0,65290,76,32768,6,912,747,0,0,64,0,0,0,0,0,0,0,0,0,76,12,0,880,1792,32768,0,920,64,0,0,0,247,0,0,36864,15,26624
551,1100,0,0,0,2,2,5,5,18,6,60672,14848,10,65399,76,8192,10,879,723,0,0,0,768,0,0,768,0,0,0,0,0,76,12,0,912,0,32768,0,0,64,0,0,0,138,768,0,0,4,26688
552,1000,0,0,0,2,2,5,5,18,6,0,4096,0,65274,76,32768,6,912,746,0,0,64,0,0,0,0,0,0,0,0,0,76,12,0,880,1792,32768,0,920,64,0,0,0,263,0,0,32768,12,26624
552,1100,0,0,0,2,2,5,5,18,6,63232,45312,10,65395,76,8192,10,879,722,0,0,0,768,0,0,768,0,0,0,0,0,76,12,0,912,0,32768,0,0,64,0,0,0,142,768,0,0,4,26688
553,1000,0,0,0,2,2,5,5,18,6,0,2560,0,65262,76,32768,6,912,745,0,0,64,0,0,0,0,0,0,0,0,0,76,12,0,880,2304,32768,0,920,64,0,0,0,275,0,0,32768,12,26624
553,1100,0,0,0,2,2,5,5,18,6,256,9216,10,65391,76,8192,10,880,722,0,0,0,768,0,0,768,0,0,0,0,0,76,12,0,912,0,32768,0,0,64,0,0,0,146,64768,0,0,4,26688
554,1000,0,0,0,2,2,5,5,18,6,0,63488,0,65250,76,32768,6,912,743,0,0,64,0,0,0,0,0,0,0,0,0,76,12,0,880,2304,32768,0,920,64,0,0,0,287,0,0,32768,12,26624
554,1100,0,0,0,2,2,5,5,18,6,2816,37632,5,65387,76,8192,10,880,721,0,0,0,416,0,0,416,0,0,0,0,0,76,12,0,912,0,32768,0,0,64,0,0,0,150,64768,0,0,4,26688
555,1000,0,0,0,2,2,5,5,18,6,0,55808,0,65238,76,32768,6,912,742,0,0,64,0,0,0,0,0,0,0,0,0,76,12,0,880,2304,32768,0,920,64,0,0,0,299,0,0,32768,12,26624
555,1100,0,0,0,2,2,5,5,18,6,4096,65024,0,65383,76,8192,10,880,720,0,0,0,64,0,0,64,0,0,0,0,0,76,12,0,912,0,32768,0,0,64,0,0,0,154,64768,0,0,4,26688
556,1000,0,0,0,2,2,5,5,18,6,0,45056,0,65226,76,32768,6,912,741,0,0,64,0,0,0,0,0,0,0,0,0,76,12,0,880,2304,32768,0,920,64,0,0,0,311,0,0,32768,12,26624
556,1100,0,0,0,2,2,5,5,18,6,4096,25856,65531,65379,76,8192,10,880,720,0,0,0,65248,0,0,65248,0,0,0,0,0,76,12,0,912,0,32768,0,0,64,0,0,0,158,64768,0,0,4,26688
557,1000,0,0,0,2,2,5,5,18,6,0,31232,0,65214,76,32768,6,912,740,0,0,64,0,0,0,0,0,0,0,0,0,76,12,0,880,2304,32768,0,920,64,0,0,0,323,0,0,32768,12,26624
557,1100,0,0,0,2,2,5,5,18,6,2816,51200,65524,65375,76,8192,10,880,719,0,0,0,64768,0,0,64768,0,0,0,0,0,76,12,0,912,0,32768,0,0,64,0,0,0,162,64512,0,0,4,26688
558,1000,0,0,0,2,2,5,5,18,6,0,14336,0,65202,76,32768,6,912,739,0,0,64,0,0,0,0,0,0,0,0,0,76,12,0,880,2304,32768,0,920,64,0,0,0,335,0,0,32768,12,26624
558,1100,0,0,0,2,2,5,5,18,6,65280,9984,65519,65371,76,8192,10,879,719,0,0,0,64512,0,0,64512,0,0,0,0,0,76,12,0,912,0,32768,0,0,64,0,0,0,166,1024,0,0,4,26688
559,1000,0,0,0,2,2,5,5,18,6,0,59904,0,65190,76,32768,6,912,737,0,0,64,0,0,0,0,0,0,0,0,0,76,12,0,880,2304,32768,0,920,64,0,0,0,347,0,0,32768,12,26624
559,1100,0,0,0,2,2,5,5,18,6,60928,33280,65525,65367,76,8192,10,879,718,0,0,0,64864,0,0,64864,0,0,0,0,0,76,12,0,912,0,32768,0,0,64,0,0,0,170,1024,0,0,4,26688
560,1000,0,0,0,2,2,5,5,18,6,0,36864,0,65178,76,32768,6,912,736,0,0,64,0,0,0,0,0,0,0,0,0,76,12,0,880,2304,32768,0,920,64,0,0,0,359,0,0,32768,12,26624
560,1100,0,0,0,2,2,5,5,18,6,58112,55552,65530,65363,76,8192,10,879,717,0,0,0,65216,0,0,65216,0,0,0,0,0,76,12,0,912,0,32768,0,0,64,0,0,0,174,1024,0,0,4,26688
561,1000,0,0,0,2,2,5,5,18,6,0,10752,0,65166,76,32768,6,912,735,0,0,64,0,0,0,0,0,0,0,0,0,76,12,0,880,2816,32768,0,920,64,0,0,0,371,0,0,32768,12,26624
561,1100,0,0,0,2,2,5,5,18,6,56576,11264,0,65359,76,8192,10,879,717,0,0,0,32,0,0,32,0,0,0,0,0,76,12,0,912,0,32768,0,0,64,0,0,0,178,1024,0,0,4,26688
562,1000,0,0,0,2,2,5,5,18,6,0,47104,0,65154,76,32768,6,912,733,0,0,64,0,0,0,0,0,0,0,0,0,76,12,0,880,2816,32768,0,920,64,0,0,0,383,0,0,32768,12,26624
562,1100,0,0,0,2,2,5,5,18,6,56576,31488,6,65355,76,8192,10,879,716,0,0,0,384,0,0,384,0,0,0,0,0,76,12,0,912,0,32768,0,0,64,0,0,0,182,1024,0,0,4,26688
563,1000,0,0,0,2,2,5,5,18,6,0,14848,0,65142,76,32768,6,912,732,0,0,64,0,0,0,0,0,0,0,0,0,76,12,0,880,2816,32768,0,920,64,0,0,0,395,0,0,32768,12,26624
563,1100,0,0,0,2,2,5,5,18,6,58112,50688,13,65351,76,8192,10,879,715,0,0,0,736,0,0,736,0,0,0,0,0,76,12,0,912,0,32768,0,0,64,0,0,0,186,1024,0,0,4,26688
564,1000,0,0,0,2,2,5,5,18,6,0,45056,0,65130,76,32768,6,912,730,0,0,64,0,0,0,0,0,0,0,0,0,76,12,0,880,2816,32768,0,920,64,0,0,0,407,0,0,32768,12,26624
564,1100,0,0,0,2,2,5,5,18,6,61440,3328,18,65347,76,8192,10,879,715,0,0,0,1024,0,0,1024,0,0,0,0,0,76,12,0,912,0,32768,0,0,64,0,0,0,190,1024,0,0,4,26688
565,1000,0,0,0,2,2,5,5,18,6,0,6656,0,65118,76,32768,6,912,729,0,0,64,0,0,0,0,0,0,0,0,0,76,12,0,880,2816,32768,0,920,64,0,0,0,419,0,0,32768,12,26624
565,1100,0,0,0,2,2,5,5,18,6,512,20480,19,65343,76,8192,10,880,714,0,0,0,1024,0,0,1024,0,0,0,0,0,76,12,0,912,0,32768,0,0,64,0,0,0,194,64512,0,0,8,26688
566,1000,0,0,0,2,2,5,5,18,6,0,30720,0,65106,76,32768,6,912,727,0,0,64,0,0,0,0,0,0,0,0,0,76,12,0,880,2816,32768,0,920,64,0,0,0,431,0,0,32768,12,26624
566,1100,0,0,0,2,2,5,5,18,6,5376,36608,12,65335,76,8192,10,880,713,0,0,0,672,0,0,672,0,0,0,0,0,76,12,0,912,0,32768,0,0,64,0,0,0,202,64512,0,0,8,26688
567,1000,0,0,0,2,2,5,5,18,6,0,51712,0,65094,76,32768,6,912,725,0,0,64,0,0,0,0,0,0,0,0,0,76,12,0,880,2816,32768,0,920,64,0,0,0,443,0,0,32768,12,26624
567,1100,0,0,0,2,2,5,5,18,6,8448,50688,6,65327,76,8192,10,880,712,0,0,0,320,0,0,320,0,0,0,0,0,76,12,0,912,0,32768,0,0,64,0,0,0,210,64512,0,0,8,26688
568,1000,0,0,0,2,2,5,5,18,6,0,4096,0,65082,76,32768,6,912,724,0,0,64,0,0,0,0,0,0,0,0,0,76,12,0,880,2816,32768,0,920,64,0,0,0,455,0,0,32768,8,26624
568,1100,0,0,0,2,2,5,5,18,6,9984,62720,65535,65319,76,8192,10,880,711,0,0,0,65504,0,0,65504,0,0,0,0,0,76,12,0,912,0,32768,0,0,64,0,0,0,218,64512,0,0,8,26688
569,1000,0,0,0,2,2,5,5,18,6,0,18944,0,65074,76,32768,6,912,722,0,0,64,0,0,0,0,0,0,0,0,0,76,12,0,880,3328,32768,0,920,64,0,0,0,463,0,0,32768,8,26624
569,1100,0,0,0,2,2,5,5,18,6,9728,7168,65527,65311,76,8192,10,880,711,0,0,0,65152,0,0,65152,0,0,0,0,0,76,12,0,912,0,32768,0,0,64,0,0,0,226,64512,0,0,8,26688
570,1000,0,0,0,2,2,5,5,18,6,0,31744,0,65066,76,32768,6,912,720,0,0,64,0,0,0,0,0,0,0,0,0,76,12,0,880,3328,32768,0,920,64,0,0,0,471,0,0,32768,8,26624
570,1100,0,0,0,2,2,5,5,18,6,7424,15104,65519,65303,76,8192,10,880,710,0,0,0,64800,0,0,64800,0,0,0,0,0,76,12,0,912,0,32768,0,0,64,0,0,0,234,64512,0,0,8,26688
571,1000,0,0,0,2,2,5,5,18,6,0,42496,0,65058,76,32768,6,912,718,0,0,64,0,0,0,0,0,0,0,0,0,76,12,0,880,3328,32768,0,920,64,0,0,0,479,0,0,32768,8,26624
571,1100,0,0,0,2,2,5,5,18,6,3072,20992,65512,65296,76,8192,10,880,709,0,0,0,64512,0,0,64512,0,0,0,0,0,76,12,0,912,0,32768,0,0,64,0,0,0,242,64512,0,0,8,26688
572,1000,0,0,0,2,2,5,5,18,6,0,51200,0,65050,76,32768,6,912,716,0,0,64,0,0,0,0,0,0,0,0,0,76,12,0,880,3328,32768,0,920,64,0,0,0,487,0,0,32768,8,26624
572,1100,0,0,0,2,2,5,5,18,6,62464,25088,65511,65288,76,8192,10,879,708,0,0,0,64512,0,0,64512,0,0,0,0,0,76,12,0,912,0,32768,0,0,64,0,0,0,250,1024,0,0,8,26688
573,1000,0,0,0,2,2,5,5,18,6,0,57856,0,65042,76,32768,6,912,714,0,0,64,0,0,0,0,0,0,0,0,0,76,12,0,880,3328,32768,0,920,64,0,0,0,495,0,0,32768,8,26624
573,1100,0,0,0,2,2,5,5,18,6,56064,27136,65519,65279,76,8192,10,879,707,0,0,0,64864,0,0,64864,0,0,0,0,0,76,12,0,912,0,32768,0,0,64,0,0,0,258,1024,0,0,12,26688
574,1000,0,0,0,2,2,5,5,18,6,0,62464,0,65034,76,32768,6,912,712,0,0,64,0,0,0,0,0,0,0,0,0,76,12,0,880,3328,32768,0,920,64,0,0,0,503,0,0,32768,8,26624
574,1100,0,0,0,2,2,5,5,18,6,51712,26880,65527,65267,76,8192,10,879,706,0,0,0,65216,0,0,65216,0,0,0,0,0,76,12,0,912,0,32768,0,0,64,0,0,0,270,1024,0,0,12,26688
575,1000,0,0,0,2,2,5,5,18,6,0,65024,0,65026,76,32768,6,912,710,0,0,64,0,0,0,0,0,0,0,0,0,76,12,0,880,3328,32768,0,920,64,0,0,0,511,0,0,32768,8,26624
575,1100,0,0,0,2,2,5,5,18,6,49408,23552,0,65255,76,8192,10,879,705,0,0,0,32,0,0,32,0,0,0,0,0,76,12,0,912,0,32768,0,0,64,0,0,0,282,1024,0,0,12,26688
576,1000,0,0,0,2,2,5,5,18,6,0,0,0,65018,76,32768,6,912,709,0,0,64,0,0,0,0,0,0,0,0,0,76,12,0,880,3328,32768,0,920,64,0,0,0,519,0,0,32768,8,26624
576,1100,0,0,0,2,2,5,5,18,6,49408,17152,10,65243,76,8192,10,879,704,0,0,0,384,0,0,384,0,0,0,0,0,76,12,0,912,0,32768,0,0,64,0,0,0,294,1024,0,0,12,26688
577,1000,0,0,0,2,2,5,5,18,6,0,64000,0,65010,76,32768,6,912,706,0,0,64,0,0,0,0,0,0,0,0,0,76,12,0,880,3840,32768,0,920,64,0,0,0,527,0,0,32768,8,26624
577,1100,0,0,0,2,2,5,5,18,6,51968,7680,21,65231,76,8192,10,879,703,0,0,0,736,0,0,736,0,0,0,0,0,76,12,0,912,0,32768,0,0,64,0,0,0,306,1024,0,0,12,26688
578,1000,0,0,0,2,2,5,5,18,6,0,60416,0,65002,76,32768,6,912,704,0,0,64,0,0,0,0,0,0,0,0,0,76,12,0,880,3840,32768,0,920,64,0,0,0,535,0,0,32768,8,26624
578,1100,0,0,0,2,2,5,5,18,6,57344,60672,31,65220,76,8192,10,879,701,0,0,0,1024,0,0,1024,0,0,0,0,0,76,12,0,912,0,32768,0,0,64,0,0,0,318,1024,0,0,12,26688
579,1000,0,0,0,2,2,5,5,18,6,0,54784,0,64994,76,32768,6,912,702,0,0,64,0,0,0,0,0,0,0,0,0,76,12,0,880,3840,32768,0,920,64,0,0,0,543,0,0,32768,8,26624
579,1100,0,0,0,2,2,5,5,18,6,65280,45312,32,65208,76,8192,10,879,700,0,0,0,1024,0,0,1024,0,0,0,0,0,76,12,0,912,0,32768,0,0,64,0,0,0,330,1024,0,0,12,26688
580,1000,0,0,0,2,2,5,5,18,6,0,47104,0,64986,76,32768,6,912,700,0,0,64,0,0,0,0,0,0,0,0,0,76,12,0,880,3840,32768,0,920,64,0,0,0,551,0,0,32768,8,26624
580,1100,0,0,0,2,2,5,5,18,6,7936,26880,33,65196,76,8192,10,880,699,0,0,0,1024,0,0,1024,0,0,0,0,0,76,12,0,912,0,32768,0,0,64,0,0,0,342,64512,0,0,12,26688
581,1000,0,0,0,2,2,5,5,18,6,0,37376,0,64978,76,32768,6,912,698,0,0,64,0,0,0,0,0,0,0,0,0,76,12,0,880,3840,32768,0,920,64,0,0,0,559,0,0,32768,8,26624
581,1100,0,0,0,2,2,5,5,18,6,16384,5376,22,65183,76,8192,10,880,698,0,0,0,672,0,0,672,0,0,0,0,0,76,12,0,912,0,32768,0,0,64,0,0,0,354,64512,0,0,12,26688
582,1000,0,0,0,2,2,5,5,18,6,0,25600,0,64970,76,32768,6,912,696,0,0,64,0,0,0,0,0,0,0,0,0,76,12,0,880,3840,32768,0,920,64,0,0,0,567,0,0,32768,8,26624
582,1100,0,0,0,2,2,5,5,18,6,22016,46080,11,65171,76,8192,10,880,696,0,0,0,320,0,0,320,0,0,0,0,0,76,12,0,912,0,32768,0,0,64,0,0,0,366,64512,0,0,12,26688
583,1000,0,0,0,2,2,5,5,18,6,0,11776,0,64962,76,32768,6,912,694,0,0,64,0,0,0,0,0,0,0,0,0,76,12,0,880,3840,32768,0,920,64,0,0,0,575,0,0,32768,8,26624
583,1100,0,0,0,2,2,5,5,18,6,24832,18176,65534,65159,76,8192,10,880,695,0,0,0,65504,0,0,65504,0,0,0,0,0,76,12,0,912,0,32768,0,0,64,0,0,0,378,64512,0,0,12,26688
584,1000,0,0,0,2,2,5,5,18,6,0,61440,0,64954,76,32768,6,912,691,0,0,64,0,0,0,0,0,0,0,0,0,76,12,0,880,3840,32768,0,920,64,0,0,0,583,0,0,32768,4,26624
584,1100,0,0,0,2,2,5,5,18,6,24320,52736,65521,65147,76,8192,10,880,693,0,0,0,65152,0,0,65152,0,0,0,0,0,76,12,0,912,0,32768,0,0,64,0,0,0,390,64512,0,0,14,26688
585,1000,0,0,0,2,2,5,5,18,6,0,43520,0,64950,76,32768,6,912,689,0,0,64,0,0,0,0,0,0,0,0,0,76,12,0,880,4352,32768,0,920,64,0,0,0,587,0,0,32768,4,26624
585,1100,0,0,0,2,2,5,5,18,6,20480,18688,65507,65133,76,8192,10,880,692,0,0,0,64800,0,0,64800,0,0,0,0,0,76,12,0,912,0,32768,0,0,64,0,0,0,404,64512,0,0,14,26688
586,1000,0,0,0,2,2,5,5,18,6,0,24576,0,64946,76,32768,6,912,687,0,0,64,0,0,0,0,0,0,0,0,0,76,12,0,880,4352,32768,0,920,64,0,0,0,591,0,0,32768,4,26624
586,1100,0,0,0,2,2,5,5,18,6,13056,46592,65495,65121,76,8192,10,880,690,0,0,0,64512,0,0,64512,0,0,0,0,0,76,12,0,912,0,32768,0,0,64,0,0,0,418,64512,0,0,14,26688
587,1000,0,0,0,2,2,5,5,18,6,0,4608,0,64942,76,32768,6,912,685,0,0,64,0,0,0,0,0,0,0,0,0,76,12,0,880,4352,32768,0,920,64,0,0,0,595,0,0,32768,4,26624
587,1100,0,0,0,2,2,5,5,18,6,2560,5888,65493,65107,76,8192,10,880,689,0,0,0,64512,0,0,64512,0,0,0,0,0,76,12,0,912,0,32768,0,0,64,0,0,0,432,64512,0,0,14,26688
588,1000,0,0,0,2,2,5,5,18,6,0,49152,0,64938,76,32768,6,912,682,0,0,64,0,0,0,0,0,0,0,0,0,76,12,0,880,4352,32768,0,920,64,0,0,0,599,0,0,32768,4,26624
588,1100,0,0,0,2,2,5,5,18,6,57088,27136,65492,65093,76,8192,10,879,687,0,0,0,64512,0,0,64512,0,0,0,0,0,76,12,0,912,0,32768,0,0,64,0,0,0,446,1536,0,0,14,26688
589,1000,0,0,0,2,2,5,5,18,6,0,27136,0,64934,76,32768,6,912,680,0,0,64,0,0,0,0,0,0,0,0,0,76,12,0,880,4352,32768,0,920,64,0,0,0,603,0,0,32768,4,26624
589,1100,0,0,0,2,2,5,5,18,6,45824,44800,65506,65077,76,8192,10,879,685,0,0,0,64864,0,0,64864,0,0,0,0,0,76,12,0,912,0,32768,0,0,64,0,0,0,460,1536,0,0,12,26688
590,1000,0,0,0,2,2,5,5,18,6,0,4096,0,64930,76,32768,6,912,678,0,0,64,0,0,0,0,0,0,0,0,0,76,12,0,880,4352,32768,0,920,64,0,0,0,607,0,0,32768,4,26624
590,1100,0,0,0,2,2,5,5,18,6,38144,58368,65521,65065,76,8192,10,879,683,0,0,0,65216,0,0,65216,0,0,0,0,0,76,12,0,912,0,32768,0,0,64,0,0,0,472,1536,0,0,12,26688
591,1000,0,0,0,2,2,5,5,18,6,0,45568,0,64926,76,32768,6,912,675,0,0,64,0,0,0,0,0,0,0,0,0,76,12,0,880,4352,32768,0,920,64,0,0,0,611,0,0,32768,4,26624
591,1100,0,0,0,2,2,5,5,18,6,34304,3328,1,65053,76,8192,10,879,682,0,0,0,32,0,0,32,0,0,0,0,0,76,12,0,912,0,32768,0,0,64,0,0,0,484,1536,0,0,12,26688
592,1000,0,0,0,2,2,5,5,18,6,0,20480,0,64922,76,32768,6,912,673,0,0,64,0,0,0,0,0,0,0,0,0,76,12,0,880,4352,32768,0,920,64,0,0,0,615,0,0,32768,4,26624
592,1100,0,0,0,2,2,5,5,18,6,34560,10752,18,65041,76,8192,10,879,680,0,0,0,384,0,0,384,0,0,0,0,0,76,12,0,912,0,32768,0,0,64,0,0,0,496,1536,0,0,12,26688
593,1000,0,0,0,2,2,5,5,18,6,0,59904,0,64918,76,32768,6,912,670,0,0,64,0,0,0,0,0,0,0,0,0,76,12,0,880,4864,32768,0,920,64,0,0,0,619,0,0,32768,4,26624
593,1100,0,0,0,2,2,5,5,18,6,39168,15104,35,65030,76,8192,10,879,678,0,0,0,736,0,0,736,0,0,0,0,0,76,12,0,912,0,32768,0,0,64,0,0,0,508,1536,0,0,12,26688
594,1000,0,0,0,2,2,5,5,18,6,0,32768,0,64914,76,32768,6,912,668,0,0,64,0,0,0,0,0,0,0,0,0,76,12,0,880,4864,32768,0,920,64,0,0,0,623,0,0,32768,4,26624
594,1100,0,0,0,2,2,5,5,18,6,48128,16640,54,65019,76,8192,10,879,676,0,0,0,1088,0,0,1088,0,0,0,0,0,76,12,0,912,0,32768,0,0,64,0,0,0,520,1536,0,0,11,26688
595,1000,0,0,0,2,2,5,5,18,6,0,4608,0,64910,76,32768,6,912,666,0,0,64,0,0,0,0,0,0,0,0,0,76,12,0,880,4864,32768,0,920,64,0,0,0,627,0,0,32768,4,26624
595,1100,0,0,0,2,2,5,5,18,6,61952,15360,77,65011,76,8192,10,879,674,0,0,0,1536,0,0,1536,0,0,0,0,0,76,12,0,912,0,32768,0,0,64,0,0,0,531,1536,0,0,11,26688
596,1000,0,0,0,2,2,5,5,18,6,0,40960,0,64906,76,32768,6,912,663,0,0,64,0,0,0,0,0,0,0,0,0,76,12,0,880,4864,32768,0,920,64,0,0,0,631,0,0,32768,4,26624
596,1100,0,0,0,2,2,5,5,18,6,16128,12032,79,65000,76,8192,10,880,672,0,0,0,1536,0,0,1536,0,0,0,0,0,76,12,0,912,0,32768,0,0,64,0,0,0,542,64000,0,0,11,26688
597,1000,0,0,0,2,2,5,5,18,6,0,10752,0,64902,76,32768,6,912,661,0,0,64,0,0,0,0,0,0,0,0,0,76,12,0,880,4864,32768,0,920,64,0,0,0,635,0,0,32768,4,26624
597,1100,0,0,0,2,2,5,5,18,6,36352,5888,60,64987,76,8192,10,880,670,0,0,0,1152,0,0,1152,0,0,0,0,0,76,12,0,912,0,32768,0,0,64,0,0,0,553,64768,0,0,11,26688
598,1000,0,0,0,2,2,5,5,18,6,0,45056,0,64898,76,32768,6,912,658,0,0,64,0,0,0,0,0,0,0,0,0,76,12,0,880,4864,32768,0,920,64,0,0,0,639,0,0,32768,4,26624
598,1100,0,0,0,2,2,5,5,18,6,51712,61952,41,64974,76,8192,10,880,667,0,0,0,768,0,0,768,0,0,0,0,0,76,12,0,912,0,32768,0,0,64,0,0,0,564,64768,0,0,11,26688
599,1000,0,0,0,2,2,5,5,18,6,0,12800,0,64894,76,32768,6,912,656,0,0,64,0,0,0,0,0,0,0,0,0,76,12,0,880,4864,32768,0,920,64,0,0,0,643,0,0,32768,4,26624
599,1100,0,0,0,2,2,5,5,18,6,62208,49152,21,64962,76,8192,10,880,665,0,0,0,384,0,0,384,0,0,0,0,0,76,12,0,912,0,32768,0,0,64,0,0,0,575,64768,0,0,11,26688
600,1000,0,0,0,2,2,5,5,18,6,0,45056,0,64890,76,32768,6,912,653,0,0,64,0,0,0,0,0,0,0,0,0,76,12,0,880,4864,32768,0,920,64,0,0,0,647,0,0,32768,4,26624
600,1100,0,0,0,2,2,5,5,18,6,2048,33280,0,64951,76,8192,10,881,663,0,0,0,0,0,0,0,0,0,0,0,0,76,12,0,912,0,32768,0,0,64,0,0,0,586,64768,0,0,10,26688
601,1000,0,0,0,2,2,5,5,18,6,0,10752,0,64886,76,32768,6,912,651,0,0,64,0,0,0,0,0,0,0,0,0,76,12,0,880,5376,32768,0,920,64,0,0,0,651,0,0,32768,4,26624
601,1100,0,0,0,2,2,5,5,18,6,2048,14592,65514,64941,76,8192,10,881,661,0,0,0,65152,0,0,65152,0,0,0,0,0,76,12,0,912,0,32768,0,0,64,0,0,0,596,64768,0,0,10,26688
602,1000,0,0,0,2,2,5,5,18,6,0,40960,0,64882,76,32768,6,912,648,0,0,64,0,0,0,0,0,0,0,0,0,76,12,0,880,5376,32768,0,920,64,0,0,0,655,0,0,32768,4,26624
602,1100,0,0,0,2,2,5,5,18,6,61952,58880,65491,64932,76,8192,10,880,658,0,0,0,64768,0,0,64768,0,0,0,0,0,76,12,0,912,0,32768,0,0,64,0,0,0,606,64768,0,0,10,26688
603,1000,0,0,0,2,2,5,5,18,6,0,4608,0,64878,76,32768,6,912,646,0,0,64,0,0,0,0,0,0,0,0,0,76,12,0,880,5376,32768,0,920,64,0,0,0,659,0,0,32768,4,26624
603,1100,0,0,0,2,2,5,5,18,6,50432,35328,65490,64922,76,8192,10,880,656,0,0,0,64768,0,0,64768,0,0,0,0,0,76,12,0,912,0,32768,0,0,64,0,0,0,616,64768,0,0,10,26688
604,1000,0,0,0,2,2,5,5,18,6,0,32768,0,64874,76,32768,6,912,643,0,0,64,0,0,0,0,0,0,0,0,0,76,12,0,880,5376,32768,0,920,64,0,0,0,663,0,0,32768,4,26624
604,1100,0,0,0,2,2,5,5,18,6,38656,9216,65489,64912,76,8192,10,880,654,0,0,0,64768,0,0,64768,0,0,0,0,0,76,12,0,912,0,32768,0,0,64,0,0,0,626,64512,0,0,10,26688
605,1000,0,0,0,2,2,5,5,18,6,0,59904,0,64870,76,32768,6,912,640,0,0,64,0,0,0,0,0,0,0,0,0,76,12,0,880,5376,32768,0,920,64,0,0,0,667,0,0,32768,4,26624
605,1100,0,0,0,2,2,5,5,18,6,26624,46080,65473,64904,76,8192,10,880,651,0,0,0,64512,0,0,64512,0,0,0,0,0,76,12,0,912,0,32768,0,0,64,0,0,0,636,64512,0,0,10,26688
606,1000,0,0,0,2,2,5,5,18,6,0,20480,0,64866,76,32768,6,912,638,0,0,64,0,0,0,0,0,0,0,0,0,76,12,0,880,5376,32768,0,920,64,0,0,0,671,0,0,32768,4,26624
606,1100,0,0,0,2,2,5,5,18,6,10496,15360,65472,64894,76,8192,10,880,649,0,0,0,64512,0,0,64512,0,0,0,0,0,76,12,0,912,0,32768,0,0,64,0,0,0,646,64512,0,0,9,26688
607,1000,0,0,0,2,2,5,5,18,6,0,45568,0,64862,76,32768,6,912,635,0,0,64,0,0,0,0,0,0,0,0,0,76,12,0,880,5376,32768,0,920,64,0,0,0,675,0,0,32768,4,26624
607,1100,0,0,0,2,2,5,5,18,6,59648,47616,65471,64885,76,8192,10,879,646,0,0,0,64512,0,0,64512,0,0,0,0,0,76,12,0,912,0,32768,0,0,64,0,0,0,655,1024,0,0,9,26688
608,1000,0,0,0,2,2,5,5,18,6,0,4096,0,64858,76,32768,6,912,633,0,0,64,0,0,0,0,0,0,0,0,0,76,12,0,880,5376,32768,0,920,64,0,0,0,679,0,0,32768,4,26624
608,1100,0,0,0,2,2,5,5,18,6,43008,12032,65495,64874,76,8192,10,879,644,0,0,0,64896,0,0,64896,0,0,0,0,0,76,12,0,912,0,32768,0,0,64,0,0,0,664,1024,0,0,9,26688
609,1000,0,0,0,2,2,5,5,18,6,0,27136,0,64854,76,32768,6,912,630,0,0,64,0,0,0,0,0,0,0,0,0,76,12,0,880,5888,32768,0,920,64,0,0,0,683,0,0,32768,4,26624
609,1100,0,0,0,2,2,5,5,18,6,32512,39168,65519,64864,76,8192,10,879,641,0,0,0,65280,0,0,65280,0,0,0,0,0,76,12,0,912,0,32768,0,0,64,0,0,0,673,1024,0,0,9,26688
610,1000,0,0,0,2,2,5,5,18,6,0,49152,0,64850,76,32768,6,912,627,0,0,64,0,0,0,0,0,0,0,0,0,76,12,0,880,5888,32768,0,920,64,0,0,0,687,0,0,32768,4,26624
610,1100,0,0,0,2,2,5,5,18,6,28160,63744,8,64855,76,8192,10,879,638,0,0,0,128,0,0,128,0,0,0,0,0,76,12,0,912,0,32768,0,0,64,0,0,0,682,1280,0,0,9,26688
611,1000,0,0,0,2,2,5,5,18,6,0,4608,0,64846,76,32768,6,912,625,0,0,64,0,0,0,0,0,0,0,0,0,76,12,0,880,5888,32768,0,920,64,0,0,0,691,0,0,32768,4,26624
611,1100,0,0,0,2,2,5,5,18,6,30208,20480,33,64846,76,8192,10,879,636,0,0,0,512,0,0,512,0,0,0,0,0,76,12,0,912,0,32768,0,0,64,0,0,0,691,1280,0,0,9,26688
612,1000,0,0,0,2,2,5,5,18,6,0,24576,0,64842,76,32768,6,912,622,0,0,64,0,0,0,0,0,0,0,0,0,76,12,0,880,5888,32768,0,920,64,0,0,0,695,0,0,32768,4,26624
612,1100,0,0,0,2,2,5,5,18,6,38656,40448,60,64839,76,8192,10,879,633,0,0,0,896,0,0,896,0,0,0,0,0,76,12,0,912,0,32768,0,0,64,0,0,0,700,1280,0,0,9,26688
613,1000,0,0,0,2,2,5,5,18,6,0,43520,0,64838,76,32768,6,912,619,0,0,64,0,0,0,0,0,0,0,0,0,76,12,0,880,5888,32768,0,920,64,0,0,0,699,0,0,32768,4,26624
613,1100,0,0,0,2,2,5,5,18,6,54016,58624,86,64833,76,8192,10,879,630,0,0,0,1280,0,0,1280,0,0,0,0,0,76,12,0,912,0,32768,0,0,64,0,0,0,709,1280,0,0,8,26688
614,1000,512,0,0,2,2,5,5,18,6,0,61440,0,64834,76,32768,6,912,616,0,0,64,0,0,0,0,0,0,0,0,0,76,12,65448,880,5888,33282,0,920,64,0,0,0,703,0,0,32768,4,26624
614,1100,512,0,0,2,2,5,5,18,6,10496,9728,87,64825,76,8192,10,880,628,0,0,0,1280,0,0,1280,0,0,0,0,0,76,12,0,912,0,32768,0,0,64,0,0,0,717,64256,0,0,8,26688
615,1000,0,0,0,2,2,5,5,18,6,0,12800,0,64830,76,32768,6,912,614,0,0,64,65525,0,0,65525,65525,0,0,0,0,76,12,65360,880,5888,33280,0,920,64,0,0,0,707,0,0,32768,2,26624
615,1100,0,0,0,2,2,5,5,18,6,32768,24320,62,64814,76,8192,10,880,625,0,0,0,896,0,0,896,0,0,0,0,0,76,12,0,912,0,32768,0,0,64,0,0,0,725,64256,0,0,8,26688
616,1000,0,0,0,2,2,5,5,18,6,0,28672,65535,64828,76,32768,6,912,611,0,0,64,65503,0,0,65503,65503,0,0,0,0,76,12,65272,880,5888,33280,0,920,64,0,0,0,709,0,0,32768,2,26624
616,1100,0,0,0,2,2,5,5,18,6,48640,36096,35,64804,76,8192,10,880,622,0,0,0,512,0,0,512,0,0,0,0,0,76,12,0,912,0,32768,0,0,64,0,0,0,733,63744,0,0,8,26688
617,1000,0,0,0,2,2,5,5,18,6,65280,44032,65533,64826,76,32768,6,911,608,0,0,64,65470,0,0,65470,65470,0,0,0,0,76,12,65184,880,6400,33280,0,920,64,0,0,0,711,0,0,32768,2,26624
617,1100,0,0,0,2,2,5,5,18,6,57600,45312,9,64796,76,8192,10,880,619,0,0,0,128,0,0,128,0,0,0,0,0,76,12,0,912,0,32768,0,0,64,0,0,0,741,63744,0,0,8,26688
618,1000,0,0,0,2,2,5,5,18,6,64512,58880,65531,64824,76,32768,6,911,605,0,0,64,65426,0,0,65426,65426,0,0,0,0,76,12,65096,880,6400,33280,0,920,64,0,0,0,713,0,0,32768,2,26624
618,1100,0,0,0,2,2,5,5,18,6,59904,52480,65517,64788,76,8192,10,880,616,0,0,0,65280,0,0,65280,0,0,0,0,0,76,12,0,912,0,32768,0,0,64,0,0,0,749,63744,0,0,65532,26688
619,1000,0,0,0,2,2,5,5,18,6,63232,7680,65528,64822,76,32768,6,911,603,0,0,64,65371,0,0,65371,65371,0,0,0,0,76,12,65008,880,6400,33280,0,920,64,0,0,0,715,0,0,32768,2,26624
619,1100,0,0,0,2,2,5,5,18,6,55040,57600,65492,64793,76,8192,10,880,613,0,0,0,64928,0,0,64928,0,0,0,0,0,76,12,0,912,0,32768,0,0,64,0,0,0,745,63744,0,0,65532,26688
620,1000,0,0,0,2,2,5,5,18,6,61184,21504,65524,64820,76,32768,6,911,600,0,0,64,65305,0,0,65305,65305,0,0,0,0,76,12,64920,880,6400,33280,0,920,64,0,0,0,717,0,0,32768,2,26624
620,1100,0,0,0,2,2,5,5,18,6,43776,64000,65467,64799,76,8192,10,880,610,0,0,0,64576,0,0,64576,0,0,0,0,0,76,12,0,912,0,32768,0,0,64,0,0,0,741,63744,0,0,65532,26688
621,1000,0,0,0,2,2,5,5,18,6,58112,34816,65520,64818,76,32768,6,911,597,0,0,64,65228,0,0,65228,65228,0,0,0,0,76,12,64832,880,6400,33280,0,920,64,0,0,0,719,0,0,32768,2,26624
621,1100,0,0,0,2,2,5,5,18,6,26112,6400,65443,64805,76,8192,10,880,608,0,0,0,64224,0,0,64224,0,0,0,0,0,76,12,0,912,0,32768,0,0,64,0,0,0,737,63744,0,0,65532,26688
622,1000,0,0,0,2,2,5,5,18,6,54016,47616,65514,64816,76,32768,6,911,594,0,0,64,65140,0,0,65140,65140,0,0,0,0,76,12,64744,880,6400,33280,0,920,64,0,0,0,721,0,0,32768,2,26624
622,1100,0,0,0,2,2,5,5,18,6,2304,15872,65410,64814,76,8192,10,880,605,0,0,0,63744,0,0,63744,0,0,0,0,0,76,12,0,912,0,32768,0,0,64,0,0,0,733,64256,0,0,65528,26688
623,1000,0,0,0,2,2,5,5,18,6,48384,59904,65508,64814,76,32768,6,911,591,0,0,64,65041,0,0,65041,65041,2,0,0,0,76,12,64656,880,6400,33280,0,920,64,0,0,0,723,0,0,32768,2,26624
623,1100,0,0,0,2,2,5,5,18,6,35584,27648,65436,64818,76,8192,10,879,602,0,0,0,64096,0,0,64096,0,0,0,0,0,76,12,0,912,0,32768,0,0,64,0,0,0,725,0,0,0,65528,26688
624,1000,0,0,0,2,2,5,5,18,6,41216,6144,65501,64812,76,32768,6,911,589,0,0,64,64931,0,0,64931,64931,2,192,384,0,76,12,64568,880,6400,33280,0,920,64,0,0,0,725,65248,0,32768,2,26624
624,1100,0,0,0,2,2,5,5,18,6,9984,40448,65461,64823,76,8192,10,879,599,0,0,0,64448,0,0,64448,0,0,0,0,0,76,12,0,912,0,32768,0,0,64,0,0,0,717,0,0,0,65528,26688
625,1000,0,0,0,2,2,5,5,18,6,32256,17408,65493,64811,76,32768,6,911,586,0,0,64,64426,0,0,65002,64810,2,384,768,0,76,12,64480,880,6912,33280,0,920,64,0,0,0,727,64960,0,32768,2,26624
625,1100,0,0,0,2,2,5,5,18,6,56320,54528,65486,64829,76,8192,10,878,596,0,0,0,64800,0,0,64800,0,0,0,0,0,76,12,0,912,0,32768,0,0,64,0,0,0,709,0,0,0,65532,26688
626,1000,0,0,0,2,2,5,5,18,6,21248,28416,65498,64808,76,32768,6,911,583,0,0,64,63910,0,0,65062,64678,2,576,1152,0,76,12,64392,880,6912,33280,0,920,64,0,0,0,729,64672,0,32768,2,26624
626,1100,0,0,0,2,2,5,5,18,6,43520,4608,65510,64832,76,8192,10,878,594,0,0,0,65152,0,0,65152,0,0,0,0,0,76,12,0,912,0,32768,0,0,64,0,0,0,705,0,0,0,65532,26688
627,1000,0,0,0,2,2,5,5,18,6,11520,38656,65502,64806,76,32768,6,911,580,0,0,64,63383,0,0,65111,64535,2,768,1536,0,76,12,64304,880,6912,33280,0,920,64,0,0,0,731,64384,0,32768,2,26624
627,1100,0,0,0,2,2,5,5,18,6,36864,20992,0,64836,76,8192,10,878,591,0,0,0,0,0,0,0,0,0,0,0,0,76,12,0,912,0,32768,0,0,64,0,0,0,701,0,0,0,65532,26688
628,1000,0,0,0,2,2,5,5,18,6,2816,48384,65506,64804,76,32768,6,911,577,0,0,64,62845,0,0,65149,64381,2,960,1920,0,76,12,64216,880,6912,33280,0,920,64,0,0,0,733,64096,0,32768,2,26624
628,1100,0,0,0,2,2,5,5,18,6,36864,38400,0,64840,76,8192,10,878,588,0,0,0,0,0,0,0,0,0,0,0,0,76,12,0,912,0,32768,0,0,64,0,0,0,697,0,0,0,65532,26688
629,1000,0,0,0,2,2,5,5,18,6,60672,57600,65508,64802,76,32768,6,910,574,0,0,64,62296,0,0,65176,64216,2,1152,2304,0,76,12,64128,880,6912,33280,0,920,64,0,0,0,735,63808,0,32768,2,26624
629,1100,0,0,0,2,2,5,5,18,6,36864,56832,0,64844,76,8192,10,878,585,0,0,0,0,0,0,0,0,0,0,0,0,76,12,0,912,0,32768,0,0,64,0,0,0,693,0,0,0,65532,26688
630,1000,0,0,0,2,2,5,5,18,6,53504,768,65510,64800,76,32768,6,910,572,0,0,64,61736,0,0,65192,64040,2,1344,2688,0,76,12,64040,880,6912,33280,0,920,64,0,0,0,737,63520,0,32768,2,26624
630,1100,0,0,0,2,2,5,5,18,6,36864,10752,0,64848,76,8192,10,878,583,0,0,0,0,0,0,0,0,0,0,0,0,76,12,0,912,0,32768,0,0,64,0,0,0,689,0,0,0,65532,26688
631,1000,0,0,0,2,2,5,5,18,6,46848,8960,65511,64798,76,32768,6,910,569,0,0,64,61165,0,0,65197,63853,2,1536,3072,0,76,12,63952,880,6912,33280,0,920,64,0,0,0,739,63232,0,32768,2,26624
631,1100,0,0,0,2,2,5,5,18,6,36864,31232,0,64852,76,8192,10,878,580,0,0,0,0,0,0,0,0,0,0,0,0,76,12,0,912,0,32768,0,0,64,0,0,0,685,0,0,0,65532,26688
632,1000,0,0,0,2,2,5,5,18,6,40448,16640,65511,64796,76,32768,6,910,566,0,0,64,60583,0,0,65191,63655,2,1728,3456,0,76,12,63864,880,6912,33280,0,920,64,0,4,0,741,62944,0,32768,2,26624
632,1100,0,0,0,2,2,5,5,18,6,36864,52736,0,64856,76,8192,10,878,577,0,0,0,0,0,0,0,0,0,0,0,0,76,12,0,912,0,32768,0,0,64,0,0,0,681,0,0,0,65532,26688
633,1000,0,0,0,2,2,5,5,18,6,34048,23808,65511,64794,76,32768,6,910,563,0,0,64,59990,0,0,65174,63446,2,1920,3840,0,76,12,63776,880,7424,33280,0,920,64,0,4,0,743,62656,0,32768,2,26624
633,1100,0,0,0,2,2,5,5,18,6,36864,9728,0,64860,76,8192,10,878,575,0,0,0,0,0,0,0,0,0,0,0,0,76,12,0,912,0,32768,0,0,64,0,0,0,677,0,0,0,65532,26688
634,1000,0,0,0,2,2,5,5,18,6,27648,30464,65510,64792,76,32768,6,910,560,0,0,64,59386,0,0,65146,63226,2,2112,4224,0,76,12,63688,880,7424,33280,0,920,64,0,4,0,745,62368,0,32768,2,26624
634,1100,0,0,0,2,2,5,5,18,6,36864,33280,0,64864,76,8192,10,878,572,0,0,0,0,0,0,0,0,0,0,0,0,76,12,0,912,0,32768,0,0,64,0,0,0,673,0,0,0,65532,26688
635,1000,0,0,0,2,2,5,5,18,6,20992,36608,65508,64790,76,32768,6,910,557,0,0,64,58771,0,0,65107,62995,2,2304,4608,0,76,12,63600,880,7424,33280,0,920,64,0,4,0,747,62080,0,32768,2,26624
635,1100,0,0,0,2,2,5,5,18,6,36864,57856,0,64868,76,8192,10,878,569,0,0,0,0,0,0,0,0,0,0,0,0,76,12,0,912,0,32768,0,0,64,0,0,0,669,0,0,0,65532,26688
636,1000,0,0,0,2,2,5,5,18,6,13824,42240,65505,64788,76,32768,6,910,554,0,0,64,58145,0,0,65057,62753,2,2016,4224,0,76,12,63728,880,7424,32768,0,920,64,0,0,0,749,62593,0,32768,2,26624
636,1100,0,0,0,2,2,5,5,18,6,36864,17920,0,64872,76,8192,10,878,567,0,0,0,0,0,0,0,0,0,0,0,0,76,12,0,912,0,32768,0,0,64,0,0,0,665,0,0,0,65532,26688
637,1000,0,0,0,2,2,5,5,18,6,5888,47360,65501,64786,76,32768,6,910,551,0,0,64,58303,0,0,64543,62527,2,1728,3840,0,76,12,63856,880,7424,32768,0,920,64,0,0,0,751,63106,0,32768,2,26624
637,1100,0,0,0,2,2,5,5,18,6,36864,44544,0,64876,76,8192,10,878,564,0,0,0,0,0,0,0,0,0,0,0,0,76,12,0,912,0,32768,0,0,64,0,0,0,661,0,0,0,65532,26688
638,1000,0,0,0,2,2,5,5,18,6,62464,51968,65464,64787,76,32768,6,909,548,0,0,64,58477,0,0,64045,62317,2,1440,3456,0,76,12,63984,880,7424,32768,0,920,64,0,0,0,753,63619,0,32768,2,26624
638,1100,0,0,0,2,2,5,5,18,6,36864,6656,0,64880,76,8192,10,878,562,0,0,0,0,0,0,0,0,0,0,0,0,76,12,0,912,0,32768,0,0,64,0,0,0,657,0,0,0,65532,26688
639,1000,0,0,0,2,2,5,5,18,6,44032,56832,65428,64789,76,32768,6,909,545,0,0,64,58667,0,0,63563,62123,2,1152,3072,0,76,12,64112,880,7424,32768,0,920,64,0,0,0,755,64132,0,32768,2,26624
639,1100,0,0,0,2,2,5,5,18,6,36864,35328,0,64884,76,8192,10,878,559,0,0,0,0,0,0,0,0,0,0,0,0,76,12,0,912,0,32768,0,0,64,0,0,0,653,61184,0,0,65532,26688
640,1000,0,0,0,2,2,5,5,18,6,16384,62208,65393,64793,76,32768,6,909,542,0,0,64,58873,0,0,63097,61945,2,864,2688,0,76,12,64240,880,7424,32768,0,920,64,0,0,0,757,64645,0,32768,2,26624
640,1100,0,0,0,2,2,5,5,18,6,36864,65024,65514,64888,76,8192,10,878,556,0,0,0,65184,0,0,65184,0,0,0,0,0,76,12,0,912,0,32768,0,0,64,0,0,0,649,61184,0,0,65532,26688
641,1000,0,0,0,2,2,5,5,18,6,45312,3072,65360,64798,76,32768,6,908,540,0,0,64,59095,0,0,62647,61783,2,576,2304,0,76,12,64368,880,7936,32768,0,920,64,0,0,0,759,65158,0,32768,2,26624
641,1100,0,0,0,2,2,5,5,18,6,31232,30208,65492,64893,76,8192,10,878,554,0,0,0,64832,0,0,64832,0,0,0,0,0,76,12,0,912,0,32768,0,0,64,0,0,0,645,61184,0,0,65532,26688
642,1000,0,0,0,2,2,5,5,18,6,256,10752,65327,64804,76,32768,6,908,537,0,0,64,59333,0,0,62213,61637,2,288,1920,0,76,12,64496,880,7936,32768,0,920,64,0,0,0,761,135,0,32768,2,26624
642,1100,0,0,0,2,2,5,5,18,6,19968,62208,65471,64899,76,8192,10,878,551,0,0,0,64480,0,0,64480,0,0,0,0,0,76,12,0,912,0,32768,0,0,64,0,0,0,641,61184,0,0,65532,26688
643,1000,0,0,0,2,2,5,5,18,6,12288,19968,65296,64812,76,32768,6,907,534,0,0,64,59587,0,0,61795,61507,2,0,1536,0,76,12,64624,880,7936,32768,0,920,64,0,0,0,763,65158,0,32768,2,26624
643,1100,0,0,0,2,2,5,5,18,6,3328,30208,65450,64905,76,8192,10,878,549,0,0,0,64128,0,0,64128,0,0,0,0,0,76,12,0,912,0,32768,0,0,64,0,0,0,637,61184,0,0,65532,26688
644,1000,0,0,0,2,2,5,5,18,6,16384,31232,65267,64820,76,32768,6,906,531,0,0,64,59857,0,0,61393,61393,0,0,1152,0,76,12,64752,880,7936,32768,0,920,64,0,0,0,765,135,0,32768,2,26624
644,1100,0,0,0,2,2,5,5,18,6,46848,65280,65429,64912,76,8192,10,877,546,0,0,0,63776,0,0,63776,0,0,0,0,0,76,12,0,912,0,32768,0,0,64,0,0,0,633,61184,0,0,65532,26688
645,1000,0,0,0,2,2,5,5,18,6,13056,44544,65239,64829,76,32768,6,905,528,0,0,64,60143,0,0,61295,61295,2,0,1152,0,76,12,64880,880,7936,32768,0,920,64,0,0,0,767,0,0,32768,2,26624
645,1100,0,0,0,2,2,5,5,18,6,19456,36608,65409,64920,76,8192,10,877,544,0,0,0,63424,0,0,63424,0,0,0,0,0,76,12,0,912,0,32768,0,0,64,0,0,0,629,61184,0,0,65532,26688
646,1000,0,0,0,2,2,5,5,18,6,2560,60160,65231,64830,76,32768,6,904,525,0,0,64,60061,0,0,61213,61213,0,0,768,0,76,12,65008,880,7936,32768,0,920,64,0,0,0,769,65023,0,32768,0,26624
646,1100,0,0,0,2,2,5,5,18,6,52480,9984,65389,64929,76,8192,10,876,542,0,0,0,63072,0,0,63072,0,0,0,0,0,76,12,0,912,0,32768,0,0,64,0,0,0,625,60672,0,0,65532,26688
647,1000,0,0,0,2,2,5,5,18,6,55552,10496,65225,64832,76,32768,6,902,523,0,0,64,60379,0,0,61147,61147,0,0,384,0,76,12,65136,880,7936,32768,0,920,64,0,0,0,770,0,0,0,0,26624
647,1100,0,0,0,2,2,5,5,18,6,14848,51200,65370,64938,76,8192,10,876,539,0,0,0,62720,0,0,62720,0,0,0,0,0,76,12,0,912,0,32768,0,0,64,0,0,0,621,60672,0,0,65532,26688
648,1000,0,0,0,2,2,5,5,18,6,41472,26880,65221,64834,76,32768,6,901,520,0,0,64,60713,0,0,61097,61097,0,0,0,0,76,12,65264,880,7936,32768,0,920,64,0,0,0,770,0,0,32768,0,26624
648,1100,0,0,0,2,2,5,5,18,6,37888,29184,65351,64948,76,8192,10,875,537,0,0,0,62368,0,0,62368,0,0,0,0,0,76,12,0,912,0,32768,0,0,64,0,0,0,617,60672,0,0,65532,26688
649,1000,0,0,0,2,2,5,5,18,6,26368,43776,65217,64834,76,32768,6,900,517,0,0,64,61063,0,0,61063,61063,0,0,0,0,76,12,65392,880,8448,32768,0,920,64,0,0,0,771,0,0,0,0,26624
649,1100,0,0,0,2,2,5,5,18,6,56064,9728,65333,64958,76,8192,10,874,535,0,0,0,62016,0,0,62016,0,0,0,0,0,76,12,0,912,0,32768,0,0,64,0,0,0,613,60672,0,0,65532,26688
650,1000,0,0,0,2,2,5,5,18,6,10240,60672,65215,64835,76,32768,6,899,514,0,0,64,61045,0,0,61045,61045,0,0,0,0,76,12,65520,880,8448,32768,0,920,64,0,0,0,771,0,0,32768,0,26624
650,1100,0,0,0,2,2,5,5,18,6,4096,58368,65315,64969,76,8192,10,874,532,0,0,0,61664,0,0,61664,0,0,0,0,0,76,12,0,912,0,32768,0,0,64,0,0,0,609,60672,0,0,65532,26688
651,1000,512,0,0,2,2,6,5,18,6,59136,12288,65213,64835,26,32768,6,897,512,0,0,64,61043,0,0,61043,61043,0,0,0,0,26,12,65432,880,8448,33282,0,928,64,0,0,0,772,0,0,0,0,26624
651,1100,512,0,0,2,2,6,5,18,6,13056,44288,65297,64980,76,8192,10,873,530,0,0,0,61312,0,0,61312,0,0,0,0,0,76,12,0,912,0,32768,0,0,64,0,0,0,605,60672,0,0,65532,26688
652,1000,0,0,0,2,2,6,5,18,6,41984,29440,65213,64835,76,32768,6,896,509,0,0,64,61030,0,0,61030,61030,0,0,0,0,76,12,65344,880,8448,33280,0,928,64,0,0,0,772,0,0,32768,0,26624
652,1100,0,0,0,2,2,6,5,18,6,17408,33024,65280,64992,76,8192,10,872,528,0,0,0,60960,0,0,60960,0,0,0,0,0,76,12,0,912,0,32768,0,0,64,0,0,0,601,60672,0,0,65532,26688
653,1000,0,0,0,2,2,6,5,18,6,24832,46592,65212,64834,76,32768,6,895,506,0,0,64,61006,0,0,61006,61006,0,0,0,0,76,12,65256,880,8448,33280,0,928,64,0,0,0,773,0,0,0,0,26624
653,1100,0,0,0,2,2,6,5,18,6,17408,24832,65267,65003,76,8192,10,871,526,0,0,0,60672,0,0,60672,0,0,0,0,0,76,12,0,912,0,32768,0,0,64,0,0,0,597,60416,0,0,65532,26688
654,1000,0,0,0,2,2,6,5,18,6,7424,63488,65210,64835,76,32768,6,894,503,0,0,64,60971,0,0,60971,60971,0,0,0,0,76,12,65168,880,8448,33280,0,928,64,0,0,0,773,0,0,32768,0,26624
654,1100,0,0,0,2,2,6,5,18,6,14080,19456,65256,65014,76,8192,10,870,524,0,0,0,60416,0,0,60416,0,0,0,0,0,76,12,0,912,0,32768,0,0,64,0,0,0,593,60416,0,0,65532,26688
655,1000,0,0,0,2,2,6,5,18,6,55040,15104,65207,64835,76,32768,6,892,501,0,0,64,60925,0,0,60925,60925,0,0,0,0,76,12,65296,880,8448,32768,0,928,64,0,0,0,774,0,0,0,0,26624
655,1100,0,0,0,2,2,6,5,18,6,7936,16896,65258,65017,76,8192,10,869,522,0,0,0,60416,0,0,60416,0,0,0,0,0,76,12,0,912,0,32768,0,0,64,0,0,0,589,60416,0,0,65532,26688
656,1000,0,0,0,2,2,6,5,18,6,36352,32256,65204,64837,76,32768,6,891,498,0,0,64,60895,0,0,60895,60895,0,0,0,0,76,12,65424,880,8448,32768,0,928,64,0,0,0,774,0,0,32768,0,26624
656,1100,0,0,0,2,2,6,5,18,6,2304,15104,65260,65021,76,8192,10,868,520,0,0,0,60416,0,0,60416,0,0,0,0,0,76,12,0,912,0,32768,0,0,64,0,0,0,585,60416,0,0,65532,26688
657,1000,0,0,0,2,2,6,5,18,6,16896,49920,65202,64837,76,32768,6,890,495,0,0,64,60881,0,0,60881,60881,0,0,0,0,76,12,0,880,8512,32768,0,928,64,0,0,0,775,0,0,0,0,26624
657,1100,0,0,0,2,2,6,5,18,6,62720,14336,65262,65024,76,8192,10,866,518,0,0,0,60416,0,0,60416,0,0,0,0,0,76,12,0,912,0,32768,0,0,64,0,0,0,581,60416,0,0,10,26688
658,1000,0,0,0,2,2,6,5,18,6,62464,2048,65201,64837,76,32768,6,888,493,0,0,64,60881,0,0,60881,60881,0,0,0,0,76,12,0,880,8512,32768,0,928,64,0,0,0,775,0,0,32768,0,26624
658,1100,0,0,0,2,2,6,5,18,6,58112,14336,65257,65015,76,8192,10,865,516,0,0,0,60416,0,0,60416,0,0,0,0,0,76,12,0,912,0,32768,0,0,64,0,0,0,591,60416,0,0,65532,26688
659,1000,0,0,0,2,2,7,5,18,6,42240,19712,65201,64836,26,32768,6,887,490,0,0,64,60881,0,0,60881,60881,0,0,0,0,26,12,0,880,8512,32768,0,936,64,0,0,0,776,0,0,0,0,26624
659,1100,0,0,0,2,2,7,5,18,6,52224,12032,65259,65019,76,8192,10,864,514,0,0,0,60416,0,0,60416,0,0,0,0,0,76,12,0,912,0,32768,0,0,64,0,0,0,587,60416,0,0,65532,26688
660,1000,0,0,0,2,2,7,5,18,6,22016,37120,65201,64836,76,32768,6,886,487,0,0,64,60881,0,0,60881,60881,0,0,0,0,76,12,0,880,8512,32768,0,936,64,0,0,0,776,0,0,32768,0,26624
660,1100,0,0,0,2,2,7,5,18,6,46848,10752,65261,65022,76,8192,10,863,512,0,0,0,60416,0,0,60416,0,0,0,0,0,76,12,0,912,0,32768,0,0,64,0,0,0,583,61184,0,0,10,26688
661,1000,0,0,0,2,2,7,5,18,6,1792,54528,65200,64836,76,32768,6,885,484,0,0,64,60881,0,0,60881,60881,0,0,0,0,76,12,0,880,8512,32768,0,936,64,0,0,0,777,0,0,0,0,26624
661,1100,0,0,0,2,2,7,5,18,6,41984,10240,65274,65004,76,8192,10,862,510,0,0,0,60768,0,0,60768,0,0,0,0,0,76,12,0,912,0,32768,0,0,64,0,0,0,593,60672,0,0,65532,26688
662,1000,0,0,0,2,2,7,5,18,6,46848,6400,65200,64836,76,32768,6,883,482,0,0,64,60881,0,0,60881,60881,0,0,0,0,76,12,0,880,8512,32768,0,936,64,0,0,0,777,0,0,32768,0,26624
662,1100,0,0,0,2,2,7,5,18,6,40448,5120,65271,65010,76,8192,10,861,508,0,0,0,60672,0,0,60672,0,0,0,0,0,76,12,0,912,0,32768,0,0,64,0,0,0,589,60672,0,0,65532,26688
663,1000,0,0,0,2,2,7,5,18,6,26368,23808,65200,64835,76,32768,6,882,479,0,0,64,60881,0,0,60881,60881,0,0,0,0,76,12,0,880,8512,32768,0,936,64,0,0,0,778,0,0,0,0,26624
663,1100,0,0,0,2,2,7,5,18,6,38144,1536,65272,65014,76,8192,10,860,506,0,0,0,60672,0,0,60672,0,0,0,0,0,76,12,0,912,0,32768,0,0,64,0,0,0,585,60672,0,0,65532,26688
664,1000,0,0,0,2,2,7,5,18,6,5888,40960,65200,64835,76,32768,6,881,476,0,0,64,60881,0,0,60881,60881,0,0,0,0,76,12,0,880,8512,32768,0,936,64,0,0,0,778,0,0,32768,0,26624
664,1100,0,0,0,2,2,7,5,18,6,36096,64512,65274,65018,76,8192,10,859,503,0,0,0,60672,0,0,60672,0,0,0,0,0,76,12,0,912,0,32768,0,0,64,0,0,0,581,60672,0,0,10,26688
665,1000,0,0,0,2,2,7,5,18,6,50944,58112,65199,64834,76,32768,6,879,473,0,0,64,60881,0,0,60881,60881,0,0,0,0,76,12,0,880,8576,32768,0,936,64,0,0,0,779,0,0,0,0,26624
665,1100,0,0,0,2,2,7,5,18,6,34560,62976,65270,65009,76,8192,10,858,501,0,0,0,60672,0,0,60672,0,0,0,0,0,76,12,0,912,0,32768,0,0,64,0,0,0,591,60672,0,0,65532,26688
666,1000,0,0,0,2,2,7,5,18,6,30208,9472,65199,64834,76,32768,6,878,471,0,0,64,60881,0,0,60881,60881,0,0,0,0,76,12,0,880,8576,32768,0,936,64,0,0,0,779,0,0,32768,0,26624
666,1100,0,0,0,2,2,7,5,18,6,32000,59136,65272,65012,76,8192,10,857,499,0,0,0,60672,0,0,60672,0,0,0,0,0,76,12,0,912,0,32768,0,0,64,0,0,0,587,60672,0,0,65532,26688
667,1000,0,0,0,2,2,7,5,18,6,9472,26368,65199,64833,76,32768,6,877,468,0,0,64,60881,0,0,60881,60881,0,0,0,0,76,12,0,880,8576,32768,0,936,64,0,0,0,780,0,0,0,0,26624
667,1100,0,0,0,2,2,7,5,18,6,29952,56064,65273,65016,76,8192,10,856,497,0,0,0,60672,0,0,60672,0,0,0,0,0,76,12,0,912,0,32768,0,0,64,0,0,0,583,60672,0,0,10,26688
668,1000,0,0,0,2,2,7,5,18,6,54272,43008,65199,64833,76,32768,6,875,465,0,0,64,60881,0,0,60881,60881,0,0,0,0,76,12,0,880,8576,32768,0,936,64,0,0,0,780,0,0,32768,0,26624
668,1100,0,0,0,2,2,7,5,18,6,28160,54016,65269,65007,76,8192,10,855,495,0,0,0,60672,0,0,60672,0,0,0,0,0,76,12,0,912,0,32768,0,0,64,0,0,0,593,60160,0,0,65532,26688
669,1000,0,0,0,2,2,7,5,18,6,33536,59648,65198,64832,76,32768,6,874,462,0,0,64,60881,0,0,60881,60881,0,0,0,0,76,12,0,880,8576,32768,0,936,64,0,0,0,781,0,0,0,0,26624
669,1100,0,0,0,2,2,7,5,18,6,25344,49664,65245,65024,76,8192,10,854,493,0,0,0,60160,0,0,60160,0,0,0,0,0,76,12,0,912,0,32768,0,0,64,0,0,0,589,60160,0,0,65532,26688
670,1000,0,0,0,2,2,7,5,18,6,12544,10496,65198,64832,76,32768,6,873,460,0,0,64,60881,0,0,60881,60881,0,0,0,0,76,12,0,880,8576,32768,0,936,64,0,0,0,781,0,0,32768,0,26624
670,1100,0,0,0,2,2,7,5,18,6,16384,49664,65247,65027,76,8192,10,853,491,0,0,0,60160,0,0,60160,0,0,0,0,0,76,12,0,912,0,32768,0,0,64,0,0,0,585,60160,0,0,65532,26688
671,1000,0,0,0,2,2,7,5,18,6,57088,26880,65198,64831,76,32768,6,871,457,0,0,64,60881,0,0,60881,60881,0,0,0,0,76,12,0,880,8576,32768,0,936,64,0,0,0,782,0,0,0,0,26624
671,1100,0,0,0,2,2,7,5,18,6,7936,50432,65249,65031,76,8192,10,852,489,0,0,0,60160,0,0,60160,0,0,0,0,0,76,12,0,912,0,32768,0,0,64,0,0,0,581,60160,0,0,10,26688
672,1000,0,0,0,2,2,7,5,18,6,36096,43008,65198,64831,76,32768,6,870,454,0,0,64,60881,0,0,60881,60881,0,0,0,0,76,12,0,880,8576,32768,0,936,64,0,0,0,782,0,0,32768,0,26624
672,1100,0,0,0,2,2,7,5,18,6,0,52224,65244,65022,76,8192,10,851,487,0,0,0,60160,0,0,60160,0,0,0,0,0,76,12,0,912,0,32768,0,0,64,0,0,0,591,60160,0,0,65532,26688
673,1000,256,0,0,2,2,7,5,18,6,15104,59136,65198,64830,76,32768,6,869,451,0,0,64,60881,0,0,60881,60881,0,0,0,0,76,12,88,880,8640,33025,0,936,64,0,0,0,783,0,0,0,0,26624
673,1100,256,0,0,2,2,7,5,18,6,56320,51712,65246,65026,76,8192,10,849,485,0,0,0,60160,0,0,60160,0,0,0,0,0,76,12,0,912,0,32768,0,0,64,0,0,0,587,60160,0,0,65532,26688
674,1000,0,0,0,2,2,7,5,18,6,59648,9472,65198,64830,76,32768,6,867,449,0,0,64,60892,0,0,60892,60892,0,0,0,0,76,12,176,880,8640,33024,0,936,64,0,0,0,783,0,0,32768,0,26624
674,1100,0,0,0,2,2,7,5,18,6,47616,52224,65248,65029,76,8192,10,848,483,0,0,0,60160,0,0,60160,0,0,0,0,0,76,12,0,912,0,32768,0,0,64,0,0,0,583,60160,0,0,10,26688
675,1000,0,0,0,2,2,7,5,18,6,38656,25344,65198,64829,76,32768,6,866,446,0,0,64,60914,0,0,60914,60914,0,0,0,0,76,12,264,880,8640,33024,0,936,64,0,0,0,784,0,0,0,0,26624
675,1100,0,0,0,2,2,7,5,18,6,39424,53504,65243,65021,76,8192,10,847,481,0,0,0,60160,0,0,60160,0,0,0,0,0,76,12,0,912,0,32768,0,0,64,0,0,0,593,61184,0,0,65532,26688
676,1000,0,0,0,2,2,7,5,18,6,17664,40960,65199,64828,76,32768,6,865,443,0,0,64,60947,0,0,60947,60947,0,0,0,0,76,12,352,880,8640,33024,0,936,64,0,0,0,784,0,0,32768,0,26624
676,1100,0,0,0,2,2,7,5,18,6,29952,52736,65263,65014,76,8192,10,846,479,0,0,0,60512,0,0,60512,0,0,0,0,0,76,12,0,912,0,32768,0,0,64,0,0,0,589,60672,0,0,65532,26688
677,1000,0,0,0,2,2,7,5,18,6,62464,56320,65201,64826,76,32768,6,863,440,0,0,64,60991,0,0,60991,60991,0,0,0,0,76,12,440,880,8640,33024,0,936,64,0,0,0,785,0,0,0,0,26624
677,1100,0,0,0,2,2,7,5,18,6,25600,50176,65272,65014,76,8192,10,845,477,0,0,0,60672,0,0,60672,0,0,0,0,0,76,12,0,912,0,32768,0,0,64,0,0,0,585,60672,0,0,65532,26688
678,1000,0,0,0,2,2,7,5,18,6,42240,5632,65204,64825,76,32768,6,862,438,0,0,64,61046,0,0,61046,61046,0,0,0,0,76,12,528,880,8640,33024,0,936,64,0,0,0,785,0,0,32768,0,26624
678,1100,0,0,0,2,2,7,5,18,6,23552,47616,65274,65018,76,8192,10,844,475,0,0,0,60672,0,0,60672,0,0,0,0,0,76,12,0,912,0,32768,0,0,64,0,0,0,581,60672,0,0,10,26688
679,1000,0,0,0,2,2,7,5,18,6,22784,20224,65208,64822,76,32768,6,861,435,0,0,64,61112,0,0,61112,61112,0,0,0,0,76,12,616,880,8640,33024,0,936,64,0,0,0,786,0,0,0,0,26624
679,1100,0,0,0,2,2,7,5,18,6,22016,46080,65270,65009,76,8192,10,843,473,0,0,0,60672,0,0,60672,0,0,0,0,0,76,12,0,912,0,32768,0,0,64,0,0,0,591,60672,0,0,65532,26688
680,1000,0,0,0,2,2,7,5,18,6,4352,34048,65212,64820,76,32768,6,860,432,0,0,64,61189,0,0,61189,61189,0,0,0,0,76,12,704,880,8640,33024,0,936,64,0,0,0,786,0,0,32768,0,26624
680,1100,0,0,0,2,2,7,5,18,6,19456,42240,65272,65012,76,8192,10,842,471,0,0,0,60672,0,0,60672,0,0,0,0,0,76,12,0,912,0,32768,0,0,64,0,0,0,587,60672,0,0,65532,26688
681,1000,0,0,0,2,2,7,5,18,6,52480,47360,65217,64817,76,32768,6,858,429,0,0,64,61277,0,0,61277,61277,0,0,0,0,76,12,792,880,8704,33024,0,936,64,0,0,0,787,0,0,0,0,26624
681,1100,0,0,0,2,2,7,5,18,6,17408,39168,65273,65016,76,8192,10,841,469,0,0,0,60672,0,0,60672,0,0,0,0,0,76,12,0,912,0,32768,0,0,64,0,0,0,583,60672,0,0,10,26688
682,1000,0,0,0,2,2,7,5,18,6,36352,59904,65223,64814,76,32768,6,857,426,0,0,64,61376,0,0,61376,61376,2,0,0,0,76,12,880,880,8704,33024,0,936,64,0,0,0,787,0,0,32768,0,26624
682,1100,0,0,0,2,2,7,5,18,6,15616,37120,65269,65007,76,8192,10,840,467,0,0,0,60672,0,0,60672,0,0,0,0,0,76,12,0,912,0,32768,0,0,64,0,0,0,593,60672,0,0,65532,26688
683,1000,0,0,0,2,2,7,5,18,6,21760,6144,65230,64810,76,32768,6,856,424,0,0,64,61486,0,0,61486,61486,2,65280,65152,0,76,12,968,880,8704,33024,0,936,64,0,0,0,788,65472,0,0,0,26624
683,1100,0,0,0,2,2,7,5,18,6,12800,32768,65271,65010,76,8192,10,839,465,0,0,0,60672,0,0,60672,0,0,0,0,0,76,12,0,912,0,32768,0,0,64,0,0,0,589,60672,0,0,65532,26688
684,1000,0,0,0,2,2,7,5,18,6,8960,16896,65237,64807,76,32768,6,855,421,0,0,64,61991,0,0,61351,61607,2,65088,64768,0,76,12,1056,880,8704,33024,0,936,64,0,0,0,788,224,0,32768,0,26624
684,1100,0,0,0,2,2,7,5,18,6,10496,29184,65272,65014,76,8192,10,838,463,0,0,0,60672,0,0,60672,0,0,0,0,0,76,12,0,912,0,32768,0,0,64,0,0,0,585,60160,0,0,65532,26688
685,1000,0,0,0,2,2,7,5,18,6,63488,26880,65227,64810,76,32768,6,853,418,0,0,64,62507,0,0,61291,61739,2,65376,65152,0,76,12,928,880,8704,32768,0,936,64,0,0,0,789,65247,0,0,0,26624
685,1100,0,0,0,2,2,7,5,18,6,8448,26624,65249,65031,76,8192,10,837,461,0,0,0,60160,0,0,60160,0,0,0,0,0,76,12,0,912,0,32768,0,0,64,0,0,0,581,60160,0,0,10,26688
686,1000,0,0,0,2,2,7,5,18,6,49920,37632,65223,64812,76,32768,6,852,415,0,0,64,62239,0,0,61695,61855,0,65376,0,0,76,12,800,880,8704,32768,0,936,64,0,0,0,789,224,0,32768,0,26624
686,1100,0,0,0,2,2,7,5,18,6,512,28416,65244,65022,76,8192,10,836,459,0,0,0,60160,0,0,60160,0,0,0,0,0,76,12,0,912,0,32768,0,0,64,0,0,0,591,60160,0,0,65532,26688
687,1000,0,0,0,2,2,7,5,18,6,35328,48896,65251,64799,76,32768,6,851,412,0,0,64,61955,0,0,61795,61955,2,65376,0,0,76,12,672,880,8704,32768,0,936,64,0,0,0,790,0,0,0,0,26624
687,1100,0,0,0,2,2,7,5,18,6,56832,27904,65246,65026,76,8192,10,834,457,0,0,0,60160,0,0,60160,0,0,0,0,0,76,12,0,912,0,32768,0,0,64,0,0,0,587,60160,0,0,65532,26688
688,1000,0,0,0,2,2,7,5,18,6,27904,56832,65258,64797,76,32768,6,850,409,0,0,64,62039,0,0,61879,62039,0,65376,0,0,76,12,544,880,8704,32768,0,936,64,0,0,0,790,65023,0,32768,0,26624
688,1100,0,0,0,2,2,7,5,18,6,48128,28416,65248,65029,76,8192,10,833,455,0,0,0,60160,0,0,60160,0,0,0,0,0,76,12,0,912,0,32768,0,0,64,0,0,0,583,60160,0,0,10,26688
689,1000,0,0,0,2,2,7,5,18,6,22272,64256,65264,64794,76,32768,6,849,406,0,0,64,62107,0,0,61947,62107,0,65376,0,0,76,12,416,880,8768,32768,0,936,64,0,0,0,791,0,0,0,0,26624
689,1100,0,0,0,2,2,7,5,18,6,39936,29696,65243,65021,76,8192,10,832,453,0,0,0,60160,0,0,60160,0,0,0,0,0,76,12,0,912,0,32768,0,0,64,0,0,0,593,60160,0,0,65532,26688
690,1000,0,0,0,2,2,7,5,18,6,18176,5376,65269,64792,76,32768,6,848,404,0,0,64,62159,0,0,61999,62159,0,65376,0,0,76,12,288,880,8768,32768,0,936,64,0,0,0,791,0,0,32768,0,26624
690,1100,0,0,0,2,2,7,5,18,6,30464,28928,65245,65024,76,8192,10,831,451,0,0,0,60160,0,0,60160,0,0,0,0,0,76,12,0,912,0,32768,0,0,64,0,0,0,589,61440,0,0,65532,26688
691,1000,0,0,0,2,2,7,5,18,6,15360,11520,65272,64789,76,32768,6,847,401,0,0,64,62195,0,0,62035,62195,0,65376,0,0,76,12,160,880,8768,32768,0,936,64,0,0,0,792,0,0,0,0,26624
691,1100,0,0,0,2,2,7,5,18,6,21504,28928,65264,65018,76,8192,10,830,449,0,0,0,60512,0,0,60512,0,0,0,0,0,76,12,0,912,0,32768,0,0,64,0,0,0,585,61440,0,0,65532,26688
692,1000,0,0,0,2,2,7,5,18,6,13312,16896,65275,64789,76,32768,6,846,398,0,0,64,62215,0,0,62055,62215,0,65376,0,0,76,12,32,880,8768,32768,0,936,64,0,0,0,792,0,0,32768,0,26624
692,1100,0,0,0,2,2,7,5,18,6,17408,27392,65284,65013,76,8192,10,829,447,0,0,0,60864,0,0,60864,0,0,0,0,0,76,12,0,912,0,32768,0,0,64,0,0,0,581,64256,0,0,65532,26688
693,1000,0,0,0,2,2,7,5,18,6,12032,22272,65276,64787,76,32768,6,845,395,0,0,64,62219,0,0,62059,62219,0,65376,0,0,76,12,0,880,8768,32768,0,936,64,0,0,0,793,0,0,0,0,26624
693,1100,0,0,0,2,2,7,5,18,6,18432,24576,65303,65008,76,8192,10,828,445,0,0,0,61216,0,0,61216,0,0,0,0,0,76,12,0,912,0,32768,0,0,64,0,0,0,577,64256,0,0,65532,26688
694,1000,256,0,0,2,2,7,5,18,6,11008,27136,65276,64787,26,32768,6,844,392,0,0,64,62219,0,0,62059,62219,0,65376,0,0,26,12,88,880,8768,33025,0,936,64,0,0,0,793,0,0,32768,0,26624
694,1100,256,0,0,2,2,7,5,18,6,24320,20480,65323,65004,76,8192,10,827,443,0,0,0,61568,0,0,61568,0,0,0,0,0,76,12,0,912,0,32768,0,0,64,0,0,0,573,64256,0,0,65532,26688
695,1000,0,0,0,2,2,8,5,18,6,9984,32000,65276,64786,26,32768,6,843,389,0,0,64,62230,0,0,62070,62230,0,65376,0,0,26,12,176,880,8768,33024,0,944,64,0,0,0,794,0,0,0,0,26624
695,1100,0,0,0,2,2,8,5,18,6,35328,15360,65342,65001,76,8192,10,826,441,0,0,0,61920,0,0,61920,0,0,0,0,0,76,12,0,912,0,32768,0,0,64,0,0,0,569,64256,0,0,65532,26688
696,1000,0,0,0,2,2,8,5,18,6,8960,36608,65276,64786,76,32768,6,842,386,0,0,64,62252,0,0,62092,62252,0,65376,0,0,76,12,264,880,8768,33024,0,944,64,0,0,0,794,0,0,32768,0,26624
696,1100,0,0,0,2,2,8,5,18,6,51200,9472,65362,64999,76,8192,10,825,439,0,0,0,62272,0,0,62272,0,0,0,0,0,76,12,0,912,0,32768,0,0,64,0,0,0,565,64256,0,0,65532,26688
697,1000,0,0,0,2,2,8,5,18,6,7936,41216,65278,64784,76,32768,6,841,383,0,0,64,62285,0,0,62125,62285,0,65376,0,0,76,12,352,880,8832,33024,0,944,64,0,0,0,795,0,0,0,0,26624
697,1100,0,0,0,2,2,8,5,18,6,6656,3072,65381,64997,76,8192,10,825,437,0,0,0,62624,0,0,62624,0,0,0,0,0,76,12,0,912,0,32768,0,0,64,0,0,0,561,64256,0,0,65532,26688
698,1000,0,0,0,2,2,8,5,18,6,7424,45312,65280,64784,76,32768,6,840,380,0,0,64,62329,0,0,62169,62329,0,65376,0,0,76,12,440,880,8832,33024,0,944,64,0,0,0,795,0,0,32768,0,26624
698,1100,0,0,0,2,2,8,5,18,6,32512,61696,65400,64996,76,8192,10,824,434,0,0,0,62976,0,0,62976,0,0,0,0,0,76,12,0,912,0,32768,0,0,64,0,0,0,557,64256,0,0,65532,26688
699,1000,0,0,0,2,2,8,5,18,6,7424,49408,65283,64782,76,32768,6,839,377,0,0,64,62384,0,0,62224,62384,0,65376,0,0,76,12,528,880,8832,33024,0,944,64,0,0,0,796,0,0,0,0,26624
699,1100,0,0,0,2,2,8,5,18,6,63232,54528,65419,64996,76,8192,10,823,432,0,0,0,63328,0,0,63328,0,0,0,0,0,76,12,0,912,0,32768,0,0,64,0,0,0,553,64256,0,0,65532,26688
700,1000,0,0,0,2,2,8,5,18,6,8192,52992,65287,64780,76,32768,6,838,374,0,0,64,62450,0,0,62290,62450,0,65376,0,0,76,12,616,880,8832,33024,0,944,64,0,0,0,796,0,0,32768,0,26624
700,1100,0,0,0,2,2,8,5,18,6,33280,47360,65438,64996,76,8192,10,823,430,0,0,0,63680,0,0,63680,0,0,0,0,0,76,12,0,912,0,32768,0,0,64,0,0,0,549,64256,0,0,65532,26688
701,1000,0,0,0,2,2,8,5,18,6,9984,56064,65291,64778,76,32768,6,837,371,0,0,64,62527,0,0,62367,62527,0,65376,0,0,76,12,704,880,8832,33024,0,944,64,0,0,0,797,0,0,0,0,26624
701,1100,0,0,0,2,2,8,5,18,6,8192,40192,65457,64997,76,8192,10,823,428,0,0,0,64032,0,0,64032,0,0,0,0,0,76,12,0,912,0,32768,0,0,64,0,0,0,545,64256,0,0,65532,26688
702,1000,0,0,0,2,2,8,5,18,6,12800,58624,65297,64776,76,32768,6,836,368,0,0,64,62615,0,0,62455,62615,0,65376,0,0,76,12,792,880,8832,33024,0,944,64,0,0,0,797,0,0,32768,0,26624
702,1100,0,0,0,2,2,8,5,18,6,53504,33280,65469,65000,76,8192,10,822,426,0,0,0,64256,0,0,64256,0,0,0,0,0,76,12,0,912,0,32768,0,0,64,0,0,0,541,64256,0,0,65532,26688
703,1000,0,0,0,2,2,8,5,18,6,17152,60672,65303,64773,76,32768,6,835,365,0,0,64,62714,0,0,62554,62714,2,65376,0,0,76,12,880,880,8832,33024,0,944,64,0,0,0,798,0,0,0,0,26624
703,1100,0,0,0,2,2,8,5,18,6,36352,27136,65470,65004,76,8192,10,822,424,0,0,0,64256,0,0,64256,0,0,0,0,0,76,12,0,912,0,32768,0,0,64,0,0,0,537,64256,0,0,65532,26688
704,1000,0,0,0,2,2,8,5,18,6,23040,61952,65310,64771,76,32768,6,834,362,0,0,64,62824,0,0,62664,62824,2,65184,65152,0,76,12,968,880,8832,33024,0,944,64,0,0,0,798,288,0,32768,0,26624
704,1100,0,0,0,2,2,8,5,18,6,19456,22016,65470,65008,76,8192,10,822,422,0,0,0,64256,0,0,64256,0,0,0,0,0,76,12,0,912,0,32768,0,0,64,0,0,0,533,64256,0,0,11,26688
705,1000,0,0,0,2,2,8,5,18,6,30720,62720,65318,64768,76,32768,6,833,359,0,0,64,63329,0,0,62593,62945,2,64992,64768,0,76,12,1056,880,8896,33024,0,944,64,0,0,0,799,576,0,0,0,26624
705,1100,0,0,0,2,2,8,5,18,6,2560,17920,65469,64997,76,8192,10,822,420,0,0,0,64256,0,0,64256,0,0,0,0,0,76,12,0,912,0,32768,0,0,64,0,0,0,544,64256,0,0,65532,26688
706,1000,0,0,0,2,2,8,5,18,6,40448,62720,65313,64769,76,32768,6,832,356,0,0,64,63845,0,0,62533,63077,2,64800,64384,0,76,12,1144,880,8896,33024,0,944,64,0,0,0,799,864,0,32768,0,26624
706,1100,0,0,0,2,2,8,5,18,6,50944,11008,65469,65001,76,8192,10,821,418,0,0,0,64256,0,0,64256,0,0,0,0,0,76,12,0,912,0,32768,0,0,64,0,0,0,540,64256,0,0,65532,26688
707,1000,0,0,0,2,2,8,5,18,6,48896,62976,65308,64769,76,32768,6,831,353,0,0,64,64372,0,0,62484,63220,2,64608,64000,0,76,12,1227,880,8896,33024,0,944,64,0,0,0,800,1152,0,0,0,26624
707,1100,0,0,0,2,2,8,5,18,6,33792,5120,65470,65005,76,8192,10,821,416,0,0,0,64256,0,0,64256,0,0,0,0,0,76,12,0,912,0,32768,0,0,64,0,0,0,536,64256,0,0,11,26688
708,1000,0,0,0,2,2,8,5,18,6,56064,63232,65305,64770,82,32768,6,830,350,0,0,96,64909,0,0,62445,63373,2,64032,63360,0,82,18,1309,880,8896,33024,0,944,64,0,0,0,800,1664,0,32768,0,26624
708,1100,0,0,0,2,2,8,5,18,6,16896,256,65469,64994,76,8192,10,821,414,0,0,0,64256,0,0,64256,0,0,0,0,0,76,12,0,912,0,32768,0,0,64,0,0,0,547,64000,0,0,65532,26688
709,1000,0,0,0,2,2,8,5,18,6,62464,63744,65302,64770,82,32768,6,829,347,0,0,96,176,0,0,62032,63536,2,63456,62720,0,82,18,1391,880,8896,33024,0,944,64,0,0,0,801,2176,0,0,0,26624
709,1100,0,0,0,2,2,8,5,18,6,65280,58112,65456,64999,76,8192,10,820,411,0,0,0,64000,0,0,64000,0,0,0,0,0,76,12,0,912,0,32768,0,0,64,0,0,0,543,64000,0,0,65532,26688
710,1000,0,0,0,2,2,8,5,18,6,2560,64256,65271,64780,82,32768,6,829,344,0,0,96,989,0,0,61629,63709,2,62880,62080,0,82,18,1473,880,8896,33024,0,944,64,0,0,0,801,2688,0,32768,0,26624
710,1100,0,0,0,2,2,8,5,18,6,44800,51712,65456,65003,76,8192,10,820,409,0,0,0,64000,0,0,64000,0,0,0,0,0,76,12,0,912,0,32768,0,0,64,0,0,0,539,64000,0,0,65532,26688
711,1000,0,0,0,2,2,8,5,18,6,256,1792,65242,64790,82,32768,6,828,342,0,0,96,1813,0,0,61237,63893,2,62304,61440,0,82,18,1554,880,8896,33024,0,944,64,0,4,0,802,3200,0,0,0,26624
711,1100,0,0,0,2,2,8,5,18,6,24320,46336,65457,65007,76,8192,10,820,407,0,0,0,64000,0,0,64000,0,0,0,0,0,76,12,0,912,0,32768,0,0,64,0,0,0,535,64000,0,0,11,26688
712,1000,0,0,0,2,2,8,5,18,6,56064,7424,65214,64802,82,32768,6,826,339,0,0,96,2647,0,0,60855,64087,2,63168,62080,0,82,18,1426,880,8896,0,0,944,64,0,0,0,802,2463,0,32768,65526,26624
712,1100,0,0,0,2,2,8,5,18,6,4096,41984,65455,64996,76,8192,10,820,405,0,0,0,64000,0,0,64000,0,0,0,0,0,76,12,0,912,0,32768,0,0,64,0,0,0,546,64000,0,0,65532,26688
713,1000,0,0,0,2,2,8,5,18,6,39168,16128,65191,64822,76,32768,6,825,336,0,0,64,2185,0,0,61897,64265,2,63456,62464,0,76,12,1298,880,8256,0,0,944,64,0,0,0,793,1950,0,0,65526,26624
713,1100,0,0,0,2,2,8,5,18,6,48896,34816,65456,65000,76,8192,10,819,403,0,0,0,64000,0,0,64000,0,0,0,0,0,76,12,0,912,0,32768,0,0,64,0,0,0,542,64000,0,0,65532,26688
714,1000,0,0,0,2,2,8,5,18,6,16384,29952,65268,64801,76,32768,6,824,333,0,0,64,1963,0,0,62347,64427,2,63744,62848,0,76,12,1170,880,8256,0,0,944,64,0,0,0,783,1437,0,32768,65526,26624
714,1100,0,0,0,2,2,8,5,18,6,28416,28672,65457,65004,76,8192,10,819,401,0,0,0,64000,0,0,64000,0,0,0,0,0,76,12,0,912,0,32768,0,0,64,0,0,0,538,64000,0,0,65532,26688
715,1000,0,0,0,2,2,8,5,18,6,13312,38400,65303,64798,82,32768,6,823,330,0,0,96,1725,0,0,62781,64573,2,64608,63488,0,82,18,1042,880,8256,32768,0,944,64,0,0,0,774,700,0,0,0,26624
715,1100,0,0,0,2,2,8,5,18,6,8192,23552,65457,65008,76,8192,10,819,399,0,0,0,64000,0,0,64000,0,0,0,0,0,76,12,0,912,0,32768,0,0,64,0,0,0,534,63744,0,0,11,26688
716,1000,0,0,0,2,2,8,5,18,6,19200,46080,65333,64789,82,32768,6,822,327,0,0,96,1215,0,0,63775,64703,2,65472,64128,0,82,18,914,880,8256,32768,0,944,64,0,0,0,774,65499,0,32768,0,26624
716,1100,0,0,0,2,2,8,5,18,6,53504,19456,65442,65000,76,8192,10,818,397,0,0,0,63744,0,0,63744,0,0,0,0,0,76,12,0,912,0,32768,0,0,64,0,0,0,545,63744,0,0,65532,26688
717,1000,0,0,0,2,2,8,5,18,6,32768,51456,65405,64772,82,32768,6,821,324,0,0,96,689,0,0,64753,64817,0,65472,64768,0,82,18,786,880,8256,32768,0,944,64,0,0,0,775,700,0,0,0,26624
717,1100,0,0,0,2,2,8,5,18,6,29440,13312,65443,65003,76,8192,10,818,395,0,0,0,63744,0,0,63744,0,0,0,0,0,76,12,0,912,0,32768,0,0,64,0,0,0,541,63744,0,0,65532,26688
718,1000,0,0,0,2,2,8,5,18,6,64768,52480,65477,64764,82,32768,6,820,321,0,0,96,147,0,0,64851,64915,2,65472,64768,0,82,18,658,880,8256,32768,0,944,64,0,0,0,775,0,0,32768,0,26624
718,1100,0,0,0,2,2,8,5,18,6,5632,7936,65444,65007,76,8192,10,818,393,0,0,0,63744,0,0,63744,0,0,0,0,0,76,12,0,912,0,32768,0,0,64,0,0,0,537,63744,0,0,65532,26688
719,1000,0,0,0,2,2,8,5,18,6,49664,51456,65485,64762,82,32768,6,820,318,0,0,96,229,0,0,64933,64997,0,65472,65408,0,82,18,530,880,8256,32768,0,944,64,0,0,0,776,64799,0,0,0,26624
719,1100,0,0,0,2,2,8,5,18,6,47616,3584,65444,65011,76,8192,10,817,391,0,0,0,63744,0,0,63744,0,0,0,0,0,76,12,0,912,0,32768,0,0,64,0,0,0,533,63744,0,0,11,26688
720,1000,0,0,0,2,2,8,5,18,6,36608,49920,65491,64762,82,32768,6,820,315,0,0,96,65191,0,0,64999,65063,0,65472,0,0,82,18,402,880,8256,32768,0,944,64,0,0,0,776,0,0,32768,0,26624
720,1100,0,0,0,2,2,8,5,18,6,24064,256,65442,65001,76,8192,10,817,389,0,0,0,63744,0,0,63744,0,0,0,0,0,76,12,0,912,0,32768,0,0,64,0,0,0,544,63744,0,0,65532,26688
721,1000,0,0,0,2,2,8,5,18,6,25088,48384,65496,64761,82,32768,6,820,312,0,0,96,65113,0,0,65049,65113,0,65472,0,0,82,18,274,880,8320,32768,0,944,64,0,0,0,777,0,0,0,0,26624
721,1100,0,0,0,2,2,8,5,18,6,0,59904,65443,65004,76,8192,10,817,386,0,0,0,63744,0,0,63744,0,0,0,0,0,76,12,0,912,0,32768,0,0,64,0,0,0,540,63744,0,0,65532,26688
722,1000,0,0,0,2,2,8,5,18,6,14848,46592,65499,64760,82,32768,6,820,309,0,0,96,65147,0,0,65083,65147,0,65472,0,0,82,18,146,880,8320,32768,0,944,64,0,0,0,777,0,0,32768,0,26624
722,1100,0,0,0,2,2,8,5,18,6,41728,54784,65444,65008,76,8192,10,816,384,0,0,0,63744,0,0,63744,0,0,0,0,0,76,12,0,912,0,32768,0,0,64,0,0,0,536,63744,0,0,11,26688
723,1000,0,0,0,2,2,8,5,18,6,5376,44544,65502,64759,82,32768,6,820,306,0,0,96,65165,0,0,65101,65165,0,65472,0,0,82,18,18,880,8320,32768,0,944,64,0,0,0,778,0,0,0,0,26624
723,1100,0,0,0,2,2,8,5,18,6,18176,50688,65442,64998,76,8192,10,816,382,0,0,0,63744,0,0,63744,0,0,0,0,0,76,12,0,912,0,32768,0,0,64,0,0,0,547,63488,0,0,65532,26688
724,1000,0,0,0,2,2,8,5,18,6,62208,42240,65503,64759,82,32768,6,819,303,0,0,96,65167,0,0,65103,65167,0,65472,0,0,82,18,0,880,8320,32768,0,944,64,0,0,0,778,0,0,32768,0,26624
724,1100,0,0,0,2,2,8,5,18,6,59648,44032,65430,65004,76,8192,10,815,380,0,0,0,63488,0,0,63488,0,0,0,0,0,76,12,0,912,0,32768,0,0,64,0,0,0,543,64768,0,0,65532,26688
725,1000,0,0,0,2,2,8,5,18,6,53760,39936,65503,64758,82,32768,6,819,300,0,0,96,65167,0,0,65103,65167,0,65472,0,0,82,18,0,880,8320,32768,0,944,64,0,0,0,779,0,0,0,0,26624
725,1100,0,0,0,2,2,8,5,18,6,32512,38912,65448,65005,76,8192,10,815,378,0,0,0,63840,0,0,63840,0,0,0,0,0,76,12,0,912,0,32768,0,0,64,0,0,0,539,64768,0,0,65532,26688
726,1000,0,0,0,2,2,8,5,18,6,45312,37376,65503,64758,82,32768,6,819,297,0,0,96,65167,0,0,65103,65167,0,65472,0,0,82,18,0,880,8320,32768,0,944,64,0,0,0,779,0,0,32768,0,26624
726,1100,0,0,0,2,2,8,5,18,6,9984,34048,65467,65006,76,8192,10,815,376,0,0,0,64192,0,0,64192,0,0,0,0,0,76,12,0,912,0,32768,0,0,64,0,0,0,535,64768,0,0,11,26688
727,1000,0,0,0,2,2,8,5,18,6,36864,34816,65503,64757,82,32768,6,819,294,0,0,96,65167,0,0,65103,65167,0,65472,0,0,82,18,0,880,8320,32768,0,944,64,0,0,0,780,0,0,0,0,26624
727,1100,0,0,0,2,2,8,5,18,6,57856,29440,65484,64993,76,8192,10,814,374,0,0,0,64544,0,0,64544,0,0,0,0,0,76,12,0,912,0,32768,0,0,64,0,0,0,546,64768,0,0,65532,26688
728,1000,0,0,0,2,2,8,5,18,6,28416,32000,65503,64757,82,32768,6,819,291,0,0,96,65167,0,0,65103,65167,0,65472,0,0,82,18,0,880,8320,32768,0,944,64,0,0,0,780,0,0,32768,0,26624
728,1100,0,0,0,2,2,8,5,18,6,44544,21504,65496,64996,76,8192,10,814,372,0,0,0,64768,0,0,64768,0,0,0,0,0,76,12,0,912,0,32768,0,0,64,0,0,0,542,64768,0,0,65532,26688
729,1000,0,0,0,2,2,8,5,18,6,19968,29184,65503,64756,82,32768,6,819,288,0,0,96,65167,0,0,65103,65167,0,65472,0,0,82,18,0,880,8384,32768,0,944,64,0,0,0,781,0,0,0,0,26624
729,1100,0,0,0,2,2,8,5,18,6,34304,14336,65496,65000,76,8192,10,814,370,0,0,0,64768,0,0,64768,0,0,0,0,0,76,12,0,912,0,32768,0,0,64,0,0,0,538,64768,0,0,65532,26688
730,1000,0,0,0,2,2,8,5,18,6,11520,26112,65503,64756,82,32768,6,819,285,0,0,96,65167,0,0,65103,65167,0,65472,0,0,82,18,0,880,8384,32768,0,944,64,0,0,0,781,0,0,32768,0,26624
730,1100,0,0,0,2,2,8,5,18,6,24064,8192,65496,65004,76,8192,10,814,368,0,0,0,64768,0,0,64768,0,0,0,0,0,76,12,0,912,0,32768,0,0,64,0,0,0,534,64768,0,0,11,26688
731,1000,0,0,0,2,2,8,5,18,6,3072,23040,65503,64755,82,32768,6,819,282,0,0,96,65167,0,0,65103,65167,0,65472,0,0,82,18,0,880,8384,32768,0,944,64,0,0,0,782,0,0,0,0,26624
731,1100,0,0,0,2,2,8,5,18,6,13824,3072,65495,64993,76,8192,10,814,366,0,0,0,64768,0,0,64768,0,0,0,0,0,76,12,0,912,0,32768,0,0,64,0,0,0,545,64768,0,0,65532,26688
732,1000,0,0,0,2,2,8,5,18,6,60160,19712,65503,64755,82,32768,6,818,279,0,0,96,65167,0,0,65103,65167,0,65472,0,0,82,18,0,880,8384,32768,0,944,64,0,0,0,782,0,0,32768,0,26624
732,1100,0,0,0,2,2,8,5,18,6,3328,60672,65496,64997,76,8192,10,814,363,0,0,0,64768,0,0,64768,0,0,0,0,0,76,12,0,912,0,32768,0,0,64,0,0,0,541,64768,0,0,65532,26688
733,1000,0,0,0,2,2,8,5,18,6,51712,16384,65503,64754,82,32768,6,818,276,0,0,96,65167,0,0,65103,65167,0,65472,0,0,82,18,0,880,8384,32768,0,944,64,0,0,0,783,0,0,0,0,26624
733,1100,0,0,0,2,2,8,5,18,6,58624,53760,65496,65001,76,8192,10,813,361,0,0,0,64768,0,0,64768,0,0,0,0,0,76,12,0,912,0,32768,0,0,64,0,0,0,537,64768,0,0,65532,26688
734,1000,0,0,0,2,2,8,5,18,6,43264,12800,65503,64754,82,32768,6,818,273,0,0,96,65167,0,0,65103,65167,0,65472,0,0,82,18,0,880,8384,32768,0,944,64,0,0,0,783,0,0,32768,0,26624
734,1100,0,0,0,2,2,8,5,18,6,48384,47872,65496,65005,76,8192,10,813,359,0,0,0,64768,0,0,64768,0,0,0,0,0,76,12,0,912,0,32768,0,0,64,0,0,0,533,64768,0,0,11,26688
735,1000,0,0,0,2,2,8,5,18,6,34816,9216,65503,64753,76,32768,6,818,270,0,0,64,65167,0,0,65103,65167,0,65472,0,0,76,12,0,880,8384,32768,0,944,64,0,0,0,784,0,0,0,0,26624
735,1100,0,0,0,2,2,8,5,18,6,38144,43008,65495,64994,76,8192,10,813,357,0,0,0,64768,0,0,64768,0,0,0,0,0,76,12,0,912,0,32768,0,0,64,0,0,0,544,64768,0,0,65532,26688
736,1000,0,0,0,2,2,8,5,18,6,26368,5376,65503,64753,76,32768,6,818,267,0,0,64,65167,0,0,65103,65167,0,65472,0,0,76,12,0,880,8384,32768,0,944,64,0,0,0,784,0,0,32768,0,26624
736,1100,0,0,0,2,2,8,5,18,6,27648,35328,65496,64998,76,8192,10,813,355,0,0,0,64768,0,0,64768,0,0,0,0,0,76,12,0,912,0,32768,0,0,64,0,0,0,540,64768,0,0,65532,26688
737,1000,0,0,0,2,2,8,5,18,6,17920,1536,65503,64752,76,32768,6,818,264,0,0,64,65167,0,0,65103,65167,0,65472,0,0,76,12,0,880,8448,32768,0,944,64,0,0,0,785,0,0,0,0,26624
737,1100,0,0,0,2,2,8,5,18,6,17408,28672,65496,65002,76,8192,10,813,353,0,0,0,64768,0,0,64768,0,0,0,0,0,76,12,0,912,0,32768,0,0,64,0,0,0,536,64768,0,0,11,26688
738,1000,0,0,0,2,2,8,5,18,6,9472,62976,65503,64752,76,32768,6,818,260,0,0,64,65167,0,0,65103,65167,0,65472,0,0,76,12,0,880,8448,32768,0,944,64,0,0,0,785,0,0,32768,0,26624
738,1100,0,0,0,2,2,8,5,18,6,7168,23040,65495,64991,76,8192,10,813,351,0,0,0,64768,0,0,64768,0,0,0,0,0,76,12,0,912,0,32768,0,0,64,0,0,0,547,64768,0,0,65532,26688
739,1000,0,0,0,2,2,8,5,18,6,1024,58880,65503,64751,76,32768,6,818,257,0,0,64,65167,0,0,65103,65167,0,65472,0,0,76,12,0,880,8448,32768,0,944,64,0,0,0,786,0,0,0,0,26624
739,1100,0,0,0,2,2,8,5,18,6,62208,14592,65496,64995,76,8192,10,812,349,0,0,0,64768,0,0,64768,0,0,0,0,0,76,12,0,912,0,32768,0,0,64,0,0,0,543,64768,0,0,65532,26688
740,1000,0,0,0,2,2,8,5,18,6,58112,54528,65503,64751,76,32768,6,817,254,0,0,64,65167,0,0,65103,65167,0,65472,0,0,76,12,0,880,8448,32768,0,944,64,0,0,0,786,0,0,32768,0,26624
740,1100,0,0,0,2,2,8,5,18,6,51968,7168,65496,64999,76,8192,10,812,347,0,0,0,64768,0,0,64768,0,0,0,0,0,76,12,0,912,0,32768,0,0,64,0,0,0,539,64768,0,0,65532,26688
741,1000,0,0,0,2,2,8,5,18,6,49664,50176,65503,64750,76,32768,6,817,251,0,0,64,65167,0,0,65103,65167,0,65472,0,0,76,12,0,880,8448,32768,0,944,64,0,0,0,787,0,0,0,0,26624
741,1100,0,0,0,2,2,8,5,18,6,41728,768,65496,65003,76,8192,10,812,345,0,0,0,64768,0,0,64768,0,0,0,0,0,76,12,0,912,0,32768,0,0,64,0,0,0,535,64768,0,0,11,26688
742,1000,0,0,0,2,2,8,5,18,6,41216,45568,65503,64750,76,32768,6,817,248,0,0,64,65167,0,0,65103,65167,0,65472,0,0,76,12,0,880,8448,32768,0,944,64,0,0,0,787,0,0,32768,0,26624
742,1100,0,0,0,2,2,8,5,18,6,31488,60928,65495,64992,76,8192,10,812,342,0,0,0,64768,0,0,64768,0,0,0,0,0,76,12,0,912,0,32768,0,0,64,0,0,0,546,64768,0,0,65532,26688
743,1000,0,0,0,2,2,8,5,18,6,32768,40960,65503,64749,76,32768,6,817,245,0,0,64,65167,0,0,65103,65167,0,65472,0,0,76,12,0,880,8448,32768,0,944,64,0,0,0,788,0,0,0,0,26624
743,1100,0,0,0,2,2,8,5,18,6,20992,52736,65496,64996,76,8192,10,812,340,0,0,0,64768,0,0,64768,0,0,0,0,0,76,12,0,912,0,32768,0,0,64,0,0,0,542,64768,0,0,65532,26688
744,1000,512,0,0,2,2,8,5,18,6,24320,36096,65503,64749,76,32768,6,817,242,0,0,64,65167,0,0,65103,65167,0,65472,0,0,76,12,65448,880,8448,33282,0,944,64,0,0,0,788,0,0,32768,0,26624
744,1100,512,0,0,2,2,8,5,18,6,10752,45568,65496,65000,76,8192,10,812,338,0,0,0,64768,0,0,64768,0,0,0,0,0,76,12,0,912,0,32768,0,0,64,0,0,0,538,64768,0,0,65532,26688
745,1000,0,0,0,2,2,8,5,18,6,15872,31232,65503,64748,76,32768,6,817,239,0,0,64,65156,0,0,65092,65156,0,65472,0,0,76,12,65360,880,8512,33280,0,944,64,0,0,0,789,0,0,0,0,26624
745,1100,0,0,0,2,2,8,5,18,6,512,39424,65496,65004,76,8192,10,812,336,0,0,0,64768,0,0,64768,0,0,0,0,0,76,12,0,912,0,32768,0,0,64,0,0,0,534,64768,0,0,11,26688
746,1000,0,0,0,2,2,8,5,18,6,7424,26112,65502,64748,76,32768,6,817,236,0,0,64,65134,0,0,65070,65134,0,65472,0,0,76,12,65272,880,8512,512,0,944,64,0,0,0,789,0,0,32768,65526,26624
746,1100,0,0,0,2,2,8,5,18,6,55808,34304,65495,64993,76,8192,10,811,334,0,0,0,64768,0,0,64768,0,0,0,0,0,76,12,0,912,0,32768,0,0,64,0,0,0,545,64512,0,0,65532,26688
747,1000,0,0,0,2,2,8,5,18,6,64256,20992,65501,64757,76,32768,6,816,233,0,0,64,65101,0,0,65037,65101,0,65472,0,0,76,12,65184,880,8512,512,0,944,64,0,0,0,780,0,0,0,65526,26624
747,1100,0,0,0,2,2,8,5,18,6,45312,26368,65482,64998,76,8192,10,811,332,0,0,0,64512,0,0,64512,0,0,0,0,0,76,12,0,912,0,32768,0,0,64,0,0,0,541,64512,0,0,65532,26688
748,1000,0,0,0,2,2,8,5,18,6,55296,18176,65499,64767,76,32768,6,816,230,0,0,64,65057,0,0,64993,65057,0,65472,0,0,76,12,65096,880,8512,512,0,944,64,0,0,0,770,0,0,32768,65526,26624
748,1100,0,0,0,2,2,8,5,18,6,31488,19712,65483,65002,76,8192,10,811,330,0,0,0,64512,0,0,64512,0,0,0,0,0,76,12,0,912,0,32768,0,0,64,0,0,0,537,64512,0,0,65532,26688
749,1000,0,0,0,2,2,8,5,18,6,45824,17920,65496,64777,76,32768,6,816,227,0,0,64,65002,0,0,64938,65002,0,65472,0,0,76,12,65008,880,8512,512,0,944,64,0,0,0,761,0,0,0,65528,26624
749,1100,0,0,0,2,2,8,5,18,6,17920,14080,65483,65006,76,8192,10,811,328,0,0,0,64512,0,0,64512,0,0,0,0,0,76,12,0,912,0,32768,0,0,64,0,0,0,533,64512,0,0,11,26688
750,1000,0,0,0,2,2,8,5,18,6,35584,20224,65492,64785,76,32768,6,816,224,0,0,64,64936,0,0,64872,64936,0,65472,0,0,76,12,64920,880,8512,512,0,944,64,0,0,0,753,0,0,32768,65528,26624
750,1100,0,0,0,2,2,8,5,18,6,4352,9472,65482,64995,76,8192,10,811,326,0,0,0,64512,0,0,64512,0,0,0,0,0,76,12,0,912,0,32768,0,0,64,0,0,0,544,64512,0,0,65532,26688
751,1000,0,0,0,2,2,8,5,18,6,24320,24576,65488,64792,76,32768,6,816,221,0,0,64,64859,0,0,64795,64859,0,65472,0,0,76,12,64832,880,8512,512,0,944,64,0,0,0,746,0,0,0,65528,26624
751,1100,0,0,0,2,2,8,5,18,6,56064,2048,65483,64999,76,8192,10,810,324,0,0,0,64512,0,0,64512,0,0,0,0,0,76,12,0,912,0,32768,0,0,64,0,0,0,540,64512,0,0,65532,26688
752,1000,0,0,0,2,2,8,5,18,6,12032,30720,65483,64800,76,32768,6,816,218,0,0,64,64771,0,0,64707,64771,0,65472,0,0,76,12,64744,880,8512,512,0,944,64,0,0,0,738,0,0,32768,65528,26624
752,1100,0,0,0,2,2,8,5,18,6,42496,61184,65483,65003,76,8192,10,810,321,0,0,0,64512,0,0,64512,0,0,0,0,0,76,12,0,912,0,32768,0,0,64,0,0,0,536,64512,0,0,11,26688
753,1000,0,0,0,2,2,8,5,18,6,64000,38912,65477,64808,76,32768,6,815,215,0,0,64,64672,0,0,64608,64672,2,65472,0,0,76,12,64656,880,7872,512,0,944,64,0,0,0,731,0,0,0,65528,26624
753,1100,0,0,0,2,2,8,5,18,6,28928,55808,65482,64992,82,8192,10,810,319,0,0,0,64512,0,0,64512,0,0,0,0,0,82,18,0,912,0,32768,0,0,64,0,0,0,547,65024,0,0,65532,26688
754,1000,0,0,0,2,2,8,5,18,6,48896,49152,65471,64816,76,32768,6,815,212,0,0,64,64562,0,0,64498,64562,0,65472,0,0,76,12,64568,880,7872,512,0,944,64,0,0,0,723,65023,0,32768,65528,26624
754,1100,0,0,0,2,2,8,5,18,6,15104,47616,65501,64995,82,8192,10,810,317,0,0,0,64864,0,0,64864,0,0,0,0,0,82,18,0,912,0,32768,0,0,64,0,0,0,543,65024,0,0,65532,26688
755,1000,0,0,0,2,2,8,5,18,6,32256,61440,65464,64824,76,32768,6,815,209,0,0,64,64441,0,0,64377,64441,2,65472,0,0,76,12,64480,880,7872,512,0,944,64,0,0,0,716,0,0,0,65528,26624
755,1100,0,0,0,2,2,8,5,18,6,6144,40192,65509,64998,82,8192,10,810,315,0,0,0,65024,0,0,65024,0,0,0,0,0,82,18,0,912,0,32768,0,0,64,0,0,0,539,65024,0,0,65532,26688
756,1000,0,0,0,2,2,8,5,18,6,13824,10240,65457,64833,76,32768,6,815,207,0,0,64,64309,0,0,64245,64309,0,65472,0,0,76,12,64392,880,7872,512,0,944,64,0,0,0,708,65023,0,32768,65528,26624
756,1100,0,0,0,2,2,8,5,18,6,64768,33536,65509,65002,82,8192,10,809,313,0,0,0,65024,0,0,65024,0,0,0,0,0,82,18,0,912,0,32768,0,0,64,0,0,0,535,65024,0,0,11,26688
757,1000,0,0,0,2,2,8,5,18,6,59136,26880,65449,64841,76,32768,6,814,204,0,0,64,64166,0,0,64102,64166,2,65472,0,0,76,12,64304,880,7872,512,0,944,64,0,0,0,701,0,0,0,65528,26624
757,1100,0,0,0,2,2,8,5,18,6,57856,27904,65509,64991,82,8192,10,809,311,0,0,0,65024,0,0,65024,0,0,0,0,0,82,18,0,912,0,32768,0,0,64,0,0,0,546,65024,0,0,65532,26688
758,1000,0,0,0,2,2,8,5,18,6,36864,45568,65441,64850,76,32768,6,814,201,0,0,64,64012,0,0,63948,64012,0,65472,0,0,76,12,64216,880,7872,512,0,944,64,0,0,0,693,65023,0,32768,65528,26624
758,1100,0,0,0,2,2,8,5,18,6,50944,19456,65509,64995,82,8192,10,809,309,0,0,0,65024,0,0,65024,0,0,0,0,0,82,18,0,912,0,32768,0,0,64,0,0,0,542,65024,0,0,65532,26688
759,1000,0,0,0,2,2,8,5,18,6,12544,1024,65431,64858,76,32768,6,814,199,0,0,64,63847,0,0,63783,63847,2,65472,0,0,76,12,64128,880,7872,512,0,944,64,0,0,0,686,0,0,0,65528,26624
759,1100,0,0,0,2,2,8,5,18,6,44032,12032,65509,64999,82,8192,10,809,307,0,0,0,65024,0,0,65024,0,0,0,0,0,82,18,0,912,0,32768,0,0,64,0,0,0,538,65024,0,0,65532,26688
760,1000,0,0,0,2,2,8,5,18,6,51200,24064,65422,64868,76,32768,6,813,196,0,0,64,63671,0,0,63607,63671,0,65472,0,0,76,12,64040,880,7872,512,0,944,64,0,0,0,678,65023,0,32768,65528,26624
760,1100,0,0,0,2,2,8,5,18,6,37120,5632,65509,65003,82,8192,10,809,305,0,0,0,65024,0,0,65024,0,0,0,0,0,82,18,0,912,0,32768,0,0,64,0,0,0,534,65024,0,0,11,26688
761,1000,0,0,0,2,2,8,5,18,6,22016,49664,65412,64877,76,32768,6,813,193,0,0,64,63484,0,0,63420,63484,2,65472,0,0,76,12,63952,880,7232,512,0,944,64,0,0,0,671,0,0,0,65528,26624
761,1100,0,0,0,2,2,8,5,18,6,30208,256,65509,64992,82,8192,10,809,303,0,0,0,65024,0,0,65024,0,0,0,0,0,82,18,0,912,0,32768,0,0,64,0,0,0,545,65024,0,0,65532,26688
762,1000,0,0,0,2,2,8,5,18,6,55808,12032,65402,64887,76,32768,6,812,191,0,0,64,63286,0,0,63222,63286,0,65472,0,0,76,12,63864,880,7232,512,0,944,64,0,0,0,663,65023,0,32768,65528,26624
762,1100,0,0,0,2,2,8,5,18,6,23296,57600,65509,64996,82,8192,10,809,300,0,0,0,65024,0,0,65024,0,0,0,0,0,82,18,0,912,0,32768,0,0,64,0,0,0,541,65024,0,0,65532,26688
763,1000,0,0,0,2,2,8,5,18,6,21504,42496,65391,64897,76,32768,6,812,188,0,0,64,63077,0,0,63013,63077,2,65472,0,0,76,12,63776,880,7232,512,0,944,64,0,0,0,656,0,0,0,65528,26624
763,1100,0,0,0,2,2,8,5,18,6,16384,50432,65509,65000,82,8192,10,809,298,0,0,0,65024,0,0,65024,0,0,0,0,0,82,18,0,912,0,32768,0,0,64,0,0,0,537,65024,0,0,65532,26688
764,1000,0,0,0,2,2,8,5,18,6,49920,9984,65380,64907,76,32768,6,811,186,0,0,64,62857,0,0,62793,62857,0,65472,0,0,76,12,63688,880,7232,512,0,944,64,0,0,0,648,65023,0,32768,65528,26624
764,1100,0,0,0,2,2,8,5,18,6,9472,44288,65509,65004,82,8192,10,809,296,0,0,0,65024,0,0,65024,0,0,0,0,0,82,18,0,912,0,32768,0,0,64,0,0,0,533,65024,0,0,11,26688
765,1000,0,0,0,2,2,8,5,18,6,9984,45568,65369,64917,20,32768,6,811,183,0,0,64,62626,0,0,62562,62626,2,65472,0,0,20,12,63600,880,7232,33280,0,944,64,0,0,0,641,0,0,0,4,26624
765,1100,0,0,0,2,2,8,5,18,6,2560,39168,65509,64993,82,8192,10,809,294,0,0,0,65024,0,0,65024,0,0,0,0,0,82,18,0,912,0,32768,0,0,64,0,0,0,544,65024,0,0,65532,26688
766,1000,0,0,0,2,2,8,5,18,6,32768,18176,65354,64917,64,32768,6,810,181,0,0,32,62384,0,0,62320,62384,2,64,288,0,64,0,63512,880,7232,33280,0,944,64,0,0,0,645,32,0,0,4,26624
766,1100,0,0,0,2,2,8,5,18,6,61184,31232,65509,64997,82,8192,10,808,292,0,0,0,65024,0,0,65024,0,0,0,0,0,82,18,0,912,0,32768,0,0,64,0,0,0,540,65024,0,0,65532,26688
767,1000,0,0,0,2,2,8,5,18,6,51712,56320,65339,64918,64,32768,6,809,178,0,0,32,61843,0,0,62195,62131,2,128,576,0,64,0,63424,880,7232,33280,0,944,64,0,0,0,649,65312,0,0,4,26624
767,1100,0,0,0,2,2,8,5,18,6,54272,24320,65509,65001,82,8192,10,808,290,0,0,0,65024,0,0,65024,0,0,0,0,0,82,18,0,912,0,32768,0,0,64,0,0,0,536,65024,0,0,11,26688
768,1000,0,0,0,2,2,8,5,18,6,1280,29184,65330,64917,64,32768,6,809,176,0,0,32,61291,0,0,61995,61867,2,192,864,0,64,0,63336,880,7232,33280,0,944,64,0,0,0,653,65056,0,0,4,26624
768,1100,0,0,0,2,2,8,5,18,6,47360,18432,65509,64990,76,8192,10,808,288,0,0,0,65024,0,0,65024,0,0,0,0,0,76,12,0,912,0,32768,0,0,64,0,0,0,547,65024,0,0,65532,26688
769,1000,0,0,0,2,2,8,5,18,6,14080,1792,65317,64917,64,32768,6,808,174,0,0,32,60728,0,0,61784,61592,2,256,1152,0,64,0,63248,880,7744,33280,0,944,64,0,0,0,657,64800,0,0,4,26624
769,1100,0,0,0,2,2,8,5,18,6,40448,9728,65509,64994,76,8192,10,808,286,0,0,0,65024,0,0,65024,0,0,0,0,0,76,12,0,912,0,32768,0,0,64,0,0,0,543,64768,0,0,65532,26688
770,1000,0,0,0,2,2,8,5,18,6,23552,39936,65303,64918,64,32768,6,807,171,0,0,32,60154,0,0,61562,61306,2,320,1440,0,64,0,63160,880,7744,33280,0,944,64,0,0,0,661,64544,0,0,4,26624
770,1100,0,0,0,2,2,8,5,18,6,33536,2048,65496,64999,76,8192,10,808,284,0,0,0,64768,0,0,64768,0,0,0,0,0,76,12,0,912,0,32768,0,0,64,0,0,0,539,64768,0,0,65532,26688
771,1000,0,0,0,2,2,8,5,18,6,29440,12800,65288,64919,64,32768,6,806,169,0,0,32,59569,0,0,61329,61009,2,384,1728,0,64,0,63072,880,7744,33280,0,944,64,0,0,0,665,64288,0,0,4,26624
771,1100,0,0,0,2,2,8,5,18,6,23296,61184,65496,65003,76,8192,10,808,281,0,0,0,64768,0,0,64768,0,0,0,0,0,76,12,0,912,0,32768,0,0,64,0,0,0,535,64768,0,0,11,26688
772,1000,0,0,0,2,2,8,5,18,6,31488,51456,65273,64921,76,32768,6,805,166,0,0,64,58973,0,0,61085,60701,2,576,2112,0,76,12,63083,880,7744,33280,0,944,64,0,0,0,669,64000,0,0,4,26624
772,1100,0,0,0,2,2,8,5,18,6,13056,55808,65495,64992,76,8192,10,808,279,0,0,0,64768,0,0,64768,0,0,0,0,0,76,12,0,912,0,32768,0,0,64,0,0,0,546,64768,0,0,65532,26688
773,1000,0,0,0,2,2,8,5,18,6,29696,25088,65257,64924,76,32768,6,804,164,0,0,64,58282,0,0,60970,60394,2,768,2496,0,76,12,63083,880,7744,33280,0,944,64,0,0,0,673,63712,0,0,4,26624
773,1100,0,0,0,2,2,8,5,18,6,2560,47616,65496,64996,76,8192,10,808,277,0,0,0,64768,0,0,64768,0,0,0,0,0,76,12,0,912,0,32768,0,0,64,0,0,0,542,64768,0,0,65532,26688
774,1000,0,0,0,2,2,8,5,18,6,23808,65024,65248,64923,76,32768,6,803,161,0,0,64,57591,0,0,60855,60087,2,960,2880,0,76,12,63083,880,7744,33280,0,944,64,0,0,0,677,63424,0,0,4,26624
774,1100,0,0,0,2,2,8,5,18,6,57856,40448,65496,65000,76,8192,10,807,275,0,0,0,64768,0,0,64768,0,0,0,0,0,76,12,0,912,0,32768,0,0,64,0,0,0,538,64768,0,0,65532,26688
775,1000,0,0,0,2,2,8,5,18,6,15616,39168,65240,64923,76,32768,6,802,159,0,0,64,56900,0,0,60740,59780,2,1152,3264,0,76,12,63083,880,7744,33280,0,944,64,0,0,0,681,63136,0,0,4,26624
775,1100,0,0,0,2,2,8,5,18,6,47616,34304,65496,65004,76,8192,10,807,273,0,0,0,64768,0,0,64768,0,0,0,0,0,76,12,0,912,0,32768,0,0,64,0,0,0,534,64768,0,0,11,26688
776,1000,0,0,0,2,2,8,5,18,6,5376,13312,65231,64923,76,32768,6,801,157,0,0,64,56209,0,0,60625,59473,2,1344,3648,0,76,12,63083,880,7744,33280,0,944,64,0,4,0,685,62848,0,0,4,26624
776,1100,0,0,0,2,2,8,5,18,6,37376,29184,65495,64993,76,8192,10,807,271,0,0,0,64768,0,0,64768,0,0,0,0,0,76,12,0,912,0,32768,0,0,64,0,0,0,545,64768,0,0,65532,26688
777,1000,0,0,0,2,2,8,5,18,6,58368,52992,65223,64922,76,32768,6,799,154,0,0,64,55518,0,0,60510,59166,2,1536,4032,0,76,12,63083,880,8256,33280,0,944,64,0,4,0,689,62560,0,0,4,26624
777,1100,0,0,0,2,2,8,5,18,6,26880,21248,65496,64997,76,8192,10,807,269,0,0,0,64768,0,0,64768,0,0,0,0,0,76,12,0,912,0,32768,0,0,64,0,0,0,541,64768,0,0,65532,26688
778,1000,0,0,0,2,2,8,5,18,6,43776,26880,65214,64922,76,32768,6,798,152,0,0,64,54827,0,0,60395,58859,2,1728,4416,0,76,12,63083,880,8256,33280,0,944,64,0,4,0,693,62272,0,0,4,26624
778,1100,0,0,0,2,2,8,5,18,6,16640,14336,65496,65001,76,8192,10,807,267,0,0,0,64768,0,0,64768,0,0,0,0,0,76,12,0,912,0,32768,0,0,64,0,0,0,537,64768,0,0,65532,26688
779,1000,0,0,0,2,2,8,5,18,6,26880,768,65206,64922,76,32768,6,797,150,0,0,64,54136,0,0,60280,58552,2,1920,4800,0,76,12,63083,880,8256,33280,0,944,64,0,4,0,697,61984,0,0,4,26624
779,1100,0,0,0,2,2,8,5,18,6,6400,8448,65496,65005,76,8192,10,807,265,0,0,0,64768,0,0,64768,0,0,0,0,0,76,12,0,912,0,32768,0,0,64,0,0,0,533,64768,0,0,11,26688
780,1000,0,0,0,2,2,8,5,18,6,7936,40192,65197,64923,76,32768,6,796,147,0,0,64,53445,0,0,60165,58245,2,2112,5184,0,76,12,63083,880,8256,33280,0,944,64,0,4,0,701,61696,0,0,4,26624
780,1100,0,0,0,2,2,8,5,18,6,61696,3584,65495,64994,76,8192,10,806,263,0,0,0,64768,0,0,64768,0,0,0,0,0,76,12,0,912,0,32768,0,0,64,0,0,0,544,64768,0,0,65532,26688
781,1000,0,0,0,2,2,8,5,18,6,52224,14336,65188,64923,76,32768,6,794,145,0,0,64,52754,0,0,60050,57938,2,1824,4800,0,76,12,63083,880,8256,512,0,944,64,0,0,0,705,62209,0,0,65528,26624
781,1100,0,0,0,2,2,8,5,18,6,51200,61440,65496,64998,76,8192,10,806,260,0,0,0,64768,0,0,64768,0,0,0,0,0,76,12,0,912,0,32768,0,0,64,0,0,0,540,64768,0,0,65532,26688
782,1000,0,0,0,2,2,8,5,18,6,28672,54016,65186,64934,20,32768,6,793,142,0,0,64,52831,0,0,59455,57631,2,1536,4416,0,20,12,63083,880,8256,512,0,944,64,0,0,0,697,62722,0,0,65528,26624
782,1100,0,0,0,2,2,8,5,18,6,40960,54784,65496,65002,76,8192,10,806,258,0,0,0,64768,0,0,64768,0,0,0,0,0,76,12,0,912,0,32768,0,0,64,0,0,0,536,64768,0,0,11,26688
783,1000,0,0,0,2,2,8,5,18,6,4608,30976,65156,64961,20,32768,6,792,140,0,0,64,52908,0,0,58860,57324,2,1248,4032,0,20,12,63083,880,8256,512,0,944,64,0,0,0,689,63235,0,0,65528,26624
783,1100,0,0,0,2,2,8,5,18,6,30720,49152,65495,64991,76,8192,10,806,256,0,0,0,64768,0,0,64768,0,0,0,0,0,76,12,0,912,0,32768,0,0,64,0,0,0,547,64768,0,0,65532,26688
784,1000,0,0,0,2,2,8,5,18,6,38400,14848,65129,64990,20,32768,6,790,138,0,0,64,52985,0,0,58265,57017,2,960,3648,0,20,12,63083,880,8256,512,0,944,64,0,0,0,681,63748,0,0,65528,26624
784,1100,0,0,0,2,2,8,5,18,6,20224,40704,65496,64995,76,8192,10,806,254,0,0,0,64768,0,0,64768,0,0,0,0,0,76,12,0,912,0,32768,0,0,64,0,0,0,543,64768,0,0,65532,26688
785,1000,0,0,0,2,2,8,5,18,6,65280,6144,65103,65020,20,32768,6,788,136,0,0,64,53062,0,0,57670,56710,2,672,3264,0,20,12,63083,880,7616,512,0,944,64,0,0,0,673,64261,0,0,65528,26624
785,1100,0,0,0,2,2,8,5,18,6,9984,33280,65496,64999,76,8192,10,806,252,0,0,0,64768,0,0,64768,0,0,0,0,0,76,12,0,912,0,32768,0,0,64,0,0,0,539,64768,0,0,65532,26688
786,1000,0,0,0,2,2,8,5,18,6,19968,5120,65080,65052,20,32768,6,787,134,0,0,64,53139,0,0,57075,56403,2,384,2880,0,20,12,63083,880,7616,512,0,944,64,0,0,0,665,64774,0,0,65528,26624
786,1100,0,0,0,2,2,8,5,18,6,65280,26880,65496,65003,76,8192,10,805,250,0,0,0,64768,0,0,64768,0,0,0,0,0,76,12,0,912,0,32768,0,0,64,0,0,0,535,64768,0,0,11,26688
787,1000,0,0,0,2,2,8,5,18,6,34304,12288,65059,65084,20,32768,6,785,132,0,0,64,53216,0,0,56480,56096,2,576,3264,0,20,12,63083,880,7616,33280,0,944,64,0,0,0,657,64486,0,0,4,26624
787,1100,0,0,0,2,2,8,5,18,6,55040,21504,65495,64992,76,8192,10,805,248,0,0,0,64768,0,0,64768,0,0,0,0,0,76,12,0,912,0,32768,0,0,64,0,0,0,546,64768,0,0,65532,26688
788,1000,0,0,0,2,2,8,5,18,6,43264,27648,65031,65109,76,32768,6,783,130,0,0,64,52525,0,0,56365,55789,2,768,3648,0,76,12,63083,880,7616,33280,0,944,64,0,4,0,661,64198,0,0,4,26624
788,1100,0,0,0,2,2,8,5,18,6,44544,13312,65496,64996,76,8192,10,805,246,0,0,0,64768,0,0,64768,0,0,0,0,0,76,12,0,912,0,32768,0,0,64,0,0,0,542,64768,0,0,65532,26688
789,1000,0,0,0,2,2,8,5,18,6,45056,49408,65023,65112,76,32768,6,781,128,0,0,64,51834,0,0,56250,55482,2,960,4032,0,76,12,63083,880,7616,33280,0,944,64,0,4,0,665,63910,0,0,4,26624
789,1100,0,0,0,2,2,8,5,18,6,34304,6144,65496,65000,76,8192,10,805,244,0,0,0,64768,0,0,64768,0,0,0,0,0,76,12,0,912,0,32768,0,0,64,0,0,0,538,64768,0,0,65532,26688
790,1000,0,0,0,2,2,8,5,18,6,44800,6400,65016,65116,76,32768,6,779,127,0,0,64,51143,0,0,56135,55175,2,1152,4416,0,76,12,63083,880,7616,33280,0,944,64,0,4,0,669,63622,0,0,4,26624
790,1100,0,0,0,2,2,8,5,18,6,24064,0,65496,65004,76,8192,10,805,242,0,0,0,64768,0,0,64768,0,0,0,0,0,76,12,0,912,0,32768,0,0,64,0,0,0,534,64768,0,0,11,26688
791,1000,0,0,0,2,2,8,5,18,6,42752,29952,65008,65119,76,32768,6,777,125,0,0,64,50452,0,0,56020,54868,2,1344,4800,0,76,12,63083,880,7616,33280,0,944,64,0,4,0,673,63334,0,0,4,26624
791,1100,0,0,0,2,2,8,5,18,6,13824,60416,65495,64993,76,8192,10,805,239,0,0,0,64768,0,0,64768,0,0,0,0,0,76,12,0,912,0,32768,0,0,64,0,0,0,545,64512,0,0,65532,26688
792,1000,0,0,0,2,2,8,5,18,6,38656,54272,65000,65122,76,32768,6,775,123,0,0,64,49761,0,0,55905,54561,2,1536,5184,0,76,12,63083,880,7616,33280,0,944,64,0,4,0,677,63046,0,0,4,26624
792,1100,0,0,0,2,2,8,5,18,6,3328,52480,65482,64998,76,8192,10,805,237,0,0,0,64512,0,0,64512,0,0,0,0,0,76,12,0,912,0,32768,0,0,64,0,0,0,541,64512,0,0,65532,26688
793,1000,0,0,0,2,2,8,5,18,6,32512,13824,64992,65126,76,32768,6,773,122,0,0,64,49070,0,0,55790,54254,2,1728,5568,0,76,12,63083,880,8128,33280,0,944,64,0,4,0,681,62758,0,0,4,26624
793,1100,0,0,0,2,2,8,5,18,6,55040,45824,65483,65002,76,8192,10,804,235,0,0,0,64512,0,0,64512,0,0,0,0,0,76,12,0,912,0,32768,0,0,64,0,0,0,537,64512,0,0,65532,26688
794,1000,0,0,0,2,2,8,5,18,6,24320,39936,64985,65129,76,32768,6,771,120,0,0,64,48379,0,0,55675,53947,2,1920,5952,0,76,12,63083,880,8128,33280,0,944,64,0,4,0,685,62470,0,0,4,26624
794,1100,0,0,0,2,2,8,5,18,6,41472,40192,65483,65006,76,8192,10,804,233,0,0,0,64512,0,0,64512,0,0,0,0,0,76,12,0,912,0,32768,0,0,64,0,0,0,533,64512,0,0,11,26688
795,1000,0,0,0,2,2,8,5,18,6,14336,1280,64977,65133,76,32768,6,769,119,0,0,64,47688,0,0,55560,53640,2,2112,6336,0,76,12,63083,880,8128,33280,0,944,64,0,4,0,689,62182,0,0,4,26624
795,1100,0,0,0,2,2,8,5,18,6,27904,35584,65482,64995,76,8192,10,804,231,0,0,0,64512,0,0,64512,0,0,0,0,0,76,12,0,912,0,32768,0,0,64,0,0,0,544,64512,0,0,65532,26688
796,1000,0,0,0,2,2,8,5,18,6,2304,29184,64969,65137,76,32768,6,767,117,0,0,64,46997,0,0,55445,53333,2,2304,6720,0,76,12,63083,880,8128,33280,0,944,64,0,36,0,693,61894,0,0,4,26624
796,1100,0,0,0,2,2,8,5,18,6,14080,28160,65483,64999,76,8192,10,804,229,0,0,0,64512,0,0,64512,0,0,0,0,0,76,12,0,912,0,32768,0,0,64,0,0,0,540,64512,0,0,65532,26688
797,1000,0,0,0,2,2,8,5,18,6,53760,58112,64962,65141,76,32768,6,764,115,0,0,64,46306,0,0,55330,53026,2,2496,7104,0,76,12,63083,880,8128,33280,0,944,64,0,36,0,697,61606,0,0,4,26624
797,1100,0,0,0,2,2,8,5,18,6,512,21760,65483,65003,76,8192,10,804,227,0,0,0,64512,0,0,64512,0,0,0,0,0,76,12,0,912,0,32768,0,0,64,0,0,0,536,64512,0,0,11,26688
798,1000,0,0,0,2,2,8,5,18,6,37888,22528,64954,65145,76,32768,6,762,114,0,0,64,45615,0,0,55215,52719,2,2688,7488,0,76,12,63083,880,8128,33280,0,944,64,0,36,0,701,61318,0,0,4,26624
798,1100,0,0,0,2,2,8,5,18,6,52480,16384,65482,64992,76,8192,10,803,225,0,0,0,64512,0,0,64512,0,0,0,0,0,76,12,0,912,0,32768,0,0,64,0,0,0,547,64512,0,0,65532,26688
799,1000,0,0,0,2,2,8,5,18,6,19968,53504,64946,65149,76,32768,6,760,112,0,0,64,44924,0,0,55100,52412,2,2400,7104,0,76,12,63211,880,8128,32768,0,944,64,0,0,0,705,61831,0,0,2,26624
799,1100,0,0,0,2,2,8,5,18,6,38656,8192,65482,64996,76,8192,10,803,223,0,0,0,64512,0,0,64512,0,0,0,0,0,76,12,0,912,0,32768,0,0,64,0,0,0,543,60416,0,0,65532,26688
800,1000,0,0,0,2,2,8,5,18,6,0,19968,64940,65155,76,32768,6,758,111,0,0,64,45017,0,0,54521,52121,2,2112,6720,0,76,12,63339,880,8128,32768,0,944,64,0,0,0,707,62344,0,0,2,26624
800,1100,0,0,0,2,2,8,5,18,6,24832,1024,65465,65002,76,8192,10,803,221,0,0,0,64160,0,0,64160,0,0,0,0,0,76,12,0,912,0,32768,0,0,64,0,0,0,539,60416,0,0,65532,26688
801,1000,0,0,0,2,2,8,5,18,6,44032,53504,64918,65187,76,32768,6,755,109,0,0,64,45126,0,0,53958,51846,2,1824,6336,0,76,12,63467,880,8640,32768,0,944,64,0,0,0,709,62857,0,0,2,26624
801,1100,0,0,0,2,2,8,5,18,6,6656,60928,65447,65009,76,8192,10,803,218,0,0,0,63808,0,0,63808,0,0,0,0,0,76,12,0,912,0,32768,0,0,64,0,0,0,535,60416,0,0,11,26688
802,1000,0,0,0,2,2,8,5,18,6,16896,29696,64899,65220,76,32768,6,753,108,0,0,64,45251,0,0,53411,51587,2,1536,5952,0,76,12,63595,880,8640,32768,0,944,64,0,0,0,711,63370,0,0,2,26624
802,1100,0,0,0,2,2,8,5,18,6,49408,57088,65427,65001,76,8192,10,802,216,0,0,0,63456,0,0,63456,0,0,0,0,0,76,12,0,912,0,32768,0,0,64,0,0,0,546,60416,0,0,65532,26688
803,1000,0,0,0,2,2,8,5,18,6,50432,14336,64881,65253,76,32768,6,750,107,0,0,64,45392,0,0,52880,51344,2,1248,5568,0,76,12,63723,880,8640,32768,0,944,64,0,0,0,713,63883,0,0,2,26624
803,1100,0,0,0,2,2,8,5,18,6,21504,51200,65410,65009,76,8192,10,802,214,0,0,0,63104,0,0,63104,0,0,0,0,0,76,12,0,912,0,32768,0,0,64,0,0,0,542,60416,0,0,65532,26688
804,1000,0,0,0,2,2,8,5,18,6,13824,7424,64866,65286,76,32768,6,748,106,0,0,64,45549,0,0,52365,51117,2,960,5184,0,76,12,63851,880,8640,32768,0,944,64,0,0,0,715,64396,0,0,2,26624
804,1100,0,0,0,2,2,8,5,18,6,54784,47360,65394,65017,76,8192,10,801,212,0,0,0,62752,0,0,62752,0,0,0,0,0,76,12,0,912,0,32768,0,0,64,0,0,0,538,60416,0,0,65532,26688
805,1000,0,0,0,2,2,8,5,18,6,38912,8960,64852,65319,76,32768,6,745,105,0,0,64,45722,0,0,51866,50906,2,672,4800,0,76,12,63979,880,8640,32768,0,944,64,0,0,0,717,64909,0,0,2,26624
805,1100,0,0,0,2,2,8,5,18,6,18432,45568,65377,65026,76,8192,10,801,210,0,0,0,62400,0,0,62400,0,0,0,0,0,76,12,0,912,0,32768,0,0,64,0,0,0,534,60416,0,0,11,26688
806,1000,0,0,0,2,2,8,5,18,6,60416,18944,64841,65352,76,32768,6,742,104,0,0,64,45911,0,0,51383,50711,2,384,4416,0,76,12,64107,880,8640,32768,0,944,64,0,0,0,719,65422,0,0,2,26624
806,1100,0,0,0,2,2,8,5,18,6,43264,46080,65357,65022,76,8192,10,800,208,0,0,0,62048,0,0,62048,0,0,0,0,0,76,12,0,912,0,32768,0,0,64,0,0,0,545,60416,0,0,65532,26688
807,1000,0,0,0,2,2,8,5,18,6,13568,37376,64831,65383,76,32768,6,740,103,0,0,64,46116,0,0,50916,50532,2,96,4032,0,76,12,64235,880,8640,32768,0,944,64,0,0,0,721,399,0,0,2,26624
807,1100,0,0,0,2,2,8,5,18,6,62976,45568,65341,65032,76,8192,10,799,206,0,0,0,61696,0,0,61696,0,0,0,0,0,76,12,0,912,0,32768,0,0,64,0,0,0,541,60928,0,0,65532,26688
808,1000,0,0,0,2,2,8,5,18,6,29696,63744,64823,65415,76,32768,6,737,102,0,0,64,46337,0,0,50465,50369,0,96,3648,0,76,12,64363,880,8640,32768,0,944,64,0,0,0,723,65422,0,0,2,26624
808,1100,0,0,0,2,2,8,5,18,6,13056,47616,65325,65042,76,8192,10,799,204,0,0,0,61344,0,0,61344,0,0,0,0,0,76,12,0,912,0,32768,0,0,64,0,0,0,537,60928,0,0,65532,26688
809,1000,0,0,0,2,2,8,5,18,6,43776,32768,64816,65445,76,32768,6,734,102,0,0,64,46574,0,0,50318,50222,2,96,3648,0,76,12,64491,880,8704,32768,0,944,64,0,0,0,725,0,0,0,2,26624
809,1100,0,0,0,2,2,8,5,18,6,24576,52224,65308,65055,76,8192,10,798,202,0,0,0,60928,0,0,60928,0,0,0,0,0,76,12,0,912,0,32768,0,0,64,0,0,0,533,60928,0,0,11,26688
810,1000,0,0,0,2,2,8,5,18,6,56064,9472,64813,65455,76,32768,6,731,102,0,0,64,46443,0,0,50187,50091,0,96,3264,0,76,12,64619,880,8704,32768,0,944,64,0,0,0,727,65023,0,0,2,26624
810,1100,0,0,0,2,2,8,5,18,6,31744,60160,65303,65045,76,8192,10,797,200,0,0,0,60928,0,0,60928,0,0,0,0,0,76,12,0,912,0,32768,0,0,64,0,0,0,544,60928,0,0,65532,26688
811,1000,0,0,0,2,2,8,5,18,6,2048,54272,64810,65464,76,32768,6,729,101,0,0,64,46712,0,0,50072,49976,2,96,3264,0,76,12,64747,880,8704,32768,0,944,64,0,0,0,729,0,0,0,2,26624
811,1100,0,0,0,2,2,8,5,18,6,37632,0,65305,65048,76,8192,10,796,199,0,0,0,60928,0,0,60928,0,0,0,0,0,76,12,0,912,0,32768,0,0,64,0,0,0,540,60928,0,0,65532,26688
812,1000,0,0,0,2,2,8,5,18,6,12800,35840,64807,65472,76,32768,6,726,101,0,0,64,46613,0,0,49973,49877,0,96,2880,0,76,12,64875,880,8704,32768,0,944,64,0,0,0,731,65023,0,0,2,26624
812,1100,0,0,0,2,2,8,5,18,6,44032,6144,65306,65052,76,8192,10,795,197,0,0,0,60928,0,0,60928,0,0,0,0,0,76,12,0,912,0,32768,0,0,64,0,0,0,536,60928,0,0,11,26688
813,1000,0,0,0,2,2,8,5,18,6,22784,19456,64805,65479,76,32768,6,723,101,0,0,64,46914,0,0,49890,49794,0,96,2496,0,76,12,65003,880,8704,32768,0,944,64,0,0,0,733,0,0,0,2,26624
813,1100,0,0,0,2,2,8,5,18,6,50688,13312,65302,65042,76,8192,10,794,195,0,0,0,60928,0,0,60928,0,0,0,0,0,76,12,0,912,0,32768,0,0,64,0,0,0,547,60928,0,0,65532,26688
814,1000,0,0,0,2,2,8,5,18,6,32256,4864,64802,65485,76,32768,6,720,101,0,0,64,47231,0,0,49823,49727,0,96,2112,0,76,12,65131,880,8704,32768,0,944,64,0,0,0,735,0,0,0,2,26624
814,1100,0,0,0,2,2,8,5,18,6,56320,17920,65303,65046,76,8192,10,793,193,0,0,0,60928,0,0,60928,0,0,0,0,0,76,12,0,912,0,32768,0,0,64,0,0,0,543,60928,0,0,65532,26688
815,1000,512,0,0,2,2,8,5,18,6,40960,57344,64800,65489,76,32768,6,717,100,0,0,64,47564,0,0,49772,49676,0,96,1728,0,76,12,65043,880,8704,33282,0,944,64,0,0,0,737,0,0,0,2,26624
815,1100,512,0,0,2,2,8,5,18,6,62208,23552,65305,65049,76,8192,10,792,191,0,0,0,60928,0,0,60928,0,0,0,0,0,76,12,0,912,0,32768,0,0,64,0,0,0,539,60416,0,0,65532,26688
816,1000,0,0,0,2,2,8,5,18,6,49152,45312,64798,65493,76,32768,6,714,100,0,0,64,47886,0,0,49710,49614,0,96,1344,0,76,12,64955,880,8704,33280,0,944,64,0,0,0,739,0,0,0,2,26624
816,1100,0,0,0,2,2,8,5,18,6,3072,29952,65283,65065,76,8192,10,792,189,0,0,0,60416,0,0,60416,0,0,0,0,0,76,12,0,912,0,32768,0,0,64,0,0,0,535,60416,0,0,11,26688
817,1000,0,0,0,2,2,8,5,18,6,56832,34304,64795,65497,76,32768,6,711,100,0,0,64,48197,0,0,49637,49541,0,96,960,0,76,12,64867,880,8768,33280,0,944,64,0,0,0,741,0,0,0,2,26624
817,1100,0,0,0,2,2,8,5,18,6,3840,40448,65278,65055,76,8192,10,791,187,0,0,0,60416,0,0,60416,0,0,0,0,0,76,12,0,912,0,32768,0,0,64,0,0,0,546,60416,0,0,65532,26688
818,1000,0,0,0,2,2,8,5,18,6,63744,24320,64793,65502,76,32768,6,708,100,0,0,64,48497,0,0,49553,49457,0,96,576,0,76,12,64995,880,8768,32768,0,944,64,0,0,0,743,0,0,0,2,26624
818,1100,0,0,0,2,2,8,5,18,6,3328,48384,65280,65059,76,8192,10,790,185,0,0,0,60416,0,0,60416,0,0,0,0,0,76,12,0,912,0,32768,0,0,64,0,0,0,542,60416,0,0,65532,26688
819,1000,0,0,0,2,2,8,5,18,6,4608,15616,64791,65508,76,32768,6,706,100,0,0,64,48813,0,0,49485,49389,0,96,192,0,76,12,65123,880,8768,32768,0,944,64,0,0,0,745,0,0,0,2,26624
819,1100,0,0,0,2,2,8,5,18,6,3328,57344,65282,65062,76,8192,10,789,183,0,0,0,60416,0,0,60416,0,0,0,0,0,76,12,0,912,0,32768,0,0,64,0,0,0,538,60416,0,0,65532,26688
820,1000,0,0,0,2,2,8,5,18,6,10496,8448,64789,65513,76,32768,6,703,100,0,0,64,49145,0,0,49433,49337,0,96,0,0,76,12,65251,880,8768,32768,0,944,64,0,0,0,747,0,0,0,2,26624
820,1100,0,0,0,2,2,8,5,18,6,3840,1536,65284,65066,76,8192,10,788,182,0,0,0,60416,0,0,60416,0,0,0,0,0,76,12,0,912,0,32768,0,0,64,0,0,0,534,60416,0,0,11,26688
821,1000,0,0,0,2,2,8,5,18,6,15872,2560,64787,65516,76,32768,6,700,100,0,0,64,49301,0,0,49397,49301,0,96,0,0,76,12,65379,880,8768,32768,0,944,64,0,0,0,749,0,0,0,2,26624
821,1100,0,0,0,2,2,8,5,18,6,4864,12288,65279,65056,76,8192,10,787,180,0,0,0,60416,0,0,60416,0,0,0,0,0,76,12,0,912,0,32768,0,0,64,0,0,0,545,60416,0,0,65532,26688
822,1000,0,0,0,2,2,8,5,18,6,20736,62976,64785,65519,76,32768,6,697,99,0,0,64,49281,0,0,49377,49281,0,96,0,0,76,12,65507,880,8768,32768,0,944,64,0,0,0,751,0,0,0,2,26624
822,1100,0,0,0,2,2,8,5,18,6,4608,20480,65280,65059,76,8192,10,786,178,0,0,0,60416,0,0,60416,0,0,0,0,0,76,12,0,912,0,32768,0,0,64,0,0,0,541,60416,0,0,65532,26688
823,1000,0,0,0,2,2,8,5,18,6,25088,58624,64783,65520,76,32768,6,694,99,0,0,64,49277,0,0,49373,49277,0,96,0,0,76,12,0,880,8768,32768,0,944,64,0,0,0,753,0,0,0,2,26624
823,1100,0,0,0,2,2,8,5,18,6,4608,29440,65282,65063,76,8192,10,785,176,0,0,0,60416,0,0,60416,0,0,0,0,0,76,12,0,912,0,32768,0,0,64,0,0,0,537,60416,0,0,65532,26688
824,1000,0,0,0,2,2,8,5,18,6,28928,54528,64781,65520,76,32768,6,691,99,0,0,64,49277,0,0,49373,49277,0,96,0,0,76,12,0,880,8768,32768,0,944,64,0,0,0,755,0,0,0,2,26624
824,1100,0,0,0,2,2,8,5,18,6,5120,39424,65284,65066,76,8192,10,784,174,0,0,0,60416,0,0,60416,0,0,0,0,0,76,12,0,912,0,32768,0,0,64,0,0,0,533,59392,0,0,11,26688
825,1000,0,0,0,2,2,8,5,18,6,32256,50432,64779,65520,76,32768,6,688,99,0,0,64,49277,0,0,49373,49277,0,96,0,0,76,12,0,880,8832,32768,0,944,64,0,0,0,757,0,0,0,2,26624
825,1100,0,0,0,2,2,8,5,18,6,6144,50176,65263,65066,76,8192,10,783,172,0,0,0,60064,0,0,60064,0,0,0,0,0,76,12,0,912,0,32768,0,0,64,0,0,0,544,61184,0,0,65532,26688
826,1000,0,0,0,2,2,8,5,18,6,35072,46336,64777,65520,76,32768,6,685,99,0,0,64,49277,0,0,49373,49277,0,96,0,0,76,12,0,880,8832,32768,0,944,64,0,0,0,759,0,0,0,2,26624
826,1100,0,0,0,2,2,8,5,18,6,1792,60928,65281,65060,76,8192,10,782,170,0,0,0,60416,0,0,60416,0,0,0,0,0,76,12,0,912,0,32768,0,0,64,0,0,0,540,61184,0,0,65532,26688
827,1000,0,0,0,2,2,8,5,18,6,37376,42240,64775,65520,76,32768,6,682,99,0,0,64,49277,0,0,49373,49277,0,96,0,0,76,12,0,880,8832,32768,0,944,64,0,0,0,761,0,0,0,2,26624
827,1100,0,0,0,2,2,8,5,18,6,2048,4608,65299,65055,76,8192,10,781,169,0,0,0,60768,0,0,60768,0,0,0,0,0,76,12,0,912,0,32768,0,0,64,0,0,0,536,61184,0,0,11,26688
828,1000,0,0,0,2,2,8,5,18,6,39168,38144,64773,65520,76,32768,6,679,99,0,0,64,49277,0,0,49373,49277,0,96,0,0,76,12,0,880,8832,32768,0,944,64,0,0,0,763,0,0,0,2,26624
828,1100,0,0,0,2,2,8,5,18,6,6912,12544,65314,65036,20,8192,10,780,167,0,0,0,61184,0,0,61184,0,0,0,0,0,20,12,0,912,0,32768,0,0,64,0,0,0,547,61184,0,0,65532,26688
829,1000,0,0,0,2,2,8,5,18,6,40448,34048,64771,65520,76,32768,6,676,99,0,0,64,49277,0,0,49373,49277,0,96,0,0,76,12,0,880,8832,32768,0,944,64,0,0,0,765,0,0,0,2,26624
829,1100,0,0,0,2,2,8,5,18,6,15616,15616,65315,65040,20,8192,10,779,165,0,0,0,61184,0,0,61184,0,0,0,0,0,20,12,0,912,0,32768,0,0,64,0,0,0,543,61184,0,0,65532,26688
830,1000,0,0,0,2,2,8,5,18,6,41216,29952,64769,65520,76,32768,6,673,99,0,0,64,49277,0,0,49373,49277,0,96,0,0,76,12,0,880,8832,32768,0,944,64,0,0,0,767,0,0,0,2,26624
830,1100,0,0,0,2,2,8,5,18,6,24576,19712,65317,65044,20,8192,10,778,163,0,0,0,61184,0,0,61184,0,0,0,0,0,20,12,0,912,0,32768,0,0,64,0,0,0,539,61184,0,0,65532,26688
831,1000,0,0,0,2,2,8,5,18,6,41472,25856,64767,65520,76,32768,6,670,99,0,0,64,49277,0,0,49373,49277,0,96,0,0,76,12,0,880,8832,32768,0,944,64,0,0,0,769,0,0,0,0,26624
831,1100,0,0,0,2,2,8,5,18,6,34048,24832,65319,65047,20,8192,10,777,161,0,0,0,61184,0,0,61184,0,0,0,0,0,20,12,0,912,0,32768,0,0,64,0,0,0,535,61184,0,0,11,26688
832,1000,512,0,0,2,2,8,5,18,6,41216,21760,64767,65520,76,32768,6,667,99,0,0,64,49277,0,0,49373,49277,0,96,0,0,76,12,65448,880,8832,33282,0,944,64,0,0,0,769,0,0,32768,0,26624
832,1100,512,0,0,2,2,8,5,18,6,44032,30720,65314,65037,20,8192,10,776,159,0,0,0,61184,0,0,61184,0,0,0,0,0,20,12,0,912,0,32768,0,0,64,0,0,0,546,60160,0,0,65532,26688
833,1000,0,0,0,2,2,8,5,18,6,40960,17664,64766,65520,76,32768,6,664,99,0,0,64,49266,0,0,49362,49266,0,96,0,0,76,12,65360,880,8896,33280,0,944,64,0,0,0,770,0,0,0,0,26624
833,1100,0,0,0,2,2,8,5,18,6,52736,34048,65299,65049,20,8192,10,775,157,0,0,0,60832,0,0,60832,0,0,0,0,0,20,12,0,912,0,32768,0,0,64,0,0,0,542,60160,0,0,65532,26688
834,1000,0,0,0,2,2,8,5,18,6,40448,13568,64766,65521,76,32768,6,661,99,0,0,64,49244,0,0,49340,49244,0,96,0,0,76,12,65272,880,8896,33280,0,944,64,0,0,0,770,0,0,32768,0,26624
834,1100,0,0,0,2,2,8,5,18,6,57600,40448,65285,65060,20,8192,10,774,155,0,0,0,60480,0,0,60480,0,0,0,0,0,20,12,0,912,0,32768,0,0,64,0,0,0,538,60160,0,0,65532,26688
835,1000,0,0,0,2,2,8,5,18,6,39936,9728,64765,65523,76,32768,6,658,99,0,0,64,49211,0,0,49307,49211,0,96,0,0,76,12,65184,880,8896,33280,0,944,64,0,0,0,771,0,0,0,0,26624
835,1100,0,0,0,2,2,8,5,18,6,58880,49664,65272,65072,20,8192,10,773,153,0,0,0,60160,0,0,60160,0,0,0,0,0,20,12,0,912,0,32768,0,0,64,0,0,0,534,60160,0,0,11,26688
836,1000,0,0,0,2,2,8,5,18,6,39168,6400,64765,65525,76,32768,6,655,99,0,0,64,49167,0,0,49263,49167,0,96,0,0,76,12,65096,880,8896,33280,0,944,64,0,0,0,771,0,0,32768,0,26624
836,1100,0,0,0,2,2,8,5,18,6,56832,61952,65267,65062,76,8192,10,772,151,0,0,0,60160,0,0,60160,0,0,0,0,0,76,12,0,912,0,32768,0,0,64,0,0,0,545,60160,0,0,65532,26688
837,1000,0,0,0,2,2,8,5,18,6,38400,3584,64764,65528,76,32768,6,652,99,0,0,64,49112,0,0,49208,49112,0,96,0,0,76,12,65008,880,8896,33280,0,944,64,0,0,0,772,0,0,0,0,26624
837,1100,0,0,0,2,2,8,5,18,6,53504,6144,65269,65066,76,8192,10,771,150,0,0,0,60160,0,0,60160,0,0,0,0,0,76,12,0,912,0,32768,0,0,64,0,0,0,541,60160,0,0,65532,26688
838,1000,0,0,0,2,2,8,5,18,6,37376,1536,64764,65532,76,32768,6,649,99,0,0,64,49046,0,0,49142,49046,0,96,0,0,76,12,64920,880,8896,33280,0,944,64,0,0,0,772,0,0,32768,0,26624
838,1100,0,0,0,2,2,8,5,18,6,50688,16896,65271,65069,76,8192,10,770,148,0,0,0,60160,0,0,60160,0,0,0,0,0,76,12,0,912,0,32768,0,0,64,0,0,0,537,60160,0,0,65532,26688
839,1000,0,0,0,2,2,8,5,18,6,36352,512,64763,1,76,32768,6,646,99,0,0,64,48969,0,0,49065,48969,0,96,0,0,76,12,64832,880,8896,33280,0,944,64,0,0,0,773,0,0,0,0,26624
839,1100,0,0,0,2,2,8,5,18,6,48384,28416,65273,65073,76,8192,10,769,146,0,0,0,60160,0,0,60160,0,0,0,0,0,76,12,0,912,0,32768,0,0,64,0,0,0,533,60160,0,0,11,26688
840,1000,0,0,0,2,2,8,5,18,6,35072,768,64763,7,76,32768,6,643,99,0,0,64,48881,0,0,48977,48881,0,96,0,0,76,12,64744,880,8896,33280,0,944,64,0,0,0,773,0,0,32768,0,26624
840,1100,0,0,0,2,2,8,5,18,6,46592,40960,65267,65063,76,8192,10,768,144,0,0,0,60160,0,0,60160,0,0,0,0,0,76,12,0,912,0,32768,0,0,64,0,0,0,544,60160,0,0,65532,26688
841,1000,0,0,0,2,2,8,5,18,6,33792,2560,64762,13,76,32768,6,640,99,0,0,64,48782,0,0,48878,48782,2,96,0,0,76,12,64656,880,8960,33280,0,944,64,0,0,0,774,0,0,0,0,26624
841,1100,0,0,0,2,2,8,5,18,6,43264,50944,65269,65067,76,8192,10,767,142,0,0,0,60160,0,0,60160,0,0,0,0,0,76,12,0,912,0,32768,0,0,64,0,0,0,540,53248,0,0,11,26688
842,1000,0,0,0,2,2,8,5,18,6,32256,5888,64762,21,76,32768,6,637,99,0,0,64,48672,0,0,48768,48672,2,288,384,0,76,12,64568,880,8960,33280,0,944,64,0,0,0,774,65248,0,32768,0,26624
842,1100,0,0,0,2,2,8,5,18,6,40448,61952,65248,65066,76,8192,10,766,140,0,0,0,59808,0,0,59808,0,0,0,0,0,76,12,0,912,0,32768,0,0,64,0,0,0,551,53248,0,0,11,26688
843,1000,0,0,0,2,2,8,5,18,6,30720,11264,64761,29,76,32768,6,634,99,0,0,64,48167,0,0,48839,48551,2,480,768,0,76,12,64480,880,8960,33280,0,944,64,0,0,0,775,64960,0,0,0,26624
843,1100,0,0,0,2,2,8,5,18,6,32256,7168,65226,65067,76,8192,10,765,139,0,0,0,59456,0,0,59456,0,0,0,0,0,76,12,0,912,0,32768,0,0,64,0,0,0,562,53248,0,0,11,26688
844,1000,0,0,0,2,2,8,5,18,6,28928,18688,64761,24,76,32768,6,631,99,0,0,64,47651,0,0,48899,48419,2,672,1152,0,76,12,64392,880,8960,33280,0,944,64,0,0,0,775,64672,0,32768,0,26624
844,1100,0,0,0,2,2,8,5,18,6,18432,18176,65204,65069,76,8192,10,764,137,0,0,0,59104,0,0,59104,0,0,0,0,0,76,12,0,912,0,32768,0,0,64,0,0,0,573,53248,0,0,11,26688
845,1000,0,0,0,2,2,8,5,18,6,27136,24832,64760,19,76,32768,6,628,99,0,0,64,47124,0,0,48948,48276,2,384,768,0,76,12,64520,880,8960,32768,0,944,64,0,0,0,776,65185,0,0,0,26624
845,1100,0,0,0,2,2,8,5,18,6,64512,29696,65182,65072,76,8192,10,762,135,0,0,0,58752,0,0,58752,0,0,0,0,0,76,12,0,912,0,32768,0,0,64,0,0,0,584,53248,0,0,10,26688
846,1000,0,0,0,2,2,8,5,18,6,25088,29696,64760,16,76,32768,6,625,99,0,0,64,47381,0,0,48533,48149,2,96,384,0,76,12,64648,880,8960,32768,0,944,64,0,0,0,776,162,0,32768,0,26624
846,1100,0,0,0,2,2,8,5,18,6,39424,41984,65160,65076,76,8192,10,761,133,0,0,0,58400,0,0,58400,0,0,0,0,0,76,12,0,912,0,32768,0,0,64,0,0,0,594,53248,0,0,65532,26688
847,1000,0,0,0,2,2,8,5,18,6,23040,33792,64760,47,28,34816,6,622,99,0,243,64,47654,0,2,48134,48038,0,96,0,2,28,12,64776,880,8960,32768,0,944,64,0,32768,0,777,65185,0,0,0,26624
847,1100,0,0,0,2,2,8,5,18,6,8704,55296,65147,65092,76,8192,10,760,131,0,0,0,58048,0,0,58048,0,0,0,0,0,76,12,0,912,0,32768,0,0,64,0,0,0,590,53248,0,0,65532,26688
848,1000,0,0,0,2,2,8,5,18,6,20992,45824,64762,76,28,34816,6,619,99,217,217,64,47943,0,2,48039,47943,0,96,0,2,28,12,64904,880,8960,32768,0,944,64,0,32768,0,777,0,0,32768,0,26624
848,1100,0,0,0,2,2,8,5,18,6,40192,7168,65135,65108,76,8192,10,758,130,0,0,0,57696,0,0,57696,0,0,0,0,0,76,12,0,912,0,32768,0,0,64,0,0,0,586,53248,0,0,65532,26688
849,1000,0,0,0,2,2,8,5,18,6,19456,65280,64762,83,28,34816,6,616,99,408,191,64,47864,0,2,47960,47864,0,96,0,2,28,12,65032,880,9024,32768,0,944,64,0,32768,0,778,0,0,0,0,26624
849,1100,0,0,0,2,2,8,5,18,6,3072,28672,65124,65125,20,8192,10,757,128,0,0,0,57344,0,0,57344,0,0,0,0,0,20,12,0,912,0,32768,0,0,64,0,0,0,582,53248,0,0,10,26688
850,1000,0,0,0,2,2,8,5,18,6,17920,20992,64762,89,20,34816,6,613,100,573,165,64,47801,0,2,47897,47801,0,96,0,2,20,12,65160,880,9024,32768,0,944,64,0,32768,0,778,0,0,32768,0,26624
850,1100,0,0,0,2,2,8,5,18,6,28672,54528,65103,65132,20,8192,10,755,126,0,0,0,56992,0,0,56992,0,0,0,0,0,20,12,0,912,0,32768,0,0,64,0,0,0,592,51712,0,0,65532,26688
851,1000,0,0,0,2,2,8,5,18,6,16384,43776,64762,94,20,34816,6,610,100,712,139,64,47754,0,2,47850,47754,0,96,0,2,20,12,65288,880,9024,32768,0,944,64,0,32768,0,779,0,0,0,0,26624
851,1100,0,0,0,2,2,8,5,18,6,48896,16640,65093,65150,20,8192,10,753,125,0,0,0,56640,0,0,56640,0,0,0,0,0,20,12,0,912,0,32768,0,0,64,0,0,0,588,51712,0,0,65532,26688
852,1000,0,0,0,2,2,8,5,18,6,14848,2304,64763,97,20,34816,6,607,101,825,113,64,47723,0,2,47819,47723,0,96,0,2,20,12,65416,880,9024,32768,0,944,64,0,32768,0,779,0,0,32768,0,26624
852,1100,0,0,0,2,2,8,5,18,6,1024,48896,65083,65167,20,8192,10,752,123,0,0,0,56288,0,0,56288,0,0,0,0,0,20,12,0,912,0,32768,0,0,64,0,0,0,584,51712,0,0,10,26688
853,1000,0,0,0,2,2,8,5,18,6,13568,27136,64762,100,20,34816,6,604,101,912,87,64,47708,0,2,47804,47708,0,96,0,2,20,12,0,880,9024,32768,0,944,64,0,32768,0,780,0,0,0,0,26624
853,1100,0,0,0,2,2,8,5,18,6,16128,19968,65063,65177,20,8192,10,750,122,0,0,0,55936,0,0,55936,0,0,0,0,0,20,12,0,912,0,32768,0,0,64,0,0,0,594,52224,0,0,65532,26688
854,1000,0,0,0,2,2,8,5,18,6,12032,52736,64762,101,20,34816,6,601,101,973,61,64,47708,0,2,47804,47708,0,96,0,2,20,12,0,880,9024,32768,0,944,64,0,32768,0,780,0,0,32768,0,26624
854,1100,0,0,0,2,2,8,5,18,6,26112,59136,65054,65195,20,8192,10,748,120,0,0,0,55584,0,0,55584,0,0,0,0,0,20,12,0,912,0,32768,0,0,64,0,0,0,590,52224,0,0,65532,26688
855,1000,0,0,0,2,2,8,5,18,6,10496,13056,64761,101,76,34816,6,598,102,1008,35,64,47708,0,2,47804,47708,0,96,0,2,76,12,0,880,9024,32768,0,944,64,0,32768,0,781,0,0,0,0,26624
855,1100,0,0,0,2,2,8,5,18,6,33792,37376,65046,65214,20,8192,10,746,119,0,0,0,55232,0,0,55232,0,0,0,0,0,20,12,0,912,0,32768,0,0,64,0,0,0,586,52224,0,0,65532,26688
856,1000,0,0,0,2,2,8,5,18,6,8704,38912,64761,101,76,34816,6,595,102,1017,9,64,47708,0,2,47804,47708,0,96,0,2,76,12,0,880,9024,32768,0,944,64,0,32768,0,781,0,0,32768,0,26624
856,1100,0,0,0,2,2,8,5,18,6,39424,20480,65039,65233,20,8192,10,744,118,0,0,0,54880,0,0,54880,0,0,0,0,0,20,12,0,912,0,32768,0,0,64,0,0,0,582,52224,0,0,10,26688
857,1000,0,0,0,2,2,8,5,18,6,6912,64768,64760,101,76,34816,6,592,102,1000,65519,64,47708,0,2,47804,47708,0,96,0,2,76,12,0,880,9088,32768,0,944,64,0,32768,0,782,0,0,0,0,26624
857,1100,0,0,0,2,2,8,5,18,6,43264,8448,65020,65245,76,8192,10,742,117,0,0,0,54528,0,0,54528,0,0,0,0,0,76,12,0,912,0,32768,0,0,64,0,0,0,592,52224,0,0,65532,26688
858,1000,0,0,0,2,2,8,5,18,6,4864,25088,64760,101,76,34816,6,589,103,957,65493,64,47708,0,2,47804,47708,0,96,0,2,76,12,0,880,9088,32768,0,944,64,0,32768,0,782,0,0,32768,0,26624
858,1100,0,0,0,2,2,8,5,18,6,42240,65024,65014,65264,76,8192,10,740,115,0,0,0,54176,0,0,54176,0,0,0,0,0,76,12,0,912,0,32768,0,0,64,0,0,0,588,52224,0,0,65532,26688
859,1000,0,0,0,2,2,8,5,18,6,2816,50944,64759,101,76,34816,6,586,103,888,65467,64,47708,0,2,47804,47708,0,96,0,2,76,12,0,880,9088,32768,0,944,64,0,32768,0,783,0,0,0,0,26624
859,1100,0,0,0,2,2,8,5,18,6,39680,60928,65009,65284,76,8192,10,738,114,0,0,0,53824,0,0,53824,0,0,0,0,0,76,12,0,912,0,32768,0,0,64,0,0,0,584,52224,0,0,10,26688
860,1000,0,0,0,2,2,8,5,18,6,512,11264,64759,101,76,34816,6,583,104,793,65441,64,47708,0,2,47804,47708,0,96,0,2,76,12,0,880,9088,32768,0,944,64,0,32768,0,783,0,0,32768,0,26624
860,1100,0,0,0,2,2,8,5,18,6,35840,61952,64992,65297,76,8192,10,736,113,0,0,0,53472,0,0,53472,0,0,0,0,0,76,12,0,912,0,32768,0,0,64,0,0,0,594,52224,0,0,65532,26688
861,1000,0,0,0,2,2,8,5,18,6,63744,37120,64758,102,76,34816,6,579,104,672,65415,64,47708,0,2,47804,47708,0,96,0,2,76,12,0,880,9088,32768,0,944,64,0,32768,0,784,0,0,0,0,26624
861,1100,0,0,0,2,2,8,5,18,6,27648,768,64988,65317,76,8192,10,734,113,0,0,0,53120,0,0,53120,0,0,0,0,0,76,12,0,912,0,32768,0,0,64,0,0,0,590,49152,0,0,10,26688
862,1000,0,0,0,2,2,8,5,18,6,61184,63232,64758,102,76,34816,6,576,104,525,65389,64,47708,0,2,47804,47708,0,96,0,2,76,12,0,880,9088,32768,0,944,64,0,32768,0,784,0,0,32768,0,26624
862,1100,0,0,0,2,2,8,5,18,6,18432,10240,64971,65333,76,8192,10,732,112,0,0,0,52768,0,0,52768,0,0,0,0,0,76,12,0,912,0,32768,0,0,64,0,0,0,600,49152,0,0,10,26688
863,1000,512,0,0,2,2,8,5,18,6,58624,23808,64757,102,28,34816,6,573,105,352,65363,64,47708,0,2,47804,47708,0,96,0,2,28,12,65448,880,9088,33282,0,944,64,0,32768,0,785,0,0,0,0,26624
863,1100,512,0,0,2,2,8,5,18,6,4864,23808,64955,65349,76,8192,10,730,111,0,0,0,52416,0,0,52416,0,0,0,0,0,76,12,0,912,0,32768,0,0,64,0,0,0,610,48128,0,0,10,26688
864,1000,0,0,0,2,2,8,5,18,6,55808,49920,64757,102,28,34816,6,570,105,153,65337,64,47697,0,2,47793,47697,0,96,0,2,28,12,65360,880,9088,33280,0,944,64,0,32768,0,785,0,0,32768,0,26624
864,1100,0,0,0,2,2,8,5,18,6,52736,41472,64939,65366,76,8192,10,727,110,0,0,0,52064,0,0,52064,0,0,0,0,0,76,12,0,912,0,32768,0,0,64,0,0,0,620,48128,0,0,10,26688
865,1000,0,0,0,2,2,8,5,18,6,52992,10496,64756,103,76,34816,6,567,106,0,0,64,47675,0,0,47771,47675,0,96,0,0,76,12,65272,880,9152,33280,0,944,64,0,0,0,786,0,0,0,0,26624
865,1100,0,0,0,2,2,8,5,18,6,30976,63488,64924,65383,76,8192,10,725,109,0,0,0,51712,0,0,51712,0,0,0,0,0,76,12,0,912,0,32768,0,0,64,0,0,0,630,48128,0,0,10,26688
866,1000,0,0,0,2,2,8,5,18,6,49920,36864,64756,104,76,32768,6,564,106,0,0,64,47642,0,0,47738,47642,0,96,0,0,76,12,65184,880,9152,33280,0,944,64,0,0,0,786,0,0,32768,0,26624
866,1100,0,0,0,2,2,8,5,18,6,5376,24320,64910,65402,76,8192,10,723,109,0,0,0,51360,0,0,51360,0,0,0,0,0,76,12,0,912,0,32768,0,0,64,0,0,0,640,48128,0,0,9,26688
867,1000,0,0,0,2,2,8,5,18,6,46848,63488,64756,107,76,32768,6,561,106,0,0,64,47598,0,0,47694,47598,0,96,0,0,76,12,65096,880,9152,33280,0,944,64,0,0,0,787,0,0,0,0,26624
867,1100,0,0,0,2,2,8,5,18,6,41728,55552,64897,65422,76,8192,10,720,108,0,0,0,51008,0,0,51008,0,0,0,0,0,76,12,0,912,0,32768,0,0,64,0,0,0,649,48128,0,0,9,26688
868,1000,0,0,0,2,2,8,5,18,6,43776,25344,64756,110,76,32768,6,558,107,0,0,64,47543,0,0,47639,47543,0,96,0,0,76,12,65008,880,9152,33280,0,944,64,0,0,0,787,0,0,32768,0,26624
868,1100,0,0,0,2,2,8,5,18,6,9216,26368,64884,65442,20,8192,10,718,108,0,0,0,50656,0,0,50656,0,0,0,0,0,20,12,0,912,0,32768,0,0,64,0,0,0,658,48128,0,0,9,26688
869,1000,0,0,0,2,2,8,5,18,6,40704,53504,64756,114,76,32768,6,555,107,0,0,64,47477,0,0,47573,47477,0,96,0,0,76,12,64920,880,9152,33280,0,944,64,0,0,0,788,0,0,0,0,26624
869,1100,0,0,0,2,2,8,5,18,6,38912,2304,64873,65463,20,8192,10,715,108,0,0,0,50304,0,0,50304,0,0,0,0,0,20,12,0,912,0,32768,0,0,64,0,0,0,667,48128,0,0,65532,26688
870,1000,0,0,0,2,2,8,5,18,6,37632,17152,64757,119,76,32768,6,552,108,0,0,64,47400,0,0,47496,47400,0,96,0,0,76,12,64832,880,9152,33280,0,944,64,0,0,0,788,0,0,32768,0,26624
870,1100,0,0,0,2,2,8,5,18,6,256,49152,64874,65486,20,8192,10,713,107,0,0,0,49952,0,0,49952,0,0,0,0,0,20,12,0,912,0,32768,0,0,64,0,0,0,663,48128,0,0,9,26688
871,1000,0,0,0,2,2,8,5,18,6,34816,47616,64756,125,76,32768,6,549,108,0,0,64,47312,0,0,47408,47312,0,96,0,0,76,12,64744,880,9152,33280,0,944,64,0,0,0,789,0,0,0,0,26624
871,1100,0,0,0,2,2,8,5,18,6,27392,36352,64864,65508,20,8192,10,710,107,0,0,0,49600,0,0,49600,0,0,0,0,0,20,12,0,912,0,32768,0,0,64,0,0,0,672,48128,0,0,65532,26688
872,1000,0,0,0,2,2,8,5,18,6,31744,14080,64757,132,76,32768,6,546,109,0,0,64,47213,0,0,47309,47213,2,96,0,0,76,12,64656,880,9152,33280,0,944,64,0,0,0,789,0,0,32768,0,26624
872,1100,0,0,0,2,2,8,5,18,6,51968,29184,64868,65530,20,8192,10,707,107,0,0,0,49248,0,0,49248,0,0,0,0,0,20,12,0,912,0,32768,0,0,64,0,0,0,668,48128,0,0,65532,26688
873,1000,0,0,0,2,2,8,5,18,6,28928,47872,64758,139,76,32768,6,543,109,0,0,64,47103,0,0,47199,47103,2,288,384,0,76,12,64568,880,9216,33280,0,944,64,0,0,0,790,65248,0,0,0,26624
873,1100,0,0,0,2,2,8,5,18,6,12032,27648,64872,17,20,8192,10,705,107,0,0,0,48896,0,0,48896,0,0,0,0,0,20,12,0,912,0,32768,0,0,64,0,0,0,664,48128,0,0,9,26688
874,1000,0,0,0,2,2,8,5,18,6,26368,17920,64759,148,76,32768,6,540,110,0,0,64,46598,0,0,47270,46982,2,480,768,0,76,12,64480,880,9216,33280,0,944,64,0,0,0,790,64960,0,32768,0,26624
874,1100,0,0,0,2,2,8,5,18,6,38656,32000,64864,40,76,8192,10,702,107,0,0,0,48544,0,0,48544,0,0,0,0,0,76,12,0,912,0,32768,0,0,64,0,0,0,673,48128,0,0,65532,26688
875,1000,0,0,0,2,2,8,5,18,6,24064,55808,64757,142,76,32768,6,537,110,0,0,64,46082,0,0,47330,46850,2,672,1152,0,76,12,64392,880,9216,33280,0,944,64,0,0,0,791,64672,0,0,0,26624
875,1100,0,0,0,2,2,8,5,18,6,63232,42240,64870,66,76,8192,10,699,107,0,0,0,48128,0,0,48128,0,0,0,0,0,76,12,0,912,0,32768,0,0,64,0,0,0,669,48128,0,0,65532,26688
876,1000,0,0,0,2,2,8,5,18,6,21248,26624,64757,138,76,32768,6,534,111,0,0,64,45555,0,0,47379,46707,2,864,1536,0,76,12,64304,880,9216,33280,0,944,64,0,0,0,791,64384,0,32768,0,26624
876,1100,0,0,0,2,2,8,5,18,6,23808,59136,64874,66,76,8192,10,697,107,0,0,0,48128,0,0,48128,0,0,0,0,0,76,12,0,912,0,32768,0,0,64,0,0,0,665,48128,0,0,65532,26688
877,1000,0,0,0,2,2,8,5,18,6,18432,61952,64755,134,76,32768,6,531,111,0,0,64,45017,0,0,47417,46553,2,1056,1920,0,76,12,64216,880,9216,33280,0,944,64,0,0,0,792,64096,0,0,0,26624
877,1100,0,0,0,2,2,8,5,18,6,50944,10496,64878,65,76,8192,10,694,108,0,0,0,48128,0,0,48128,0,0,0,0,0,76,12,0,912,0,32768,0,0,64,0,0,0,661,48128,0,0,9,26688
878,1000,0,0,0,2,2,8,5,18,6,15104,30720,64754,132,76,32768,6,528,112,0,0,64,44468,0,0,47444,46388,2,1248,2304,0,76,12,64128,880,9216,33280,0,944,64,0,0,0,792,63808,0,32768,0,26624
878,1100,0,0,0,2,2,8,5,18,6,13568,27136,64869,66,76,8192,10,692,108,0,0,0,48128,0,0,48128,0,0,0,0,0,76,12,0,912,0,32768,0,0,64,0,0,0,670,48128,0,0,65532,26688
879,1000,0,0,0,2,2,8,5,18,6,11520,64512,64753,130,28,34816,6,525,112,0,248,64,43908,0,2,47460,46212,2,960,1920,2,28,12,64256,880,9216,32768,0,944,64,0,32768,0,793,64321,0,0,0,26624
879,1100,0,0,0,2,2,8,5,18,6,39424,44032,64873,66,76,8192,10,689,108,0,0,0,48128,0,0,48128,0,0,0,0,0,76,12,0,912,0,32768,0,0,64,0,0,0,666,48128,0,0,65532,26688
880,1000,0,0,0,2,2,8,5,18,6,7680,32256,64753,129,28,34816,6,522,113,222,222,64,44132,0,2,47012,46052,2,672,1536,2,28,12,64384,880,9216,32768,0,944,64,0,32768,0,793,64834,0,32768,0,26624
880,1100,0,0,0,2,2,8,5,18,6,768,60928,64877,65,76,8192,10,687,108,0,0,0,48128,0,0,48128,0,0,0,0,0,76,12,0,912,0,32768,0,0,64,0,0,0,662,47872,0,0,9,26688
881,1000,0,0,0,2,2,8,5,18,6,3840,65280,64758,162,76,34816,6,519,113,418,196,64,44372,0,2,46580,45908,2,384,1152,2,76,12,64512,880,9280,32768,0,944,64,0,32768,0,794,65347,0,0,0,26624
881,1100,0,0,0,2,2,8,5,18,6,28672,12032,64870,83,76,8192,10,684,109,0,0,0,47872,0,0,47872,0,0,0,0,0,76,12,0,912,0,32768,0,0,64,0,0,0,671,47872,0,0,65532,26688
882,1000,0,0,0,2,2,8,5,18,6,1280,41216,64766,194,76,34816,6,516,114,588,170,64,44628,0,2,46164,45780,2,96,768,2,76,12,64640,880,9280,32768,0,944,64,0,32768,0,794,324,0,32768,0,26624
882,1100,0,0,0,2,2,8,5,18,6,54784,33280,64874,82,76,8192,10,681,109,0,0,0,47872,0,0,47872,0,0,0,0,0,76,12,0,912,0,32768,0,0,64,0,0,0,667,47872,0,0,65532,26688
883,1000,0,0,0,2,2,8,5,18,6,768,25344,64773,225,76,34816,6,513,115,732,144,64,44900,0,2,45764,45668,0,96,384,2,76,12,64768,880,9280,32768,0,944,64,0,32768,0,795,65347,0,0,0,26624
883,1100,0,0,0,2,2,8,5,18,6,16384,54272,64877,82,76,8192,10,679,109,0,0,0,47872,0,0,47872,0,0,0,0,0,76,12,0,912,0,32768,0,0,64,0,0,0,663,47872,0,0,9,26688
884,1000,0,0,0,2,2,8,5,18,6,2048,17408,64782,254,76,34816,6,510,116,850,118,64,45188,0,2,45668,45572,2,96,384,2,76,12,64896,880,9280,32768,0,944,64,0,32768,0,795,0,0,32768,0,26624
884,1100,0,0,0,2,2,8,5,18,6,44288,9728,64869,83,76,8192,10,676,110,0,0,0,47872,0,0,47872,0,0,0,0,0,76,12,0,912,0,32768,0,0,64,0,0,0,672,47872,0,0,65532,26688
885,1000,0,0,0,2,2,8,5,18,6,5632,16896,64783,261,76,34816,6,507,117,942,92,64,45108,0,2,45588,45492,0,96,0,2,76,12,65024,880,9280,32768,0,944,64,0,32768,0,796,65023,0,0,0,26624
885,1100,0,0,0,2,2,8,5,18,6,4608,30976,64873,82,76,8192,10,674,110,0,0,0,47872,0,0,47872,0,0,0,0,0,76,12,0,912,0,32768,0,0,64,0,0,0,668,47872,0,0,65532,26688
886,1000,0,0,0,2,2,8,5,18,6,9472,18176,64785,267,76,34816,6,504,118,1008,66,64,45428,0,2,45524,45428,0,96,0,2,76,12,65152,880,9280,32768,0,944,64,0,32768,0,796,0,0,32768,0,26624
886,1100,0,0,0,2,2,8,5,18,6,31488,51968,64877,82,76,8192,10,671,110,0,0,0,47872,0,0,47872,0,0,0,0,0,76,12,0,912,0,32768,0,0,64,0,0,0,664,47616,0,0,9,26688
887,1000,0,0,0,2,2,8,5,18,6,13824,20992,64786,272,76,34816,6,501,119,1048,40,64,45380,0,2,45476,45380,0,96,0,2,76,12,65280,880,9280,32768,0,944,64,0,32768,0,797,0,0,0,0,26624
887,1100,0,0,0,2,2,8,5,18,6,59392,7424,64870,99,76,8192,10,668,111,0,0,0,47616,0,0,47616,0,0,0,0,0,76,12,0,912,0,32768,0,0,64,0,0,0,673,47616,0,0,65532,26688
888,1000,0,0,0,2,2,8,5,18,6,18432,25088,64787,276,64,34816,6,498,120,1062,14,64,45348,0,2,45444,45348,0,96,0,2,64,12,65408,880,9280,32768,0,944,64,0,32768,0,797,0,0,32768,0,26624
888,1100,0,0,0,2,2,8,5,18,6,19968,32768,64874,99,76,8192,10,666,111,0,0,0,47616,0,0,47616,0,0,0,0,0,76,12,0,912,0,32768,0,0,64,0,0,0,669,47616,0,0,65532,26688
889,1000,0,0,0,2,2,8,5,18,6,23296,30208,64787,278,64,34816,6,495,121,1050,65524,64,45332,0,2,45428,45332,0,96,0,2,64,12,0,880,9344,32768,0,944,64,0,32768,0,798,0,0,0,0,26624
889,1100,0,0,0,2,2,8,5,18,6,47104,58112,64878,98,76,8192,10,663,111,0,0,0,47616,0,0,47616,0,0,0,0,0,76,12,0,912,0,32768,0,0,64,0,0,0,665,47616,0,0,65532,26688
890,1000,0,0,0,2,2,8,5,18,6,28160,35840,64788,279,64,34816,6,492,122,1012,65498,64,45332,0,2,45428,45332,0,96,0,2,64,12,0,880,9344,32768,0,944,64,0,32768,0,798,0,0,32768,0,26624
890,1100,0,0,0,2,2,8,5,18,6,9728,17664,64882,97,76,8192,10,661,112,0,0,0,47616,0,0,47616,0,0,0,0,0,76,12,0,912,0,32768,0,0,64,0,0,0,661,49152,0,0,9,26688
891,1000,0,0,0,2,2,8,5,18,6,33280,41728,64787,280,76,34816,6,489,123,948,65472,64,45332,0,2,45428,45332,0,96,0,2,76,12,0,880,9344,32768,0,944,64,0,32768,0,799,0,0,0,0,26624
891,1100,0,0,0,2,2,8,5,18,6,38912,42496,64870,76,76,8192,10,658,112,0,0,0,47968,0,0,47968,0,0,0,0,0,76,12,0,912,0,32768,0,0,64,0,0,0,670,49152,0,0,65532,26688
892,1000,0,0,0,2,2,8,5,18,6,38144,47872,64787,280,76,34816,6,486,124,858,65446,64,45332,0,2,45428,45332,0,96,0,2,76,12,0,880,9344,32768,0,944,64,0,32768,0,799,0,0,32768,0,26624
892,1100,0,0,0,2,2,8,5,18,6,65024,61952,64872,54,76,8192,10,655,112,0,0,0,48320,0,0,48320,0,0,0,0,0,76,12,0,912,0,32768,0,0,64,0,0,0,666,47616,0,0,65532,26688
893,1000,512,0,0,2,2,8,5,18,6,43008,54016,64786,280,76,34816,6,483,125,742,65420,64,45332,0,2,45428,45332,0,96,0,2,76,12,65448,880,9344,33282,0,944,64,0,32768,0,800,0,0,0,0,26624
893,1100,512,0,0,2,2,8,5,18,6,26112,10240,64878,75,76,8192,10,653,113,0,0,0,47968,0,0,47968,0,0,0,0,0,76,12,0,912,0,32768,0,0,64,0,0,0,662,47616,0,0,65532,26688
894,1000,0,0,0,2,2,8,5,18,6,47616,60160,64786,280,76,34816,6,480,126,600,65394,64,45321,0,2,45417,45321,0,96,0,2,76,12,65360,880,9344,33280,0,944,64,0,32768,0,800,0,0,32768,0,26624
894,1100,0,0,0,2,2,8,5,18,6,54272,29440,64885,97,76,8192,10,650,113,0,0,0,47616,0,0,47616,0,0,0,0,0,76,12,0,912,0,32768,0,0,64,0,0,0,658,47616,0,0,65532,26688
895,1000,0,0,0,2,2,8,5,18,6,52224,768,64785,281,28,34816,6,477,128,432,65368,64,45299,0,2,45395,45299,0,96,0,2,28,12,65272,880,9344,33280,0,944,64,0,32768,0,801,0,0,0,0,26624
895,1100,0,0,0,2,2,8,5,18,6,18688,54272,64889,96,76,8192,10,648,113,0,0,0,47616,0,0,47616,0,0,0,0,0,76,12,0,912,0,32768,0,0,64,0,0,0,654,47616,0,0,65532,26688
896,1000,0,0,0,2,2,8,5,18,6,56576,7168,64786,283,28,34816,6,474,129,238,65342,64,45266,0,2,45362,45266,0,96,0,2,28,12,65184,880,9344,33280,0,944,64,0,32768,0,801,0,0,32768,0,26624
896,1100,0,0,0,2,2,8,5,18,6,49664,13312,64893,96,20,8192,10,645,114,0,0,0,47616,0,0,47616,0,0,0,0,0,20,12,0,912,0,32768,0,0,64,0,0,0,650,47616,0,0,65532,26688
897,1000,0,0,0,2,2,8,5,18,6,61184,14080,64786,286,76,34816,6,471,130,18,65316,64,45222,0,2,45318,45222,0,96,0,2,76,12,65096,880,9408,33280,0,944,64,0,32768,0,802,0,0,0,0,26624
897,1100,0,0,0,2,2,8,5,18,6,16128,37888,64896,95,20,8192,10,643,114,0,0,0,47616,0,0,47616,0,0,0,0,0,20,12,0,912,0,32768,0,0,64,0,0,0,646,47616,0,0,65532,26688
898,1000,0,0,0,2,2,8,5,18,6,256,21760,64787,289,76,34816,6,469,131,0,0,64,45167,0,0,45263,45167,0,96,0,0,76,12,65010,880,9408,33280,0,944,64,0,0,0,802,0,0,32768,0,26624
898,1100,0,0,0,2,2,8,5,18,6,48896,62208,64900,95,20,8192,10,640,114,0,0,0,47616,0,0,47616,0,0,0,0,0,20,12,0,912,0,32768,0,0,64,0,0,0,642,47616,0,0,65532,26688
899,1000,0,0,0,2,2,8,5,18,6,5120,30208,64788,293,76,32768,6,466,132,0,0,64,45101,0,0,45197,45101,0,96,0,0,76,12,64924,880,9408,33280,0,944,64,0,0,0,803,0,0,0,0,26624
899,1100,0,0,0,2,2,8,5,18,6,17152,20992,64904,94,20,8192,10,638,115,0,0,0,47616,0,0,47616,0,0,0,0,0,20,12,0,912,0,32768,0,0,64,0,0,0,638,47616,0,0,65532,26688
900,1000,0,0,0,2,2,8,5,18,6,10240,39680,64790,298,76,32768,6,463,133,0,0,64,45024,0,0,45120,45024,0,96,0,0,76,12,64838,880,9408,33280,0,944,64,0,0,0,803,0,0,32768,0,26624
900,1100,0,0,0,2,2,8,5,18,6,51968,45056,64908,94,20,8192,10,635,115,0,0,0,47616,0,0,47616,0,0,0,0,0,20,12,0,912,0,32768,0,0,64,0,0,0,634,47616,0,0,65532,26688
901,1000,0,0,0,2,2,8,5,18,6,15872,50432,64791,304,76,32768,6,460,134,0,0,64,44936,0,0,45032,44936,0,96,0,0,76,12,64968,880,9408,32768,0,944,64,0,0,0,804,0,0,0,0,26624
901,1100,0,0,0,2,2,8,5,18,6,22272,3584,64912,93,20,8192,10,633,116,0,0,0,47616,0,0,47616,0,0,0,0,0,20,12,0,912,0,32768,0,0,64,0,0,0,630,47616,0,0,65532,26688
902,1000,0,0,0,2,2,8,5,18,6,21760,62720,64793,310,76,32768,6,457,135,0,0,64,44865,0,0,44961,44865,0,96,0,0,76,12,65097,880,9408,32768,0,944,64,0,0,0,804,0,0,32768,0,26624
902,1100,0,0,0,2,2,8,5,18,6,59136,27392,64916,92,76,8192,10,630,116,0,0,0,47616,0,0,47616,0,0,0,0,0,76,12,0,912,0,32768,0,0,64,0,0,0,626,47616,0,0,65532,26688
903,1000,0,0,0,2,2,8,5,18,6,28160,11008,64795,315,76,32768,6,454,137,0,0,64,44810,0,0,44906,44810,0,96,0,0,76,12,65226,880,9408,32768,0,944,64,0,0,0,805,0,0,0,0,26624
903,1100,0,0,0,2,2,8,5,18,6,31488,50944,64920,92,76,8192,10,628,116,0,0,0,47616,0,0,47616,0,0,0,0,0,76,12,0,912,0,32768,0,0,64,0,0,0,622,47616,0,0,65532,26688
904,1000,0,0,0,2,2,8,5,18,6,35072,26112,64796,319,76,32768,6,451,138,0,0,64,44771,0,0,44867,44771,0,96,0,0,76,12,65354,880,9408,32768,0,944,64,0,0,0,805,0,0,32768,0,26624
904,1100,0,0,0,2,2,8,5,18,6,4864,8960,64924,91,76,8192,10,626,117,0,0,0,47616,0,0,47616,0,0,0,0,0,76,12,0,912,0,32768,0,0,64,0,0,0,618,47616,0,0,65532,26688
905,1000,0,0,0,2,2,8,5,18,6,42240,42240,64796,322,76,32768,6,448,139,0,0,64,44748,0,0,44844,44748,0,96,0,0,76,12,65482,880,9472,32768,0,944,64,0,0,0,806,0,0,0,0,26624
905,1100,0,0,0,2,2,8,5,18,6,44800,32256,64928,91,28,10240,10,623,117,0,193,0,47616,0,2,47616,0,0,0,0,2,28,12,0,912,0,32768,0,0,64,0,32768,0,614,47360,0,0,0,26688
906,1000,0,0,0,2,2,8,5,18,6,49408,59136,64797,324,76,32768,6,445,140,0,0,64,44741,0,0,44837,44741,0,96,0,0,76,12,0,880,9472,32768,0,944,64,0,0,0,806,0,0,32768,0,26624
906,1100,0,0,0,2,2,8,5,18,6,20224,55552,64931,105,28,10240,10,621,117,167,167,0,47360,0,2,47360,0,0,0,0,2,28,12,0,912,0,32768,0,0,64,0,32768,0,614,47360,0,0,0,26688
907,1000,0,0,0,2,2,8,5,18,6,56832,11008,64796,325,76,32768,6,442,142,0,0,64,44741,0,0,44837,44741,0,96,0,0,76,12,0,880,9472,32768,0,944,64,0,0,0,807,0,0,0,0,26624
907,1100,0,0,0,2,2,8,5,18,6,61952,16896,64931,105,28,10240,10,618,118,308,141,0,47360,0,2,47360,0,0,0,0,2,28,12,0,912,0,32768,0,0,64,0,32768,0,614,47360,0,0,0,26688
908,1000,0,0,0,2,2,8,5,18,6,64000,28672,64796,325,76,32768,6,439,143,0,0,64,44741,0,0,44837,44741,0,96,0,0,76,12,0,880,9472,32768,0,944,64,0,0,0,807,0,0,32768,0,26624
908,1100,0,0,0,2,2,8,5,18,6,38144,43776,64931,105,28,10240,10,616,118,423,115,0,47360,0,2,47360,0,0,0,0,2,28,12,0,912,0,32768,0,0,64,0,32768,0,614,47360,0,0,0,26688
909,1000,0,0,0,2,2,8,5,18,6,5632,46336,64796,325,76,32768,6,437,144,0,0,64,44741,0,0,44837,44741,0,96,0,0,76,12,0,880,9472,32768,0,944,64,0,0,0,808,0,0,0,0,26624
909,1100,0,0,0,2,2,8,5,18,6,14336,5120,64931,105,76,10240,10,614,119,512,89,0,47360,0,2,47360,0,0,0,0,2,76,12,0,912,0,32768,0,0,64,0,32768,0,614,47360,0,0,0,26688
910,1000,0,0,0,2,2,8,5,18,6,12800,64000,64796,325,76,32768,6,434,145,0,0,64,44741,0,0,44837,44741,0,96,0,0,76,12,0,880,9472,32768,0,944,64,0,0,0,808,0,0,32768,0,26624
910,1100,0,0,0,2,2,8,5,18,6,56064,32000,64931,105,76,10240,10,611,119,575,63,0,47360,0,2,47360,0,0,0,0,2,76,12,0,912,0,32768,0,0,64,0,32768,0,614,47360,0,0,0,26688
911,1000,0,0,0,2,2,8,5,18,6,19968,16128,64795,326,28,34816,6,431,147,0,253,64,44741,0,2,44837,44741,0,96,0,2,28,12,0,880,9472,32768,0,944,64,0,32768,0,809,0,0,0,0,26624
911,1100,0,0,0,2,2,8,5,18,6,32256,58880,64931,105,76,10240,10,609,119,612,37,0,47360,0,2,47360,0,0,0,0,2,76,12,0,912,0,32768,0,0,64,0,32768,0,614,47360,0,0,0,26688
912,1000,0,0,0,2,2,8,5,18,6,26880,34048,64795,326,28,34816,6,428,148,227,227,64,44741,0,2,44837,44741,0,96,0,2,28,12,0,880,9472,32768,0,944,64,0,32768,0,809,0,0,32768,0,26624
912,1100,0,0,0,2,2,8,5,18,6,8448,20224,64931,105,76,10240,10,607,120,623,11,0,47360,0,2,47360,0,0,0,0,2,76,12,0,912,0,32768,0,0,64,0,32768,0,614,47104,0,0,0,26688
913,1000,0,0,0,2,2,8,5,18,6,33792,51968,64794,326,28,34816,6,425,149,428,201,64,44741,0,2,44837,44741,0,96,0,2,28,12,0,880,9536,32768,0,944,64,0,32768,0,810,0,0,0,0,26624
913,1100,0,0,0,2,2,8,5,18,6,50176,47104,64933,120,76,10240,10,604,120,608,65521,0,47104,0,2,47104,0,0,0,0,2,76,12,0,912,0,32768,0,0,64,0,32768,0,614,47104,0,0,0,26688
914,1000,0,0,0,2,2,8,5,18,6,40448,4352,64794,326,76,34816,6,422,151,603,175,64,44741,0,2,44837,44741,0,96,0,2,76,12,0,880,9536,32768,0,944,64,0,32768,0,810,0,0,32768,0,26624
914,1100,0,0,0,2,2,8,5,18,6,26880,12288,64933,120,76,10240,10,602,121,567,65495,0,47104,0,2,47104,0,0,0,0,2,76,12,0,912,0,32768,0,0,64,0,32768,0,614,47104,0,0,0,26688
915,1000,0,0,0,2,2,8,5,18,6,47104,22272,64793,327,76,34816,6,419,152,752,149,64,44741,0,2,44837,44741,0,96,0,2,76,12,0,880,9536,32768,0,944,64,0,32768,0,811,0,0,0,0,26624
915,1100,0,0,0,2,2,8,5,18,6,3584,43008,64933,120,76,10240,10,600,121,500,65469,0,47104,0,2,47104,0,0,0,0,2,76,12,0,912,0,32768,0,0,64,0,32768,0,614,47104,0,0,0,26688
916,1000,512,0,0,2,2,8,5,18,6,53504,40448,64793,327,76,34816,6,416,153,875,123,64,44741,0,2,44837,44741,0,96,0,2,76,12,65448,880,9536,33282,0,944,64,0,32768,0,811,0,0,32768,0,26624
916,1100,512,0,0,2,2,8,5,18,6,45824,8192,64933,120,76,10240,10,597,122,407,65443,0,47104,0,2,47104,0,0,0,0,2,76,12,0,912,0,32768,0,0,64,0,32768,0,614,47104,0,0,0,26688
917,1000,0,0,0,2,2,8,5,18,6,59904,58624,64792,327,76,34816,6,413,154,972,97,64,44730,0,2,44826,44730,0,96,0,2,76,12,65360,880,9536,33280,0,944,64,0,32768,0,812,0,0,0,0,26624
917,1100,0,0,0,2,2,8,5,18,6,22528,38912,64933,120,76,10240,10,595,122,288,65417,0,47104,0,2,47104,0,0,0,0,2,76,12,0,912,0,32768,0,0,64,0,32768,0,614,47104,0,0,0,26688
918,1000,0,0,0,2,2,8,5,18,6,512,11264,64792,328,76,34816,6,411,156,1043,71,64,44708,0,2,44804,44708,0,96,0,2,76,12,65272,880,9536,33280,0,944,64,0,32768,0,812,0,0,32768,0,26624
918,1100,0,0,0,2,2,8,5,18,6,64768,4096,64933,120,76,10240,10,592,123,143,65391,0,47104,0,2,47104,0,0,0,0,2,76,12,0,912,0,32768,0,0,64,0,32768,0,614,47104,0,0,0,26688
919,1000,0,0,0,2,2,8,5,18,6,6656,29696,64792,330,64,34816,6,408,157,1088,45,64,44675,0,2,44771,44675,0,96,0,2,64,12,65184,880,9536,33280,0,944,64,0,32768,0,813,0,0,0,0,26624
919,1100,0,0,0,2,2,8,5,18,6,41472,34816,64933,120,76,10240,10,590,123,0,0,0,47104,0,0,47104,0,0,0,0,0,76,12,0,912,0,32768,0,0,64,0,0,0,614,47104,0,0,65532,26688
920,1000,0,0,0,2,2,8,5,18,6,12800,48640,64793,332,64,34816,6,405,158,1107,19,64,44631,0,2,44727,44631,0,96,0,2,64,12,65096,880,9536,33280,0,944,64,0,32768,0,813,0,0,32768,0,26624
920,1100,0,0,0,2,2,8,5,18,6,18176,0,64937,119,76,8192,10,588,124,0,0,0,47104,0,0,47104,0,0,0,0,0,76,12,0,912,0,32768,0,0,64,0,0,0,610,47104,0,0,65532,26688
921,1000,0,0,0,2,2,8,5,18,6,19200,2560,64794,336,64,34816,6,402,160,1100,65529,64,44576,0,2,44672,44576,0,96,0,2,64,12,65008,880,9600,33280,0,944,64,0,32768,0,814,0,0,0,0,26624
921,1100,0,0,0,2,2,8,5,18,6,61440,30464,64941,119,76,8192,10,585,124,0,0,0,47104,0,0,47104,0,0,0,0,0,76,12,0,912,0,32768,0,0,64,0,0,0,606,47104,0,0,65532,26688
922,1000,0,0,0,2,2,8,5,18,6,25856,23040,64795,339,64,34816,6,399,161,1067,65503,64,44510,0,2,44606,44510,0,96,0,2,64,12,64920,880,9600,33280,0,944,64,0,32768,0,814,0,0,32768,0,26624
922,1100,0,0,0,2,2,8,5,18,6,40192,60928,64945,118,76,8192,10,583,124,0,0,0,47104,0,0,47104,0,0,0,0,0,76,12,0,912,0,32768,0,0,64,0,0,0,602,47104,0,0,65532,26688
923,1000,0,0,0,2,2,8,5,18,6,32768,44288,64797,345,64,34816,6,396,162,1008,65477,64,44433,0,2,44529,44433,0,96,0,2,64,12,64832,880,9600,33280,0,944,64,0,32768,0,815,0,0,0,0,26624
923,1100,0,0,0,2,2,8,5,18,6,19968,25600,64949,117,76,8192,10,581,125,0,0,0,47104,0,0,47104,0,0,0,0,0,76,12,0,912,0,32768,0,0,64,0,0,0,598,47104,0,0,65532,26688
924,1000,0,0,0,2,2,8,5,18,6,40192,1536,64799,350,76,34816,6,393,164,923,65451,64,44345,0,2,44441,44345,0,96,0,2,76,12,64744,880,9600,33280,0,944,64,0,32768,0,815,0,0,32768,0,26624
924,1100,0,0,0,2,2,8,5,18,6,768,55552,64953,116,76,8192,10,579,125,0,0,0,47104,0,0,47104,0,0,0,0,0,76,12,0,912,0,32768,0,0,64,0,0,0,594,47104,0,0,65532,26688
925,1000,0,0,0,2,2,8,5,18,6,48128,25600,64801,357,76,34816,6,390,165,812,65425,64,44246,0,2,44342,44246,2,96,0,2,76,12,64656,880,9600,33280,0,944,64,0,32768,0,816,0,0,0,0,26624
925,1100,0,0,0,2,2,8,5,18,6,48128,19712,64957,116,76,8192,10,576,126,0,0,0,47104,0,0,47104,0,0,0,0,0,76,12,0,912,0,32768,0,0,64,0,0,0,590,47104,0,0,65532,26688
926,1000,0,0,0,2,2,8,5,18,6,56576,51456,64805,364,76,34816,6,387,166,675,65399,64,44136,0,2,44232,44136,2,288,384,2,76,12,64568,880,9600,33280,0,944,64,0,32768,0,816,65248,0,32768,0,26624
926,1100,0,0,0,2,2,8,5,18,6,30976,49408,64961,115,28,10240,10,574,126,0,185,0,47104,0,2,47104,0,0,0,0,2,28,12,0,912,0,32768,0,0,64,0,32768,0,586,46848,0,0,0,26688
927,1000,0,0,0,2,2,8,5,18,6,512,13568,64808,372,76,34816,6,385,168,512,65373,64,43631,0,2,44303,44015,2,480,768,2,76,12,64480,880,9600,33280,0,944,64,0,32768,0,817,64960,0,0,0,26624
927,1100,0,0,0,2,2,8,5,18,6,14848,13312,64964,129,28,10240,10,572,127,159,159,0,46848,0,2,46848,0,0,0,0,2,28,12,0,912,0,32768,0,0,64,0,32768,0,586,46848,0,0,0,26688
928,1000,0,0,0,2,2,8,5,18,6,10752,43264,64805,367,28,34816,6,382,169,323,65347,64,43115,0,2,44363,43883,2,672,1152,2,28,12,64392,880,9600,33280,0,944,64,0,32768,0,817,64672,0,32768,0,26624
928,1100,0,0,0,2,2,8,5,18,6,65024,46336,64964,129,28,10240,10,569,127,292,133,0,46848,0,2,46848,0,0,0,0,2,28,12,0,912,0,32768,0,0,64,0,32768,0,586,46848,0,0,0,26688
929,1000,0,0,0,2,2,8,5,18,6,20224,6144,64802,363,28,34816,6,379,171,108,65321,64,42588,0,2,44412,43740,2,864,1536,2,28,12,64304,880,9664,33280,0,944,64,0,32768,0,818,64384,0,0,0,26624
929,1100,0,0,0,2,2,8,5,18,6,49664,13824,64964,129,76,10240,10,567,128,399,107,0,46848,0,2,46848,0,0,0,0,2,76,12,0,912,0,32768,0,0,64,0,32768,0,586,47872,0,0,0,26688
930,1000,0,0,0,2,2,8,5,18,6,28928,33536,64801,360,28,34816,6,376,172,0,0,64,42050,0,0,44450,43586,2,1056,1920,0,28,12,64221,880,9664,33280,0,944,64,0,0,0,818,64096,0,32768,0,26624
930,1100,0,0,0,2,2,8,5,18,6,34304,46848,64960,110,76,10240,10,565,128,480,81,0,47200,0,2,47200,0,0,0,0,2,76,12,0,912,0,32768,0,0,64,0,32768,0,586,47872,0,0,0,26688
931,1000,0,0,0,2,2,8,5,18,6,37376,60160,64798,357,76,32768,6,373,173,0,0,64,41501,0,0,44477,43421,2,1248,2304,0,76,12,64138,880,9664,33280,0,944,64,0,0,0,819,63808,0,0,0,26624
931,1100,0,0,0,2,2,8,5,18,6,17920,9472,64956,90,76,10240,10,563,129,535,55,0,47552,0,2,47552,0,0,0,0,2,76,12,0,912,0,32768,0,0,64,0,32768,0,586,47872,0,0,0,26688
932,1000,0,0,0,2,2,8,5,18,6,45056,20480,64797,355,76,32768,6,370,175,0,0,64,40942,0,0,44494,43246,2,1440,2688,0,76,12,64055,880,9664,33280,0,944,64,0,0,0,819,63520,0,32768,0,26624
932,1100,0,0,0,2,2,8,5,18,6,512,32512,64954,72,76,10240,10,561,129,564,29,0,47872,0,2,47872,0,0,0,0,2,76,12,0,912,0,32768,0,0,64,0,32768,0,586,47872,0,0,0,26688
933,1000,0,0,0,2,2,8,5,18,6,52480,45824,64796,355,76,32768,6,367,176,0,0,64,40372,0,0,44500,43060,2,1632,3072,0,76,12,63973,880,9664,33280,0,944,64,0,0,0,820,63232,0,0,0,26624
933,1100,0,0,0,2,2,8,5,18,6,48128,50944,64954,72,76,10240,10,558,129,567,3,0,47872,0,2,47872,0,0,0,0,2,76,12,0,912,0,32768,0,0,64,0,32768,0,586,47872,0,0,0,26688
934,1000,0,0,0,2,2,8,5,18,6,59648,5632,64796,354,76,32768,6,364,178,0,0,64,39792,0,0,44496,42864,2,1824,3456,0,76,12,63891,880,9664,33280,0,944,64,0,4,0,820,62944,0,32768,0,26624
934,1100,0,0,0,2,2,8,5,18,6,30208,3840,64954,72,76,10240,10,556,130,544,65513,0,47872,0,2,47872,0,0,0,0,2,76,12,0,912,0,32768,0,0,64,0,32768,0,586,47872,0,0,0,26688
935,1000,0,0,0,2,2,8,5,18,6,1280,30720,64795,355,76,32768,6,362,179,0,0,64,39202,0,0,44482,42658,2,2016,3840,0,76,12,63809,880,9664,33280,0,944,64,0,4,0,821,62656,0,0,0,26624
935,1100,0,0,0,2,2,8,5,18,6,12288,22272,64954,72,76,10240,10,554,130,495,65487,0,47872,0,2,47872,0,0,0,0,2,76,12,0,912,0,32768,0,0,64,0,32768,0,586,47872,0,0,0,26688
936,1000,0,0,0,2,2,8,5,18,6,8192,56064,64795,356,76,32768,6,359,180,0,0,64,38602,0,0,44458,42442,2,2208,4224,0,76,12,63728,880,9664,33280,0,944,64,0,4,0,821,62368,0,32768,0,26624
936,1100,0,0,0,2,2,8,5,18,6,59904,40704,64954,72,76,10240,10,551,130,420,65461,0,47872,0,2,47872,0,0,0,0,2,76,12,0,912,0,32768,0,0,64,0,32768,0,586,47872,0,0,0,26688
937,1000,0,0,0,2,2,8,5,18,6,15104,16128,64795,358,76,32768,6,356,182,0,0,64,37992,0,0,44424,42216,2,2400,4608,0,76,12,63647,880,9728,33280,0,944,64,0,4,0,822,62080,0,0,0,26624
937,1100,0,0,0,2,2,8,5,18,6,41984,59136,64954,72,76,10240,10,549,130,319,65435,0,47872,0,2,47872,0,0,0,0,2,76,12,0,912,0,32768,0,0,64,0,32768,0,586,47872,0,0,0,26688
938,1000,0,0,0,2,2,8,5,18,6,22016,42240,64796,360,76,32768,6,353,183,0,0,64,37371,0,0,44379,41979,2,2592,4992,0,76,12,63566,880,9728,33280,0,944,64,0,4,0,822,61792,0,32768,0,26624
938,1100,0,0,0,2,2,8,5,18,6,24064,12032,64954,72,76,10240,10,547,131,192,65409,0,47872,0,2,47872,0,0,0,0,2,76,12,0,912,0,32768,0,0,64,0,32768,0,586,47872,0,0,0,26688
939,1000,0,0,0,2,2,8,5,18,6,29184,3328,64797,364,76,32768,6,350,185,0,0,64,36740,0,0,44324,41732,2,2784,5376,0,76,12,63486,880,9728,33280,0,944,64,0,4,0,823,61504,0,0,0,26624
939,1100,0,0,0,2,2,8,5,18,6,6144,30464,64954,72,76,10240,10,545,131,39,65383,0,47872,0,2,47872,0,0,0,0,2,76,12,0,912,0,32768,0,0,64,0,32768,0,586,47872,0,0,0,26688
940,1000,0,0,0,2,2,8,5,18,6,36608,30976,64799,368,76,32768,6,347,186,0,0,64,36099,0,0,44259,41475,2,2496,4992,0,76,12,63621,880,9728,32768,0,944,64,0,0,0,823,62017,0,32768,0,26624
940,1100,0,0,0,2,2,8,5,18,6,53760,48896,64954,72,76,10240,10,542,131,0,0,0,47872,0,0,47872,0,0,0,0,0,76,12,0,912,0,32768,0,0,64,0,0,0,586,47616,0,0,65532,26688
941,1000,0,0,0,2,2,8,5,18,6,44544,59648,64801,373,76,32768,6,344,187,0,0,64,36243,0,0,43731,41235,2,2208,4608,0,76,12,63755,880,9728,32768,0,944,64,0,0,0,824,62530,0,0,0,26624
941,1100,0,0,0,2,2,8,5,18,6,35840,1792,64960,86,76,8192,10,540,132,0,0,0,47616,0,0,47616,0,0,0,0,0,76,12,0,912,0,32768,0,0,64,0,0,0,582,47616,0,0,10,26688
942,1000,0,0,0,2,2,8,5,18,6,52992,24064,64820,410,76,32768,6,341,189,0,0,64,36404,0,0,43220,41012,2,1920,4224,0,76,12,63889,880,9728,32768,0,944,64,0,0,0,824,63043,0,32768,0,26624
942,1100,0,0,0,2,2,8,5,18,6,19456,23808,64950,87,76,8192,10,538,132,0,0,0,47616,0,0,47616,0,0,0,0,0,76,12,0,912,0,32768,0,0,64,0,0,0,592,47616,0,0,65532,26688
943,1000,0,0,0,2,2,8,5,18,6,768,63488,64840,445,76,32768,6,339,190,0,0,64,36582,0,0,42726,40806,2,1632,3840,0,76,12,64022,880,9728,32768,0,944,64,0,0,0,825,63556,0,0,0,26624
943,1100,0,0,0,2,2,8,5,18,6,512,46080,64954,87,76,8192,10,536,132,0,0,0,47616,0,0,47616,0,0,0,0,0,76,12,0,912,0,32768,0,0,64,0,0,0,588,47616,0,0,65532,26688
944,1000,0,0,0,2,2,8,5,18,6,19200,46336,64862,477,76,32768,6,336,192,0,0,64,36776,0,0,42248,40616,2,1344,3456,0,76,12,64155,880,9728,32768,0,944,64,0,0,0,825,64069,0,32768,0,26624
944,1100,0,0,0,2,2,8,5,18,6,48128,2816,64958,86,76,8192,10,533,133,0,0,0,47616,0,0,47616,0,0,0,0,0,76,12,0,912,0,32768,0,0,64,0,0,0,584,47616,0,0,10,26688
945,1000,0,0,0,2,2,8,5,18,6,43264,37376,64884,508,76,32768,6,333,194,0,0,64,36987,0,0,41787,40443,2,1056,3072,0,76,12,64287,880,9792,32768,0,944,64,0,0,0,826,64582,0,0,0,26624
945,1100,0,0,0,2,2,8,5,18,6,31232,24832,64948,88,76,8192,10,531,133,0,0,0,47616,0,0,47616,0,0,0,0,0,76,12,0,912,0,32768,0,0,64,0,0,0,594,47616,0,0,65532,26688
946,1000,0,0,0,2,2,8,5,18,6,7424,36352,64907,537,76,32768,6,331,196,0,0,64,37214,0,0,41342,40286,2,768,2688,0,76,12,64419,880,9792,32768,0,944,64,0,0,0,826,65095,0,32768,0,26624
946,1100,0,0,0,2,2,8,5,18,6,11776,47360,64952,87,76,8192,10,529,133,0,0,0,47616,0,0,47616,0,0,0,0,0,76,12,0,912,0,32768,0,0,64,0,0,0,590,47616,0,0,65532,26688
947,1000,0,0,0,2,2,8,5,18,6,43008,42752,64930,563,76,32768,6,328,198,0,0,64,37458,0,0,40914,40146,2,480,2304,0,76,12,64550,880,9792,32768,0,944,64,0,0,0,827,72,0,0,0,26624
947,1100,0,0,0,2,2,8,5,18,6,58880,4096,64956,86,28,10240,10,526,134,0,185,0,47616,0,2,47616,0,0,0,0,2,28,12,0,912,0,32768,0,0,64,0,32768,0,586,47360,0,0,0,26688
948,1000,0,0,0,2,2,8,5,18,6,18944,55808,64953,588,76,32768,6,326,200,0,0,64,37718,0,0,40502,40022,2,192,1920,0,76,12,64681,880,9792,32768,0,944,64,0,0,0,827,65095,0,32768,0,26624
948,1100,0,0,0,2,2,8,5,18,6,41472,26112,64958,101,28,10240,10,524,134,159,159,0,47360,0,2,47360,0,0,0,0,2,28,12,0,912,0,32768,0,0,64,0,32768,0,586,47360,0,0,0,26688
949,1000,0,0,0,2,2,8,5,18,6,768,9728,64976,611,76,32768,6,324,203,0,0,64,37995,0,0,40107,39915,0,192,1536,0,76,12,64811,880,9792,32768,0,944,64,0,0,0,828,72,0,0,0,26624
949,1100,0,0,0,2,2,8,5,18,6,24576,51968,64958,101,28,10240,10,522,134,292,133,0,47360,0,2,47360,0,0,0,0,2,28,12,0,912,0,32768,0,0,64,0,32768,0,586,47360,0,0,0,26688
950,1000,0,0,0,2,2,8,5,18,6,54016,35072,65000,632,76,32768,6,321,205,0,0,64,38288,0,0,40016,39824,0,192,1152,0,76,12,64941,880,9792,32768,0,944,64,0,0,0,828,0,0,32768,0,26624
950,1100,0,0,0,2,2,8,5,18,6,7680,12288,64958,101,28,10240,10,520,135,399,107,0,47360,0,2,47360,0,0,0,0,2,28,12,0,912,0,32768,0,0,64,0,32768,0,586,47360,0,0,0,26688
951,1000,0,0,0,2,2,8,5,18,6,47872,256,65005,637,76,32768,6,319,208,0,0,64,38597,0,0,39941,39749,0,192,768,0,76,12,65070,880,9792,32768,0,944,64,0,0,0,829,0,0,0,0,26624
951,1100,0,0,0,2,2,8,5,18,6,56320,38144,64958,101,20,10240,10,517,135,480,81,0,47360,0,2,47360,0,0,0,0,2,20,12,0,912,0,32768,0,0,64,0,32768,0,586,47360,0,0,0,26688
952,1000,0,0,0,2,2,8,5,18,6,43008,32256,65009,641,76,32768,6,317,210,0,0,64,38922,0,0,39882,39690,0,192,384,0,76,12,65199,880,9792,32768,0,944,64,0,0,0,829,0,0,32768,0,26624
952,1100,0,0,0,2,2,8,5,18,6,39424,64000,64958,101,20,10240,10,515,135,535,55,0,47360,0,2,47360,0,0,0,0,2,20,12,0,912,0,32768,0,0,64,0,32768,0,586,47360,0,0,0,26688
953,1000,0,0,0,2,2,8,5,18,6,39168,65280,65012,645,76,32768,6,315,212,0,0,64,39263,0,0,39839,39647,0,192,0,0,76,12,65327,880,9856,32768,0,944,64,0,0,0,830,0,0,0,0,26624
953,1100,0,0,0,2,2,8,5,18,6,22528,24320,64958,101,20,10240,10,513,136,564,29,0,47360,0,2,47360,0,0,0,0,2,20,12,0,912,0,32768,0,0,64,0,32768,0,586,47360,0,0,0,26688
954,1000,0,0,0,2,2,8,5,18,6,36096,33792,65015,647,76,32768,6,313,215,0,0,64,39620,0,0,39812,39620,0,192,0,0,76,12,65455,880,9856,32768,0,944,64,0,0,0,830,0,0,32768,0,26624
954,1100,0,0,0,2,2,8,5,18,6,5632,50176,64958,101,20,10240,10,511,136,567,3,0,47360,0,2,47360,0,0,0,0,2,20,12,0,912,0,32768,0,0,64,0,32768,0,586,45056,0,0,0,26688
955,1000,0,0,0,2,2,8,5,18,6,33792,2816,65016,649,76,32768,6,311,218,0,0,64,39609,0,0,39801,39609,0,192,0,0,76,12,0,880,9856,32768,0,944,64,0,0,0,831,0,0,0,0,26624
955,1100,0,0,0,2,2,8,5,18,6,54272,10496,64962,120,76,10240,10,508,137,544,65513,0,47008,0,2,47008,0,0,0,0,2,76,12,0,912,0,32768,0,0,64,0,32768,0,586,45056,0,0,0,26688
956,1000,0,0,0,2,2,8,5,18,6,31744,37888,65017,650,76,32768,6,309,220,0,0,64,39609,0,0,39801,39609,0,192,0,0,76,12,0,880,9856,32768,0,944,64,0,0,0,831,0,0,32768,0,26624
956,1100,0,0,0,2,2,8,5,18,6,38400,41216,64966,139,76,10240,10,506,137,495,65487,0,46656,0,2,46656,0,0,0,0,2,76,12,0,912,0,32768,0,0,64,0,32768,0,586,45056,0,0,0,26688
957,1000,0,0,0,2,2,8,5,18,6,29952,7680,65016,650,76,32768,6,307,223,0,0,64,39609,0,0,39801,39609,0,192,0,0,76,12,0,880,9856,32768,0,944,64,0,0,0,832,0,0,0,0,26624
957,1100,0,0,0,2,2,8,5,18,6,23552,11264,64971,158,76,10240,10,504,138,420,65461,0,46304,0,2,46304,0,0,0,0,2,76,12,0,912,0,32768,0,0,64,0,32768,0,586,45056,0,0,0,26688
958,1000,512,0,0,2,2,8,5,18,6,27904,43008,65016,650,76,32768,6,305,225,0,0,64,39609,0,0,39801,39609,0,192,0,0,76,12,65448,880,9856,33282,0,944,64,0,0,0,832,0,0,16384,0,26624
958,1100,512,0,0,2,2,8,5,18,6,9984,51712,64977,177,76,10240,10,502,138,319,65435,0,45952,0,2,45952,0,0,0,0,2,76,12,0,912,0,32768,0,0,64,0,32768,0,586,45056,0,0,0,26688
959,1000,0,0,0,2,2,8,5,18,6,25856,12800,65016,650,76,32768,6,303,228,0,0,64,39598,0,0,39790,39598,0,192,0,0,76,12,65361,880,9856,33280,0,944,64,0,0,0,832,0,0,32768,0,26624
959,1100,0,0,0,2,2,8,5,18,6,63488,31488,64983,196,76,10240,10,499,139,192,65409,0,45600,0,2,45600,0,0,0,0,2,76,12,0,912,0,32768,0,0,64,0,32768,0,586,45056,0,0,0,26688
960,1000,0,0,0,2,2,8,5,18,6,23808,48128,65017,651,76,32768,6,301,230,0,0,64,39576,0,0,39768,39576,0,192,0,0,76,12,65275,880,9856,33280,0,944,64,0,0,0,832,0,0,49152,0,26624
960,1100,0,0,0,2,2,8,5,18,6,52992,16128,64990,215,76,10240,10,497,140,39,65383,0,45248,0,2,45248,0,0,0,0,2,76,12,0,912,0,32768,0,0,64,0,32768,0,586,45056,0,0,0,26688
961,1000,0,0,0,2,2,8,5,18,6,22016,18176,65017,653,76,32768,6,299,233,0,0,64,39543,0,0,39735,39543,0,192,0,0,76,12,65189,880,9920,33280,0,944,64,0,0,0,833,0,0,0,0,26624
961,1100,0,0,0,2,2,8,5,18,6,44288,5632,64994,225,76,10240,10,495,141,0,0,0,45056,0,0,45056,0,0,0,0,0,76,12,0,912,0,32768,0,0,64,0,0,0,586,44800,0,0,65532,26688
962,1000,0,0,0,2,2,8,5,18,6,20224,54272,65019,655,76,32768,6,297,235,0,0,64,39499,0,0,39691,39499,0,192,0,0,76,12,65104,880,9920,33280,0,944,64,0,0,0,833,0,0,16384,0,26624
962,1100,0,0,0,2,2,8,5,18,6,36608,63232,65003,236,76,8192,10,493,141,0,0,0,44800,0,0,44800,0,0,0,0,0,76,12,0,912,0,32768,0,0,64,0,0,0,582,44800,0,0,65532,26688
963,1000,0,0,0,2,2,8,5,18,6,18944,25344,65022,657,76,32768,6,295,238,0,0,64,39445,0,0,39637,39445,0,192,0,0,76,12,65020,880,9920,33280,0,944,64,0,0,0,833,0,0,32768,0,26624
963,1100,0,0,0,2,2,8,5,18,6,31232,58112,65007,235,76,8192,10,491,142,0,0,0,44800,0,0,44800,0,0,0,0,0,76,12,0,912,0,32768,0,0,64,0,0,0,578,44800,0,0,65532,26688
964,1000,0,0,0,2,2,8,5,18,6,18432,62464,65026,659,76,32768,6,293,240,0,0,64,39380,0,0,39572,39380,0,192,0,0,76,12,64936,880,9920,33280,0,944,64,0,0,0,833,0,0,49152,0,26624
964,1100,0,0,0,2,2,8,5,18,6,26880,52736,65011,233,76,8192,10,489,143,0,0,0,44800,0,0,44800,0,0,0,0,0,76,12,0,912,0,32768,0,0,64,0,0,0,574,44800,0,0,65532,26688
965,1000,0,0,0,2,2,8,5,18,6,18944,34560,65029,663,76,32768,6,291,243,0,0,64,39305,0,0,39497,39305,0,192,0,0,76,12,64853,880,9920,33280,0,944,64,0,0,0,834,0,0,0,0,26624
965,1100,0,0,0,2,2,8,5,18,6,23552,46848,65014,231,76,8192,10,487,144,0,0,0,44800,0,0,44800,0,0,0,0,0,76,12,0,912,0,32768,0,0,64,0,0,0,570,45312,0,0,65532,26688
966,1000,0,0,0,2,2,8,5,18,6,20224,7680,65034,667,76,32768,6,289,246,0,0,64,39219,0,0,39411,39219,0,192,0,0,76,12,64771,880,9920,33280,0,944,64,0,0,0,834,0,0,16384,0,26624
966,1100,0,0,0,2,2,8,5,18,6,20992,40448,65011,212,76,8192,10,485,145,0,0,0,45152,0,0,45152,0,0,0,0,0,76,12,0,912,0,32768,0,0,64,0,0,0,566,45312,0,0,65532,26688
967,1000,0,0,0,2,2,8,5,18,6,22784,47360,65040,671,76,32768,6,287,248,0,0,64,39123,0,0,39315,39123,0,192,0,0,76,12,64689,880,9920,33280,0,944,64,0,0,0,834,0,0,32768,0,26624
967,1100,0,0,0,2,2,8,5,18,6,17664,29184,65011,203,76,8192,10,483,146,0,0,0,45312,0,0,45312,0,0,0,0,0,76,12,0,912,0,32768,0,0,64,0,0,0,562,45312,0,0,65532,26688
968,1000,0,0,0,2,2,8,5,18,6,26880,22528,65046,676,76,32768,6,285,251,0,0,64,39017,0,0,39209,39017,2,192,0,0,76,12,64608,880,9920,33280,0,944,64,0,0,0,834,0,0,49152,0,26624
968,1100,0,0,0,2,2,8,5,18,6,14336,15616,65015,201,76,8192,10,481,147,0,0,0,45312,0,0,45312,0,0,0,0,0,76,12,0,912,0,32768,0,0,64,0,0,0,558,45312,0,0,65532,26688
969,1000,0,0,0,2,2,8,5,18,6,32512,64512,65052,681,76,32768,6,283,253,0,0,64,38901,0,0,39093,38901,2,384,384,0,76,12,64527,880,9984,33280,0,944,64,0,0,0,835,65248,0,0,0,26624
969,1100,0,0,0,2,2,8,5,18,6,12032,1536,65019,200,28,10240,10,479,148,0,175,0,45312,0,2,45312,0,0,0,0,2,28,12,0,912,0,32768,0,0,64,0,32768,0,554,45056,0,0,0,26688
970,1000,0,0,0,2,2,8,5,18,6,39680,42240,65060,687,76,32768,6,281,256,0,0,64,38390,0,0,39158,38774,2,576,768,0,76,12,64447,880,9984,33280,0,944,64,0,0,0,835,64960,0,16384,0,26624
970,1100,0,0,0,2,2,8,5,18,6,10752,52736,65024,212,28,10240,10,477,148,149,149,0,45056,0,2,45056,0,0,0,0,2,28,12,0,912,0,32768,0,0,64,0,32768,0,554,45056,0,0,0,26688
971,1000,0,0,0,2,2,8,5,18,6,48896,21504,65055,684,76,32768,6,279,259,0,0,64,37869,0,0,39213,38637,2,768,1152,0,76,12,64368,880,9984,33280,0,944,64,0,0,0,835,64672,0,32768,0,26624
971,1100,0,0,0,2,2,8,5,18,6,10752,41472,65024,212,28,10240,10,475,149,272,123,0,45056,0,2,45056,0,0,0,0,2,28,12,0,912,0,32768,0,0,64,0,32768,0,554,45056,0,0,0,26688
972,1000,0,0,0,2,2,8,5,18,6,56832,0,65052,681,76,32768,6,277,262,0,0,64,37339,0,0,39259,38491,2,960,1536,0,76,12,64289,880,9984,33280,0,944,64,0,0,0,835,64384,0,49152,0,26624
972,1100,0,0,0,2,2,8,5,18,6,10752,30208,65024,212,28,10240,10,473,150,369,97,0,45056,0,2,45056,0,0,0,0,2,28,12,0,912,0,32768,0,0,64,0,32768,0,554,45056,0,0,0,26688
973,1000,0,0,0,2,2,8,5,18,6,64000,43264,65048,680,76,32768,6,275,264,0,0,64,36799,0,0,39295,38335,2,1152,1920,0,76,12,64211,880,9984,33280,0,944,64,0,0,0,836,64096,0,0,0,26624
973,1100,0,0,0,2,2,8,5,18,6,10752,18944,65024,212,76,10240,10,471,151,440,71,0,45056,0,2,45056,0,0,0,0,2,76,12,0,912,0,32768,0,0,64,0,32768,0,554,45056,0,0,0,26688
974,1000,0,0,0,2,2,8,5,18,6,4608,20736,65046,678,76,32768,6,274,267,0,0,64,36249,0,0,39321,38169,2,1344,2304,0,76,12,64134,880,9984,33280,0,944,64,0,0,0,836,63808,0,16384,0,26624
974,1100,0,0,0,2,2,8,5,18,6,10752,7680,65024,212,76,10240,10,469,152,485,45,0,45056,0,2,45056,0,0,0,0,2,76,12,0,912,0,32768,0,0,64,0,32768,0,554,45056,0,0,0,26688
975,1000,0,0,0,2,2,8,5,18,6,10240,63232,65044,677,76,32768,6,272,269,0,0,64,35689,0,0,39337,37993,2,1536,2688,0,76,12,64057,880,9984,33280,0,944,64,0,0,0,836,63520,0,32768,0,26624
975,1100,0,0,0,2,2,8,5,18,6,10752,61952,65024,212,76,10240,10,467,152,504,19,0,45056,0,2,45056,0,0,0,0,2,76,12,0,912,0,32768,0,0,64,0,32768,0,554,45056,0,0,0,26688
976,1000,0,0,0,2,2,8,5,18,6,15360,39936,65043,676,76,32768,6,270,272,0,0,64,35120,0,0,39344,37808,2,1248,2304,0,76,12,64195,880,9984,32768,0,944,64,0,0,0,836,64033,0,49152,0,26624
976,1100,0,0,0,2,2,8,5,18,6,10752,50688,65024,212,76,10240,10,465,153,497,65529,0,45056,0,2,45056,0,0,0,0,2,76,12,0,912,0,32768,0,0,64,0,32768,0,554,45056,0,0,0,26688
977,1000,0,0,0,2,2,8,5,18,6,20224,16384,65042,677,76,32768,6,268,275,0,0,64,35336,0,0,38888,37640,2,960,1920,0,76,12,64332,880,10048,32768,0,944,64,0,0,0,837,64546,0,0,0,26624
977,1100,0,0,0,2,2,8,5,18,6,10752,39424,65024,212,76,10240,10,463,154,464,65503,0,45056,0,2,45056,0,0,0,0,2,76,12,0,912,0,32768,0,0,64,0,32768,0,554,44800,0,0,0,26688
978,1000,0,0,0,2,2,8,5,18,6,24832,58624,65072,697,76,32768,6,266,277,0,0,64,35569,0,0,38449,37489,2,672,1536,0,76,12,64468,880,10048,32768,0,944,64,0,0,0,837,65059,0,16384,0,26624
978,1100,0,0,0,2,2,8,5,18,6,10752,28160,65029,225,76,10240,10,461,155,405,65477,0,44800,0,2,44800,0,0,0,0,2,76,12,0,912,0,32768,0,0,64,0,32768,0,554,44800,0,0,0,26688
979,1000,0,0,0,2,2,8,5,18,6,37120,40448,65102,717,76,32768,6,264,280,0,0,64,35819,0,0,38027,37355,2,384,1152,0,76,12,64603,880,10048,32768,0,944,64,0,0,0,837,36,0,32768,0,26624
979,1100,0,0,0,2,2,8,5,18,6,12032,20224,65029,225,76,10240,10,459,156,320,65451,0,44800,0,2,44800,0,0,0,0,2,76,12,0,912,0,32768,0,0,64,0,32768,0,554,44800,0,0,0,26688
980,1000,0,0,0,2,2,8,5,18,6,57088,27392,65131,733,76,32768,6,262,283,0,0,64,36086,0,0,37622,37238,2,96,768,0,76,12,64737,880,10048,32768,0,944,64,0,0,0,837,65059,0,49152,0,26624
980,1100,0,0,0,2,2,8,5,18,6,13312,12288,65029,225,76,10240,10,457,157,209,65425,0,44800,0,2,44800,0,0,0,0,2,76,12,0,912,0,32768,0,0,64,0,32768,0,554,44800,0,0,0,26688
981,1000,0,0,0,2,2,8,5,18,6,18944,18432,65159,749,76,32768,6,261,286,0,0,64,36370,0,0,37234,37138,0,96,384,0,76,12,64870,880,10048,32768,0,944,64,0,0,0,838,36,0,0,0,26624
981,1100,0,0,0,2,2,8,5,18,6,14592,4352,65029,225,76,10240,10,455,158,72,65399,0,44800,0,2,44800,0,0,0,0,2,76,12,0,912,0,32768,0,0,64,0,32768,0,554,44800,0,0,0,26688
982,1000,0,0,0,2,2,8,5,18,6,53504,13568,65188,763,76,32768,6,259,289,0,0,64,36670,0,0,37150,37054,0,96,0,0,76,12,65002,880,10048,32768,0,944,64,0,0,0,838,0,0,16384,0,26624
982,1100,0,0,0,2,2,8,5,18,6,15872,61952,65029,225,76,10240,10,453,158,0,0,0,44800,0,0,44800,0,0,0,0,0,76,12,0,912,0,32768,0,0,64,0,0,0,554,44800,0,0,65532,26688
983,1000,0,0,0,2,2,8,5,18,6,29952,12288,65194,766,76,32768,6,258,292,0,0,64,36987,0,0,37083,36987,0,96,0,0,76,12,65133,880,10048,32768,0,944,64,0,0,0,838,0,0,32768,0,26624
983,1100,0,0,0,2,2,8,5,18,6,17152,54016,65033,223,76,8192,10,451,159,0,0,0,44800,0,0,44800,0,0,0,0,0,76,12,0,912,0,32768,0,0,64,0,0,0,550,44800,0,0,65532,26688
984,1000,0,0,0,2,2,8,5,18,6,7936,11776,65199,768,76,32768,6,257,295,0,0,64,36936,0,0,37032,36936,0,96,0,0,76,12,65263,880,10048,32768,0,944,64,0,0,0,838,0,0,49152,0,26624
984,1100,0,0,0,2,2,8,5,18,6,19456,45568,65036,222,76,8192,10,449,160,0,0,0,44800,0,0,44800,0,0,0,0,0,76,12,0,912,0,32768,0,0,64,0,0,0,546,45568,0,0,65532,26688
985,1000,0,0,0,2,2,8,5,18,6,52736,11776,65202,770,76,32768,6,255,298,0,0,64,36901,0,0,36997,36901,0,96,0,0,76,12,65392,880,10112,32768,0,944,64,0,0,0,839,0,0,0,0,26624
985,1100,0,0,0,2,2,8,5,18,6,22528,36864,65033,203,76,8192,10,447,161,0,0,0,45152,0,0,45152,0,0,0,0,0,76,12,0,912,0,32768,0,0,64,0,0,0,542,45312,0,0,65532,26688
986,1000,0,0,0,2,2,8,5,18,6,32768,12288,65205,771,76,32768,6,254,301,0,0,64,36883,0,0,36979,36883,0,96,0,0,76,12,65520,880,10112,32768,0,944,64,0,0,0,839,0,0,16384,0,26624
986,1100,0,0,0,2,2,8,5,18,6,24832,23296,65034,194,76,8192,10,445,162,0,0,0,45312,0,0,45312,0,0,0,0,0,76,12,0,912,0,32768,0,0,64,0,0,0,538,45312,0,0,65532,26688
987,1000,0,0,0,2,2,8,5,18,6,13568,13056,65206,772,76,32768,6,253,304,0,0,64,36881,0,0,36977,36881,0,96,0,0,76,12,0,880,10112,32768,0,944,64,0,0,0,839,0,0,32768,0,26624
987,1100,0,0,0,2,2,8,5,18,6,27392,7424,65037,193,76,8192,10,443,163,0,0,0,45312,0,0,45312,0,0,0,0,0,76,12,0,912,0,32768,0,0,64,0,0,0,534,45312,0,0,11,26688
988,1000,0,0,0,2,2,8,5,18,6,60160,14080,65206,772,76,32768,6,251,307,0,0,64,36881,0,0,36977,36881,0,96,0,0,76,12,0,880,10112,32768,0,944,64,0,0,0,839,0,0,49152,0,26624
988,1100,0,0,0,2,2,8,5,18,6,30720,56832,65027,197,76,8192,10,441,163,0,0,0,45312,0,0,45312,0,0,0,0,0,76,12,0,912,0,32768,0,0,64,0,0,0,545,45312,0,0,65532,26688
989,1000,0,0,0,2,2,8,5,18,6,41216,15104,65206,773,76,32768,6,250,310,0,0,64,36881,0,0,36977,36881,0,96,0,0,76,12,0,880,10112,32768,0,944,64,0,0,0,840,0,0,0,0,26624
989,1100,0,0,0,2,2,8,5,18,6,31488,41728,65031,195,76,8192,10,439,164,0,0,0,45312,0,0,45312,0,0,0,0,0,76,12,0,912,0,32768,0,0,64,0,0,0,541,45312,0,0,65532,26688
990,1000,0,0,0,2,2,8,5,18,6,22272,16384,65206,773,76,32768,6,249,313,0,0,64,36881,0,0,36977,36881,0,96,0,0,76,12,0,880,10112,32768,0,944,64,0,0,0,840,0,0,16384,0,26624
990,1100,0,0,0,2,2,8,5,18,6,33280,26112,65034,194,76,8192,10,437,165,0,0,0,45312,0,0,45312,0,0,0,0,0,76,12,0,912,0,32768,0,0,64,0,0,0,537,45312,0,0,65532,26688
991,1000,0,0,0,2,2,8,5,18,6,3328,17664,65206,773,76,32768,6,248,316,0,0,64,36881,0,0,36977,36881,0,96,0,0,76,12,0,880,10112,32768,0,944,64,0,0,0,840,0,0,32768,0,26624
991,1100,0,0,0,2,2,8,5,18,6,35840,10240,65038,192,76,8192,10,435,166,0,0,0,45312,0,0,45312,0,0,0,0,0,76,12,0,912,0,32768,0,0,64,0,0,0,533,45312,0,0,11,26688
992,1000,0,0,0,2,2,8,5,18,6,49920,18944,65206,773,76,32768,6,246,319,0,0,64,36881,0,0,36977,36881,0,96,0,0,76,12,0,880,10112,32768,0,944,64,0,0,0,840,0,0,49152,0,26624
992,1100,0,0,0,2,2,8,5,18,6,39424,59392,65028,196,76,8192,10,433,166,0,0,0,45312,0,0,45312,0,0,0,0,0,76,12,0,912,0,32768,0,0,64,0,0,0,544,45312,0,0,65532,26688
993,1000,0,0,0,2,2,8,5,18,6,30976,20224,65205,774,76,32768,6,245,322,0,0,64,36881,0,0,36977,36881,0,96,0,0,76,12,0,880,10176,32768,0,944,64,0,0,0,841,0,0,0,0,26624
993,1100,0,0,0,2,2,8,5,18,6,40448,44032,65032,195,28,10240,10,431,167,0,170,0,45312,0,2,45312,0,0,0,0,2,28,12,0,912,0,32768,0,0,64,0,32768,0,540,44800,0,0,0,26688
994,1000,0,0,0,2,2,8,5,18,6,11776,21760,65205,774,76,32768,6,244,325,0,0,64,36881,0,0,36977,36881,0,96,0,0,76,12,0,880,10176,32768,0,944,64,0,0,0,841,0,0,16384,0,26624
994,1100,0,0,0,2,2,8,5,18,6,42496,28416,65042,219,28,10240,10,429,168,144,144,0,44800,0,2,44800,0,0,0,0,2,28,12,0,912,0,32768,0,0,64,0,32768,0,540,44800,0,0,0,26688
995,1000,0,0,0,2,2,8,5,18,6,58112,23296,65205,774,76,32768,6,242,328,0,0,64,36881,0,0,36977,36881,0,96,0,0,76,12,0,880,10176,32768,0,944,64,0,0,0,841,0,0,32768,0,26624
995,1100,0,0,0,2,2,8,5,18,6,47104,18944,65042,219,28,10240,10,427,169,262,118,0,44800,0,2,44800,0,0,0,0,2,28,12,0,912,0,32768,0,0,64,0,32768,0,540,44800,0,0,0,26688
996,1000,0,0,0,2,2,8,5,18,6,38912,24832,65205,774,76,32768,6,241,331,0,0,64,36881,0,0,36977,36881,0,96,0,0,76,12,0,880,10176,32768,0,944,64,0,0,0,841,0,0,49152,0,26624
996,1100,0,0,0,2,2,8,5,18,6,51712,9472,65042,219,28,10240,10,425,170,354,92,0,44800,0,2,44800,0,0,0,0,2,28,12,0,912,0,32768,0,0,64,0,32768,0,540,44800,0,0,0,26688
997,1000,0,0,0,2,2,8,5,18,6,19712,26368,65205,775,76,32768,6,240,334,0,0,64,36881,0,0,36977,36881,0,96,0,0,76,12,0,880,10176,32768,0,944,64,0,0,0,842,0,0,0,0,26624
997,1100,0,0,0,2,2,8,5,18,6,56320,0,65042,219,76,10240,10,423,171,420,66,0,44800,0,2,44800,0,0,0,0,2,76,12,0,912,0,32768,0,0,64,0,32768,0,540,44800,0,0,0,26688
998,1000,0,0,0,2,2,8,5,18,6,512,28160,65205,775,76,32768,6,239,337,0,0,64,36881,0,0,36977,36881,0,96,0,0,76,12,0,880,10176,32768,0,944,64,0,0,0,842,0,0,16384,0,26624
998,1100,0,0,0,2,2,8,5,18,6,60928,56064,65042,219,76,10240,10,421,171,460,40,0,44800,0,2,44800,0,0,0,0,2,76,12,0,912,0,32768,0,0,64,0,32768,0,540,44800,0,0,0,26688
999,1000,0,0,0,2,2,8,5,18,6,46848,29952,65205,775,76,32768,6,237,340,0,0,64,36881,0,0,36977,36881,0,96,0,0,76,12,0,880,10176,32768,0,944,64,0,0,0,842,0,0,32768,0,26624
999,1100,0,0,0,2,2,8,5,18,6,0,46592,65042,219,76,10240,10,420,172,474,14,0,44800,0,2,44800,0,0,0,0,2,76,12,0,912,0,32768,0,0,64,0,32768,0,540,44800,0,0,0,26688
1000,1000,0,0,0,2,2,8,5,18,6,27648,31744,65205,775,76,32768,6,236,343,0,0,64,36881,0,0,36977,36881,0,96,0,0,76,12,0,880,10176,32768,0,944,64,0,0,0,842,0,0,49152,0,26624
1000,1100,0,0,0,2,2,8,5,18,6,4608,37120,65042,219,76,10240,10,418,173,462,65524,0,44800,0,2,44800,0,0,0,0,2,76,12,0,912,0,32768,0,0,64,0,32768,0,540,44800,0,0,0,26688
1001,1000,0,0,0,2,2,8,5,18,6,8448,33536,65204,776,76,32768,6,235,346,0,0,64,36881,0,0,36977,36881,0,96,0,0,76,12,0,880,10240,32768,0,944,64,0,0,0,843,0,0,0,0,26624
1001,1100,0,0,0,2,2,8,5,18,6,9216,27648,65042,219,76,10240,10,416,174,424,65498,0,44800,0,2,44800,0,0,0,0,2,76,12,0,912,0,32768,0,0,64,0,32768,0,540,44800,0,0,0,26688
1002,1000,0,0,0,2,2,8,5,18,6,54528,35584,65204,776,76,32768,6,233,349,0,0,64,36881,0,0,36977,36881,0,96,0,0,76,12,0,880,10240,32768,0,944,64,0,0,0,843,0,0,16384,0,26624
1002,1100,0,0,0,2,2,8,5,18,6,13824,18176,65042,219,76,10240,10,414,175,360,65472,0,44800,0,2,44800,0,0,0,0,2,76,12,0,912,0,32768,0,0,64,0,32768,0,540,44288,0,0,0,26688
1003,1000,0,0,0,2,2,8,5,18,6,35072,37632,65204,776,76,32768,6,232,352,0,0,64,36881,0,0,36977,36881,0,96,0,0,76,12,0,880,10240,32768,0,944,64,0,0,0,843,0,0,32768,0,26624
1003,1100,0,0,0,2,2,8,5,18,6,18432,8704,65053,243,76,10240,10,412,176,270,65446,0,44288,0,2,44288,0,0,0,0,2,76,12,0,912,0,32768,0,0,64,0,32768,0,540,45568,0,0,0,26688
1004,1000,256,0,0,2,2,8,5,18,6,15616,39680,65204,776,26,32768,6,231,355,0,0,64,36881,0,0,36977,36881,0,96,0,0,26,12,87,880,10240,33025,0,944,64,0,0,0,843,0,0,49152,0,26624
1004,1100,256,0,0,2,2,8,5,18,6,25856,5376,65045,227,76,10240,10,410,177,154,65420,0,44640,0,2,44640,0,0,0,0,2,76,12,0,912,0,32768,0,0,64,0,32768,0,540,45568,0,0,0,26688
1005,1000,0,0,0,2,2,9,5,18,6,61696,41728,65204,777,26,32768,6,229,358,0,0,64,36891,0,0,36987,36891,0,96,0,0,26,12,173,880,10240,33024,0,952,64,0,0,0,844,0,0,0,0,26624
1005,1100,0,0,0,2,2,9,5,18,6,31232,63488,65038,210,76,10240,10,408,177,12,65394,0,44992,0,2,44992,0,0,0,0,2,76,12,0,912,0,32768,0,0,64,0,32768,0,540,45568,0,0,0,26688
1006,1000,0,0,0,2,2,9,5,18,6,42240,44032,65203,776,76,32768,6,228,361,0,0,64,36912,0,0,37008,36912,0,96,0,0,76,12,258,880,10240,33024,0,952,64,0,0,0,844,0,0,16384,0,26624
1006,1100,0,0,0,2,2,9,5,18,6,34816,51712,65031,193,76,10240,10,406,178,0,0,0,45344,0,0,45344,0,0,0,0,0,76,12,0,912,0,32768,0,0,64,0,0,0,540,45568,0,0,65532,26688
1007,1000,0,0,0,2,2,9,5,18,6,22528,46080,65202,776,76,32768,6,227,364,0,0,64,36944,0,0,37040,36944,0,96,0,0,76,12,343,880,10240,33024,0,952,64,0,0,0,844,0,0,32768,0,26624
1007,1100,0,0,0,2,2,9,5,18,6,36608,35584,65031,181,76,8192,10,404,179,0,0,0,45568,0,0,45568,0,0,0,0,0,76,12,0,912,0,32768,0,0,64,0,0,0,536,45568,0,0,11,26688
1008,1000,0,0,0,2,2,9,5,18,6,2560,48128,65199,775,76,32768,6,226,367,0,0,64,36986,0,0,37082,36986,0,96,0,0,76,12,427,880,10240,33024,0,952,64,0,0,0,844,0,0,49152,0,26624
1008,1100,0,0,0,2,2,9,5,18,6,38400,16384,65020,185,76,8192,10,402,180,0,0,0,45568,0,0,45568,0,0,0,0,0,76,12,0,912,0,32768,0,0,64,0,0,0,547,45568,0,0,65532,26688
1009,1000,0,0,0,2,2,9,5,18,6,47360,49920,65196,774,76,32768,6,224,370,0,0,64,37039,0,0,37135,37039,0,96,0,0,76,12,510,880,10304,33024,0,952,64,0,0,0,845,0,0,0,0,26624
1009,1100,0,0,0,2,2,9,5,18,6,37376,63744,65024,183,76,8192,10,400,180,0,0,0,45568,0,0,45568,0,0,0,0,0,76,12,0,912,0,32768,0,0,64,0,0,0,543,45568,0,0,65532,26688
1010,1000,0,0,0,2,2,9,5,18,6,25856,51456,65192,773,76,32768,6,223,373,0,0,64,37102,0,0,37198,37102,0,96,0,0,76,12,593,880,10304,33024,0,952,64,0,0,0,845,0,0,16384,0,26624
1010,1100,0,0,0,2,2,9,5,18,6,37376,45056,65028,182,76,8192,10,398,181,0,0,0,45568,0,0,45568,0,0,0,0,0,76,12,0,912,0,32768,0,0,64,0,0,0,539,45056,0,0,65532,26688
1011,1000,0,0,0,2,2,9,5,18,6,3328,52736,65187,771,76,32768,6,222,376,0,0,64,37176,0,0,37272,37176,0,96,0,0,76,12,675,880,10304,33024,0,952,64,0,0,0,845,0,0,32768,0,26624
1011,1100,0,0,0,2,2,9,5,18,6,38400,26112,65041,205,76,8192,10,396,182,0,0,0,45056,0,0,45056,0,0,0,0,0,76,12,0,912,0,32768,0,0,64,0,0,0,535,45056,0,0,11,26688
1012,1000,0,0,0,2,2,9,5,18,6,45056,53504,65182,768,76,32768,6,220,379,0,0,64,37260,0,0,37356,37260,0,96,0,0,76,12,757,880,10304,33024,0,952,64,0,0,0,845,0,0,49152,0,26624
1012,1100,0,0,0,2,2,9,5,18,6,42752,13056,65031,209,76,8192,10,394,183,0,0,0,45056,0,0,45056,0,0,0,0,0,76,12,0,912,0,32768,0,0,64,0,0,0,546,45056,0,0,65532,26688
1013,1000,0,0,0,2,2,9,5,18,6,19968,53504,65175,766,76,32768,6,219,382,0,0,64,37354,0,0,37450,37354,0,96,0,0,76,12,838,880,10304,33024,0,952,64,0,0,0,846,0,0,0,0,26624
1013,1100,0,0,0,2,2,9,5,18,6,44544,1024,65035,208,76,8192,10,392,184,0,0,0,45056,0,0,45056,0,0,0,0,0,76,12,0,912,0,32768,0,0,64,0,0,0,542,45056,0,0,65532,26688
1014,1000,0,0,0,2,2,9,5,18,6,58624,52992,65168,763,76,32768,6,217,385,0,0,64,37458,0,0,37554,37458,2,96,0,0,76,12,918,880,10304,33024,0,952,64,0,0,0,846,0,0,16384,0,26624
1014,1100,0,0,0,2,2,9,5,18,6,47360,54272,65038,206,76,8192,10,390,184,0,0,0,45056,0,0,45056,0,0,0,0,0,76,12,0,912,0,32768,0,0,64,0,0,0,538,45056,0,0,65532,26688
1015,1000,0,0,0,2,2,9,5,18,6,29952,51712,65161,759,76,32768,6,216,388,0,0,64,37572,0,0,37668,37572,2,65376,65152,0,76,12,998,880,10304,33024,0,952,64,0,0,0,846,65472,0,32768,0,26624
1015,1100,0,0,0,2,2,9,5,18,6,50944,41472,65042,205,76,8192,10,388,185,0,0,0,45056,0,0,45056,0,0,0,0,0,76,12,0,912,0,32768,0,0,64,0,0,0,534,45056,0,0,11,26688
1016,1000,0,0,0,2,2,9,5,18,6,65024,49408,65152,755,76,32768,6,214,391,0,0,64,38080,0,0,37536,37696,2,65184,64768,0,76,12,1077,880,10304,33024,0,952,64,0,0,0,846,224,0,49152,0,26624
1016,1100,0,0,0,2,2,9,5,18,6,55552,28416,65032,209,76,8192,10,386,186,0,0,0,45056,0,0,45056,0,0,0,0,0,76,12,0,912,0,32768,0,0,64,0,0,0,545,45056,0,0,65532,26688
1017,1000,0,0,0,2,2,9,5,18,6,32256,46080,65162,761,76,32768,6,213,394,0,0,64,38598,0,0,37478,37830,2,64992,64384,0,76,12,1155,880,10368,33024,0,952,64,0,0,0,847,512,0,0,0,26624
1017,1100,0,0,0,2,2,9,5,18,6,57600,16384,65036,208,76,8192,10,384,187,0,0,0,45056,0,0,45056,0,0,0,0,0,76,12,0,912,0,32768,0,0,64,0,0,0,541,45056,0,0,65532,26688
1018,1000,0,0,0,2,2,9,5,18,6,2048,44288,65166,763,76,32768,6,212,397,0,0,64,39126,0,0,37430,37974,2,64800,64000,0,76,12,1233,880,10368,33024,0,952,64,0,0,0,847,800,0,16384,0,26624
1018,1100,0,0,0,2,2,9,5,18,6,60672,4096,65039,206,28,10240,10,382,188,0,169,0,45056,0,2,45056,0,0,0,0,2,28,12,0,912,0,32768,0,0,64,0,32768,0,537,44288,0,0,0,26688
1019,1000,0,0,0,2,2,9,5,18,6,38400,43008,65169,764,76,32768,6,210,400,0,0,64,39664,0,0,37392,38128,2,65088,64384,0,76,12,1096,880,10368,32768,0,952,64,0,0,0,847,287,0,32768,0,26624
1019,1100,0,0,0,2,2,9,5,18,6,64512,56832,65047,223,28,10240,10,380,188,143,143,0,44704,0,2,44704,0,0,0,0,2,28,12,0,912,0,32768,0,0,64,0,32768,0,537,44288,0,0,0,26688
1020,1000,0,0,0,2,2,9,5,18,6,9984,41984,65172,766,76,32768,6,209,403,0,0,64,39417,0,0,37817,38265,2,65376,64768,0,76,12,960,880,10368,32768,0,952,64,0,0,0,847,65310,0,49152,0,26624
1020,1100,0,0,0,2,2,9,5,18,6,4864,48384,65056,242,28,10240,10,379,189,260,117,0,44288,0,2,44288,0,0,0,0,2,28,12,0,912,0,32768,0,0,64,0,32768,0,537,44288,0,0,0,26688
1021,1000,0,0,0,2,2,9,5,18,6,47872,41472,65141,751,76,32768,6,207,406,0,0,64,39153,0,0,38225,38385,0,65376,65152,0,76,12,825,880,10368,32768,0,952,64,0,0,0,848,287,0,0,0,26624
1021,1100,0,0,0,2,2,9,5,18,6,13056,44800,65056,242,28,10240,10,377,190,351,91,0,44288,0,2,44288,0,0,0,0,2,28,12,0,912,0,32768,0,0,64,0,32768,0,537,44288,0,0,0,26688
1022,1000,0,0,0,2,2,9,5,18,6,12288,37120,65112,735,76,32768,6,206,409,0,0,64,38872,0,0,38328,38488,2,65376,65152,0,76,12,691,880,10368,32768,0,952,64,0,0,0,848,0,0,16384,0,26624
1022,1100,0,0,0,2,2,9,5,18,6,21248,41216,65056,242,76,10240,10,375,191,416,65,0,44288,0,2,44288,0,0,0,0,2,76,12,0,912,0,32768,0,0,64,0,32768,0,537,44288,0,0,0,26688
1023,1000,0,0,0,2,2,9,5,18,6,34816,28672,65105,731,76,32768,6,204,412,0,0,64,38958,0,0,38414,38574,0,65376,0,0,76,12,558,880,10368,32768,0,952,64,0,0,0,848,65023,0,32768,0,26624
1023,1100,0,0,0,2,2,9,5,18,6,29440,37632,65056,242,76,10240,10,373,192,455,39,0,44288,0,2,44288,0,0,0,0,2,76,12,0,912,0,32768,0,0,64,0,32768,0,537,46080,0,0,0,26688
1024,1000,0,0,0,2,2,9,5,18,6,55552,19200,65098,727,76,32768,6,202,415,0,0,64,38643,0,0,38483,38643,0,65376,0,0,76,12,426,880,10368,32768,0,952,64,0,0,0,848,0,0,49152,0,26624
1024,1100,0,0,0,2,2,9,5,18,6,37632,34048,65048,226,76,10240,10,371,193,468,13,0,44640,0,2,44640,0,0,0,0,2,76,12,0,912,0,32768,0,0,64,0,32768,0,537,46080,0,0,0,26688
1025,1000,0,0,0,2,2,9,5,18,6,8960,8704,65093,725,76,32768,6,201,418,0,0,64,38696,0,0,38536,38696,0,65376,0,0,76,12,295,880,10432,32768,0,952,64,0,0,0,849,0,0,0,0,26624
1025,1100,0,0,0,2,2,9,5,18,6,43776,26368,65041,209,76,10240,10,369,194,455,65523,0,44992,0,2,44992,0,0,0,0,2,76,12,0,912,0,32768,0,0,64,0,32768,0,537,46080,0,0,0,26688
1026,1000,0,0,0,2,2,9,5,18,6,26624,63232,65090,723,76,32768,6,199,420,0,0,64,38732,0,0,38572,38732,0,65376,0,0,76,12,165,880,10432,32768,0,952,64,0,0,0,849,0,0,16384,0,26624
1026,1100,0,0,0,2,2,9,5,18,6,48128,14336,65034,192,76,10240,10,367,195,416,65497,0,45344,0,2,45344,0,0,0,0,2,76,12,0,912,0,32768,0,0,64,0,32768,0,537,45312,0,0,0,26688
1027,1000,0,0,0,2,2,9,5,18,6,43520,51712,65087,721,76,32768,6,197,423,0,0,64,38752,0,0,38592,38752,0,65376,0,0,76,12,36,880,10432,32768,0,952,64,0,0,0,849,0,0,32768,0,26624
1027,1100,0,0,0,2,2,9,5,18,6,50688,63488,65034,194,76,10240,10,365,195,351,65471,0,45312,0,2,45312,0,0,0,0,2,76,12,0,912,0,32768,0,0,64,0,32768,0,537,45312,0,0,0,26688
1028,1000,0,0,0,2,2,9,5,18,6,59648,39680,65086,721,76,32768,6,195,426,0,0,64,38756,0,0,38596,38756,0,65376,0,0,76,12,0,880,10432,32768,0,952,64,0,0,0,849,0,0,49152,0,26624
1028,1100,0,0,0,2,2,9,5,18,6,53248,47616,65034,194,76,10240,10,363,196,260,65445,0,45312,0,2,45312,0,0,0,0,2,76,12,0,912,0,32768,0,0,64,0,32768,0,537,45312,0,0,0,26688
1029,1000,0,0,0,2,2,9,5,18,6,9984,27648,65085,721,76,32768,6,194,429,0,0,64,38756,0,0,38596,38756,0,65376,0,0,76,12,0,880,10432,32768,0,952,64,0,0,0,850,0,0,0,0,26624
1029,1100,0,0,0,2,2,9,5,18,6,55808,31744,65034,194,76,10240,10,361,197,143,65419,0,45312,0,2,45312,0,0,0,0,2,76,12,0,912,0,32768,0,0,64,0,32768,0,537,45312,0,0,0,26688
1030,1000,0,0,0,2,2,9,5,18,6,25600,15616,65085,721,76,32768,6,192,432,0,0,64,38756,0,0,38596,38756,0,65376,0,0,76,12,0,880,10432,32768,0,952,64,0,0,0,850,0,0,16384,0,26624
1030,1100,0,0,0,2,2,9,5,18,6,58368,15872,65034,194,76,10240,10,359,198,0,65393,0,45312,0,2,45312,0,0,0,0,2,76,12,0,912,0,32768,0,0,64,0,32768,0,537,45312,0,0,0,26688
1031,1000,0,0,0,2,2,9,5,18,6,41216,3584,65085,721,76,32768,6,190,435,0,0,64,38756,0,0,38596,38756,0,65376,0,0,76,12,0,880,10432,32768,0,952,64,0,0,0,850,0,0,32768,0,26624
1031,1100,0,0,0,2,2,9,5,18,6,60928,0,65034,194,76,10240,10,357,199,0,0,0,45312,0,0,45312,0,0,0,0,0,76,12,0,912,0,32768,0,0,64,0,0,0,537,45312,0,0,65532,26688
1032,1000,0,0,0,2,2,9,5,18,6,56832,57088,65085,721,76,32768,6,188,437,0,0,64,38756,0,0,38596,38756,0,65376,0,0,76,12,0,880,10432,32768,0,952,64,0,0,0,850,0,0,49152,0,26624
1032,1100,0,0,0,2,2,9,5,18,6,63488,49664,65038,192,76,8192,10,355,199,0,0,0,45312,0,0,45312,0,0,0,0,0,76,12,0,912,0,32768,0,0,64,0,0,0,533,45312,0,0,11,26688
1033,1000,0,0,0,2,2,9,5,18,6,6912,45056,65084,722,76,32768,6,187,440,0,0,64,38756,0,0,38596,38756,0,65376,0,0,76,12,0,880,10496,32768,0,952,64,0,0,0,851,0,0,0,0,26624
1033,1100,0,0,0,2,2,9,5,18,6,1536,33280,65028,196,76,8192,10,354,200,0,0,0,45312,0,0,45312,0,0,0,0,0,76,12,0,912,0,32768,0,0,64,0,0,0,544,45312,0,0,65532,26688
1034,1000,0,0,0,2,2,9,5,18,6,22272,33280,65084,722,76,32768,6,185,443,0,0,64,38756,0,0,38596,38756,0,65376,0,0,76,12,0,880,10496,32768,0,952,64,0,0,0,851,0,0,16384,0,26624
1034,1100,0,0,0,2,2,9,5,18,6,2560,17920,65032,195,76,8192,10,352,201,0,0,0,45312,0,0,45312,0,0,0,0,0,76,12,0,912,0,32768,0,0,64,0,0,0,540,45312,0,0,65532,26688
1035,1000,0,0,0,2,2,9,5,18,6,37632,21504,65084,722,76,32768,6,183,446,0,0,64,38756,0,0,38596,38756,0,65376,0,0,76,12,0,880,10496,32768,0,952,64,0,0,0,851,0,0,32768,0,26624
1035,1100,0,0,0,2,2,9,5,18,6,4608,2304,65035,193,76,8192,10,350,202,0,0,0,45312,0,0,45312,0,0,0,0,0,76,12,0,912,0,32768,0,0,64,0,0,0,536,40960,0,0,11,26688
1036,1000,0,0,0,2,2,9,5,18,6,52992,9728,65084,722,76,32768,6,181,449,0,0,64,38756,0,0,38596,38756,0,65376,0,0,76,12,0,880,10496,32768,0,952,64,0,0,0,851,0,0,49152,0,26624
1036,1100,0,0,0,2,2,9,5,18,6,7424,51712,65032,214,76,8192,10,348,202,0,0,0,44960,0,0,44960,0,0,0,0,0,76,12,0,912,0,32768,0,0,64,0,0,0,547,40960,0,0,11,26688
1037,1000,0,0,0,2,2,9,5,18,6,2816,63488,65084,723,76,32768,6,180,451,0,0,64,38756,0,0,38596,38756,0,65376,0,0,76,12,0,880,10496,32768,0,952,64,0,0,0,852,0,0,0,0,26624
1037,1100,0,0,0,2,2,9,5,18,6,9472,40960,65030,236,76,8192,10,346,203,0,0,0,44608,0,0,44608,0,0,0,0,0,76,12,0,912,0,32768,0,0,64,0,0,0,558,40960,0,0,11,26688
1038,1000,0,0,0,2,2,9,5,18,6,18176,51968,65084,723,76,32768,6,178,454,0,0,64,38756,0,0,38596,38756,0,65376,0,0,76,12,0,880,10496,32768,0,952,64,0,0,0,852,0,0,16384,0,26624
1038,1100,0,0,0,2,2,9,5,18,6,11008,35840,65028,258,76,8192,10,344,204,0,0,0,44256,0,0,44256,0,0,0,0,0,76,12,0,912,0,32768,0,0,64,0,0,0,569,40960,0,0,11,26688
1039,1000,0,0,0,2,2,9,5,18,6,33536,40448,65084,723,76,32768,6,176,457,0,0,64,38756,0,0,38596,38756,0,65376,0,0,76,12,0,880,10496,32768,0,952,64,0,0,0,852,0,0,32768,0,26624
1039,1100,0,0,0,2,2,9,5,18,6,12032,36352,65027,280,76,8192,10,342,205,0,0,0,43904,0,0,43904,0,0,0,0,0,76,12,0,912,0,32768,0,0,64,0,0,0,580,40960,0,0,10,26688
1040,1000,0,0,0,2,2,9,5,18,6,48896,28928,65084,723,76,32768,6,174,460,0,0,64,38756,0,0,38596,38756,0,65376,0,0,76,12,0,880,10496,32768,0,952,64,0,0,0,852,0,0,49152,0,26624
1040,1100,0,0,0,2,2,9,5,18,6,12800,42496,65028,302,76,8192,10,340,206,0,0,0,43552,0,0,43552,0,0,0,0,0,76,12,0,912,0,32768,0,0,64,0,0,0,590,40960,0,0,65532,26688
1041,1000,0,0,0,2,2,9,5,18,6,64256,17408,65083,724,76,32768,6,172,463,0,0,64,38756,0,0,38596,38756,0,65376,0,0,76,12,0,880,10560,32768,0,952,64,0,0,0,853,0,0,0,0,26624
1041,1100,0,0,0,2,2,9,5,18,6,13824,54272,65042,317,76,8192,10,338,207,0,0,0,43200,0,0,43200,0,0,0,0,0,76,12,0,912,0,32768,0,0,64,0,0,0,586,40960,0,0,65532,26688
1042,1000,0,0,0,2,2,9,5,18,6,13824,6144,65083,724,76,32768,6,171,466,0,0,64,38756,0,0,38596,38756,0,65376,0,0,76,12,0,880,10560,32768,0,952,64,0,0,0,853,0,0,16384,0,26624
1042,1100,0,0,0,2,2,9,5,18,6,18432,4352,65057,331,76,8192,10,336,209,0,0,0,42848,0,0,42848,0,0,0,0,0,76,12,0,912,0,32768,0,0,64,0,0,0,582,41984,0,0,10,26688
1043,1000,0,0,0,2,2,9,5,18,6,28928,60416,65083,724,76,32768,6,169,468,0,0,64,38756,0,0,38596,38756,0,65376,0,0,76,12,0,880,10560,32768,0,952,64,0,0,0,853,0,0,32768,0,26624
1043,1100,0,0,0,2,2,9,5,18,6,26880,23552,65060,353,76,8192,10,334,210,0,0,0,42496,0,0,42496,0,0,0,0,0,76,12,0,912,0,32768,0,0,64,0,0,0,592,40960,0,0,65532,26688
1044,1000,0,0,0,2,2,9,5,18,6,44032,49152,65083,724,76,32768,6,167,471,0,0,64,38756,0,0,38596,38756,0,65376,0,0,76,12,0,880,10560,32768,0,952,64,0,0,0,853,0,0,49152,0,26624
1044,1100,0,0,0,2,2,9,5,18,6,36096,48384,65075,366,76,8192,10,332,211,0,0,0,42144,0,0,42144,0,0,0,0,0,76,12,0,912,0,32768,0,0,64,0,0,0,588,40960,0,0,65532,26688
1045,1000,0,0,0,2,2,9,5,18,6,59136,37888,65083,725,76,32768,6,165,474,0,0,64,38756,0,0,38596,38756,0,65376,0,0,76,12,0,880,10560,32768,0,952,64,0,0,0,854,0,0,0,0,26624
1045,1100,0,0,0,2,2,9,5,18,6,49152,11008,65091,379,76,8192,10,330,213,0,0,0,41792,0,0,41792,0,0,0,0,0,76,12,0,912,0,32768,0,0,64,0,0,0,584,40960,0,0,10,26688
1046,1000,0,0,0,2,2,9,5,18,6,8704,26880,65083,725,76,32768,6,164,477,0,0,64,38756,0,0,38596,38756,0,65376,0,0,76,12,0,880,10560,32768,0,952,64,0,0,0,854,0,0,16384,0,26624
1046,1100,0,0,0,2,2,9,5,18,6,768,42496,65097,401,76,8192,10,329,214,0,0,0,41440,0,0,41440,0,0,0,0,0,76,12,0,912,0,32768,0,0,64,0,0,0,594,40960,0,0,65532,26688
1047,1000,0,0,0,2,2,9,5,18,6,23808,15872,65083,725,76,32768,6,162,480,0,0,64,38756,0,0,38596,38756,0,65376,0,0,76,12,0,880,10560,32768,0,952,64,0,0,0,854,0,0,32768,0,26624
1047,1100,0,0,0,2,2,9,5,18,6,19456,14080,65118,418,76,8192,10,327,216,0,0,0,40960,0,0,40960,0,0,0,0,0,76,12,0,912,0,32768,0,0,64,0,0,0,590,40960,0,0,65532,26688
1048,1000,0,0,0,2,2,9,5,18,6,38912,4864,65083,725,76,32768,6,160,483,0,0,64,38756,0,0,38596,38756,0,65376,0,0,76,12,0,880,10560,32768,0,952,64,0,0,0,854,0,0,49152,0,26624
1048,1100,0,0,0,2,2,9,5,18,6,43520,55552,65121,415,76,8192,10,325,217,0,0,0,40960,0,0,40960,0,0,0,0,0,76,12,0,912,0,32768,0,0,64,0,0,0,586,40960,0,0,65532,26688
1049,1000,0,0,0,2,2,9,5,18,6,54016,59392,65082,725,76,32768,6,158,485,0,0,64,38756,0,0,38596,38756,0,65376,0,0,76,12,0,880,10624,32768,0,952,64,0,0,0,855,0,0,0,0,26624
1049,1100,0,0,0,2,2,9,5,18,6,2816,30720,65124,412,76,8192,10,324,219,0,0,0,40960,0,0,40960,0,0,0,0,0,76,12,0,912,0,32768,0,0,64,0,0,0,582,40960,0,0,10,26688
1050,1000,0,0,0,2,2,9,5,18,6,3328,48384,65082,725,76,32768,6,157,488,0,0,64,38756,0,0,38596,38756,0,65376,0,0,76,12,0,880,10624,32768,0,952,64,0,0,0,855,0,0,16384,0,26624
1050,1100,0,0,0,2,2,9,5,18,6,28416,5120,65117,419,76,8192,10,322,221,0,0,0,40960,0,0,40960,0,0,0,0,0,76,12,0,912,0,32768,0,0,64,0,0,0,592,40960,0,0,65532,26688
1051,1000,0,0,0,2,2,9,5,18,6,18176,37376,65082,725,76,32768,6,155,491,0,0,64,38756,0,0,38596,38756,0,65376,0,0,76,12,0,880,10624,32768,0,952,64,0,0,0,855,0,0,32768,0,26624
1051,1100,0,0,0,2,2,9,5,18,6,52224,46848,65120,416,76,8192,10,320,222,0,0,0,40960,0,0,40960,0,0,0,0,0,76,12,0,912,0,32768,0,0,64,0,0,0,588,40960,0,0,65532,26688
1052,1000,512,0,0,2,2,9,5,18,6,33024,26368,65082,725,76,32768,6,153,494,0,0,64,38756,0,0,38596,38756,0,65376,0,0,76,12,65448,880,10624,33282,0,952,64,0,0,0,855,0,0,49152,0,26624
1052,1100,512,0,0,2,2,9,5,18,6,11264,22272,65123,413,76,8192,10,319,224,0,0,0,40960,0,0,40960,0,0,0,0,0,76,12,0,912,0,32768,0,0,64,0,0,0,584,40960,0,0,10,26688
1053,1000,0,0,0,2,2,9,5,18,6,47872,15360,65082,726,76,32768,6,151,497,0,0,64,38745,0,0,38585,38745,0,65376,0,0,76,12,65361,880,10624,33280,0,952,64,0,0,0,856,0,0,0,0,26624
1053,1100,0,0,0,2,2,9,5,18,6,36608,62464,65115,421,76,8192,10,317,225,0,0,0,40960,0,0,40960,0,0,0,0,0,76,12,0,912,0,32768,0,0,64,0,0,0,594,40960,0,0,65532,26688
1054,1000,0,0,0,2,2,9,5,18,6,62720,4608,65083,727,76,32768,6,149,500,0,0,64,38723,0,0,38563,38723,0,65376,0,0,76,12,65275,880,10624,33280,0,952,64,0,0,0,856,0,0,16384,0,26624
1054,1100,0,0,0,2,2,9,5,18,6,59904,39168,65118,418,76,8192,10,315,227,0,0,0,40960,0,0,40960,0,0,0,0,0,76,12,0,912,0,32768,0,0,64,0,0,0,590,40960,0,0,65532,26688
1055,1000,0,0,0,2,2,9,5,18,6,12288,59648,65084,728,76,32768,6,148,502,0,0,64,38690,0,0,38530,38690,0,65376,0,0,76,12,65189,880,10624,33280,0,952,64,0,0,0,856,0,0,32768,0,26624
1055,1100,0,0,0,2,2,9,5,18,6,18432,15104,65121,415,76,8192,10,314,229,0,0,0,40960,0,0,40960,0,0,0,0,0,76,12,0,912,0,32768,0,0,64,0,0,0,586,40960,0,0,65532,26688
1056,1000,0,0,0,2,2,9,5,18,6,27648,49408,65086,729,26,32768,6,146,505,0,0,64,38646,0,0,38486,38646,0,65376,0,0,26,12,65104,880,10624,33280,0,952,64,0,0,0,856,0,0,49152,0,26624
1056,1100,0,0,0,2,2,9,5,18,6,43264,55808,65124,412,76,8192,10,312,230,0,0,0,40960,0,0,40960,0,0,0,0,0,76,12,0,912,0,32768,0,0,64,0,0,0,582,40960,0,0,10,26688
1057,1000,0,0,0,2,2,10,5,18,6,43520,39424,65089,732,26,32768,6,144,508,0,0,64,38592,0,0,38432,38592,0,65376,0,0,26,12,65020,880,10688,33280,0,960,64,0,0,0,857,0,0,0,0,26624
1057,1100,0,0,0,2,2,10,5,18,6,3328,30208,65117,419,76,8192,10,311,232,0,0,0,40960,0,0,40960,0,0,0,0,0,76,12,0,912,0,32768,0,0,64,0,0,0,592,40960,0,0,65532,26688
1058,1000,0,0,0,2,2,10,5,18,6,60160,30208,65093,734,76,32768,6,142,511,0,0,64,38527,0,0,38367,38527,0,65376,0,0,76,12,64936,880,10688,33280,0,960,64,0,0,0,857,0,0,16384,0,26624
1058,1100,0,0,0,2,2,10,5,18,6,27136,6400,65120,416,76,8192,10,309,234,0,0,0,40960,0,0,40960,0,0,0,0,0,76,12,0,912,0,32768,0,0,64,0,0,0,588,40960,0,0,65532,26688
1059,1000,0,0,0,2,2,10,5,18,6,12288,21504,65097,737,76,32768,6,141,514,0,0,64,38452,0,0,38292,38452,0,65376,0,0,76,12,64853,880,10688,33280,0,960,64,0,0,0,857,0,0,32768,0,26624
1059,1100,0,0,0,2,2,10,5,18,6,51712,47360,65123,413,76,8192,10,307,235,0,0,0,40960,0,0,40960,0,0,0,0,0,76,12,0,912,0,32768,0,0,64,0,0,0,584,40960,0,0,10,26688
1060,1000,0,0,0,2,2,10,5,18,6,30976,13568,65103,740,76,32768,6,139,517,0,0,64,38366,0,0,38206,38366,0,65376,0,0,76,12,64771,880,10688,33280,0,960,64,0,0,0,857,0,0,49152,0,26624
1060,1100,0,0,0,2,2,10,5,18,6,11520,22016,65115,421,76,8192,10,306,237,0,0,0,40960,0,0,40960,0,0,0,0,0,76,12,0,912,0,32768,0,0,64,0,0,0,594,40960,0,0,65532,26688
1061,1000,0,0,0,2,2,10,5,18,6,51200,6400,65108,745,76,32768,6,137,520,0,0,64,38270,0,0,38110,38270,0,65376,0,0,76,12,64689,880,10688,33280,0,960,64,0,0,0,858,0,0,0,0,26624
1061,1100,0,0,0,2,2,10,5,18,6,34816,64256,65118,418,76,8192,10,304,238,0,0,0,40960,0,0,40960,0,0,0,0,0,76,12,0,912,0,32768,0,0,64,0,0,0,590,40960,0,0,65532,26688
1062,1000,0,0,0,2,2,10,5,18,6,7168,512,65115,748,76,32768,6,136,523,0,0,64,38164,0,0,38004,38164,2,65376,0,0,76,12,64608,880,10688,33280,0,960,64,0,0,0,858,0,0,16384,0,26624
1062,1100,0,0,0,2,2,10,5,18,6,58880,40192,65121,415,76,8192,10,302,240,0,0,0,40960,0,0,40960,0,0,0,0,0,76,12,0,912,0,32768,0,0,64,0,0,0,586,40960,0,0,65532,26688
1063,1000,0,0,0,2,2,10,5,18,6,30464,60928,65123,753,76,32768,6,134,525,0,0,64,38048,0,0,37888,38048,2,96,384,0,76,12,64527,880,10688,33280,0,960,64,0,0,0,858,64,0,32768,0,26624
1063,1100,0,0,0,2,2,10,5,18,6,18176,15360,65124,412,76,8192,10,301,242,0,0,0,40960,0,0,40960,0,0,0,0,0,76,12,0,912,0,32768,0,0,64,0,0,0,582,40960,0,0,10,26688
1064,1000,0,0,0,2,2,10,5,18,6,55808,57088,65131,757,76,32768,6,132,528,0,0,64,37537,0,0,38017,37921,2,288,768,0,76,12,64447,880,10688,33280,0,960,64,0,0,0,858,65312,0,49152,0,26624
1064,1100,0,0,0,2,2,10,5,18,6,43776,55296,65117,419,76,8192,10,299,243,0,0,0,40960,0,0,40960,0,0,0,0,0,76,12,0,912,0,32768,0,0,64,0,0,0,592,40960,0,0,65532,26688
1065,1000,0,0,0,2,2,10,5,18,6,17664,54272,65121,753,76,32768,6,131,531,0,0,64,37016,0,0,38072,37784,2,480,1152,0,76,12,64368,880,10752,33280,0,960,64,0,0,0,859,65024,0,0,0,26624
1065,1100,0,0,0,2,2,10,5,18,6,2048,31488,65120,416,76,8192,10,298,245,0,0,0,40960,0,0,40960,0,0,0,0,0,76,12,0,912,0,32768,0,0,64,0,0,0,588,40960,0,0,65532,26688
1066,1000,0,0,0,2,2,10,5,18,6,42496,50432,65117,751,76,32768,6,129,534,0,0,64,36486,0,0,38118,37638,2,672,1536,0,76,12,64289,880,10752,33280,0,960,64,0,0,0,859,64736,0,16384,0,26624
1066,1100,0,0,0,2,2,10,5,18,6,26624,6912,65123,413,76,8192,10,296,247,0,0,0,40960,0,0,40960,0,0,0,0,0,76,12,0,912,0,32768,0,0,64,0,0,0,584,40960,0,0,10,26688
1067,1000,0,0,0,2,2,10,5,18,6,768,46080,65114,749,76,32768,6,128,537,0,0,64,35946,0,0,38154,37482,2,864,1920,0,76,12,64211,880,10752,33280,0,960,64,0,0,0,859,64448,0,32768,0,26624
1067,1100,0,0,0,2,2,10,5,18,6,51968,47104,65115,421,76,8192,10,294,248,0,0,0,40960,0,0,40960,0,0,0,0,0,76,12,0,912,0,32768,0,0,64,0,0,0,594,40960,0,0,65532,26688
1068,1000,0,0,0,2,2,10,5,18,6,23808,41216,65111,748,76,32768,6,126,540,0,0,64,35396,0,0,38180,37316,2,1056,2304,0,76,12,64134,880,10752,33280,0,960,64,0,0,0,859,64160,0,49152,0,26624
1068,1100,0,0,0,2,2,10,5,18,6,9728,23808,65118,418,76,8192,10,293,250,0,0,0,40960,0,0,40960,0,0,0,0,0,76,12,0,912,0,32768,0,0,64,0,0,0,590,40960,0,0,65532,26688
1069,1000,0,0,0,2,2,10,5,18,6,46080,36096,65109,747,76,32768,6,124,543,0,0,64,34836,0,0,38196,37140,2,1248,2688,0,76,12,64057,880,10752,33280,0,960,64,0,0,0,860,63872,0,0,0,26624
1069,1100,0,0,0,2,2,10,5,18,6,33792,65280,65121,415,76,8192,10,291,251,0,0,0,40960,0,0,40960,0,0,0,0,0,76,12,0,912,0,32768,0,0,64,0,0,0,586,40960,0,0,65532,26688
1070,1000,0,0,0,2,2,10,5,18,6,2304,30720,65108,747,76,32768,6,123,546,0,0,64,34267,0,0,38203,36955,2,1440,3072,0,76,12,63981,880,10752,33280,0,960,64,0,0,0,860,63584,0,16384,0,26624
1070,1100,0,0,0,2,2,10,5,18,6,58624,40448,65124,412,76,8192,10,289,253,0,0,0,40960,0,0,40960,0,0,0,0,0,76,12,0,912,0,32768,0,0,64,0,0,0,582,40960,0,0,10,26688
1071,1000,0,0,0,2,2,10,5,18,6,23808,25344,65107,746,76,32768,6,121,549,0,0,64,33688,0,0,38200,36760,2,1632,3456,0,76,12,63905,880,10752,33280,0,960,64,0,4,0,860,63296,0,32768,0,26624
1071,1100,0,0,0,2,2,10,5,18,6,18688,14848,65117,419,76,8192,10,288,255,0,0,0,40960,0,0,40960,0,0,0,0,0,76,12,0,912,0,32768,0,0,64,0,0,0,592,40960,0,0,65532,26688
1072,1000,0,0,0,2,2,10,5,18,6,45056,19712,65108,747,76,32768,6,119,552,0,0,64,33100,0,0,38188,36556,2,1824,3840,0,76,12,63830,880,10752,33280,0,960,64,0,4,0,860,63008,0,49152,0,26624
1072,1100,0,0,0,2,2,10,5,18,6,42496,56576,65120,416,76,8192,10,286,256,0,0,0,40960,0,0,40960,0,0,0,0,0,76,12,0,912,0,32768,0,0,64,0,0,0,588,36864,0,0,65532,26688
1073,1000,0,0,0,2,2,10,5,18,6,1024,14336,65108,748,76,32768,6,118,555,0,0,64,32502,0,0,38166,36342,2,2016,4224,0,76,12,63756,880,10816,33280,0,960,64,0,4,0,861,62720,0,0,0,26624
1073,1100,0,0,0,2,2,10,5,18,6,1536,32000,65137,427,76,8192,10,285,258,0,0,0,40608,0,0,40608,0,0,0,0,0,76,12,0,912,0,32768,0,0,64,0,0,0,584,36864,0,0,10,26688
1074,1000,0,0,0,2,2,10,5,18,6,22528,9216,65109,749,76,32768,6,116,558,0,0,64,31895,0,0,38135,36119,2,2208,4608,0,76,12,63682,880,10816,33280,0,960,64,0,4,0,861,62432,0,16384,0,26624
1074,1100,0,0,0,2,2,10,5,18,6,30464,10240,65145,448,76,8192,10,283,260,0,0,0,40256,0,0,40256,0,0,0,0,0,76,12,0,912,0,32768,0,0,64,0,0,0,594,36864,0,0,65532,26688
1075,1000,0,0,0,2,2,10,5,18,6,44288,4352,65112,750,76,32768,6,114,561,0,0,64,31279,0,0,38095,35887,2,2400,4992,0,76,12,63609,880,10816,33280,0,960,64,0,4,0,861,62144,0,32768,0,26624
1075,1100,0,0,0,2,2,10,5,18,6,61440,59392,65163,458,76,8192,10,281,261,0,0,0,39904,0,0,39904,0,0,0,0,0,76,12,0,912,0,32768,0,0,64,0,0,0,590,36864,0,0,65532,26688
1076,1000,0,0,0,2,2,10,5,18,6,1280,65280,65115,752,76,32768,6,113,563,0,0,64,30654,0,0,38046,35646,2,2592,5376,0,76,12,63536,880,10816,33280,0,960,64,0,4,0,861,61856,0,49152,0,26624
1076,1100,0,0,0,2,2,10,5,18,6,31488,45568,65181,467,76,8192,10,280,263,0,0,0,39552,0,0,39552,0,0,0,0,0,76,12,0,912,0,32768,0,0,64,0,0,0,586,36864,0,0,65532,26688
1077,1000,0,0,0,2,2,10,5,18,6,24576,61184,65118,754,76,32768,6,111,566,0,0,64,30020,0,0,37988,35396,2,2784,5760,0,76,12,63464,880,10816,33280,0,960,64,0,4,0,862,61568,0,0,0,26624
1077,1100,0,0,0,2,2,10,5,18,6,6144,34048,65199,475,76,8192,10,279,265,0,0,0,39200,0,0,39200,0,0,0,0,0,76,12,0,912,0,32768,0,0,64,0,0,0,582,36864,0,0,10,26688
1078,1000,0,0,0,2,2,10,5,18,6,48640,57600,65122,757,76,32768,6,109,569,0,0,64,29377,0,0,37921,35137,2,2496,5376,0,76,12,63607,880,10816,32768,0,960,64,0,0,0,862,62081,0,16384,0,26624
1078,1100,0,0,0,2,2,10,5,18,6,50944,24576,65210,495,76,8192,10,277,267,0,0,0,38848,0,0,38848,0,0,0,0,0,76,12,0,912,0,32768,0,0,64,0,0,0,592,36864,0,0,65532,26688
1079,1000,0,0,0,2,2,10,5,18,6,8192,54784,65127,760,76,32768,6,108,572,0,0,64,29519,0,0,37391,34895,2,2208,4992,0,76,12,63749,880,10816,32768,0,960,64,0,0,0,862,62594,0,32768,0,26624
1079,1100,0,0,0,2,2,10,5,18,6,33024,20224,65229,502,76,8192,10,276,269,0,0,0,38496,0,0,38496,0,0,0,0,0,76,12,0,912,0,32768,0,0,64,0,0,0,588,36864,0,0,65532,26688
1080,1000,512,0,0,2,2,10,5,18,6,34560,52736,65166,779,76,32768,6,106,575,0,0,64,29679,0,0,36879,34671,2,2400,5376,0,76,12,63675,880,10816,33282,0,960,64,0,4,0,862,62306,0,49152,0,26624
1080,1100,512,0,0,2,2,10,5,18,6,19968,17664,65248,509,76,8192,10,275,271,0,0,0,38144,0,0,38144,0,0,0,0,0,76,12,0,912,0,32768,0,0,64,0,0,0,584,36864,0,0,10,26688
1081,1000,0,0,0,2,2,10,5,18,6,5376,55552,65204,798,76,32768,6,105,578,0,0,64,29062,0,0,36838,34438,2,2592,5760,0,76,12,63602,880,10880,33280,0,960,64,0,4,0,863,62018,0,0,0,26624
1081,1100,0,0,0,2,2,10,5,18,6,11776,16896,65260,527,76,8192,10,274,273,0,0,0,37792,0,0,37792,0,0,0,0,0,76,12,0,912,0,32768,0,0,64,0,0,0,594,37376,0,0,65532,26688
1082,1000,0,0,0,2,2,10,5,18,6,51456,63232,65207,799,76,32768,6,103,581,0,0,64,28436,0,0,36788,34196,2,2784,6144,0,76,12,63529,880,10880,33280,0,960,64,0,4,0,863,61730,0,16384,0,26624
1082,1100,0,0,0,2,2,10,5,18,6,6656,20736,65283,534,76,8192,10,273,275,0,0,0,37376,0,0,37376,0,0,0,0,0,76,12,0,912,0,32768,0,0,64,0,0,0,590,37376,0,0,65532,26688
1083,1000,0,0,0,2,2,10,5,18,6,32768,5632,65211,800,76,32768,6,102,585,0,0,64,27801,0,0,36729,33945,2,2976,6528,0,76,12,63457,880,10880,33280,0,960,64,0,36,0,863,61442,0,32768,0,26624
1083,1100,0,0,0,2,2,10,5,18,6,7424,26368,65285,530,76,8192,10,272,277,0,0,0,37376,0,0,37376,0,0,0,0,0,76,12,0,912,0,32768,0,0,64,0,0,0,586,37376,0,0,65532,26688
1084,1000,0,0,0,2,2,10,5,18,6,15104,13824,65216,802,76,32768,6,101,588,0,0,64,27157,0,0,36661,33685,2,3168,6912,0,76,12,63385,880,10880,33280,0,960,64,0,36,0,863,61154,0,49152,0,26624
1084,1100,0,0,0,2,2,10,5,18,6,8704,30976,65287,527,76,8192,10,271,279,0,0,0,37376,0,0,37376,0,0,0,0,0,76,12,0,912,0,32768,0,0,64,0,0,0,582,36096,0,0,10,26688
1085,1000,0,0,0,2,2,10,5,18,6,64256,22528,65220,805,76,32768,6,99,591,0,0,64,26504,0,0,36584,33416,2,3360,7296,0,76,12,63323,880,10880,33280,0,960,64,0,36,0,864,60866,0,0,0,26624
1085,1100,0,0,0,2,2,10,5,18,6,10496,34816,65301,544,76,8192,10,270,281,0,0,0,37024,0,0,37024,0,0,0,0,0,76,12,0,912,0,32768,0,0,64,0,0,0,592,36096,0,0,65532,26688
1086,1000,0,0,0,2,2,10,5,18,6,48896,32000,65226,807,76,32768,6,98,594,0,0,64,25843,0,0,36499,33139,2,3072,6912,0,76,12,63475,880,10880,32768,0,960,64,0,0,0,864,61379,0,16384,0,26624
1086,1100,0,0,0,2,2,10,5,18,6,15872,43008,65321,548,76,8192,10,269,283,0,0,0,36672,0,0,36672,0,0,0,0,0,76,12,0,912,0,32768,0,0,64,0,0,0,588,36096,0,0,65532,26688
1087,1000,0,0,0,2,2,10,5,18,6,35072,41984,65233,810,76,32768,6,97,597,0,0,64,25969,0,0,35953,32881,2,2784,6528,0,76,12,63625,880,10880,32768,0,960,64,0,0,0,864,61892,0,32768,0,26624
1087,1100,0,0,0,2,2,10,5,18,6,26368,52224,65340,551,76,8192,10,268,285,0,0,0,36320,0,0,36320,0,0,0,0,0,76,12,0,912,0,32768,0,0,64,0,0,0,584,36096,0,0,10,26688
1088,1000,0,0,0,2,2,10,5,18,6,23040,52736,65276,825,76,32768,6,96,600,0,0,64,26114,0,0,35426,32642,2,2496,6144,0,76,12,63773,880,10880,32768,0,960,64,0,0,0,864,62405,0,49152,0,26624
1088,1100,0,0,0,2,2,10,5,18,6,41728,62208,65349,565,76,8192,10,267,287,0,0,0,36096,0,0,36096,0,0,0,0,0,76,12,0,912,0,32768,0,0,64,0,0,0,594,36096,0,0,65532,26688
1089,1000,0,0,0,2,2,10,5,18,6,22016,1792,65317,838,18,34816,6,95,604,0,271,64,26277,0,2,34917,32421,2,2208,5760,2,18,12,63901,880,10944,32768,0,960,64,0,32768,0,865,62918,0,0,0,26624
1089,1100,0,0,0,2,2,10,5,18,6,59392,10240,65350,561,76,8192,10,266,290,0,0,0,36096,0,0,36096,0,0,0,0,0,76,12,0,912,0,32768,0,0,64,0,0,0,590,36608,0,0,65532,26688
1090,1000,0,0,0,2,2,10,5,18,6,31488,19712,65359,847,18,34816,6,94,607,245,245,64,26456,0,2,34424,32216,2,1920,5376,2,18,12,64029,880,10944,32768,0,960,64,0,32768,0,865,63431,0,16384,0,26624
1090,1100,0,0,0,2,2,10,5,18,6,11776,22784,65333,550,76,8192,10,266,292,0,0,0,36448,0,0,36448,0,0,0,0,0,76,12,0,912,0,32768,0,0,64,0,0,0,586,36608,0,0,65532,26688
1091,1000,0,0,0,2,2,10,5,18,6,51712,39936,65399,855,76,34816,6,93,610,464,219,64,26651,0,2,33947,32027,2,1632,4992,2,76,12,64157,880,10944,32768,0,960,64,0,32768,0,865,63944,0,32768,0,26624
1091,1100,0,0,0,2,2,10,5,18,6,25344,32512,65326,543,76,8192,10,265,294,0,0,0,36608,0,0,36608,0,0,0,0,0,76,12,0,912,0,32768,0,0,64,0,0,0,582,36608,0,0,10,26688
1092,1000,0,0,0,2,2,10,5,18,6,16640,62208,65438,860,76,34816,6,93,613,657,193,64,26862,0,2,33486,31854,2,1344,4608,2,76,12,64285,880,10944,32768,0,960,64,0,32768,0,865,64457,0,49152,0,26624
1092,1100,0,0,0,2,2,10,5,18,6,37120,40448,65322,553,76,8192,10,264,296,0,0,0,36608,0,0,36608,0,0,0,0,0,76,12,0,912,0,32768,0,0,64,0,0,0,592,36608,0,0,65532,26688
1093,1000,0,0,0,2,2,10,5,18,6,57088,20224,65476,864,76,34816,6,92,617,824,167,64,27089,0,2,33041,31697,2,1056,4224,2,76,12,64413,880,10944,32768,0,960,64,0,32768,0,866,64970,0,0,0,26624
1093,1100,0,0,0,2,2,10,5,18,6,47872,50944,65324,549,76,8192,10,263,298,0,0,0,36608,0,0,36608,0,0,0,0,0,76,12,0,912,0,32768,0,0,64,0,0,0,588,36608,0,0,65532,26688
1094,1000,0,0,0,2,2,10,5,18,6,41728,44800,65513,866,76,34816,6,92,620,965,141,64,27332,0,2,32612,31556,2,768,3840,2,76,12,64541,880,10944,32768,0,960,64,0,32768,0,866,65483,0,16384,0,26624
1094,1100,0,0,0,2,2,10,5,18,6,59136,60416,65325,545,76,8192,10,262,300,0,0,0,36608,0,0,36608,0,0,0,0,0,76,12,0,912,0,32768,0,0,64,0,0,0,584,36608,0,0,10,26688
1095,1000,0,0,0,2,2,10,5,18,6,35840,4352,12,866,76,34816,6,92,624,1080,115,64,27591,0,2,32199,31431,2,480,3456,2,76,12,64669,880,10944,32768,0,960,64,0,32768,0,866,460,0,32768,0,26624
1095,1100,0,0,0,2,2,10,5,18,6,5120,3328,65322,555,76,8192,10,262,303,0,0,0,36608,0,0,36608,0,0,0,0,0,76,12,0,912,0,32768,0,0,64,0,0,0,594,36608,0,0,65532,26688
1096,1000,0,0,0,2,2,10,5,18,6,38912,29440,47,865,64,34816,6,92,627,1169,89,64,27866,0,2,31802,31322,2,192,3072,2,64,12,64797,880,10944,32768,0,960,64,0,32768,0,866,65483,0,49152,0,26624
1096,1100,0,0,0,2,2,10,5,18,6,15872,14336,65323,551,76,8192,10,261,305,0,0,0,36608,0,0,36608,0,0,0,0,0,76,12,0,912,0,32768,0,0,64,0,0,0,590,37120,0,0,65532,26688
1097,1000,0,0,0,2,2,10,5,18,6,50944,54272,80,864,64,34816,6,92,630,1232,63,64,28157,0,2,31421,31229,0,192,2688,2,64,12,64925,880,11008,32768,0,960,64,0,32768,0,867,460,0,0,0,26624
1097,1100,0,0,0,2,2,10,5,18,6,26880,24320,65306,540,76,8192,10,260,307,0,0,0,36960,0,0,36960,0,0,0,0,0,76,12,0,912,0,32768,0,0,64,0,0,0,586,37120,0,0,65532,26688
1098,1000,0,0,0,2,2,10,5,18,6,5888,13312,111,860,64,34816,6,93,634,1269,37,64,28464,0,2,31344,31152,0,192,2304,2,64,12,65053,880,11008,32768,0,960,64,0,32768,0,867,0,0,16384,0,26624
1098,1100,0,0,0,2,2,10,5,18,6,33536,31488,65300,533,76,8192,10,259,309,0,0,0,37120,0,0,37120,0,0,0,0,0,76,12,0,912,0,32768,0,0,64,0,0,0,582,37120,0,0,10,26688
1099,1000,0,0,0,2,2,10,5,18,6,34304,36864,118,859,64,34816,6,93,637,1280,11,64,28787,0,2,31283,31091,0,192,1920,2,64,12,65181,880,11008,32768,0,960,64,0,32768,0,867,0,0,32768,0,26624
1099,1100,0,0,0,2,2,10,5,18,6,38656,36864,65296,542,76,8192,10,258,311,0,0,0,37120,0,0,37120,0,0,0,0,0,76,12,0,912,0,32768,0,0,64,0,0,0,592,37120,0,0,65532,26688
1100,1000,0,0,0,2,2,10,5,18,6,64512,60160,123,859,64,34816,6,93,640,1265,65521,64,29126,0,2,31238,31046,0,192,1536,2,64,12,65309,880,11008,32768,0,960,64,0,32768,0,867,0,0,49152,0,26624
1100,1100,0,0,0,2,2,10,5,18,6,42752,44544,65297,538,76,8192,10,257,313,0,0,0,37120,0,0,37120,0,0,0,0,0,76,12,0,912,0,32768,0,0,64,0,0,0,588,37120,0,0,65532,26688
1101,1000,0,0,0,2,2,10,5,18,6,30464,17920,126,859,64,34816,6,94,644,1224,65495,64,29481,0,2,31209,31017,0,192,1152,2,64,12,65437,880,11008,32768,0,960,64,0,32768,0,868,0,0,0,0,26624
1101,1100,0,0,0,2,2,10,5,18,6,47104,51200,65299,534,76,8192,10,256,315,0,0,0,37120,0,0,37120,0,0,0,0,0,76,12,0,912,0,32768,0,0,64,0,0,0,584,37120,0,0,10,26688
1102,1000,0,0,0,2,2,10,5,18,6,62720,41216,129,859,64,34816,6,94,647,1157,65469,64,29852,0,2,31196,31004,0,192,768,2,64,12,0,880,11008,32768,0,960,64,0,32768,0,868,0,0,16384,0,26624
1102,1100,0,0,0,2,2,10,5,18,6,51968,56832,65295,544,76,8192,10,255,317,0,0,0,37120,0,0,37120,0,0,0,0,0,76,12,0,912,0,32768,0,0,64,0,0,0,594,35584,0,0,65532,26688
1103,1000,0,0,0,2,2,10,5,18,6,30208,64512,130,859,64,34816,6,95,650,1064,65443,64,30236,0,2,31196,31004,0,192,384,2,64,12,0,880,11008,32768,0,960,64,0,32768,0,868,0,0,32768,0,26624
1103,1100,0,0,0,2,2,10,5,18,6,55808,65024,65315,548,76,8192,10,254,319,0,0,0,36768,0,0,36768,0,0,0,0,0,76,12,0,912,0,32768,0,0,64,0,0,0,590,35584,0,0,65532,26688
1104,1000,0,0,0,2,2,10,5,18,6,63488,22272,130,859,64,34816,6,95,654,945,65417,64,30620,0,2,31196,31004,0,192,0,2,64,12,0,880,11008,32768,0,960,64,0,32768,0,868,0,0,49152,0,26624
1104,1100,0,0,0,2,2,10,5,18,6,64768,8704,65335,551,76,8192,10,253,322,0,0,0,36416,0,0,36416,0,0,0,0,0,76,12,0,912,0,32768,0,0,64,0,0,0,586,36096,0,0,65532,26688
1105,1000,0,0,0,2,2,10,5,18,6,31232,45568,130,860,28,34816,6,96,657,800,65391,64,31004,0,2,31196,31004,0,192,0,2,28,12,0,880,11072,32768,0,960,64,0,32768,0,869,0,0,0,0,26624
1105,1100,0,0,0,2,2,10,5,18,6,13312,18688,65353,553,76,8192,10,253,324,0,0,0,36096,0,0,36096,0,0,0,0,0,76,12,0,912,0,32768,0,0,64,0,0,0,582,36096,0,0,10,26688
1106,1000,0,0,0,2,2,10,5,18,6,64512,3584,130,860,28,34816,6,96,661,629,65365,64,31004,0,2,31196,31004,0,192,0,2,28,12,0,880,11072,32768,0,960,64,0,32768,0,869,0,0,16384,0,26624
1106,1100,0,0,0,2,2,10,5,18,6,32000,29184,65350,563,76,8192,10,252,326,0,0,0,36096,0,0,36096,0,0,0,0,0,76,12,0,912,0,32768,0,0,64,0,0,0,592,36096,0,0,65532,26688
1107,1000,0,0,0,2,2,10,5,18,6,32256,27136,130,860,28,34816,6,97,664,432,65339,64,31004,0,2,31196,31004,0,192,0,2,28,12,0,880,11072,32768,0,960,64,0,32768,0,869,0,0,32768,0,26624
1107,1100,0,0,0,2,2,10,5,18,6,49920,42240,65351,559,76,8192,10,251,328,0,0,0,36096,0,0,36096,0,0,0,0,0,76,12,0,912,0,32768,0,0,64,0,0,0,588,36096,0,0,65532,26688
1108,1000,0,0,0,2,2,10,5,18,6,0,50688,130,860,76,34816,6,98,667,209,65313,64,31004,0,2,31196,31004,0,192,0,2,76,12,0,880,11072,32768,0,960,64,0,32768,0,869,0,0,49152,0,26624
1108,1100,0,0,0,2,2,10,5,18,6,2560,54272,65352,555,76,8192,10,251,330,0,0,0,36096,0,0,36096,0,0,0,0,0,76,12,0,912,0,32768,0,0,64,0,0,0,584,36096,0,0,10,26688
1109,1000,0,0,0,2,2,10,5,18,6,33280,8704,130,861,76,34816,6,98,671,0,0,64,31004,0,0,31196,31004,0,192,0,0,76,12,0,880,11072,32768,0,960,64,0,0,0,870,0,0,0,0,26624
1109,1100,0,0,0,2,2,10,5,18,6,20992,65280,65349,565,76,8192,10,250,332,0,0,0,36096,0,0,36096,0,0,0,0,0,76,12,0,912,0,32768,0,0,64,0,0,0,594,36096,0,0,65532,26688
1110,1000,0,0,0,2,2,10,5,18,6,1024,32512,130,861,76,32768,6,99,674,0,0,64,31004,0,0,31196,31004,0,192,0,0,76,12,0,880,11072,32768,0,960,64,0,0,0,870,0,0,16384,0,26624
1110,1100,0,0,0,2,2,10,5,18,6,38656,13312,65350,561,76,8192,10,249,335,0,0,0,36096,0,0,36096,0,0,0,0,0,76,12,0,912,0,32768,0,0,64,0,0,0,590,36096,0,0,65532,26688
1111,1000,0,0,0,2,2,10,5,18,6,34304,56320,130,861,76,32768,6,99,677,0,0,64,31004,0,0,31196,31004,0,192,0,0,76,12,0,880,11072,32768,0,960,64,0,0,0,870,0,0,32768,0,26624
1111,1100,0,0,0,2,2,10,5,18,6,56576,25856,65352,557,76,8192,10,248,337,0,0,0,36096,0,0,36096,0,0,0,0,0,76,12,0,912,0,32768,0,0,64,0,0,0,586,39168,0,0,65532,26688
1112,1000,0,0,0,2,2,10,5,18,6,2048,14592,130,861,76,32768,6,100,681,0,0,64,31004,0,0,31196,31004,0,192,0,0,76,12,0,880,11072,32768,0,960,64,0,0,0,870,0,0,49152,0,26624
1112,1100,0,0,0,2,2,10,5,18,6,9472,37376,65334,547,76,8192,10,248,339,0,0,0,36448,0,0,36448,0,0,0,0,0,76,12,0,912,0,32768,0,0,64,0,0,0,582,39168,0,0,10,26688
1113,1000,0,0,0,2,2,10,5,18,6,35328,38400,130,862,76,32768,6,100,684,0,0,64,31004,0,0,31196,31004,0,192,0,0,76,12,0,880,11136,32768,0,960,64,0,0,0,871,0,0,0,0,26624
1113,1100,0,0,0,2,2,10,5,18,6,23296,46336,65312,549,76,8192,10,247,341,0,0,0,36800,0,0,36800,0,0,0,0,0,76,12,0,912,0,32768,0,0,64,0,0,0,592,39168,0,0,65532,26688
1114,1000,0,0,0,2,2,10,5,18,6,3072,62464,130,862,76,32768,6,101,687,0,0,64,31004,0,0,31196,31004,0,192,0,0,76,12,0,880,11136,32768,0,960,64,0,0,0,871,0,0,16384,0,26624
1114,1100,0,0,0,2,2,10,5,18,6,31488,55808,65296,537,76,8192,10,246,343,0,0,0,37152,0,0,37152,0,0,0,0,0,76,12,0,912,0,32768,0,0,64,0,0,0,588,39168,0,0,65532,26688
1115,1000,0,0,0,2,2,10,5,18,6,36352,20992,130,862,76,32768,6,101,691,0,0,64,31004,0,0,31196,31004,0,192,0,0,76,12,0,880,11136,32768,0,960,64,0,0,0,871,0,0,32768,0,26624
1115,1100,0,0,0,2,2,10,5,18,6,35584,62208,65279,525,76,8192,10,245,345,0,0,0,37504,0,0,37504,0,0,0,0,0,76,12,0,912,0,32768,0,0,64,0,0,0,584,39168,0,0,10,26688
1116,1000,0,0,0,2,2,10,5,18,6,4096,45056,130,862,76,32768,6,102,694,0,0,64,31004,0,0,31196,31004,0,192,0,0,76,12,0,880,11136,32768,0,960,64,0,0,0,871,0,0,49152,0,26624
1116,1100,0,0,0,2,2,10,5,18,6,35328,0,65257,525,76,8192,10,244,348,0,0,0,37856,0,0,37856,0,0,0,0,0,76,12,0,912,0,32768,0,0,64,0,0,0,594,39168,0,0,65532,26688
1117,1000,0,0,0,2,2,10,5,18,6,37376,3584,130,863,76,32768,6,102,698,0,0,64,31004,0,0,31196,31004,0,192,0,0,76,12,0,880,11136,32768,0,960,64,0,0,0,872,0,0,0,0,26624
1117,1100,0,0,0,2,2,10,5,18,6,29440,3328,65242,512,76,8192,10,243,350,0,0,0,38208,0,0,38208,0,0,0,0,0,76,12,0,912,0,32768,0,0,64,0,0,0,590,39168,0,0,65532,26688
1118,1000,0,0,0,2,2,10,5,18,6,5120,27904,130,863,76,32768,6,103,701,0,0,64,31004,0,0,31196,31004,0,192,0,0,76,12,0,880,11136,32768,0,960,64,0,0,0,872,0,0,16384,0,26624
1118,1100,0,0,0,2,2,10,5,18,6,19712,3328,65227,498,76,8192,10,242,352,0,0,0,38560,0,0,38560,0,0,0,0,0,76,12,0,912,0,32768,0,0,64,0,0,0,586,39936,0,0,65532,26688
1119,1000,0,0,0,2,2,10,5,18,6,38400,52224,130,863,76,32768,6,103,704,0,0,64,31004,0,0,31196,31004,0,192,0,0,76,12,0,880,11136,32768,0,960,64,0,0,0,872,0,0,32768,0,26624
1119,1100,0,0,0,2,2,10,5,18,6,6144,65280,65212,484,26,8192,10,241,353,0,0,0,38912,0,0,38912,0,0,0,0,0,26,12,0,912,0,32768,0,0,64,0,0,0,582,39936,0,0,10,26688
1120,1000,0,0,0,2,2,10,5,18,6,6144,11008,130,863,76,32768,6,104,708,0,0,64,31004,0,0,31196,31004,0,192,0,0,76,12,0,880,11136,32768,0,960,64,0,0,0,872,0,0,49152,0,26624
1120,1100,0,0,0,2,2,10,5,18,6,54272,58112,65190,481,76,8192,10,239,355,0,0,0,39264,0,0,39264,0,0,0,0,0,76,12,0,912,0,32768,0,0,64,0,0,0,592,39168,0,0,65532,26688
1121,1000,0,0,0,2,2,10,5,18,6,39424,35328,131,864,76,32768,6,104,711,0,0,64,31004,0,0,31196,31004,0,192,0,0,76,12,0,880,11200,32768,0,960,64,0,0,0,873,0,0,0,0,26624
1121,1100,0,0,0,2,2,10,5,18,6,31232,50176,65197,481,76,8192,10,238,357,0,0,0,39168,0,0,39168,0,0,0,0,0,76,12,0,912,0,32768,0,0,64,0,0,0,588,39168,0,0,65532,26688
1122,1000,0,0,0,2,2,10,5,18,6,7424,59904,131,864,76,32768,6,105,714,0,0,64,31004,0,0,31196,31004,0,192,0,0,76,12,0,880,11200,32768,0,960,64,0,0,0,873,0,0,16384,0,26624
1122,1100,0,0,0,2,2,10,5,18,6,9984,42240,65199,478,76,8192,10,237,359,0,0,0,39168,0,0,39168,0,0,0,0,0,76,12,0,912,0,32768,0,0,64,0,0,0,584,39168,0,0,10,26688
1123,1000,0,0,0,2,2,10,5,18,6,40960,18944,131,864,76,32768,6,105,718,0,0,64,31004,0,0,31196,31004,0,192,0,0,76,12,0,880,11200,32768,0,960,64,0,0,0,873,0,0,32768,0,26624
1123,1100,0,0,0,2,2,10,5,18,6,54784,33536,65193,486,76,8192,10,235,361,0,0,0,39168,0,0,39168,0,0,0,0,0,76,12,0,912,0,32768,0,0,64,0,0,0,594,39168,0,0,65532,26688
1124,1000,0,0,0,2,2,10,5,18,6,8960,43520,131,864,76,32768,6,106,721,0,0,64,31004,0,0,31196,31004,0,192,0,0,76,12,0,880,11200,32768,0,960,64,0,0,0,873,0,0,49152,0,26624
1124,1100,0,0,0,2,2,10,5,18,6,32512,26880,65196,483,76,8192,10,234,363,0,0,0,39168,0,0,39168,0,0,0,0,0,76,12,0,912,0,32768,0,0,64,0,0,0,590,39168,0,0,65532,26688
1125,1000,0,0,0,2,2,10,5,18,6,42496,2560,131,865,76,32768,6,106,725,0,0,64,31004,0,0,31196,31004,0,192,0,0,76,12,0,880,11200,32768,0,960,64,0,0,0,874,0,0,0,0,26624
1125,1100,0,0,0,2,2,10,5,18,6,11008,19456,65198,480,76,8192,10,233,365,0,0,0,39168,0,0,39168,0,0,0,0,0,76,12,0,912,0,32768,0,0,64,0,0,0,586,39168,0,0,65532,26688
1126,1000,0,0,0,2,2,10,5,18,6,10496,27392,131,865,76,32768,6,107,728,0,0,64,31004,0,0,31196,31004,0,192,0,0,76,12,0,880,11200,32768,0,960,64,0,0,0,874,0,0,16384,0,26624
1126,1100,0,0,0,2,2,10,5,18,6,55552,11264,65200,476,76,8192,10,231,367,0,0,0,39168,0,0,39168,0,0,0,0,0,76,12,0,912,0,32768,0,0,64,0,0,0,582,39168,0,0,10,26688
1127,1000,0,0,0,2,2,10,5,18,6,44032,52224,131,865,28,34816,6,107,731,0,274,64,31004,0,2,31196,31004,0,192,0,2,28,12,0,880,11200,32768,0,960,64,0,32768,0,874,0,0,32768,0,26624
1127,1100,0,0,0,2,2,10,5,18,6,35072,2048,65195,484,76,8192,10,230,369,0,0,0,39168,0,0,39168,0,0,0,0,0,76,12,0,912,0,32768,0,0,64,0,0,0,592,39680,0,0,65532,26688
1128,1000,0,0,0,2,2,10,5,18,6,12032,11520,131,865,28,34816,6,108,735,248,248,64,31004,0,2,31196,31004,0,192,0,2,28,12,0,880,11200,32768,0,960,64,0,32768,0,874,0,0,49152,0,26624
1128,1100,0,0,0,2,2,10,5,18,6,13312,60416,65181,470,76,8192,10,229,370,0,0,0,39520,0,0,39520,0,0,0,0,0,76,12,0,912,0,32768,0,0,64,0,0,0,588,39680,0,0,65532,26688
1129,1000,0,0,0,2,2,10,5,18,6,45568,36352,131,866,76,34816,6,108,738,470,222,64,31004,0,2,31196,31004,0,192,0,2,76,12,0,880,11264,32768,0,960,64,0,32768,0,875,0,0,0,0,26624
1129,1100,0,0,0,2,2,10,5,18,6,53504,49664,65176,461,76,8192,10,227,372,0,0,0,39680,0,0,39680,0,0,0,0,0,76,12,0,912,0,32768,0,0,64,0,0,0,584,39680,0,0,10,26688
1130,1000,0,0,0,2,2,10,5,18,6,13568,61440,131,866,76,34816,6,109,741,666,196,64,31004,0,2,31196,31004,0,192,0,2,76,12,0,880,11264,32768,0,960,64,0,32768,0,875,0,0,16384,0,26624
1130,1100,0,0,0,2,2,10,5,18,6,26880,36608,65170,469,76,8192,10,226,374,0,0,0,39680,0,0,39680,0,0,0,0,0,76,12,0,912,0,32768,0,0,64,0,0,0,594,39680,0,0,65532,26688
1131,1000,0,0,0,2,2,10,5,18,6,47104,20992,131,866,76,34816,6,109,745,836,170,64,31004,0,2,31196,31004,0,192,0,2,76,12,0,880,11264,32768,0,960,64,0,32768,0,875,0,0,32768,0,26624
1131,1100,0,0,0,2,2,10,5,18,6,64256,25600,65173,466,76,8192,10,224,376,0,0,0,39680,0,0,39680,0,0,0,0,0,76,12,0,912,0,32768,0,0,64,0,0,0,590,39680,0,0,65532,26688
1132,1000,512,0,0,2,2,10,5,18,6,15104,46080,131,866,76,34816,6,110,748,980,144,64,31004,0,2,31196,31004,0,192,0,2,76,12,65448,880,11264,33282,0,960,64,0,32768,0,875,0,0,49152,0,26624
1132,1100,512,0,0,2,2,10,5,18,6,36864,13824,65175,462,76,8192,10,223,378,0,0,0,39680,0,0,39680,0,0,0,0,0,76,12,0,912,0,32768,0,0,64,0,0,0,586,38656,0,0,65532,26688
1133,1000,0,0,0,2,2,10,5,18,6,48640,5632,131,867,76,34816,6,110,752,1098,118,64,30993,0,2,31185,30993,0,192,0,2,76,12,65360,880,11264,33280,0,960,64,0,32768,0,876,0,0,0,0,26624
1133,1100,0,0,0,2,2,10,5,18,6,9984,1024,65193,471,76,8192,10,222,380,0,0,0,39328,0,0,39328,0,0,0,0,0,76,12,0,912,0,32768,0,0,64,0,0,0,582,38656,0,0,10,26688
1134,1000,0,0,0,2,2,10,5,18,6,16640,30976,132,867,64,34816,6,111,755,1190,92,64,30971,0,2,31163,30971,0,192,0,2,64,12,65272,880,11264,33280,0,960,64,0,32768,0,876,0,0,16384,0,26624
1134,1100,0,0,0,2,2,10,5,18,6,53248,56064,65204,491,76,8192,10,220,381,0,0,0,38976,0,0,38976,0,0,0,0,0,76,12,0,912,0,32768,0,0,64,0,0,0,592,38656,0,0,65532,26688
1135,1000,0,0,0,2,2,10,5,18,6,50432,56320,134,866,64,34816,6,111,758,1256,66,64,30938,0,2,31130,30938,0,192,0,2,64,12,65184,880,11264,33280,0,960,64,0,32768,0,876,0,0,32768,0,26624
1135,1100,0,0,0,2,2,10,5,18,6,33792,50688,65221,497,76,8192,10,219,383,0,0,0,38656,0,0,38656,0,0,0,0,0,76,12,0,912,0,32768,0,0,64,0,0,0,588,38656,0,0,65532,26688
1136,1000,0,0,0,2,2,10,5,18,6,19200,15872,137,866,64,34816,6,112,762,1296,40,64,30894,0,2,31086,30894,0,192,0,2,64,12,65096,880,11264,33280,0,960,64,0,32768,0,876,0,0,49152,0,26624
1136,1100,0,0,0,2,2,10,5,18,6,18688,46848,65223,494,76,8192,10,218,385,0,0,0,38656,0,0,38656,0,0,0,0,0,76,12,0,912,0,32768,0,0,64,0,0,0,584,39424,0,0,10,26688
1137,1000,0,0,0,2,2,10,5,18,6,54272,40960,140,866,64,34816,6,112,765,1310,14,64,30839,0,2,31031,30839,0,192,0,2,64,12,65008,880,11328,33280,0,960,64,0,32768,0,877,0,0,0,0,26624
1137,1100,0,0,0,2,2,10,5,18,6,4096,42240,65201,491,76,8192,10,217,387,0,0,0,39008,0,0,39008,0,0,0,0,0,76,12,0,912,0,32768,0,0,64,0,0,0,594,39424,0,0,65532,26688
1138,1000,0,0,0,2,2,10,5,18,6,24576,512,145,865,64,34816,6,113,769,1298,65524,64,30773,0,2,30965,30773,0,192,0,2,64,12,64920,880,11328,33280,0,960,64,0,32768,0,877,0,0,16384,0,26624
1138,1100,0,0,0,2,2,10,5,18,6,49408,36864,65184,474,76,8192,10,215,389,0,0,0,39424,0,0,39424,0,0,0,0,0,76,12,0,912,0,32768,0,0,64,0,0,0,590,39424,0,0,65532,26688
1139,1000,0,0,0,2,2,10,5,18,6,61696,25344,150,865,64,34816,6,113,772,1260,65498,64,30696,0,2,30888,30696,0,192,0,2,64,12,64832,880,11328,33280,0,960,64,0,32768,0,877,0,0,32768,0,26624
1139,1100,0,0,0,2,2,10,5,18,6,24832,27136,65186,471,76,8192,10,214,391,0,0,0,39424,0,0,39424,0,0,0,0,0,76,12,0,912,0,32768,0,0,64,0,0,0,586,39424,0,0,65532,26688
1140,1000,0,0,0,2,2,10,5,18,6,34560,50176,157,863,64,34816,6,114,775,1196,65472,64,30608,0,2,30800,30608,0,192,0,2,64,12,64744,880,11328,33280,0,960,64,0,32768,0,877,0,0,49152,0,26624
1140,1100,0,0,0,2,2,10,5,18,6,768,16640,65189,468,76,8192,10,213,393,0,0,0,39424,0,0,39424,0,0,0,0,0,76,12,0,912,0,32768,0,0,64,0,0,0,582,39424,0,0,10,26688
1141,1000,0,0,0,2,2,10,5,18,6,9216,8960,164,863,64,34816,6,115,779,1106,65446,64,30509,0,2,30701,30509,2,192,0,2,64,12,64656,880,11328,512,0,960,64,0,32768,0,878,0,0,0,0,26624
1141,1100,0,0,0,2,2,10,5,18,6,43008,5376,65183,476,76,8192,10,211,395,0,0,0,39424,0,0,39424,0,0,0,0,0,76,12,0,912,0,32768,0,0,64,0,0,0,592,39424,0,0,65532,26688
1142,1000,0,0,0,2,2,10,5,18,6,51200,33280,172,861,64,34816,6,115,782,990,65420,64,30399,0,2,30591,30399,0,192,0,2,64,12,64568,880,11328,512,0,960,64,0,32768,0,878,65023,0,16384,0,26624
1142,1100,0,0,0,2,2,10,5,18,6,18176,61696,65185,473,76,8192,10,210,396,0,0,0,39424,0,0,39424,0,0,0,0,0,76,12,0,912,0,32768,0,0,64,0,0,0,588,39424,0,0,65532,26688
1143,1000,0,0,0,2,2,10,5,18,6,29696,57088,181,859,76,34816,6,116,785,848,65394,64,30278,0,2,30470,30278,2,192,0,2,76,12,64480,880,11328,512,0,960,64,0,32768,0,878,0,0,32768,0,26624
1143,1100,0,0,0,2,2,10,5,18,6,59392,51712,65188,470,76,8192,10,208,398,0,0,0,39424,0,0,39424,0,0,0,0,0,76,12,0,912,0,32768,0,0,64,0,0,0,584,39424,0,0,10,26688
1144,1000,0,0,0,2,2,10,5,18,6,10496,14848,191,857,76,34816,6,117,789,680,65368,64,30146,0,2,30338,30146,0,192,0,2,76,12,64392,880,11328,512,0,960,64,0,32768,0,878,65023,0,49152,0,26624
1144,1100,0,0,0,2,2,10,5,18,6,35840,40960,65182,478,76,8192,10,207,400,0,0,0,39424,0,0,39424,0,0,0,0,0,76,12,0,912,0,32768,0,0,64,0,0,0,594,39168,0,0,65532,26688
1145,1000,0,0,0,2,2,10,5,18,6,59392,37632,202,856,76,34816,6,117,792,486,65342,64,30003,0,2,30195,30003,2,192,0,2,76,12,64304,880,10688,512,0,960,64,0,32768,0,879,0,0,0,0,26624
1145,1100,0,0,0,2,2,10,5,18,6,10752,32256,65196,483,76,8192,10,206,402,0,0,0,39168,0,0,39168,0,0,0,0,0,76,12,0,912,0,32768,0,0,64,0,0,0,590,39168,0,0,65532,26688
1146,1000,0,0,0,2,2,10,5,18,6,45568,60160,214,853,76,34816,6,118,795,266,65316,64,29849,0,2,30041,29849,0,192,0,2,76,12,64216,880,10688,512,0,960,64,0,32768,0,879,65023,0,16384,0,26624
1146,1100,0,0,0,2,2,10,5,18,6,54784,24832,65198,480,76,8192,10,204,404,0,0,0,39168,0,0,39168,0,0,0,0,0,76,12,0,912,0,32768,0,0,64,0,0,0,586,39168,0,0,65532,26688
1147,1000,0,0,0,2,2,10,5,18,6,34816,16384,227,850,76,34816,6,119,799,20,65290,64,29684,0,2,29876,29684,2,192,0,2,76,12,64128,880,10688,512,0,960,64,0,32768,0,879,0,0,32768,0,26624
1147,1100,0,0,0,2,2,10,5,18,6,33792,16640,65200,476,76,8192,10,203,406,0,0,0,39168,0,0,39168,0,0,0,0,0,76,12,0,912,0,32768,0,0,64,0,0,0,582,39168,0,0,10,26688
1148,1000,0,0,0,2,2,10,5,18,6,27392,37376,240,846,76,34816,6,120,802,0,0,64,29508,0,0,29700,29508,0,192,0,0,76,12,64040,880,10688,512,0,960,64,0,0,0,879,65023,0,49152,65526,26624
1148,1100,0,0,0,2,2,10,5,18,6,13312,7424,65195,484,76,8192,10,202,408,0,0,0,39168,0,0,39168,0,0,0,0,0,76,12,0,912,0,32768,0,0,64,0,0,0,592,39168,0,0,65532,26688
1149,1000,0,0,0,2,2,10,5,18,6,23296,57344,252,833,76,32768,6,121,805,0,0,64,29321,0,0,29513,29321,2,192,0,0,76,12,63952,880,10688,512,0,960,64,0,0,0,870,0,0,0,65526,26624
1149,1100,0,0,0,2,2,10,5,18,6,57088,256,65197,481,76,8192,10,200,410,0,0,0,39168,0,0,39168,0,0,0,0,0,76,12,0,912,0,32768,0,0,64,0,0,0,588,39168,0,0,65532,26688
1150,1000,0,0,0,2,2,10,5,18,6,22272,8448,264,819,76,32768,6,122,809,0,0,64,29123,0,0,29315,29123,0,192,0,0,76,12,63864,880,10688,512,0,960,64,0,0,0,860,65023,0,16384,65526,26624
1150,1100,0,0,0,2,2,10,5,18,6,35840,57856,65199,478,76,8192,10,199,411,0,0,0,39168,0,0,39168,0,0,0,0,0,76,12,0,912,0,32768,0,0,64,0,0,0,584,39168,0,0,10,26688
1151,1000,0,0,0,2,2,10,5,18,6,24320,21504,276,804,76,32768,6,123,812,0,0,64,28914,0,0,29106,28914,2,192,0,0,76,12,63776,880,10688,512,0,960,64,0,0,0,850,0,0,32768,65526,26624
1151,1100,0,0,0,2,2,10,5,18,6,15104,49152,65193,486,76,8192,10,198,413,0,0,0,39168,0,0,39168,0,0,0,0,0,76,12,0,912,0,32768,0,0,64,0,0,0,594,39168,0,0,65532,26688
1152,1000,0,0,0,2,2,10,5,18,6,29440,30720,288,789,76,32768,6,124,815,0,0,64,28694,0,0,28886,28694,0,192,0,0,76,12,63688,880,10688,512,0,960,64,0,0,0,840,65023,0,49152,65526,26624
1152,1100,0,0,0,2,2,10,5,18,6,58368,42496,65196,483,76,8192,10,196,415,0,0,0,39168,0,0,39168,0,0,0,0,0,76,12,0,912,0,32768,0,0,64,0,0,0,590,39168,0,0,65532,26688
1153,1000,0,0,0,2,2,10,5,18,6,37632,36096,302,775,76,32768,6,125,818,0,0,64,28463,0,0,28655,28463,2,192,0,0,76,12,63600,880,10048,512,0,960,64,0,0,0,831,0,0,0,65526,26624
1153,1100,0,0,0,2,2,10,5,18,6,36864,35072,65198,480,76,8192,10,195,417,0,0,0,39168,0,0,39168,0,0,0,0,0,76,12,0,912,0,32768,0,0,64,0,0,0,586,40192,0,0,65532,26688
1154,1000,0,0,0,2,2,10,5,18,6,49408,37888,315,759,76,32768,6,126,821,0,0,64,28221,0,0,28413,28221,0,192,0,0,76,12,63512,880,10048,512,0,960,64,0,0,0,821,65023,0,16384,65526,26624
1154,1100,0,0,0,2,2,10,5,18,6,15872,26880,65184,465,76,8192,10,194,419,0,0,0,39520,0,0,39520,0,0,0,0,0,76,12,0,912,0,32768,0,0,64,0,0,0,582,40192,0,0,10,26688
1155,1000,0,0,0,2,2,10,5,18,6,64512,35584,328,742,76,32768,6,127,824,0,0,64,27968,0,0,28160,27968,2,192,0,0,76,12,63424,880,10048,512,0,960,64,0,0,0,811,0,0,32768,65526,26624
1155,1100,0,0,0,2,2,10,5,18,6,56832,14848,65163,460,76,8192,10,192,421,0,0,0,39872,0,0,39872,0,0,0,0,0,76,12,0,912,0,32768,0,0,64,0,0,0,592,40192,0,0,65532,26688
1156,1000,0,0,0,2,2,10,5,18,6,17408,28928,342,725,76,32768,6,129,827,0,0,64,27704,0,0,27896,27704,0,192,0,0,76,12,63336,880,10048,512,0,960,64,0,0,0,801,65023,0,49152,65526,26624
1156,1100,0,0,0,2,2,10,5,18,6,26880,1536,65151,446,76,8192,10,191,423,0,0,0,40192,0,0,40192,0,0,0,0,0,76,12,0,912,0,32768,0,0,64,0,0,0,588,38656,0,0,65532,26688
1157,1000,0,0,0,2,2,10,5,18,6,39424,17920,356,708,76,32768,6,130,830,0,0,64,27429,0,0,27621,27429,2,192,0,0,76,12,63248,880,10048,512,0,960,64,0,0,0,792,0,0,0,65526,26624
1157,1100,0,0,0,2,2,10,5,18,6,59392,50176,65169,455,76,8192,10,189,424,0,0,0,39840,0,0,39840,0,0,0,0,0,76,12,0,912,0,32768,0,0,64,0,0,0,584,38656,0,0,10,26688
1158,1000,0,0,0,2,2,10,5,18,6,65024,2560,370,689,76,32768,6,131,833,0,0,64,27143,0,0,27335,27143,0,192,0,0,76,12,63160,880,10048,512,0,960,64,0,0,0,782,65023,0,16384,65526,26624
1158,1100,0,0,0,2,2,10,5,18,6,30976,35584,65179,475,76,8192,10,188,426,0,0,0,39488,0,0,39488,0,0,0,0,0,76,12,0,912,0,32768,0,0,64,0,0,0,594,38656,0,0,65532,26688
1159,1000,0,0,0,2,2,10,5,18,6,28672,47872,384,670,76,32768,6,133,835,0,0,64,26846,0,0,27038,26846,2,192,0,0,76,12,63072,880,10048,512,0,960,64,0,0,0,772,0,0,32768,65526,26624
1159,1100,0,0,0,2,2,10,5,18,6,5120,26112,65197,484,76,8192,10,187,428,0,0,0,39136,0,0,39136,0,0,0,0,0,76,12,0,912,0,32768,0,0,64,0,0,0,590,38656,0,0,65532,26688
1160,1000,0,0,0,2,2,10,5,18,6,61440,22784,397,650,76,32768,6,134,838,0,0,64,26538,0,0,26730,26538,2,384,384,0,76,12,63083,880,10048,33280,0,960,64,0,0,0,762,65248,0,49152,2,26624
1160,1100,0,0,0,2,2,10,5,18,6,49408,18944,65222,496,76,8192,10,185,430,0,0,0,38656,0,0,38656,0,0,0,0,0,76,12,0,912,0,32768,0,0,64,0,0,0,586,38656,0,0,65532,26688
1161,1000,0,0,0,2,2,10,5,18,6,32000,58112,417,640,76,32768,6,136,840,0,0,64,25847,0,0,26615,26231,2,576,768,0,76,12,63083,880,10112,33280,0,960,64,0,0,0,764,64960,0,49152,2,26624
1161,1100,0,0,0,2,2,10,5,18,6,34560,14848,65224,492,76,8192,10,184,432,0,0,0,38656,0,0,38656,0,0,0,0,0,76,12,0,912,0,32768,0,0,64,0,0,0,582,37888,0,0,10,26688
1162,1000,0,0,0,2,2,10,5,18,6,7680,25344,426,637,76,32768,6,138,843,0,0,64,25156,0,0,26500,25924,2,768,1152,0,76,12,63083,880,10112,33280,0,960,64,0,0,0,766,64672,0,49152,2,26624
1162,1100,0,0,0,2,2,10,5,18,6,20224,9728,65236,511,76,8192,10,183,434,0,0,0,38304,0,0,38304,0,0,0,0,0,76,12,0,912,0,32768,0,0,64,0,0,0,592,37888,0,0,65532,26688
1163,1000,0,0,0,2,2,10,5,18,6,51200,57344,434,634,76,32768,6,139,845,0,0,64,24465,0,0,26385,25617,2,960,1536,0,76,12,63083,880,10112,33280,0,960,64,0,0,0,768,64384,0,49152,0,26624
1163,1100,0,0,0,2,2,10,5,18,6,8960,9472,65258,519,76,8192,10,182,436,0,0,0,37888,0,0,37888,0,0,0,0,0,76,12,0,912,0,32768,0,0,64,0,0,0,588,37888,0,0,65532,26688
1164,1000,0,0,0,2,2,10,5,18,6,31232,23040,441,630,76,32768,6,141,848,0,0,64,23774,0,0,26270,25310,2,1152,1920,0,76,12,63083,880,10112,33280,0,960,64,0,0,0,769,64096,0,16384,0,26624
1164,1100,0,0,0,2,2,10,5,18,6,3328,11264,65260,516,76,8192,10,181,438,0,0,0,37888,0,0,37888,0,0,0,0,0,76,12,0,912,0,32768,0,0,64,0,0,0,584,37888,0,0,10,26688
1165,1000,0,0,0,2,2,10,5,18,6,13056,53248,448,625,76,32768,6,143,850,0,0,64,23083,0,0,26155,25003,2,1344,2304,0,76,12,63083,880,10112,33280,0,960,64,0,0,0,769,63808,0,49152,0,26624
1165,1100,0,0,0,2,2,10,5,18,6,63744,12288,65256,524,76,8192,10,179,440,0,0,0,37888,0,0,37888,0,0,0,0,0,76,12,0,912,0,32768,0,0,64,0,0,0,594,37888,0,0,65532,26688
1166,1000,0,0,0,2,2,10,5,18,6,62208,16640,456,621,76,32768,6,144,853,0,0,64,22392,0,0,26040,24696,2,1536,2688,0,76,12,63083,880,10112,33280,0,960,64,0,0,0,770,63520,0,16384,0,26624
1166,1100,0,0,0,2,2,10,5,18,6,57600,15360,65257,521,76,8192,10,178,442,0,0,0,37888,0,0,37888,0,0,0,0,0,76,12,0,912,0,32768,0,0,64,0,0,0,590,37888,0,0,65532,26688
1167,1000,0,0,0,2,2,10,5,18,6,47872,44544,462,616,76,32768,6,146,855,0,0,64,21701,0,0,25925,24389,2,1728,3072,0,76,12,63083,880,10112,33280,0,960,64,0,0,0,770,63232,0,49152,0,26624
1167,1100,0,0,0,2,2,10,5,18,6,51712,17664,65259,517,76,8192,10,177,444,0,0,0,37888,0,0,37888,0,0,0,0,0,76,12,0,912,0,32768,0,0,64,0,0,0,586,37888,0,0,65532,26688
1168,1000,0,0,0,2,2,10,5,18,6,35072,5632,470,611,76,32768,6,148,858,0,0,64,21010,0,0,25810,24082,2,1920,3456,0,76,12,63083,880,10112,33280,0,960,64,0,4,0,771,62944,0,16384,0,26624
1168,1100,0,0,0,2,2,10,5,18,6,46336,18944,65261,514,76,8192,10,176,446,0,0,0,37888,0,0,37888,0,0,0,0,0,76,12,0,912,0,32768,0,0,64,0,0,0,582,37888,0,0,10,26688
1169,1000,0,0,0,2,2,10,5,18,6,24320,30976,477,606,76,32768,6,150,860,0,0,64,20319,0,0,25695,23775,2,2112,3840,0,76,12,63083,880,10176,33280,0,960,64,0,4,0,771,62656,0,49152,0,26624
1169,1100,0,0,0,2,2,10,5,18,6,41472,19456,65256,523,76,8192,10,175,448,0,0,0,37888,0,0,37888,0,0,0,0,0,76,12,0,912,0,32768,0,0,64,0,0,0,592,37632,0,0,65532,26688
1170,1000,0,0,0,2,2,10,5,18,6,15360,55040,484,602,76,32768,6,152,862,0,0,64,19628,0,0,25580,23468,2,2304,4224,0,76,12,63083,880,10176,33280,0,960,64,0,4,0,772,62368,0,16384,0,26624
1170,1100,0,0,0,2,2,10,5,18,6,35328,22272,65271,526,76,8192,10,174,450,0,0,0,37632,0,0,37632,0,0,0,0,0,76,12,0,912,0,32768,0,0,64,0,0,0,588,37632,0,0,65532,26688
1171,1000,0,0,0,2,2,10,5,18,6,8192,12544,491,596,18,34816,6,154,865,0,242,64,18937,0,2,25465,23161,2,2496,4608,2,18,12,63083,880,10176,33280,0,960,64,0,32772,0,772,62080,0,49152,0,26624
1171,1100,0,0,0,2,2,10,5,18,6,33024,25856,65273,522,76,8192,10,173,452,0,0,0,37632,0,0,37632,0,0,0,0,0,76,12,0,912,0,32768,0,0,64,0,0,0,584,37632,0,0,10,26688
1172,1000,0,0,0,2,2,10,5,18,6,2816,34048,498,592,18,34816,6,156,867,216,216,64,18246,0,2,25350,22854,2,2688,4992,2,18,12,63083,880,10176,33280,0,960,64,0,32772,0,773,61792,0,16384,0,26624
1172,1100,0,0,0,2,2,10,5,18,6,31232,28416,65268,531,76,8192,10,172,454,0,0,0,37632,0,0,37632,0,0,0,0,0,76,12,0,912,0,32768,0,0,64,0,0,0,594,37632,0,0,65532,26688
1173,1000,0,0,0,2,2,10,5,18,6,64768,54528,504,586,18,34816,6,157,869,406,190,64,17555,0,2,25235,22547,2,2880,5376,2,18,12,63083,880,10176,33280,0,960,64,0,32772,0,773,61504,0,49152,0,26624
1173,1100,0,0,0,2,2,10,5,18,6,28160,33280,65270,527,76,8192,10,171,456,0,0,0,37632,0,0,37632,0,0,0,0,0,76,12,0,912,0,32768,0,0,64,0,0,0,590,37632,0,0,65532,26688
1174,1000,0,0,0,2,2,10,5,18,6,62720,7936,511,581,18,34816,6,159,872,570,164,64,16864,0,2,25120,22240,2,3072,5760,2,18,12,63083,880,10176,33280,0,960,64,0,32772,0,774,61216,0,16384,0,26624
1174,1100,0,0,0,2,2,10,5,18,6,25600,37120,65272,524,76,8192,10,170,458,0,0,0,37632,0,0,37632,0,0,0,0,0,76,12,0,912,0,32768,0,0,64,0,0,0,586,37632,0,0,65532,26688
1175,1000,0,0,0,2,2,10,5,18,6,62464,25600,517,576,76,34816,6,161,874,708,138,64,16173,0,2,25005,21933,2,3264,6144,2,76,12,63083,880,10176,33280,0,960,64,0,32772,0,774,60928,0,49152,0,26624
1175,1100,0,0,0,2,2,10,5,18,6,23552,40192,65274,520,76,8192,10,169,460,0,0,0,37632,0,0,37632,0,0,0,0,0,76,12,0,912,0,32768,0,0,64,0,0,0,582,37632,0,0,10,26688
1176,1000,0,0,0,2,2,10,5,18,6,63744,41984,525,571,76,34816,6,163,876,820,112,64,15482,0,2,24890,21626,2,3456,6528,2,76,12,63083,880,10176,33280,0,960,64,0,32804,0,775,60640,0,16384,0,26624
1176,1100,0,0,0,2,2,10,5,18,6,22016,42240,65269,529,76,8192,10,168,462,0,0,0,37632,0,0,37632,0,0,0,0,0,76,12,0,912,0,32768,0,0,64,0,0,0,592,37632,0,0,65532,26688
1177,1000,0,0,0,2,2,10,5,18,6,1536,57088,531,565,76,34816,6,166,878,906,86,64,14791,0,2,24775,21319,2,3648,6912,2,76,12,63083,880,10240,33280,0,960,64,0,32804,0,775,60352,0,49152,0,26624
1177,1100,0,0,0,2,2,10,5,18,6,19200,46592,65271,526,76,8192,10,167,464,0,0,0,37632,0,0,37632,0,0,0,0,0,76,12,0,912,0,32768,0,0,64,0,0,0,588,38144,0,0,65532,26688
1178,1000,0,0,0,2,2,10,5,18,6,6400,5120,538,560,76,34816,6,168,881,966,60,64,14100,0,2,24660,21012,2,3840,7296,2,76,12,63083,880,10240,33280,0,960,64,0,32804,0,776,60064,0,16384,0,26624
1178,1100,0,0,0,2,2,10,5,18,6,16896,50176,65255,513,76,8192,10,166,466,0,0,0,37984,0,0,37984,0,0,0,0,0,76,12,0,912,0,32768,0,0,64,0,0,0,584,38144,0,0,10,26688
1179,1000,0,0,0,2,2,10,5,18,6,13056,17408,544,554,76,34816,6,170,883,1000,34,64,13409,0,2,24545,20705,2,4032,7680,2,76,12,63083,880,10240,33280,0,960,64,0,32804,0,776,59776,0,49152,0,26624
1179,1100,0,0,0,2,2,10,5,18,6,10496,50432,65243,517,76,8192,10,165,468,0,0,0,38144,0,0,38144,0,0,0,0,0,76,12,0,912,0,32768,0,0,64,0,0,0,594,38144,0,0,65532,26688
1180,1000,0,0,0,2,2,10,5,18,6,21248,28160,551,548,76,34816,6,172,885,1008,8,64,12718,0,2,24430,20398,2,4224,8064,2,76,12,63083,880,10240,33280,0,960,64,0,32804,0,777,59488,0,16384,0,26624
1180,1100,0,0,0,2,2,10,5,18,6,1024,51712,65245,514,76,8192,10,164,470,0,0,0,38144,0,0,38144,0,0,0,0,0,76,12,0,912,0,32768,0,0,64,0,0,0,590,38144,0,0,65532,26688
1181,1000,0,0,0,2,2,10,5,18,6,31232,37376,557,542,76,34816,6,174,887,990,65518,64,12027,0,2,24315,20091,2,3936,7680,2,76,12,63211,880,10240,32768,0,960,64,0,32768,0,777,60001,0,49152,0,26624
1181,1100,0,0,0,2,2,10,5,18,6,57600,52224,65247,510,76,8192,10,162,472,0,0,0,38144,0,0,38144,0,0,0,0,0,76,12,0,912,0,32768,0,0,64,0,0,0,586,38144,0,0,65532,26688
1182,1000,0,0,0,2,2,10,5,18,6,42752,45056,563,537,76,34816,6,176,889,946,65492,64,12120,0,2,23736,19800,2,3648,7296,2,76,12,63339,880,10240,32768,0,960,64,0,32768,0,778,60514,0,16384,0,26624
1182,1100,0,0,0,2,2,10,5,18,6,49152,51712,65249,507,76,8192,10,161,474,0,0,0,38144,0,0,38144,0,0,0,0,0,76,12,0,912,0,32768,0,0,64,0,0,0,582,38144,0,0,10,26688
1183,1000,0,0,0,2,2,10,5,18,6,55808,51456,592,505,76,34816,6,178,891,876,65466,64,12229,0,2,23173,19525,2,3360,6912,2,76,12,63467,880,10240,32768,0,960,64,0,32768,0,778,61027,0,49152,0,26624
1183,1100,0,0,0,2,2,10,5,18,6,41216,50432,65244,516,76,8192,10,160,476,0,0,0,38144,0,0,38144,0,0,0,0,0,76,12,0,912,0,32768,0,0,64,0,0,0,592,38144,0,0,65532,26688
1184,1000,0,0,0,2,2,10,5,18,6,10752,49664,619,472,76,34816,6,181,893,780,65440,64,12354,0,2,22626,19266,2,3072,6528,2,76,12,63595,880,10240,32768,0,960,64,0,32768,0,779,61540,0,16384,0,26624
1184,1100,0,0,0,2,2,10,5,18,6,32000,51456,65246,512,76,8192,10,159,478,0,0,0,38144,0,0,38144,0,0,0,0,0,76,12,0,912,0,32768,0,0,64,0,0,0,588,37120,0,0,65532,26688
1185,1000,0,0,0,2,2,10,5,18,6,38144,39424,643,439,76,34816,6,183,895,658,65414,64,12495,0,2,22095,19023,2,2784,6144,2,76,12,63723,880,10304,32768,0,960,64,0,32768,0,779,62053,0,49152,0,26624
1185,1100,0,0,0,2,2,10,5,18,6,23296,51456,65265,518,76,8192,10,158,480,0,0,0,37792,0,0,37792,0,0,0,0,0,76,12,0,912,0,32768,0,0,64,0,0,0,584,37632,0,0,10,26688
1186,1000,0,0,0,2,2,10,5,18,6,6144,20736,665,407,76,34816,6,186,897,510,65388,64,12652,0,2,21580,18796,2,2496,5760,2,76,12,63851,880,10304,32768,0,960,64,0,32768,0,780,62566,0,16384,0,26624
1186,1100,0,0,0,2,2,10,5,18,6,19456,52992,65268,531,76,8192,10,157,482,0,0,0,37632,0,0,37632,0,0,0,0,0,76,12,0,912,0,32768,0,0,64,0,0,0,594,37632,0,0,65532,26688
1187,1000,0,0,0,2,2,10,5,18,6,45312,59392,685,373,76,34816,6,188,898,336,65362,64,12825,0,2,21081,18585,2,2208,5376,2,76,12,63979,880,10304,32768,0,960,64,0,32768,0,780,63079,0,49152,0,26624
1187,1100,0,0,0,2,2,10,5,18,6,16384,57856,65270,527,76,8192,10,156,484,0,0,0,37632,0,0,37632,0,0,0,0,0,76,12,0,912,0,32768,0,0,64,0,0,0,590,37632,0,0,65532,26688
1188,1000,0,0,0,2,2,10,5,18,6,24064,23808,703,340,76,34816,6,191,900,136,65336,64,13014,0,2,20598,18390,2,1920,4992,2,76,12,64107,880,10304,32768,0,960,64,0,32768,0,781,63592,0,16384,0,26624
1188,1100,0,0,0,2,2,10,5,18,6,13824,61696,65272,524,76,8192,10,155,486,0,0,0,37632,0,0,37632,0,0,0,0,0,76,12,0,912,0,32768,0,0,64,0,0,0,586,37632,0,0,65532,26688
1189,1000,0,0,0,2,2,10,5,18,6,7424,45312,718,307,76,34816,6,194,901,0,0,64,13219,0,0,20131,18211,2,1632,4608,0,76,12,64235,880,10304,32768,0,960,64,0,0,0,781,64105,0,49152,0,26624
1189,1100,0,0,0,2,2,10,5,18,6,11776,64768,65274,520,76,8192,10,154,488,0,0,0,37632,0,0,37632,0,0,0,0,0,76,12,0,912,0,32768,0,0,64,0,0,0,582,37632,0,0,10,26688
1190,1000,0,0,0,2,2,10,5,18,6,60160,58368,732,275,76,32768,6,196,902,0,0,64,13440,0,0,19680,18048,2,1344,4224,0,76,12,64363,880,10304,32768,0,960,64,0,0,0,782,64618,0,16384,0,26624
1190,1100,0,0,0,2,2,10,5,18,6,10240,1280,65269,529,76,8192,10,153,491,0,0,0,37632,0,0,37632,0,0,0,0,0,76,12,0,912,0,32768,0,0,64,0,0,0,592,37632,0,0,65532,26688
1191,1000,0,0,0,2,2,10,5,18,6,50944,63232,743,244,76,32768,6,199,903,0,0,64,13677,0,0,19245,17901,2,1056,3840,0,76,12,64491,880,10304,32768,0,960,64,0,0,0,782,65131,0,49152,0,26624
1191,1100,0,0,0,2,2,10,5,18,6,7424,5632,65271,526,76,8192,10,152,493,0,0,0,37632,0,0,37632,0,0,0,0,0,76,12,0,912,0,32768,0,0,64,0,0,0,588,37632,0,0,65532,26688
1192,1000,0,0,0,2,2,10,5,18,6,44544,60160,753,213,76,32768,6,202,904,0,0,64,13930,0,0,18826,17770,2,768,3456,0,76,12,64619,880,10304,32768,0,960,64,0,0,0,783,108,0,16384,0,26624
1192,1100,0,0,0,2,2,10,5,18,6,5120,9216,65273,522,26,8192,10,151,495,0,0,0,37632,0,0,37632,0,0,0,0,0,26,12,0,912,0,32768,0,0,64,0,0,0,584,37632,0,0,10,26688
1193,1000,0,0,0,2,2,10,5,18,6,40704,49152,761,182,76,32768,6,205,905,0,0,64,14199,0,0,18423,17655,2,480,3072,0,76,12,64747,880,10368,32768,0,960,64,0,0,0,783,65131,0,49152,0,26624
1193,1100,0,0,0,2,2,10,5,18,6,3328,11776,65268,531,76,8192,10,150,497,0,0,0,37632,0,0,37632,0,0,0,0,0,76,12,0,912,0,32768,0,0,64,0,0,0,594,38144,0,0,65532,26688
1194,1000,0,0,0,2,2,10,5,18,6,38912,30208,769,153,76,32768,6,208,906,0,0,64,14484,0,0,18036,17556,2,192,2688,0,76,12,64875,880,10368,32768,0,960,64,0,0,0,784,108,0,16384,0,26624
1194,1100,0,0,0,2,2,10,5,18,6,256,16640,65253,518,76,8192,10,149,499,0,0,0,37984,0,0,37984,0,0,0,0,0,76,12,0,912,0,32768,0,0,64,0,0,0,590,38144,0,0,65532,26688
1195,1000,0,0,0,2,2,10,5,18,6,39168,3840,774,124,76,32768,6,211,907,0,0,64,14785,0,0,17665,17473,0,192,2304,0,76,12,65003,880,10368,32768,0,960,64,0,0,0,784,65131,0,49152,0,26624
1195,1100,0,0,0,2,2,10,5,18,6,58880,18176,65247,510,76,8192,10,147,501,0,0,0,38144,0,0,38144,0,0,0,0,0,76,12,0,912,0,32768,0,0,64,0,0,0,586,38144,0,0,65532,26688
1196,1000,0,0,0,2,2,10,5,18,6,40704,35584,779,97,76,32768,6,214,907,0,0,64,15102,0,0,17598,17406,0,192,1920,0,76,12,65131,880,10368,32768,0,960,64,0,0,0,785,0,0,16384,0,26624
1196,1100,0,0,0,2,2,10,5,18,6,50432,17664,65249,507,76,8192,10,146,503,0,0,0,38144,0,0,38144,0,0,0,0,0,76,12,0,912,0,32768,0,0,64,0,0,0,582,38144,0,0,10,26688
1197,1000,0,0,0,2,2,10,5,18,6,43520,60416,779,92,76,32768,6,217,907,0,0,64,15435,0,0,17547,17355,0,192,1536,0,76,12,65259,880,10368,32768,0,960,64,0,0,0,785,0,0,49152,0,26624
1197,1100,0,0,0,2,2,10,5,18,6,42496,16384,65244,516,76,8192,10,145,505,0,0,0,38144,0,0,38144,0,0,0,0,0,76,12,0,912,0,32768,0,0,64,0,0,0,592,38144,0,0,65532,26688
1198,1000,0,0,0,2,2,10,5,18,6,46336,18432,781,88,76,32768,6,220,908,0,0,64,15784,0,0,17512,17320,0,192,1152,0,76,12,65387,880,10368,32768,0,960,64,0,0,0,786,0,0,16384,0,26624
1198,1100,0,0,0,2,2,10,5,18,6,33280,17408,65246,512,76,8192,10,144,507,0,0,0,38144,0,0,38144,0,0,0,0,0,76,12,0,912,0,32768,0,0,64,0,0,0,588,38144,0,0,65532,26688
1199,1000,0,0,0,2,2,10,5,18,6,49664,40960,781,85,76,32768,6,223,908,0,0,64,16149,0,0,17493,17301,0,192,768,0,76,12,65515,880,10368,32768,0,960,64,0,0,0,786,0,0,49152,0,26624
1199,1100,0,0,0,2,2,10,5,18,6,24576,17408,65248,509,76,8192,10,143,509,0,0,0,38144,0,0,38144,0,0,0,0,0,76,12,0,912,0,32768,0,0,64,0,0,0,584,36864,0,0,10,26688
1200,1000,0,0,0,2,2,10,5,18,6,52992,62720,782,84,76,32768,6,226,908,0,0,64,16530,0,0,17490,17298,0,192,384,0,76,12,0,880,10368,32768,0,960,64,0,0,0,787,0,0,16384,0,26624
1200,1100,0,0,0,2,2,10,5,18,6,16384,16640,65260,527,76,8192,10,142,511,0,0,0,37792,0,0,37792,0,0,0,0,0,76,12,0,912,0,32768,0,0,64,0,0,0,594,36864,0,0,65532,26688
1201,1000,0,0,0,2,2,10,5,18,6,56576,18688,782,84,76,32768,6,229,909,0,0,64,16914,0,0,17490,17298,0,192,0,0,76,12,0,880,10432,32768,0,960,64,0,0,0,787,0,0,49152,0,26624
1201,1100,0,0,0,2,2,10,5,18,6,11264,20480,65280,532,76,8192,10,141,513,0,0,0,37440,0,0,37440,0,0,0,0,0,76,12,0,912,0,32768,0,0,64,0,0,0,590,37632,0,0,65532,26688
1202,1000,0,0,0,2,2,10,5,18,6,60160,40192,783,84,76,32768,6,232,909,0,0,64,17298,0,0,17490,17298,0,192,0,0,76,12,0,880,10432,32768,0,960,64,0,0,0,788,0,0,16384,0,26624
1202,1100,0,0,0,2,2,10,5,18,6,11264,25600,65272,524,76,8192,10,140,515,0,0,0,37632,0,0,37632,0,0,0,0,0,76,12,0,912,0,32768,0,0,64,0,0,0,586,37632,0,0,65532,26688
1203,1000,0,0,0,2,2,10,5,18,6,64000,61696,783,84,76,32768,6,235,909,0,0,64,17298,0,0,17490,17298,0,192,0,0,76,12,0,880,10432,32768,0,960,64,0,0,0,788,0,0,49152,0,26624
1203,1100,0,0,0,2,2,10,5,18,6,9216,28672,65274,520,76,8192,10,139,517,0,0,0,37632,0,0,37632,0,0,0,0,0,76,12,0,912,0,32768,0,0,64,0,0,0,582,37632,0,0,10,26688
1204,1000,0,0,0,2,2,10,5,18,6,2304,17664,784,84,76,32768,6,239,910,0,0,64,17298,0,0,17490,17298,0,192,0,0,76,12,0,880,10432,32768,0,960,64,0,0,0,789,0,0,16384,0,26624
1204,1100,0,0,0,2,2,10,5,18,6,7680,30720,65269,529,76,8192,10,138,519,0,0,0,37632,0,0,37632,0,0,0,0,0,76,12,0,912,0,32768,0,0,64,0,0,0,592,37632,0,0,65532,26688
1205,1000,0,0,0,2,2,10,5,18,6,6400,39168,784,84,76,32768,6,242,910,0,0,64,17298,0,0,17490,17298,0,192,0,0,76,12,0,880,10432,32768,0,960,64,0,0,0,789,0,0,49152,0,26624
1205,1100,0,0,0,2,2,10,5,18,6,4864,35072,65271,526,76,8192,10,137,521,0,0,0,37632,0,0,37632,0,0,0,0,0,76,12,0,912,0,32768,0,0,64,0,0,0,588,37632,0,0,65532,26688
1206,1000,0,0,0,2,2,10,5,18,6,10496,60672,785,84,76,32768,6,245,910,0,0,64,17298,0,0,17490,17298,0,192,0,0,76,12,0,880,10432,32768,0,960,64,0,0,0,790,0,0,16384,0,26624
1206,1100,0,0,0,2,2,10,5,18,6,2560,38656,65273,522,76,8192,10,136,523,0,0,0,37632,0,0,37632,0,0,0,0,0,76,12,0,912,0,32768,0,0,64,0,0,0,584,37632,0,0,10,26688
1207,1000,0,0,0,2,2,10,5,18,6,14848,16640,785,84,76,32768,6,248,911,0,0,64,17298,0,0,17490,17298,0,192,0,0,76,12,0,880,10432,32768,0,960,64,0,0,0,790,0,0,49152,0,26624
1207,1100,0,0,0,2,2,10,5,18,6,768,41216,65268,531,76,8192,10,135,525,0,0,0,37632,0,0,37632,0,0,0,0,0,76,12,0,912,0,32768,0,0,64,0,0,0,594,37632,0,0,65532,26688
1208,1000,0,0,0,2,2,10,5,18,6,19200,38144,786,84,76,32768,6,251,911,0,0,64,17298,0,0,17490,17298,0,192,0,0,76,12,0,880,10432,32768,0,960,64,0,0,0,791,0,0,16384,0,26624
1208,1100,0,0,0,2,2,10,5,18,6,63232,46080,65270,527,76,8192,10,133,527,0,0,0,37632,0,0,37632,0,0,0,0,0,76,12,0,912,0,32768,0,0,64,0,0,0,590,37632,0,0,65532,26688
1209,1000,0,0,0,2,2,10,5,18,6,23808,59648,786,84,76,32768,6,254,911,0,0,64,17298,0,0,17490,17298,0,192,0,0,76,12,0,880,10496,32768,0,960,64,0,0,0,791,0,0,49152,0,26624
1209,1100,0,0,0,2,2,10,5,18,6,60672,49920,65272,524,76,8192,10,132,529,0,0,0,37632,0,0,37632,0,0,0,0,0,76,12,0,912,0,32768,0,0,64,0,0,0,586,38400,0,0,65532,26688
1210,1000,0,0,0,2,2,10,5,18,6,28416,15616,787,84,18,34816,6,257,912,0,248,64,17298,0,2,17490,17298,0,192,0,2,18,12,0,880,10496,32768,0,960,64,0,32768,0,792,0,0,16384,0,26624
1210,1100,0,0,0,2,2,10,5,18,6,58624,52992,65256,511,76,8192,10,131,531,0,0,0,37984,0,0,37984,0,0,0,0,0,76,12,0,912,0,32768,0,0,64,0,0,0,582,38400,0,0,10,26688
1211,1000,0,0,0,2,2,10,5,18,6,33280,37120,787,84,18,34816,6,260,912,222,222,64,17298,0,2,17490,17298,0,192,0,2,18,12,0,880,10496,32768,0,960,64,0,32768,0,792,0,0,49152,0,26624
1211,1100,0,0,0,2,2,10,5,18,6,52480,52736,65231,508,76,8192,10,130,533,0,0,0,38400,0,0,38400,0,0,0,0,0,76,12,0,912,0,32768,0,0,64,0,0,0,592,38400,0,0,65532,26688
1212,1000,0,0,0,2,2,10,5,18,6,38144,58624,788,84,18,34816,6,263,912,418,196,64,17298,0,2,17490,17298,0,192,0,2,18,12,0,880,10496,32768,0,960,64,0,32768,0,793,0,0,16384,0,26624
1212,1100,0,0,0,2,2,10,5,18,6,39936,51712,65233,505,76,8192,10,129,535,0,0,0,38400,0,0,38400,0,0,0,0,0,76,12,0,912,0,32768,0,0,64,0,0,0,588,38400,0,0,65532,26688
1213,1000,512,0,0,2,2,10,5,18,6,43264,14592,788,84,76,34816,6,266,913,588,170,64,17298,0,2,17490,17298,0,192,0,2,76,12,65448,880,10496,33282,0,960,64,0,32768,0,793,0,0,49152,0,26624
1213,1100,512,0,0,2,2,10,5,18,6,27904,49920,65235,501,76,8192,10,128,537,0,0,0,38400,0,0,38400,0,0,0,0,0,76,12,0,912,0,32768,0,0,64,0,0,0,584,38400,0,0,10,26688
1214,1000,0,0,0,2,2,10,5,18,6,48384,36096,789,84,76,34816,6,269,913,732,144,64,17287,0,2,17479,17287,0,192,0,2,76,12,65360,880,10496,33280,0,960,64,0,32768,0,794,0,0,16384,0,26624
1214,1100,0,0,0,2,2,10,5,18,6,16384,47104,65230,510,76,8192,10,127,539,0,0,0,38400,0,0,38400,0,0,0,0,0,76,12,0,912,0,32768,0,0,64,0,0,0,594,36608,0,0,65532,26688
1215,1000,0,0,0,2,2,10,5,18,6,53760,57600,789,84,76,34816,6,272,913,850,118,64,17265,0,2,17457,17265,0,192,0,2,76,12,65272,880,10496,33280,0,960,64,0,32768,0,794,0,0,49152,0,26624
1215,1100,0,0,0,2,2,10,5,18,6,3584,46592,65249,517,76,8192,10,126,541,0,0,0,38048,0,0,38048,0,0,0,0,0,76,12,0,912,0,32768,0,0,64,0,0,0,590,36608,0,0,65532,26688
1216,1000,0,0,0,2,2,10,5,18,6,59136,13568,790,82,76,34816,6,275,914,942,92,64,17232,0,2,17424,17232,0,192,0,2,76,12,65184,880,10496,33280,0,960,64,0,32768,0,795,0,0,16384,0,26624
1216,1100,0,0,0,2,2,10,5,18,6,61184,47872,65269,522,76,8192,10,124,543,0,0,0,37696,0,0,37696,0,0,0,0,0,76,12,0,912,0,32768,0,0,64,0,0,0,586,36608,0,0,65532,26688
1217,1000,0,0,0,2,2,10,5,18,6,64768,34560,791,80,76,34816,6,278,914,1008,66,64,17188,0,2,17380,17188,0,192,0,2,76,12,65096,880,10560,33280,0,960,64,0,32768,0,795,0,0,49152,0,26624
1217,1100,0,0,0,2,2,10,5,18,6,58368,50432,65288,527,76,8192,10,123,545,0,0,0,37344,0,0,37344,0,0,0,0,0,76,12,0,912,0,32768,0,0,64,0,0,0,582,37632,0,0,10,26688
1218,1000,0,0,0,2,2,10,5,18,6,5120,55040,792,76,76,34816,6,282,914,1048,40,64,17133,0,2,17325,17133,0,192,0,2,76,12,65008,880,10560,33280,0,960,64,0,32768,0,796,0,0,16384,0,26624
1218,1100,0,0,0,2,2,10,5,18,6,60416,54272,65269,529,76,8192,10,122,547,0,0,0,37632,0,0,37632,0,0,0,0,0,76,12,0,912,0,32768,0,0,64,0,0,0,592,37632,0,0,65532,26688
1219,1000,0,0,0,2,2,10,5,18,6,11264,8960,792,72,64,34816,6,285,915,1062,14,64,17067,0,2,17259,17067,0,192,0,2,64,12,64920,880,10560,33280,0,960,64,0,32768,0,796,0,0,49152,0,26624
1219,1100,0,0,0,2,2,10,5,18,6,57600,58624,65271,526,76,8192,10,121,549,0,0,0,37632,0,0,37632,0,0,0,0,0,76,12,0,912,0,32768,0,0,64,0,0,0,588,37632,0,0,65532,26688
1220,1000,0,0,0,2,2,10,5,18,6,17408,27392,794,67,64,34816,6,288,915,1050,65524,64,16990,0,2,17182,16990,0,192,0,2,64,12,64832,880,10560,33280,0,960,64,0,32768,0,797,0,0,16384,0,26624
1220,1100,0,0,0,2,2,10,5,18,6,55296,62208,65273,522,76,8192,10,120,551,0,0,0,37632,0,0,37632,0,0,0,0,0,76,12,0,912,0,32768,0,0,64,0,0,0,584,37632,0,0,10,26688
1221,1000,0,0,0,2,2,10,5,18,6,24064,44544,794,61,64,34816,6,291,915,1012,65498,64,16902,0,2,17094,16902,0,192,0,2,64,12,64744,880,10560,33280,0,960,64,0,32768,0,797,0,0,49152,0,26624
1221,1100,0,0,0,2,2,10,5,18,6,53504,64768,65268,531,76,8192,10,119,553,0,0,0,37632,0,0,37632,0,0,0,0,0,76,12,0,912,0,32768,0,0,64,0,0,0,594,37632,0,0,65532,26688
1222,1000,0,0,0,2,2,10,5,18,6,30720,60160,796,55,76,34816,6,294,915,948,65472,64,16803,0,2,16995,16803,2,192,0,2,76,12,64656,880,10560,33280,0,960,64,0,32768,0,798,0,0,16384,0,26624
1222,1100,0,0,0,2,2,10,5,18,6,50432,4096,65270,527,76,8192,10,118,556,0,0,0,37632,0,0,37632,0,0,0,0,0,76,12,0,912,0,32768,0,0,64,0,0,0,590,37632,0,0,65532,26688
1223,1000,0,0,0,2,2,10,5,18,6,37888,8704,796,47,76,34816,6,297,916,858,65446,64,16693,0,2,16885,16693,2,384,384,2,76,12,64568,880,10560,33280,0,960,64,0,32768,0,798,65248,0,49152,0,26624
1223,1100,0,0,0,2,2,10,5,18,6,47872,7936,65272,524,76,8192,10,117,558,0,0,0,37632,0,0,37632,0,0,0,0,0,76,12,0,912,0,32768,0,0,64,0,0,0,586,37632,0,0,65532,26688
1224,1000,0,0,0,2,2,10,5,18,6,45056,20736,798,39,76,34816,6,300,916,742,65420,64,16188,0,2,16956,16572,2,576,768,2,76,12,64480,880,10560,33280,0,960,64,0,32768,0,799,64960,0,16384,0,26624
1224,1100,0,0,0,2,2,10,5,18,6,45824,11008,65274,520,76,8192,10,116,560,0,0,0,37632,0,0,37632,0,0,0,0,0,76,12,0,912,0,32768,0,0,64,0,0,0,582,34048,0,0,10,26688
1225,1000,0,0,0,2,2,10,5,18,6,52736,30720,797,44,76,34816,6,303,916,600,65394,64,15672,0,2,17016,16440,2,768,1152,2,76,12,64392,880,10624,33280,0,960,64,0,32768,0,799,64672,0,49152,0,26624
1225,1100,0,0,0,2,2,10,5,18,6,44288,13056,65287,538,76,8192,10,115,562,0,0,0,37280,0,0,37280,0,0,0,0,0,76,12,0,912,0,32768,0,0,64,0,0,0,592,34048,0,0,65532,26688
1226,1000,0,0,0,2,2,10,5,18,6,60160,41984,798,49,76,34816,6,306,916,432,65368,64,15145,0,2,17065,16297,2,960,1536,2,76,12,64304,880,10624,33280,0,960,64,0,32768,0,800,64384,0,16384,0,26624
1226,1100,0,0,0,2,2,10,5,18,6,46080,19712,65307,542,76,8192,10,114,564,0,0,0,36928,0,0,36928,0,0,0,0,0,76,12,0,912,0,32768,0,0,64,0,0,0,588,34048,0,0,65532,26688
1227,1000,0,0,0,2,2,10,5,18,6,2304,54528,798,53,76,34816,6,310,916,238,65342,64,14607,0,2,17103,16143,2,1152,1920,2,76,12,64216,880,10624,33280,0,960,64,0,32768,0,800,64096,0,49152,0,26624
1227,1100,0,0,0,2,2,10,5,18,6,52992,27392,65327,546,76,8192,10,113,566,0,0,0,36576,0,0,36576,0,0,0,0,0,76,12,0,912,0,32768,0,0,64,0,0,0,584,34048,0,0,10,26688
1228,1000,0,0,0,2,2,10,5,18,6,9984,2560,799,56,76,34816,6,313,917,18,65316,64,14058,0,2,17130,15978,2,1344,2304,2,76,12,64128,880,10624,33280,0,960,64,0,32768,0,801,63808,0,16384,0,26624
1228,1100,0,0,0,2,2,10,5,18,6,65024,36096,65342,562,76,8192,10,112,568,0,0,0,36224,0,0,36224,0,0,0,0,0,76,12,0,912,0,32768,0,0,64,0,0,0,594,34048,0,0,65532,26688
1229,1000,0,0,0,2,2,10,5,18,6,17920,16896,799,58,76,34816,6,316,917,0,0,64,13498,0,0,17146,15802,2,1536,2688,0,76,12,64045,880,10624,33280,0,960,64,0,0,0,801,63520,0,49152,0,26624
1229,1100,0,0,0,2,2,10,5,18,6,15360,48896,65362,565,76,8192,10,112,570,0,0,0,35872,0,0,35872,0,0,0,0,0,76,12,0,912,0,32768,0,0,64,0,0,0,590,34048,0,0,65532,26688
1230,1000,0,0,0,2,2,10,5,18,6,25856,31744,800,59,76,32768,6,319,917,0,0,64,12927,0,0,17151,15615,2,1728,3072,0,76,12,63963,880,10624,33280,0,960,64,0,0,0,802,63232,0,16384,0,26624
1230,1100,0,0,0,2,2,10,5,18,6,36352,62464,65383,566,76,8192,10,111,572,0,0,0,35520,0,0,35520,0,0,0,0,0,76,12,0,912,0,32768,0,0,64,0,0,0,586,33280,0,0,65532,26688
1231,1000,0,0,0,2,2,10,5,18,6,34048,46848,800,59,76,32768,6,322,917,0,0,64,12346,0,0,17146,15418,2,1920,3456,0,76,12,63881,880,10624,33280,0,960,64,0,4,0,802,62944,0,49152,0,26624
1231,1100,0,0,0,2,2,10,5,18,6,62720,10752,65403,567,76,8192,10,110,575,0,0,0,35168,0,0,35168,0,0,0,0,0,76,12,0,912,0,32768,0,0,64,0,0,0,582,33280,0,0,10,26688
1232,1000,0,0,0,2,2,10,5,18,6,42240,61952,801,59,76,32768,6,325,917,0,0,64,11755,0,0,17131,15211,2,2112,3840,0,76,12,63799,880,10624,33280,0,960,64,0,4,0,803,62656,0,16384,0,26624
1232,1100,0,0,0,2,2,10,5,18,6,28672,24832,65420,581,76,8192,10,110,577,0,0,0,34816,0,0,34816,0,0,0,0,0,76,12,0,912,0,32768,0,0,64,0,0,0,592,33280,0,0,65532,26688
1233,1000,0,0,0,2,2,10,5,18,6,50688,11520,801,58,76,32768,6,328,918,0,0,64,11153,0,0,17105,14993,2,1824,3456,0,76,12,63933,880,10688,32768,0,960,64,0,0,0,803,63169,0,49152,0,26624
1233,1100,0,0,0,2,2,10,5,18,6,64512,42496,65440,581,76,8192,10,109,579,0,0,0,34464,0,0,34464,0,0,0,0,0,76,12,0,912,0,32768,0,0,64,0,0,0,588,33280,0,0,65532,26688
1234,1000,0,0,0,2,2,10,5,18,6,59136,26368,802,56,76,32768,6,331,918,0,0,64,11336,0,0,16616,14792,2,1536,3072,0,76,12,64066,880,10688,32768,0,960,64,0,0,0,804,63682,0,16384,0,26624
1234,1100,0,0,0,2,2,10,5,18,6,39936,60160,65460,580,76,8192,10,109,581,0,0,0,34112,0,0,34112,0,0,0,0,0,76,12,0,912,0,32768,0,0,64,0,0,0,584,33280,0,0,10,26688
1235,1000,0,0,0,2,2,10,5,18,6,2304,40704,803,18,76,32768,6,335,918,0,0,64,11536,0,0,16144,14608,2,1248,2688,0,76,12,64199,880,10688,32768,0,960,64,0,0,0,804,64195,0,49152,0,26624
1235,1100,0,0,0,2,2,10,5,18,6,20480,12032,65479,592,76,8192,10,109,584,0,0,0,33760,0,0,33760,0,0,0,0,0,76,12,0,912,0,32768,0,0,64,0,0,0,594,33280,0,0,65532,26688
1236,1000,0,0,0,2,2,10,5,18,6,11264,45312,804,65518,76,32768,6,338,918,0,0,64,11752,0,0,15688,14440,2,960,2304,0,76,12,64331,880,10688,32768,0,960,64,0,0,0,805,64708,0,16384,0,26624
1236,1100,0,0,0,2,2,10,5,18,6,5888,32512,65507,590,76,8192,10,109,586,0,0,0,33280,0,0,33280,0,0,0,0,0,76,12,0,912,0,32768,0,0,64,0,0,0,590,33280,0,0,65532,26688
1237,1000,0,0,0,2,2,10,5,18,6,20480,40704,803,65483,76,32768,6,341,918,0,0,64,11985,0,0,15249,14289,2,672,1920,0,76,12,64463,880,10688,32768,0,960,64,0,0,0,805,65221,0,49152,0,26624
1237,1100,0,0,0,2,2,10,5,18,6,64000,52480,65507,586,76,8192,10,108,588,0,0,0,33280,0,0,33280,0,0,0,0,0,76,12,0,912,0,32768,0,0,64,0,0,0,586,33280,0,0,65532,26688
1238,1000,0,0,0,2,2,10,5,18,6,29440,27136,801,65449,76,32768,6,344,918,0,0,64,12234,0,0,14826,14154,2,384,1536,0,76,12,64594,880,10688,32768,0,960,64,0,0,0,806,198,0,16384,0,26624
1238,1100,0,0,0,2,2,10,5,18,6,56576,5888,65507,582,76,8192,10,108,591,0,0,0,33280,0,0,33280,0,0,0,0,0,76,12,0,912,0,32768,0,0,64,0,0,0,582,33280,0,0,10,26688
1239,1000,0,0,0,2,2,10,5,18,6,37888,4864,797,65417,76,32768,6,347,918,0,0,64,12500,0,0,14420,14036,2,96,1152,0,76,12,64725,880,10688,32768,0,960,64,0,0,0,806,65221,0,49152,0,26624
1239,1100,0,0,0,2,2,10,5,18,6,49152,23808,65506,592,76,8192,10,108,593,0,0,0,33280,0,0,33280,0,0,0,0,0,76,12,0,912,0,32768,0,0,64,0,0,0,592,33280,0,0,65532,26688
1240,1000,0,0,0,2,2,10,5,18,6,45312,39936,792,65385,76,32768,6,350,917,0,0,64,12782,0,0,14030,13934,0,96,768,0,76,12,64855,880,10688,32768,0,960,64,0,0,0,807,198,0,16384,0,26624
1240,1100,0,0,0,2,2,10,5,18,6,41472,44288,65507,588,76,8192,10,108,595,0,0,0,33280,0,0,33280,0,0,0,0,0,76,12,0,912,0,32768,0,0,64,0,0,0,588,33280,0,0,65532,26688
1241,1000,0,0,0,2,2,10,5,18,6,51456,1280,786,65356,76,32768,6,353,917,0,0,64,13080,0,0,13944,13848,0,96,384,0,76,12,64985,880,10752,32768,0,960,64,0,0,0,807,0,0,49152,0,26624
1241,1100,0,0,0,2,2,10,5,18,6,34048,63744,65507,584,76,8192,10,108,597,0,0,0,33280,0,0,33280,0,0,0,0,0,76,12,0,912,0,32768,0,0,64,0,0,0,584,33280,0,0,10,26688
1242,1000,0,0,0,2,2,10,5,18,6,56064,20736,786,65349,76,32768,6,356,916,0,0,64,13395,0,0,13875,13779,0,96,0,0,76,12,65114,880,10752,32768,0,960,64,0,0,0,808,0,0,16384,0,26624
1242,1100,0,0,0,2,2,10,5,18,6,26624,16640,65506,594,76,8192,10,108,600,0,0,0,33280,0,0,33280,0,0,0,0,0,76,12,0,912,0,32768,0,0,64,0,0,0,594,33280,0,0,65532,26688
1243,1000,0,0,0,2,2,10,5,18,6,60672,38400,784,65344,76,32768,6,359,915,0,0,64,13726,0,0,13822,13726,0,96,0,0,76,12,65243,880,10752,32768,0,960,64,0,0,0,808,0,0,49152,0,26624
1243,1100,0,0,0,2,2,10,5,18,6,18944,37632,65507,590,28,10240,10,108,602,0,186,0,33280,0,2,33280,0,0,0,0,2,28,12,0,912,0,32768,0,0,64,0,32768,0,590,33280,0,0,0,26688
1244,1000,0,0,0,2,2,10,5,18,6,64768,54784,784,65340,76,32768,6,362,914,0,0,64,13689,0,0,13785,13689,0,96,0,0,76,12,65371,880,10752,32768,0,960,64,0,0,0,809,0,0,16384,0,26624
1244,1100,0,0,0,2,2,10,5,18,6,11520,57600,65507,590,28,10240,10,108,604,160,160,0,33280,0,2,33280,0,0,0,0,2,28,12,0,912,0,32768,0,0,64,0,32768,0,590,33280,0,0,0,26688
1245,1000,0,0,0,2,2,10,5,18,6,3328,4608,784,65337,76,32768,6,366,914,0,0,64,13668,0,0,13764,13668,0,96,0,0,76,12,65499,880,10752,32768,0,960,64,0,0,0,809,0,0,49152,0,26624
1245,1100,0,0,0,2,2,10,5,18,6,4096,12032,65507,590,28,10240,10,108,607,294,134,0,33280,0,2,33280,0,0,0,0,2,28,12,0,912,0,32768,0,0,64,0,32768,0,590,33280,0,0,0,26688
1246,1000,0,0,0,2,2,10,5,18,6,7424,19200,784,65335,76,32768,6,369,913,0,0,64,13663,0,0,13759,13663,0,96,0,0,76,12,0,880,10752,32768,0,960,64,0,0,0,810,0,0,16384,0,26624
1246,1100,0,0,0,2,2,10,5,18,6,62208,32000,65507,590,76,10240,10,107,609,402,108,0,33280,0,2,33280,0,0,0,0,2,76,12,0,912,0,32768,0,0,64,0,32768,0,590,33280,0,0,0,26688
1247,1000,0,0,0,2,2,10,5,18,6,11520,33280,784,65335,76,32768,6,372,912,0,0,64,13663,0,0,13759,13663,0,96,0,0,76,12,0,880,10752,32768,0,960,64,0,0,0,810,0,0,49152,0,26624
1247,1100,0,0,0,2,2,10,5,18,6,54784,51968,65507,590,76,10240,10,107,611,484,82,0,33280,0,2,33280,0,0,0,0,2,76,12,0,912,0,32768,0,0,64,0,32768,0,590,33280,0,0,0,26688
1248,1000,0,0,0,2,2,10,5,18,6,15616,47360,785,65335,76,32768,6,375,911,0,0,64,13663,0,0,13759,13663,0,96,0,0,76,12,0,880,10752,32768,0,960,64,0,0,0,811,0,0,16384,0,26624
1248,1100,0,0,0,2,2,10,5,18,6,47360,6400,65507,590,76,10240,10,107,614,540,56,0,33280,0,2,33280,0,0,0,0,2,76,12,0,912,0,32768,0,0,64,0,32768,0,590,33280,0,0,0,26688
1249,1000,0,0,0,2,2,10,5,18,6,19968,61440,785,65335,76,32768,6,378,910,0,0,64,13663,0,0,13759,13663,0,96,0,0,76,12,0,880,10816,32768,0,960,64,0,0,0,811,0,0,49152,0,26624
1249,1100,0,0,0,2,2,10,5,18,6,39936,26368,65507,590,76,10240,10,107,616,570,30,0,33280,0,2,33280,0,0,0,0,2,76,12,0,912,0,32768,0,0,64,0,32768,0,590,33280,0,0,0,26688
1250,1000,256,0,0,2,2,10,5,18,6,24320,9984,786,65334,76,32768,6,381,910,0,0,64,13663,0,0,13759,13663,0,96,0,0,76,12,87,880,10816,33025,0,960,64,0,0,0,812,0,0,16384,0,26624
1250,1100,256,0,0,2,2,10,5,18,6,32512,46336,65507,590,76,10240,10,107,618,574,4,0,33280,0,2,33280,0,0,0,0,2,76,12,0,912,0,32768,0,0,64,0,32768,0,590,33280,0,0,0,26688
1251,1000,0,0,0,2,2,10,5,18,6,28928,23808,786,65334,76,32768,6,384,909,0,0,64,13673,0,0,13769,13673,0,96,0,0,76,12,174,880,10816,33024,0,960,64,0,0,0,812,0,0,49152,0,26624
1251,1100,0,0,0,2,2,10,5,18,6,25088,768,65507,590,76,10240,10,107,621,552,65514,0,33280,0,2,33280,0,0,0,0,2,76,12,0,912,0,32768,0,0,64,0,32768,0,590,33280,0,0,0,26688
1252,1000,0,0,0,2,2,10,5,18,6,33536,37632,787,65335,76,32768,6,387,908,0,0,64,13694,0,0,13790,13694,0,96,0,0,76,12,260,880,10816,33024,0,960,64,0,0,0,813,0,0,16384,0,26624
1252,1100,0,0,0,2,2,10,5,18,6,17664,20736,65507,590,76,10240,10,107,623,504,65488,0,33280,0,2,33280,0,0,0,0,2,76,12,0,912,0,32768,0,0,64,0,32768,0,590,33280,0,0,0,26688
1253,1000,0,0,0,2,2,10,5,18,6,38400,51712,788,65336,76,32768,6,390,907,0,0,64,13726,0,0,13822,13726,0,96,0,0,76,12,346,880,10816,33024,0,960,64,0,0,0,813,0,0,49152,0,26624
1253,1100,0,0,0,2,2,10,5,18,6,10240,40704,65507,590,76,10240,10,107,625,430,65462,0,33280,0,2,33280,0,0,0,0,2,76,12,0,912,0,32768,0,0,64,0,32768,0,590,33280,0,0,0,26688
1254,1000,0,0,0,2,2,10,5,18,6,43520,512,789,65338,76,32768,6,393,907,0,0,64,13769,0,0,13865,13769,0,96,0,0,76,12,432,880,10816,33024,0,960,64,0,0,0,814,0,0,16384,0,26624
1254,1100,0,0,0,2,2,10,5,18,6,2816,60672,65507,590,76,10240,10,107,627,330,65436,0,33280,0,2,33280,0,0,0,0,2,76,12,0,912,0,32768,0,0,64,0,32768,0,590,33280,0,0,0,26688
1255,1000,0,0,0,2,2,10,5,18,6,48896,15360,790,65342,76,32768,6,396,906,0,0,64,13823,0,0,13919,13823,0,96,0,0,76,12,517,880,10816,33024,0,960,64,0,0,0,814,0,0,49152,0,26624
1255,1100,0,0,0,2,2,10,5,18,6,60928,15104,65507,590,76,10240,10,106,630,204,65410,0,33280,0,2,33280,0,0,0,0,2,76,12,0,912,0,32768,0,0,64,0,32768,0,590,33280,0,0,0,26688
1256,1000,0,0,0,2,2,10,5,18,6,54528,31232,792,65346,76,32768,6,399,905,0,0,64,13887,0,0,13983,13887,0,96,0,0,76,12,602,880,10816,33024,0,960,64,0,0,0,815,0,0,16384,0,26624
1256,1100,0,0,0,2,2,10,5,18,6,53504,35072,65507,590,76,10240,10,106,632,52,65384,0,33280,0,2,33280,0,0,0,0,2,76,12,0,912,0,32768,0,0,64,0,32768,0,590,33280,0,0,0,26688
1257,1000,0,0,0,2,2,10,5,18,6,60672,48128,793,65351,94,32768,6,402,904,0,0,96,13962,0,0,14058,13962,0,96,0,0,94,30,690,880,9920,33024,0,960,64,0,0,0,815,0,0,49152,65512,26624
1257,1100,0,0,0,2,2,10,5,18,6,46080,55040,65507,590,76,10240,10,106,634,0,0,0,33280,0,0,33280,0,0,0,0,0,76,12,0,912,0,32768,0,0,64,0,0,0,590,33280,0,0,65532,26688
1258,1000,0,0,0,2,2,10,5,18,6,1536,768,772,65361,94,32768,6,406,904,0,0,96,14048,0,0,14144,14048,0,96,0,0,94,30,778,880,9920,33024,0,960,64,0,0,0,792,0,0,16384,65512,26624
1258,1100,0,0,0,2,2,10,5,18,6,38656,9472,65507,586,76,8192,10,106,637,0,0,0,33280,0,0,33280,0,0,0,0,0,76,12,0,912,0,32768,0,0,64,0,0,0,586,33280,0,0,65532,26688
1259,1000,0,0,0,2,2,10,5,18,6,2560,21504,750,65373,94,32768,6,409,903,0,0,96,14145,0,0,14241,14145,2,96,0,0,94,30,866,880,9920,33024,0,960,64,0,0,0,768,0,0,49152,65512,26624
1259,1100,0,0,0,2,2,10,5,18,6,31232,28416,65507,582,76,8192,10,106,639,0,0,0,33280,0,0,33280,0,0,0,0,0,76,12,0,912,0,32768,0,0,64,0,0,0,582,33280,0,0,10,26688
1260,1000,0,0,0,2,2,10,5,18,6,63488,45312,729,65384,94,32768,6,411,902,0,0,96,14253,0,0,14349,14253,2,64480,64896,0,94,30,954,880,9920,33024,0,960,64,0,0,0,745,65440,0,16384,65520,26624
1260,1100,0,0,0,2,2,10,5,18,6,23808,46336,65506,592,18,10240,10,106,641,0,182,0,33280,0,2,33280,0,0,0,0,2,18,12,0,912,0,32768,0,0,64,0,32768,0,592,33536,0,0,0,26688
1261,1000,0,0,0,2,2,10,5,18,6,53504,6400,715,65395,94,32768,6,414,902,0,0,96,15012,0,0,13316,14372,2,63904,64256,0,94,30,1042,880,9920,33024,0,960,64,0,0,0,729,416,0,49152,65520,26624
1261,1100,0,0,0,2,2,10,5,18,6,16128,1280,65492,591,18,10240,10,106,644,156,156,0,33536,0,2,33536,0,0,0,0,2,18,12,0,912,0,32768,0,0,64,0,32768,0,592,33536,0,0,0,26688
1262,1000,0,0,0,2,2,10,5,18,6,39936,35840,683,65329,76,32768,6,417,901,0,0,64,15782,0,0,12870,14502,2,63712,63872,0,76,12,1130,880,9920,33024,0,960,64,0,0,0,714,704,0,16384,2,26624
1262,1100,0,0,0,2,2,10,5,18,6,4864,21504,65492,591,18,10240,10,106,646,286,130,0,33536,0,2,33536,0,0,0,0,2,18,12,0,912,0,32768,0,0,64,0,32768,0,592,33536,0,0,0,26688
1263,1000,0,0,0,2,2,10,5,18,6,18176,48384,675,65300,76,32768,6,420,900,0,0,64,16307,0,0,12819,14643,2,63520,63488,0,76,12,1218,880,9920,33024,0,960,64,0,0,0,716,992,0,16384,2,26624
1263,1100,0,0,0,2,2,10,5,18,6,59136,41728,65492,591,18,10240,10,105,648,390,104,0,33536,0,2,33536,0,0,0,0,2,18,12,0,912,0,32768,0,0,64,0,32768,0,592,33536,0,0,0,26688
1264,1000,0,0,0,2,2,10,5,18,6,59904,53504,676,65296,76,32768,6,422,899,0,0,64,16843,0,0,12779,14795,2,63328,63104,0,76,12,1306,880,9920,33024,0,960,64,0,0,0,718,1280,0,16384,2,26624
1264,1100,0,0,0,2,2,10,5,18,6,47872,61952,65492,591,76,10240,10,105,650,468,78,0,33536,0,2,33536,0,0,0,0,2,76,12,0,912,0,32768,0,0,64,0,32768,0,592,33536,0,0,0,26688
1265,1000,0,0,0,2,2,10,5,18,6,36352,57600,677,65292,76,32768,6,425,898,0,0,64,17390,0,0,12750,14958,2,63136,62720,0,76,12,1394,880,9984,33024,0,960,64,0,0,0,720,1568,0,16384,2,26624
1265,1100,0,0,0,2,2,10,5,18,6,36608,16640,65492,591,76,10240,10,105,653,520,52,0,33536,0,2,33536,0,0,0,0,2,76,12,0,912,0,32768,0,0,64,0,32768,0,592,33536,0,0,0,26688
1266,1000,0,0,0,2,2,10,5,18,6,13056,60672,678,65290,76,32768,6,428,897,0,0,64,17948,0,0,12732,15132,2,62944,62336,0,76,12,1482,880,9984,33024,0,960,64,0,0,0,722,1856,0,16384,2,26624
1266,1100,0,0,0,2,2,10,5,18,6,25344,36864,65492,591,76,10240,10,105,655,546,26,0,33536,0,2,33536,0,0,0,0,2,76,12,0,912,0,32768,0,0,64,0,32768,0,592,33536,0,0,0,26688
1267,1000,0,0,0,2,2,10,5,18,6,55552,63232,680,65288,94,32768,6,430,896,0,0,96,18517,0,0,12725,15317,2,63808,62976,0,94,30,1354,880,9984,32768,0,960,64,0,0,0,724,1119,0,16384,65520,26624
1267,1100,0,0,0,2,2,10,5,18,6,14080,57088,65492,591,18,10240,10,105,657,546,0,0,33536,0,2,33536,0,0,0,0,2,18,12,0,912,0,32768,0,0,64,0,32768,0,592,33536,0,0,0,26688
1268,1000,0,0,0,2,2,10,5,18,6,33024,65280,664,65293,76,32768,6,433,895,0,0,64,18046,0,0,13758,15486,2,64096,63360,0,76,12,1226,880,9984,32768,0,960,64,0,0,0,708,606,0,16384,2,26624
1268,1100,0,0,0,2,2,10,5,18,6,2816,11776,65492,591,18,10240,10,105,660,520,65510,0,33536,0,2,33536,0,0,0,0,2,18,12,0,912,0,32768,0,0,64,0,32768,0,592,33536,0,0,0,26688
1269,1000,0,0,0,2,2,10,5,18,6,6400,3072,687,65360,76,32768,6,436,895,0,0,64,17815,0,0,14199,15639,2,64384,63744,0,76,12,1098,880,9984,32768,0,960,64,0,0,0,710,93,0,16384,2,26624
1269,1100,0,0,0,2,2,10,5,18,6,57088,32000,65492,591,18,10240,10,104,662,468,65484,0,33536,0,2,33536,0,0,0,0,2,18,12,0,912,0,32768,0,0,64,0,32768,0,592,33536,0,0,0,26688
1270,1000,0,0,0,2,2,10,5,18,6,51200,23552,696,65388,76,32768,6,438,894,0,0,64,17568,0,0,14624,15776,2,64672,64128,0,76,12,970,880,9984,32768,0,960,64,0,0,0,712,65116,0,16384,2,26624
1270,1100,0,0,0,2,2,10,5,18,6,45824,52224,65492,591,18,10240,10,104,664,390,65458,0,33536,0,2,33536,0,0,0,0,2,18,12,0,912,0,32768,0,0,64,0,32768,0,592,33536,0,0,0,26688
1271,1000,0,0,0,2,2,10,5,18,6,32768,51200,703,65417,94,32768,6,441,893,0,0,96,17305,0,0,15033,15897,0,64672,64768,0,94,30,842,880,9984,32768,0,960,64,0,0,0,714,317,0,16384,65520,26624
1271,1100,0,0,0,2,2,10,5,18,6,34560,6912,65492,591,76,10240,10,104,667,286,65432,0,33536,0,2,33536,0,0,0,0,2,76,12,0,912,0,32768,0,0,64,0,32768,0,592,33536,0,0,0,26688
1272,1000,0,0,0,2,2,10,5,18,6,16128,20736,692,65446,94,32768,6,444,893,0,0,96,16770,0,0,15138,16002,2,64672,64768,0,94,30,714,880,9984,32768,0,960,64,0,0,0,698,0,0,16384,65520,26624
1272,1100,0,0,0,2,2,10,5,18,6,23296,27136,65492,591,76,10240,10,104,669,156,65406,0,33536,0,2,33536,0,0,0,0,2,76,12,0,912,0,32768,0,0,64,0,32768,0,592,33536,0,0,0,26688
1273,1000,0,0,0,2,2,10,5,18,6,62208,63232,677,65455,94,32768,6,446,892,0,0,96,16859,0,0,15227,16091,0,64672,65408,0,94,30,586,880,9088,32768,0,960,64,0,0,0,682,64799,0,16384,4,26624
1273,1100,0,0,0,2,2,10,5,18,6,12032,47360,65492,591,76,10240,10,104,671,0,65380,0,33536,0,2,33536,0,0,0,0,2,76,12,0,912,0,32768,0,0,64,0,32768,0,592,33536,0,0,0,26688
1274,1000,0,0,0,2,2,10,5,18,6,38912,42496,681,65461,94,32768,6,449,892,0,0,96,16292,0,0,15300,16164,0,64672,0,0,94,30,458,880,9088,32768,0,960,64,0,0,0,686,0,0,16384,4,26624
1274,1100,0,0,0,2,2,10,5,18,6,768,2048,65492,591,76,10240,10,104,674,0,0,0,33536,0,0,33536,0,0,0,0,0,76,12,0,912,0,32768,0,0,64,0,0,0,592,33792,0,0,65532,26688
1275,1000,0,0,0,2,2,10,5,18,6,16640,23296,686,65465,94,32768,6,452,892,0,0,96,16221,0,0,15357,16221,0,64672,0,0,94,30,330,880,9088,32768,0,960,64,0,0,0,690,0,0,16384,65520,26624
1275,1100,0,0,0,2,2,10,5,18,6,55040,22272,65478,586,76,8192,10,103,676,0,0,0,33792,0,0,33792,0,0,0,0,0,76,12,0,912,0,32768,0,0,64,0,0,0,588,33792,0,0,65532,26688
1276,1000,0,0,0,2,2,10,5,18,6,61184,5120,670,65470,94,32768,6,454,892,0,0,96,16262,0,0,15398,16262,0,64672,0,0,94,30,202,880,9088,32768,0,960,64,0,0,0,674,0,0,16384,4,26624
1276,1100,0,0,0,2,2,10,5,18,6,40192,41216,65478,582,76,8192,10,103,678,0,0,0,33792,0,0,33792,0,0,0,0,0,76,12,0,912,0,32768,0,0,64,0,0,0,584,33792,0,0,10,26688
1277,1000,0,0,0,2,2,10,5,18,6,36096,53760,674,65473,94,32768,6,457,891,0,0,96,16287,0,0,15423,16287,0,64672,0,0,94,30,74,880,9088,32768,0,960,64,0,0,0,678,0,0,16384,4,26624
1277,1100,0,0,0,2,2,10,5,18,6,25344,59136,65477,592,76,8192,10,103,680,0,0,0,33792,0,0,33792,0,0,0,0,0,76,12,0,912,0,32768,0,0,64,0,0,0,594,33792,0,0,65532,26688
1278,1000,0,0,0,2,2,10,5,18,6,12032,37632,679,65474,94,32768,6,460,891,0,0,96,16296,0,0,15432,16296,0,64672,0,0,94,30,0,880,9088,32768,0,960,64,0,0,0,682,0,0,16384,4,26624
1278,1100,0,0,0,2,2,10,5,18,6,10240,14080,65478,588,76,8192,10,103,683,0,0,0,33792,0,0,33792,0,0,0,0,0,76,12,0,912,0,32768,0,0,64,0,0,0,590,33792,0,0,65532,26688
1279,1000,0,0,0,2,2,10,5,18,6,54784,21760,683,65474,94,32768,6,462,891,0,0,96,16296,0,0,15432,16296,0,64672,0,0,94,30,0,880,9088,32768,0,960,64,0,0,0,686,0,0,16384,4,26624
1279,1100,0,0,0,2,2,10,5,18,6,60928,33536,65478,584,76,8192,10,102,685,0,0,0,33792,0,0,33792,0,0,0,0,0,76,12,0,912,0,32768,0,0,64,0,0,0,586,33792,0,0,65532,26688
1280,1000,0,0,0,2,2,10,5,18,6,33024,5888,687,65474,94,32768,6,465,891,0,0,96,16296,0,0,15432,16296,0,64672,0,0,94,30,0,880,9088,32768,0,960,64,0,0,0,690,0,0,16384,65520,26624
1280,1100,0,0,0,2,2,10,5,18,6,46080,51968,65478,580,76,8192,10,102,687,0,0,0,33792,0,0,33792,0,0,0,0,0,76,12,0,912,0,32768,0,0,64,0,0,0,582,33792,0,0,10,26688
1281,1000,0,0,0,2,2,10,5,18,6,12288,55552,671,65475,94,32768,6,468,890,0,0,96,16296,0,0,15432,16296,0,64672,0,0,94,30,0,880,8192,32768,0,960,64,0,0,0,674,0,0,16384,4,26624
1281,1100,0,0,0,2,2,10,5,18,6,31232,3840,65477,590,76,8192,10,102,690,0,0,0,33792,0,0,33792,0,0,0,0,0,76,12,0,912,0,32768,0,0,64,0,0,0,592,33792,0,0,65532,26688
1282,1000,0,0,0,2,2,10,5,18,6,52992,39936,675,65475,94,32768,6,470,890,0,0,96,16296,0,0,15432,16296,0,64672,0,0,94,30,0,880,8192,32768,0,960,64,0,0,0,678,0,0,16384,4,26624
1282,1100,0,0,0,2,2,10,5,18,6,16128,23808,65478,586,76,8192,10,102,692,0,0,0,33792,0,0,33792,0,0,0,0,0,76,12,0,912,0,32768,0,0,64,0,0,0,588,33792,0,0,65532,26688
1283,1000,0,0,0,2,2,10,5,18,6,29184,24320,679,65474,94,32768,6,473,890,0,0,96,16296,0,0,15432,16296,0,64672,0,0,94,30,0,880,8192,32768,0,960,64,0,0,0,682,0,0,16384,4,26624
1283,1100,0,0,0,2,2,10,5,18,6,1280,42752,65478,582,76,8192,10,102,694,0,0,0,33792,0,0,33792,0,0,0,0,0,76,12,0,912,0,32768,0,0,64,0,0,0,584,33792,0,0,10,26688
1284,1000,0,0,0,2,2,10,5,18,6,6400,8448,683,65474,94,32768,6,476,890,0,0,96,16296,0,0,15432,16296,0,64672,0,0,94,30,0,880,8192,32768,0,960,64,0,0,0,686,0,0,16384,4,26624
1284,1100,0,0,0,2,2,10,5,18,6,51968,60672,65477,592,76,8192,10,101,696,0,0,0,33792,0,0,33792,0,0,0,0,0,76,12,0,912,0,32768,0,0,64,0,0,0,594,33792,0,0,65532,26688
1285,1000,0,0,0,2,2,10,5,18,6,50176,58112,687,65474,94,32768,6,478,889,0,0,96,16296,0,0,15432,16296,0,64672,0,0,94,30,0,880,8192,32768,0,960,64,0,0,0,690,0,0,16384,65520,26624
1285,1100,0,0,0,2,2,10,5,18,6,36864,15616,65478,588,76,8192,10,101,699,0,0,0,33792,0,0,33792,0,0,0,0,0,76,12,0,912,0,32768,0,0,64,0,0,0,590,33792,0,0,65532,26688
1286,1000,0,0,0,2,2,10,5,18,6,29440,42240,671,65475,94,32768,6,481,889,0,0,96,16296,0,0,15432,16296,0,64672,0,0,94,30,0,880,8192,32768,0,960,64,0,0,0,674,0,0,16384,4,26624
1286,1100,0,0,0,2,2,10,5,18,6,22016,35072,65478,584,76,8192,10,101,701,0,0,0,33792,0,0,33792,0,0,0,0,0,76,12,0,912,0,32768,0,0,64,0,0,0,586,33792,0,0,65532,26688
1287,1000,0,0,0,2,2,10,5,18,6,4608,26624,675,65475,94,32768,6,484,889,0,0,96,16296,0,0,15432,16296,0,64672,0,0,94,30,0,880,8192,32768,0,960,64,0,0,0,678,0,0,16384,4,26624
1287,1100,0,0,0,2,2,10,5,18,6,7168,53504,65478,580,76,8192,10,101,703,0,0,0,33792,0,0,33792,0,0,0,0,0,76,12,0,912,0,32768,0,0,64,0,0,0,582,33792,0,0,10,26688
1288,1000,0,0,0,2,2,10,5,18,6,46336,11008,679,65474,94,32768,6,486,889,0,0,96,16296,0,0,15432,16296,0,64672,0,0,94,30,0,880,8192,32768,0,960,64,0,0,0,682,0,0,16384,4,26624
1288,1100,0,0,0,2,2,10,5,18,6,57856,5376,65477,590,76,8192,10,100,706,0,0,0,33792,0,0,33792,0,0,0,0,0,76,12,0,912,0,32768,0,0,64,0,0,0,592,34304,0,0,65532,26688
1289,1000,0,0,0,2,2,10,5,18,6,23552,60672,683,65474,94,32768,6,489,888,0,0,96,16296,0,0,15432,16296,0,64672,0,0,94,30,0,880,7296,32768,0,960,64,0,0,0,686,0,0,16384,4,26624
1289,1100,0,0,0,2,2,10,5,18,6,42752,25344,65458,583,76,8192,10,100,708,0,0,0,34144,0,0,34144,0,0,0,0,0,76,12,0,912,0,32768,0,0,64,0,0,0,588,34304,0,0,65532,26688
1290,1000,0,0,0,2,2,10,5,18,6,1792,44800,687,65474,94,32768,6,492,888,0,0,96,16296,0,0,15432,16296,0,64672,0,0,94,30,0,880,7296,32768,0,960,64,0,0,0,690,0,0,16384,65520,26624
1290,1100,0,0,0,2,2,10,5,18,6,22784,43520,65450,578,76,8192,10,100,710,0,0,0,34304,0,0,34304,0,0,0,0,0,76,12,0,912,0,32768,0,0,64,0,0,0,584,34304,0,0,10,26688
1291,1000,0,0,0,2,2,10,5,18,6,46592,28928,671,65475,94,32768,6,494,888,0,0,96,16296,0,0,15432,16296,0,64672,0,0,94,30,0,880,7296,32768,0,960,64,0,0,0,674,0,0,16384,4,26624
1291,1100,0,0,0,2,2,10,5,18,6,768,60416,65448,588,76,8192,10,100,712,0,0,0,34304,0,0,34304,0,0,0,0,0,76,12,0,912,0,32768,0,0,64,0,0,0,594,34304,0,0,65532,26688
1292,1000,0,0,0,2,2,10,5,18,6,21760,13312,675,65475,94,32768,6,497,888,0,0,96,16296,0,0,15432,16296,0,64672,0,0,94,30,0,880,7296,32768,0,960,64,0,0,0,678,0,0,16384,4,26624
1292,1100,0,0,0,2,2,10,5,18,6,43776,14336,65449,584,76,8192,10,99,715,0,0,0,34304,0,0,34304,0,0,0,0,0,76,12,0,912,0,32768,0,0,64,0,0,0,590,34304,0,0,65532,26688
1293,1000,0,0,0,2,2,10,5,18,6,63488,63232,679,65474,94,32768,6,499,887,0,0,96,16296,0,0,15432,16296,0,64672,0,0,94,30,0,880,7296,32768,0,960,64,0,0,0,682,0,0,16384,4,26624
1293,1100,0,0,0,2,2,10,5,18,6,21504,32768,65450,580,76,8192,10,99,717,0,0,0,34304,0,0,34304,0,0,0,0,0,76,12,0,912,0,32768,0,0,64,0,0,0,586,34304,0,0,65532,26688
1294,1000,0,0,0,2,2,10,5,18,6,40704,47360,683,65474,94,32768,6,502,887,0,0,96,16296,0,0,15432,16296,0,64672,0,0,94,30,0,880,7296,32768,0,960,64,0,0,0,686,0,0,16384,4,26624
1294,1100,0,0,0,2,2,10,5,18,6,65024,50176,65450,576,76,8192,10,98,719,0,0,0,34304,0,0,34304,0,0,0,0,0,76,12,0,912,0,32768,0,0,64,0,0,0,582,34304,0,0,10,26688
1295,1000,0,0,0,2,2,10,5,18,6,18944,31488,687,65474,94,32768,6,505,887,0,0,96,16296,0,0,15432,16296,0,64672,0,0,94,30,0,880,7296,32768,0,960,64,0,0,0,690,0,0,16384,65520,26624
1295,1100,0,0,0,2,2,10,5,18,6,43008,1024,65449,586,76,8192,10,98,722,0,0,0,34304,0,0,34304,0,0,0,0,0,76,12,0,912,0,32768,0,0,64,0,0,0,592,30976,0,0,65532,26688
1296,1000,0,0,0,2,2,10,5,18,6,63744,15616,671,65475,94,32768,6,507,887,0,0,96,16296,0,0,15432,16296,0,64672,0,0,94,30,0,880,7296,32768,0,960,64,0,0,0,674,0,0,16384,4,26624
1296,1100,0,0,0,2,2,10,5,18,6,20736,19968,65469,585,76,8192,10,98,724,0,0,0,33952,0,0,33952,0,0,0,0,0,76,12,0,912,0,32768,0,0,64,0,0,0,588,30976,0,0,65532,26688
1297,1000,0,0,0,2,2,10,5,18,6,38912,0,675,65475,94,32768,6,510,887,0,0,96,16296,0,0,15432,16296,0,64672,0,0,94,30,0,880,6400,32768,0,960,64,0,0,0,678,0,0,16384,4,26624
1297,1100,0,0,0,2,2,10,5,18,6,3584,38656,65489,583,76,8192,10,98,726,0,0,0,33600,0,0,33600,0,0,0,0,0,76,12,0,912,0,32768,0,0,64,0,0,0,584,30976,0,0,65532,26688
1298,1000,0,0,0,2,2,10,5,18,6,15104,49920,679,65474,76,32768,6,513,886,0,0,64,16296,0,0,15432,16296,0,64960,0,0,76,12,0,880,6400,32768,0,960,64,0,0,0,682,0,0,16384,4,26624
1298,1100,0,0,0,2,2,10,5,18,6,57088,56832,65509,580,76,8192,10,97,728,0,0,0,33248,0,0,33248,0,0,0,0,0,76,12,0,912,0,32768,0,0,64,0,0,0,580,30976,0,0,65532,26688
1299,1000,0,0,0,2,2,10,5,18,6,57856,34048,683,65474,76,32768,6,515,886,0,0,64,16296,0,0,15720,16296,0,65248,0,0,76,12,0,880,6400,32768,0,960,64,0,0,0,686,0,0,16384,4,26624
1299,1100,0,0,0,2,2,10,5,18,6,50176,8704,65528,576,18,10240,10,97,731,0,181,0,32896,0,2,32896,0,0,0,0,2,18,12,0,912,0,32768,0,0,64,0,32768,0,576,30976,0,0,0,26688
1300,1000,0,0,0,2,2,10,5,18,6,36096,18176,688,65493,76,32768,6,518,886,0,0,64,16296,0,0,16008,16296,0,65248,0,0,76,12,0,880,6400,32768,0,960,64,0,0,0,690,0,0,16384,4,26624
1300,1100,0,0,0,2,2,10,5,18,6,48128,25088,12,576,18,10240,10,97,733,155,155,0,32544,0,2,32544,0,0,0,0,2,18,12,0,912,0,32768,0,0,64,0,32768,0,576,30976,0,0,0,26688
1301,1000,0,0,0,2,2,10,5,18,6,15616,7168,693,65511,76,32768,6,521,886,0,0,64,16296,0,0,16008,16296,0,65248,0,0,76,12,0,880,6400,32768,0,960,64,0,0,0,694,0,0,16384,4,26624
1301,1100,0,0,0,2,2,10,5,18,6,51200,41472,31,576,18,10240,10,97,735,284,129,0,32192,0,2,32192,0,0,0,0,2,18,12,0,912,0,32768,0,0,64,0,32768,0,576,30976,0,0,0,26688
1302,1000,0,0,0,2,2,10,5,18,6,61952,768,697,65511,76,32768,6,523,886,0,0,64,16296,0,0,16008,16296,0,65248,0,0,76,12,0,880,6400,32768,0,960,64,0,0,0,698,0,0,16384,4,26624
1302,1100,0,0,0,2,2,10,5,18,6,59136,57856,51,574,76,10240,10,97,737,387,103,0,31840,0,2,31840,0,0,0,0,2,76,12,0,912,0,32768,0,0,64,0,32768,0,576,30720,0,0,0,26688
1303,1000,0,0,0,2,2,10,5,18,6,43776,59904,701,65511,76,32768,6,526,885,0,0,64,16296,0,0,16008,16296,0,65248,0,0,76,12,0,880,6400,32768,0,960,64,0,0,0,702,0,0,16384,4,26624
1303,1100,0,0,0,2,2,10,5,18,6,6656,8192,70,572,76,10240,10,98,740,464,77,0,31488,0,2,31488,0,0,0,0,2,76,12,0,912,0,32768,0,0,64,0,32768,0,576,30720,0,0,0,26688
1304,1000,0,0,0,2,2,10,5,18,6,26624,53504,705,65511,76,32768,6,529,885,0,0,64,16296,0,0,16008,16296,0,65248,0,0,76,12,0,880,6400,32768,0,960,64,0,0,0,706,0,0,16384,2,26624
1304,1100,0,0,0,2,2,10,5,18,6,24576,23552,89,570,76,10240,10,98,742,515,51,0,31136,0,2,31136,0,0,0,0,2,76,12,0,912,0,32768,0,0,64,0,32768,0,576,30720,0,0,0,26688
1305,1000,0,0,0,2,2,10,5,18,6,10496,47104,707,65511,76,32768,6,532,885,0,0,64,16296,0,0,16008,16296,0,65248,0,0,76,12,0,880,6912,32768,0,960,64,0,0,0,708,0,0,16384,2,26624
1305,1100,0,0,0,2,2,10,5,18,6,47360,38400,112,565,76,10240,10,98,744,540,25,0,30720,0,2,30720,0,0,0,0,2,76,12,0,912,0,32768,0,0,64,0,32768,0,576,30720,0,0,0,26688
1306,1000,0,0,0,2,2,10,5,18,6,60416,40704,709,65511,76,32768,6,534,885,0,0,64,16296,0,0,16008,16296,0,65248,0,0,76,12,0,880,6912,32768,0,960,64,0,0,0,710,0,0,16384,2,26624
1306,1100,0,0,0,2,2,10,5,18,6,10496,51968,112,565,76,10240,10,99,746,539,65535,0,30720,0,2,30720,0,0,0,0,2,76,12,0,912,0,32768,0,0,64,0,32768,0,576,30720,0,0,0,26688
1307,1000,0,0,0,2,2,10,5,18,6,45312,34304,711,65511,18,34816,6,537,885,0,223,64,16296,0,2,16008,16296,0,65248,0,2,18,12,0,880,6912,32768,0,960,64,0,32768,0,712,0,0,16384,0,26624
1307,1100,0,0,0,2,2,10,5,18,6,39168,0,112,565,76,10240,10,99,749,512,65509,0,30720,0,2,30720,0,0,0,0,2,76,12,0,912,0,32768,0,0,64,0,32768,0,576,30720,0,0,0,26688
1308,1000,0,0,0,2,2,10,5,18,6,30720,27904,711,65511,18,34816,6,540,885,197,197,64,16296,0,2,16008,16296,0,65248,0,2,18,12,0,880,6912,32768,0,960,64,0,32768,0,712,0,0,16384,0,26624
1308,1100,0,0,0,2,2,10,5,18,6,2304,13568,112,565,76,10240,10,100,751,459,65483,0,30720,0,2,30720,0,0,0,0,2,76,12,0,912,0,32768,0,0,64,0,32768,0,576,30720,0,0,0,26688
1309,1000,0,0,0,2,2,10,5,18,6,16128,21504,711,65511,18,34816,6,543,885,368,171,64,16296,0,2,16008,16296,0,65248,0,2,18,12,0,880,6912,32768,0,960,64,0,32768,0,712,0,0,16384,0,26624
1309,1100,0,0,0,2,2,10,5,18,6,30976,27136,112,565,76,10240,10,100,753,380,65457,0,30720,0,2,30720,0,0,0,0,2,76,12,0,912,0,32768,0,0,64,0,32768,0,576,30464,0,0,0,26688
1310,1000,0,0,0,2,2,10,5,18,6,1536,15104,711,65511,76,34816,6,546,885,513,145,64,16296,0,2,16008,16296,0,65248,0,2,76,12,0,880,6912,32768,0,960,64,0,32768,0,712,0,0,16384,0,26624
1310,1100,0,0,0,2,2,10,5,18,6,59648,40704,126,562,76,10240,10,100,755,275,65431,0,30464,0,2,30464,0,0,0,0,2,76,12,0,912,0,32768,0,0,64,0,32768,0,576,30464,0,0,0,26688
1311,1000,0,0,0,2,2,10,5,18,6,52480,8704,711,65511,76,34816,6,548,885,632,119,64,16296,0,2,16008,16296,0,65248,0,2,76,12,0,880,6912,32768,0,960,64,0,32768,0,712,0,0,16384,0,26624
1311,1100,0,0,0,2,2,10,5,18,6,26368,53504,126,562,76,10240,10,101,757,144,65405,0,30464,0,2,30464,0,0,0,0,2,76,12,0,912,0,32768,0,0,64,0,32768,0,576,30464,0,0,0,26688
1312,1000,0,0,0,2,2,10,5,18,6,37888,2304,711,65511,76,34816,6,551,885,725,93,64,16296,0,2,16008,16296,0,65248,0,2,76,12,0,880,6912,32768,0,960,64,0,32768,0,712,0,0,16384,0,26624
1312,1100,0,0,0,2,2,10,5,18,6,58624,768,126,562,76,10240,10,101,760,0,0,0,30464,0,0,30464,0,0,0,0,0,76,12,0,912,0,32768,0,0,64,0,0,0,576,30464,0,0,65532,26688
1313,1000,0,0,0,2,2,10,5,18,6,23296,61440,711,65511,76,34816,6,554,884,792,67,64,16296,0,2,16008,16296,0,65248,0,2,76,12,0,880,7424,32768,0,960,64,0,32768,0,712,0,0,16384,0,26624
1313,1100,0,0,0,2,2,10,5,18,6,25344,13568,125,559,18,10240,10,102,762,0,180,0,30464,0,2,30464,0,0,0,0,2,18,12,0,912,0,32768,0,0,64,0,32768,0,572,30464,0,0,0,26688
1314,1000,0,0,0,2,2,10,5,18,6,8704,55040,711,65511,76,34816,6,557,884,833,41,64,16296,0,2,16008,16296,0,65248,0,2,76,12,0,880,7424,32768,0,960,64,0,32768,0,712,0,0,16384,0,26624
1314,1100,0,0,0,2,2,10,5,18,6,57344,25600,125,559,18,10240,10,102,764,154,154,0,30464,0,2,30464,0,0,0,0,2,18,12,0,912,0,32768,0,0,64,0,32768,0,572,30464,0,0,0,26688
1315,1000,0,0,0,2,2,10,5,18,6,59648,48640,711,65511,76,34816,6,559,884,848,15,64,16296,0,2,16008,16296,0,65248,0,2,76,12,0,880,7424,32768,0,960,64,0,32768,0,712,0,0,16384,0,26624
1315,1100,0,0,0,2,2,10,5,18,6,23808,37632,125,559,18,10240,10,103,766,282,128,0,30464,0,2,30464,0,0,0,0,2,18,12,0,912,0,32768,0,0,64,0,32768,0,572,30464,0,0,0,26688
1316,1000,0,0,0,2,2,10,5,18,6,45056,42240,711,65511,76,34816,6,562,884,837,65525,64,16296,0,2,16008,16296,0,65248,0,2,76,12,0,880,7424,32768,0,960,64,0,32768,0,712,0,0,16384,0,26624
1316,1100,0,0,0,2,2,10,5,18,6,55808,49664,125,559,18,10240,10,103,768,384,102,0,30464,0,2,30464,0,0,0,0,2,18,12,0,912,0,32768,0,0,64,0,32768,0,572,29952,0,0,0,26688
1317,1000,0,0,0,2,2,10,5,18,6,30464,35840,711,65511,76,34816,6,565,884,800,65499,64,16296,0,2,16008,16296,0,65248,0,2,76,12,0,880,7424,32768,0,960,64,0,32768,0,712,0,0,16384,0,26624
1317,1100,0,0,0,2,2,10,5,18,6,22272,61696,152,552,76,10240,10,104,770,460,76,0,29952,0,2,29952,0,0,0,0,2,76,12,0,912,0,32768,0,0,64,0,32768,0,572,29952,0,0,0,26688
1318,1000,0,0,0,2,2,10,5,18,6,15872,29440,711,65511,76,34816,6,568,884,737,65473,64,16296,0,2,16008,16296,0,65248,0,2,76,12,0,880,7424,32768,0,960,64,0,32768,0,712,0,0,16384,0,26624
1318,1100,0,0,0,2,2,10,5,18,6,61184,6400,152,552,76,10240,10,104,773,510,50,0,29952,0,2,29952,0,0,0,0,2,76,12,0,912,0,32768,0,0,64,0,32768,0,572,29952,0,0,0,26688
1319,1000,0,0,0,2,2,10,5,18,6,1280,23040,711,65511,76,34816,6,571,884,648,65447,64,16296,0,2,16008,16296,0,65248,0,2,76,12,0,880,7424,32768,0,960,64,0,32768,0,712,0,0,16384,0,26624
1319,1100,0,0,0,2,2,10,5,18,6,34560,16640,152,552,76,10240,10,105,775,534,24,0,29952,0,2,29952,0,0,0,0,2,76,12,0,912,0,32768,0,0,64,0,32768,0,572,29952,0,0,0,26688
1320,1000,0,0,0,2,2,10,5,18,6,52224,16640,711,65511,76,34816,6,573,884,533,65421,64,16296,0,2,16008,16296,0,65248,0,2,76,12,0,880,7424,32768,0,960,64,0,32768,0,712,0,0,16384,0,26624
1320,1100,0,0,0,2,2,10,5,18,6,7936,26880,152,552,28,10240,10,106,777,532,65534,0,29952,0,2,29952,0,0,0,0,2,28,12,0,912,0,32768,0,0,64,0,32768,0,572,29952,0,0,0,26688
1321,1000,0,0,0,2,2,10,5,18,6,37632,10240,711,65511,76,34816,6,576,884,392,65395,64,16296,0,2,16008,16296,0,65248,0,2,76,12,0,880,7936,32768,0,960,64,0,32768,0,712,0,0,16384,0,26624
1321,1100,0,0,0,2,2,10,5,18,6,46848,37120,152,552,28,10240,10,106,779,504,65508,0,29952,0,2,29952,0,0,0,0,2,28,12,0,912,0,32768,0,0,64,0,32768,0,572,29952,0,0,0,26688
1322,1000,0,0,0,2,2,10,5,18,6,23040,3840,711,65511,76,34816,6,579,884,225,65369,64,16296,0,2,16008,16296,0,65248,0,2,76,12,0,880,7936,32768,0,960,64,0,32768,0,712,0,0,16384,0,26624
1322,1100,0,0,0,2,2,10,5,18,6,20224,47360,152,552,28,10240,10,107,781,450,65482,0,29952,0,2,29952,0,0,0,0,2,28,12,0,912,0,32768,0,0,64,0,32768,0,572,29952,0,0,0,26688
1323,1000,0,0,0,2,2,10,5,18,6,8448,62976,711,65511,76,34816,6,582,883,32,65343,64,16296,0,2,16008,16296,0,65248,0,2,76,12,0,880,7936,32768,0,960,64,0,32768,0,712,0,0,16384,0,26624
1323,1100,0,0,0,2,2,10,5,18,6,59136,57600,152,552,28,10240,10,107,783,370,65456,0,29952,0,2,29952,0,0,0,0,2,28,12,0,912,0,32768,0,0,64,0,32768,0,572,29952,0,0,0,26688
1324,1000,0,0,0,2,2,10,5,18,6,59392,56576,711,65511,76,34816,6,584,883,0,0,64,16296,0,0,16008,16296,0,65248,0,0,76,12,0,880,7936,32768,0,960,64,0,0,0,712,0,0,16384,2,26624
1324,1100,0,0,0,2,2,10,5,18,6,32512,2304,152,552,76,10240,10,108,786,264,65430,0,29952,0,2,29952,0,0,0,0,2,76,12,0,912,0,32768,0,0,64,0,32768,0,572,29440,0,0,0,26688
1325,1000,0,0,0,2,2,10,5,18,6,44800,50176,713,65511,76,32768,6,587,883,0,0,64,16296,0,0,16008,16296,0,65248,0,0,76,12,0,880,7936,32768,0,960,64,0,0,0,714,0,0,16384,2,26624
1325,1100,0,0,0,2,2,10,5,18,6,5888,12544,179,544,76,10240,10,109,788,132,65404,0,29440,0,2,29440,0,0,0,0,2,76,12,0,912,0,32768,0,0,64,0,32768,0,572,29440,0,0,0,26688
1326,1000,0,0,0,2,2,10,5,18,6,30720,43776,715,65511,76,32768,6,590,883,0,0,64,16296,0,0,16008,16296,0,65248,0,0,76,12,0,880,7936,32768,0,960,64,0,0,0,716,0,0,16384,2,26624
1326,1100,0,0,0,2,2,10,5,18,6,51712,20736,179,544,76,10240,10,109,790,0,0,0,29440,0,0,29440,0,0,0,0,0,76,12,0,912,0,32768,0,0,64,0,0,0,572,29440,0,0,65532,26688
1327,1000,0,0,0,2,2,10,5,18,6,17152,37376,717,65511,76,32768,6,593,883,0,0,64,16296,0,0,16008,16296,0,65248,0,0,76,12,0,880,7936,32768,0,960,64,0,0,0,718,0,0,16384,2,26624
1327,1100,0,0,0,2,2,10,5,18,6,32000,28928,178,540,76,8192,10,110,792,0,0,0,29440,0,0,29440,0,0,0,0,0,76,12,0,912,0,32768,0,0,64,0,0,0,568,29440,0,0,65532,26688
1328,1000,0,0,0,2,2,10,5,18,6,4096,30976,719,65511,76,32768,6,596,883,0,0,64,16296,0,0,16008,16296,0,65248,0,0,76,12,0,880,7936,32768,0,960,64,0,0,0,720,0,0,16384,2,26624
1328,1100,0,0,0,2,2,10,5,18,6,12032,36096,176,536,76,8192,10,111,794,0,0,0,29440,0,0,29440,0,0,0,0,0,76,12,0,912,0,32768,0,0,64,0,0,0,564,29440,0,0,65532,26688
1329,1000,0,0,0,2,2,10,5,18,6,57088,24576,721,65510,76,32768,6,598,883,0,0,64,16296,0,0,16008,16296,0,65248,0,0,76,12,0,880,8448,32768,0,960,64,0,0,0,722,0,0,16384,2,26624
1329,1100,0,0,0,2,2,10,5,18,6,57088,42240,175,532,76,8192,10,111,796,0,0,0,29440,0,0,29440,0,0,0,0,0,76,12,0,912,0,32768,0,0,64,0,0,0,560,29440,0,0,65532,26688
1330,1000,0,0,0,2,2,10,5,18,6,45056,17920,723,65510,76,32768,6,601,883,0,0,64,16296,0,0,16008,16296,0,65248,0,0,76,12,0,880,8448,32768,0,960,64,0,0,0,724,0,0,16384,2,26624
1330,1100,0,0,0,2,2,10,5,18,6,36352,47360,174,528,76,8192,10,112,798,0,0,0,29440,0,0,29440,0,0,0,0,0,76,12,0,912,0,32768,0,0,64,0,0,0,556,31744,0,0,65532,26688
1331,1000,0,0,0,2,2,10,5,18,6,33536,11264,725,65510,76,32768,6,604,883,0,0,64,16296,0,0,16008,16296,0,65248,0,0,76,12,0,880,8448,32768,0,960,64,0,0,0,726,0,0,16384,2,26624
1331,1100,0,0,0,2,2,10,5,18,6,15360,51456,155,530,76,8192,10,113,800,0,0,0,29792,0,0,29792,0,0,0,0,0,76,12,0,912,0,32768,0,0,64,0,0,0,552,31232,0,0,65532,26688
1332,1000,0,0,0,2,2,10,5,18,6,22528,4608,727,65510,76,32768,6,607,883,0,0,64,16296,0,0,16008,16296,0,65248,0,0,76,12,0,880,8448,32768,0,960,64,0,0,0,728,0,0,16384,2,26624
1332,1100,0,0,0,2,2,10,5,18,6,55040,56064,136,531,76,8192,10,113,802,0,0,0,30144,0,0,30144,0,0,0,0,0,76,12,0,912,0,32768,0,0,64,0,0,0,548,31232,0,0,65532,26688
1333,1000,0,0,0,2,2,10,5,18,6,12032,63488,729,65510,76,32768,6,610,882,0,0,64,16296,0,0,16008,16296,0,65248,0,0,76,12,0,880,8448,32768,0,960,64,0,0,0,730,0,0,16384,2,26624
1333,1100,0,0,0,2,2,10,5,18,6,24320,60928,117,532,76,8192,10,114,804,0,0,0,30496,0,0,30496,0,0,0,0,0,76,12,0,912,0,32768,0,0,64,0,0,0,544,31232,0,0,65532,26688
1334,1000,0,0,0,2,2,10,5,18,6,2048,56832,731,65510,76,32768,6,613,882,0,0,64,16296,0,0,16008,16296,0,65248,0,0,76,12,0,880,8448,32768,0,960,64,0,0,0,732,0,0,16384,2,26624
1334,1100,0,0,0,2,2,10,5,18,6,54272,512,98,531,76,8192,10,114,807,0,0,0,30848,0,0,30848,0,0,0,0,0,76,12,0,912,0,32768,0,0,64,0,0,0,540,31232,0,0,65532,26688
1335,1000,0,0,0,2,2,10,5,18,6,58112,50176,733,65510,76,32768,6,615,882,0,0,64,16296,0,0,16008,16296,0,65248,0,0,76,12,0,880,8448,32768,0,960,64,0,0,0,734,0,0,16384,2,26624
1335,1100,0,0,0,2,2,10,5,18,6,13824,5376,78,531,76,8192,10,115,809,0,0,0,31232,0,0,31232,0,0,0,0,0,76,12,0,912,0,32768,0,0,64,0,0,0,536,31232,0,0,11,26688
1336,1000,0,0,0,2,2,10,5,18,6,49152,43520,735,65510,76,32768,6,618,882,0,0,64,16296,0,0,16008,16296,0,65248,0,0,76,12,0,880,8448,32768,0,960,64,0,0,0,736,0,0,16384,2,26624
1336,1100,0,0,0,2,2,10,5,18,6,33792,10240,80,542,76,8192,10,115,811,0,0,0,31232,0,0,31232,0,0,0,0,0,76,12,0,912,0,32768,0,0,64,0,0,0,547,31232,0,0,65532,26688
1337,1000,0,0,0,2,2,10,5,18,6,40704,36864,737,65510,76,32768,6,621,882,0,0,64,16296,0,0,16008,16296,0,65248,0,0,76,12,0,880,8512,32768,0,960,64,0,0,0,738,0,0,16384,2,26624
1337,1100,0,0,0,2,2,10,5,18,6,54272,17920,79,538,76,8192,10,115,813,0,0,0,31232,0,0,31232,0,0,0,0,0,76,12,0,912,0,32768,0,0,64,0,0,0,543,31232,0,0,65532,26688
1338,1000,0,0,0,2,2,10,5,18,6,32768,30208,739,65510,76,32768,6,624,882,0,0,64,16296,0,0,16008,16296,0,65248,0,0,76,12,0,880,8512,32768,0,960,64,0,0,0,740,0,0,16384,2,26624
1338,1100,0,0,0,2,2,10,5,18,6,8960,24576,79,534,76,8192,10,116,815,0,0,0,31232,0,0,31232,0,0,0,0,0,76,12,0,912,0,32768,0,0,64,0,0,0,539,31232,0,0,65532,26688
1339,1000,0,0,0,2,2,10,5,18,6,25344,23552,741,65510,76,32768,6,627,882,0,0,64,16296,0,0,16008,16296,0,65248,0,0,76,12,0,880,8512,32768,0,960,64,0,0,0,742,0,0,16384,2,26624
1339,1100,0,0,0,2,2,10,5,18,6,29184,30208,78,530,76,8192,10,116,817,0,0,0,31232,0,0,31232,0,0,0,0,0,76,12,0,912,0,32768,0,0,64,0,0,0,535,30720,0,0,11,26688
1340,1000,0,0,0,2,2,10,5,18,6,18432,16896,743,65510,76,32768,6,630,882,0,0,64,16296,0,0,16008,16296,0,65248,0,0,76,12,0,880,8512,32768,0,960,64,0,0,0,744,0,0,16384,2,26624
1340,1100,0,0,0,2,2,10,5,18,6,49152,34816,106,536,76,8192,10,116,819,0,0,0,30720,0,0,30720,0,0,0,0,0,76,12,0,912,0,32768,0,0,64,0,0,0,546,30720,0,0,65532,26688
1341,1000,0,0,0,2,2,10,5,18,6,12032,10240,745,65510,76,32768,6,633,882,0,0,64,16296,0,0,16008,16296,0,65248,0,0,76,12,0,880,8512,32768,0,960,64,0,0,0,746,0,0,16384,2,26624
1341,1100,0,0,0,2,2,10,5,18,6,10752,40960,105,532,76,8192,10,117,821,0,0,0,30720,0,0,30720,0,0,0,0,0,76,12,0,912,0,32768,0,0,64,0,0,0,542,30720,0,0,65532,26688
1342,1000,0,0,0,2,2,10,5,18,6,6144,3584,747,65510,76,32768,6,636,882,0,0,64,16296,0,0,16008,16296,0,65248,0,0,76,12,0,880,8512,32768,0,960,64,0,0,0,748,0,0,16384,2,26624
1342,1100,0,0,0,2,2,10,5,18,6,37632,46080,104,528,76,8192,10,117,823,0,0,0,30720,0,0,30720,0,0,0,0,0,76,12,0,912,0,32768,0,0,64,0,0,0,538,30720,0,0,65532,26688
1343,1000,0,0,0,2,2,10,5,18,6,768,62464,749,65509,76,32768,6,639,881,0,0,64,16296,0,0,16008,16296,0,65248,0,0,76,12,0,880,8512,32768,0,960,64,0,0,0,750,0,0,16384,2,26624
1343,1100,0,0,0,2,2,10,5,18,6,64256,50176,104,524,76,8192,10,117,825,0,0,0,30720,0,0,30720,0,0,0,0,0,76,12,0,912,0,32768,0,0,64,0,0,0,534,30720,0,0,11,26688
1344,1000,0,0,0,2,2,10,5,18,6,61440,55552,751,65509,94,32768,6,641,881,0,0,96,16296,0,0,16008,16296,0,65248,0,0,94,30,0,880,8512,32768,0,960,64,0,0,0,752,0,0,16384,65520,26624
1344,1100,0,0,0,2,2,10,5,18,6,25344,53248,106,535,76,8192,10,118,827,0,0,0,30720,0,0,30720,0,0,0,0,0,76,12,0,912,0,32768,0,0,64,0,0,0,545,30720,0,0,65532,26688
1345,1000,0,0,0,2,2,10,5,18,6,57088,48640,735,65510,94,32768,6,644,881,0,0,96,16296,0,0,16008,16296,0,65248,0,0,94,30,0,880,7616,32768,0,960,64,0,0,0,736,0,0,16384,65520,26624
1345,1100,0,0,0,2,2,10,5,18,6,52480,59136,105,531,76,8192,10,118,829,0,0,0,30720,0,0,30720,0,0,0,0,0,76,12,0,912,0,32768,0,0,64,0,0,0,541,30720,0,0,65532,26688
1346,1000,0,0,0,2,2,10,5,18,6,48640,41984,719,65511,94,32768,6,647,881,0,0,96,16296,0,0,16008,16296,0,65248,0,0,94,30,0,880,7616,32768,0,960,64,0,0,0,720,0,0,16384,65520,26624
1346,1100,0,0,0,2,2,10,5,18,6,13824,64000,104,527,76,8192,10,119,831,0,0,0,30720,0,0,30720,0,0,0,0,0,76,12,0,912,0,32768,0,0,64,0,0,0,537,30720,0,0,65532,26688
1347,1000,0,0,0,2,2,10,5,18,6,36096,35584,703,65511,94,32768,6,650,881,0,0,96,16296,0,0,16008,16296,0,65248,0,0,94,30,0,880,7616,32768,0,960,64,0,0,0,704,0,0,16384,65520,26624
1347,1100,0,0,0,2,2,10,5,18,6,40448,2304,103,523,76,8192,10,119,834,0,0,0,30720,0,0,30720,0,0,0,0,0,76,12,0,912,0,32768,0,0,64,0,0,0,533,24576,0,0,11,26688
1348,1000,0,0,0,2,2,10,5,18,6,19456,29184,687,65512,94,32768,6,653,881,0,0,96,16296,0,0,16008,16296,0,65248,0,0,94,30,0,880,7616,32768,0,960,64,0,0,0,688,0,0,16384,4,26624
1348,1100,0,0,0,2,2,10,5,18,6,1280,5120,124,530,76,8192,10,120,836,0,0,0,30368,0,0,30368,0,0,0,0,0,76,12,0,912,0,32768,0,0,64,0,0,0,544,24576,0,0,65532,26688
1349,1000,0,0,0,2,2,10,5,18,6,64256,23040,691,65512,94,32768,6,655,881,0,0,96,16296,0,0,16008,16296,0,65248,0,0,94,30,0,880,7616,32768,0,960,64,0,0,0,692,0,0,16384,65520,26624
1349,1100,0,0,0,2,2,10,5,18,6,33024,9728,140,522,76,8192,10,120,838,0,0,0,30016,0,0,30016,0,0,0,0,0,76,12,0,912,0,32768,0,0,64,0,0,0,540,24576,0,0,65532,26688
1350,1000,0,0,0,2,2,10,5,18,6,44544,16896,675,65512,94,32768,6,658,881,0,0,96,16296,0,0,16008,16296,0,65248,0,0,94,30,0,880,7616,32768,0,960,64,0,0,0,676,0,0,16384,4,26624
1350,1100,0,0,0,2,2,10,5,18,6,3328,12288,157,513,76,8192,10,121,840,0,0,0,29664,0,0,29664,0,0,0,0,0,76,12,0,912,0,32768,0,0,64,0,0,0,536,24576,0,0,11,26688
1351,1000,0,0,0,2,2,10,5,18,6,20736,10752,679,65512,94,32768,6,661,881,0,0,96,16296,0,0,16008,16296,0,65248,0,0,94,30,0,880,7616,32768,0,960,64,0,0,0,680,0,0,16384,4,26624
1351,1100,0,0,0,2,2,10,5,18,6,43520,12544,177,518,76,8192,10,121,842,0,0,0,29312,0,0,29312,0,0,0,0,0,76,12,0,912,0,32768,0,0,64,0,0,0,547,24576,0,0,65532,26688
1352,1000,0,0,0,2,2,10,5,18,6,63488,4608,683,65512,94,32768,6,663,881,0,0,96,16296,0,0,16008,16296,0,65248,0,0,94,30,0,880,7616,32768,0,960,64,0,0,0,684,0,0,16384,4,26624
1352,1100,0,0,0,2,2,10,5,18,6,23296,14080,193,508,76,8192,10,122,844,0,0,0,28960,0,0,28960,0,0,0,0,0,76,12,0,912,0,32768,0,0,64,0,0,0,543,24576,0,0,65532,26688
1353,1000,512,0,0,2,2,10,5,18,6,41728,64000,687,65512,76,32768,6,666,880,0,0,64,16296,0,0,16008,16296,0,65248,0,0,76,12,65448,880,8128,33282,0,960,64,0,0,0,688,0,0,16384,4,26624
1353,1100,512,0,0,2,2,10,5,18,6,7168,13056,209,497,76,8192,10,123,846,0,0,0,28608,0,0,28608,0,0,0,0,0,76,12,0,912,0,32768,0,0,64,0,0,0,539,24576,0,0,65532,26688
1354,1000,0,0,0,2,2,10,5,18,6,20992,57856,691,65512,76,32768,6,669,880,0,0,64,16285,0,0,15997,16285,0,65248,0,0,76,12,65360,880,8128,33280,0,960,64,0,0,0,692,0,0,16384,4,26624
1354,1100,0,0,0,2,2,10,5,18,6,60672,9216,224,486,76,8192,10,123,848,0,0,0,28256,0,0,28256,0,0,0,0,0,76,12,0,912,0,32768,0,0,64,0,0,0,535,22784,0,0,11,26688
1355,1000,0,0,0,2,2,10,5,18,6,1280,51712,695,65511,76,32768,6,672,880,0,0,64,16263,0,0,15975,16263,0,65248,0,0,76,12,65272,880,8128,33280,0,960,64,0,0,0,696,0,0,16384,4,26624
1355,1100,0,0,0,2,2,10,5,18,6,52480,2560,245,488,76,8192,10,124,850,0,0,0,27904,0,0,27904,0,0,0,0,0,76,12,0,912,0,32768,0,0,64,0,0,0,546,22784,0,0,65532,26688
1356,1000,0,0,0,2,2,10,5,18,6,48128,45312,699,65509,76,32768,6,674,880,0,0,64,16230,0,0,15942,16230,0,65248,0,0,76,12,65184,880,8128,33280,0,960,64,0,0,0,700,0,0,16384,4,26624
1356,1100,0,0,0,2,2,10,5,18,6,49664,61952,259,476,76,8192,10,125,851,0,0,0,27552,0,0,27552,0,0,0,0,0,76,12,0,912,0,32768,0,0,64,0,0,0,542,22784,0,0,65532,26688
1357,1000,0,0,0,2,2,10,5,18,6,30464,38400,703,65507,76,32768,6,677,880,0,0,64,16186,0,0,15898,16186,0,65248,0,0,76,12,65096,880,8128,33280,0,960,64,0,0,0,704,0,0,16384,2,26624
1357,1100,0,0,0,2,2,10,5,18,6,50432,52736,273,464,76,8192,10,126,853,0,0,0,27200,0,0,27200,0,0,0,0,0,76,12,0,912,0,32768,0,0,64,0,0,0,538,22784,0,0,65532,26688
1358,1000,0,0,0,2,2,10,5,18,6,13824,30976,705,65504,94,32768,6,680,880,0,0,96,16131,0,0,15843,16131,0,65248,0,0,94,30,65008,880,8128,33280,0,960,64,0,0,0,706,0,0,16384,65520,26624
1358,1100,0,0,0,2,2,10,5,18,6,54784,40448,287,451,76,8192,10,127,855,0,0,0,26848,0,0,26848,0,0,0,0,0,76,12,0,912,0,32768,0,0,64,0,0,0,534,22784,0,0,11,26688
1359,1000,0,0,0,2,2,10,5,18,6,63232,22784,689,65501,94,32768,6,682,880,0,0,96,16065,0,0,15777,16065,0,65248,0,0,94,30,64920,880,8128,33280,0,960,64,0,0,0,690,0,0,16384,65520,26624
1359,1100,0,0,0,2,2,10,5,18,6,62720,24832,308,450,76,8192,10,128,857,0,0,0,26496,0,0,26496,0,0,0,0,0,76,12,0,912,0,32768,0,0,64,0,0,0,545,24576,0,0,65532,26688
1360,1000,0,0,0,2,2,10,5,18,6,43008,13824,672,65497,94,32768,6,685,880,0,0,96,15988,0,0,15700,15988,0,65248,0,0,94,30,64832,880,8128,33280,0,960,64,0,0,0,674,0,0,16384,4,26624
1360,1100,0,0,0,2,2,10,5,18,6,10496,8960,320,436,76,8192,10,130,859,0,0,0,26144,0,0,26144,0,0,0,0,0,76,12,0,912,0,32768,0,0,64,0,0,0,541,24576,0,0,65532,26688
1361,1000,0,0,0,2,2,10,5,18,6,18432,3840,676,65492,94,32768,6,688,880,0,0,96,15900,0,0,15612,15900,0,65248,0,0,94,30,64744,880,7232,33280,0,960,64,0,0,0,678,0,0,16384,4,26624
1361,1100,0,0,0,2,2,10,5,18,6,26880,55040,333,422,76,8192,10,131,860,0,0,0,25792,0,0,25792,0,0,0,0,0,76,12,0,912,0,32768,0,0,64,0,0,0,537,24576,0,0,65532,26688
1362,1000,0,0,0,2,2,10,5,18,6,60416,58112,680,65486,94,32768,6,690,879,0,0,96,15801,0,0,15513,15801,2,65248,0,0,94,30,64656,880,7232,33280,0,960,64,0,0,0,682,0,0,16384,4,26624
1362,1100,0,0,0,2,2,10,5,18,6,46592,32000,344,407,76,8192,10,132,862,0,0,0,25440,0,0,25440,0,0,0,0,0,76,12,0,912,0,32768,0,0,64,0,0,0,533,24576,0,0,11,26688
1363,1000,0,0,0,2,2,10,5,18,6,37888,45312,683,65479,94,32768,6,693,879,0,0,96,15691,0,0,15403,15691,2,864,640,0,94,30,64568,880,7232,33280,0,960,64,0,0,0,686,96,0,16384,4,26624
1363,1100,0,0,0,2,2,10,5,18,6,3584,5120,365,404,76,8192,10,134,864,0,0,0,25088,0,0,25088,0,0,0,0,0,76,12,0,912,0,32768,0,0,64,0,0,0,544,22016,0,0,65532,26688
1364,1000,0,0,0,2,2,10,5,18,6,16128,30720,686,65472,94,32768,6,696,879,0,0,96,14930,0,0,16434,15570,2,1440,1280,0,94,30,64480,880,7232,33280,0,960,64,0,0,0,690,65120,0,16384,65520,26624
1364,1100,0,0,0,2,2,10,5,18,6,31488,43008,375,388,76,8192,10,135,865,0,0,0,24736,0,0,24736,0,0,0,0,0,76,12,0,912,0,32768,0,0,64,0,0,0,540,22016,0,0,65532,26688
1365,1000,0,0,0,2,2,10,5,18,6,60672,14336,673,4,94,32768,6,698,879,0,0,96,14158,0,0,16878,15438,2,2016,1920,0,94,30,64392,880,7232,33280,0,960,64,0,0,0,674,64608,0,16384,4,26624
1365,1100,0,0,0,2,2,10,5,18,6,61952,11264,385,372,76,8192,10,136,867,0,0,0,24384,0,0,24384,0,0,0,0,0,76,12,0,912,0,32768,0,0,64,0,0,0,536,22016,0,0,11,26688
1366,1000,0,0,0,2,2,10,5,18,6,36352,15360,677,33,94,32768,6,701,879,0,0,96,13375,0,0,17311,15295,2,2592,2560,0,94,30,64304,880,7232,33280,0,960,64,0,0,0,678,64096,0,16384,4,26624
1366,1100,0,0,0,2,2,10,5,18,6,29440,40960,406,367,76,8192,10,138,868,0,0,0,24032,0,0,24032,0,0,0,0,0,76,12,0,912,0,32768,0,0,64,0,0,0,547,22016,0,0,65532,26688
1367,1000,0,0,0,2,2,10,5,18,6,13056,23808,679,61,94,32768,6,704,879,0,0,96,12581,0,0,17733,15141,2,3168,3200,0,94,30,64216,880,7232,33280,0,960,64,0,0,0,682,63584,0,16384,4,26624
1367,1100,0,0,0,2,2,10,5,18,6,2304,3840,415,350,76,8192,10,140,870,0,0,0,23680,0,0,23680,0,0,0,0,0,76,12,0,912,0,32768,0,0,64,0,0,0,543,22016,0,0,65532,26688
1368,1000,0,0,0,2,2,10,5,18,6,55808,39424,680,89,94,32768,6,706,879,0,0,96,11776,0,0,18144,14976,2,3744,3840,0,94,30,64128,880,7232,33280,0,960,64,0,4,0,686,63072,0,16384,4,26624
1368,1100,0,0,0,2,2,10,5,18,6,43008,27904,423,333,76,8192,10,141,871,0,0,0,23328,0,0,23328,0,0,0,0,0,76,12,0,912,0,32768,0,0,64,0,0,0,539,22016,0,0,65532,26688
1369,1000,0,0,0,2,2,10,5,18,6,33280,62208,680,116,94,32768,6,709,879,0,0,96,10960,0,0,18544,14800,2,4320,4480,0,94,30,64040,880,6336,33280,0,960,64,0,4,0,690,62560,0,16384,65520,26624
1369,1100,0,0,0,2,2,10,5,18,6,20224,47616,431,317,76,8192,10,143,872,0,0,0,22976,0,0,22976,0,0,0,0,0,76,12,0,912,0,32768,0,0,64,0,0,0,535,22016,0,0,11,26688
1370,1000,0,0,0,2,2,10,5,18,6,10752,26368,659,139,94,32768,6,712,880,0,0,96,10133,0,0,18933,14613,2,4896,5120,0,94,30,63952,880,6336,33280,0,960,64,0,4,0,674,62048,0,16384,4,26624
1370,1100,0,0,0,2,2,10,5,18,6,65024,63232,451,308,18,10240,10,144,873,0,167,0,22624,0,2,22624,0,0,0,0,2,18,12,0,912,0,32768,0,0,64,0,32768,0,546,24576,0,0,0,26688
1371,1000,0,0,0,2,2,10,5,18,6,48384,61952,658,165,94,32768,6,714,880,0,0,96,9295,0,0,19311,14415,2,5472,5760,0,94,30,63864,880,6336,33280,0,960,64,0,4,0,678,61536,0,16384,4,26624
1371,1100,0,0,0,2,2,10,5,18,6,49408,11008,440,323,18,10240,10,146,875,141,141,0,22976,0,2,22976,0,0,0,0,2,18,12,0,912,0,32768,0,0,64,0,32768,0,546,24576,0,0,0,26688
1372,1000,32,0,0,2,2,10,5,18,6,20224,38656,655,189,94,32768,6,717,881,0,0,112,8446,0,0,19678,14206,2,5792,6272,0,94,30,63752,880,6336,33320,1,960,80,0,4,0,682,61312,0,16384,4,26624
1372,1100,32,0,0,2,2,10,5,18,6,30976,28160,429,338,18,10240,10,148,876,256,115,0,23328,0,2,23328,0,0,0,0,2,18,12,0,912,0,32768,0,0,64,0,32768,0,546,24576,0,0,0,26688
1373,1000,0,0,0,2,2,10,5,18,6,56832,21504,652,214,94,34816,6,719,882,0,224,112,7711,0,2,19775,13983,2,6112,6784,0,94,30,63640,880,6336,33312,3,960,80,0,32804,0,622,61088,0,16384,4,26624
1373,1100,0,0,0,2,2,10,5,18,6,9728,49152,417,352,18,10240,10,150,877,345,89,0,23680,0,2,23680,0,0,0,0,2,18,12,0,912,0,32768,0,0,64,0,32768,0,546,24576,0,0,0,26688
1374,1000,0,0,0,2,2,10,5,18,6,27136,10752,593,200,94,34816,6,722,883,198,198,112,6962,0,2,19858,13746,2,6432,7296,0,94,30,63528,880,6336,33312,4,960,80,0,32804,0,626,60864,0,16384,4,26624
1374,1100,0,0,0,2,2,10,5,18,6,50944,8192,405,366,18,10240,10,151,879,408,63,0,24032,0,2,24032,0,0,0,0,2,18,12,0,912,0,32768,0,0,64,0,32768,0,546,24576,0,0,0,26688
1375,1000,0,0,0,2,2,10,5,18,6,47872,61952,595,206,94,34816,6,724,883,370,172,112,6199,0,2,19927,13495,2,6752,7808,0,94,30,63416,880,6336,33312,5,960,80,0,32804,0,630,60640,0,16384,4,26624
1375,1100,0,0,0,2,2,10,5,18,6,23552,36352,393,379,28,10240,10,153,880,445,37,0,24384,0,2,24384,0,0,0,0,2,28,12,0,912,0,32768,0,0,64,0,32768,0,546,19712,0,0,0,26688
1376,1000,0,0,0,2,2,10,5,18,6,3584,49152,597,212,94,34816,6,727,884,516,146,112,5422,0,2,19982,13230,2,7072,8320,0,94,30,63304,880,6336,33312,6,960,80,0,32804,0,634,60416,0,16384,4,26624
1376,1100,0,0,0,2,2,10,5,18,6,58624,2304,405,366,76,10240,10,154,882,456,11,0,24032,0,2,24032,0,0,0,0,2,76,12,0,912,0,32768,0,0,64,0,32768,0,546,19712,0,0,0,26688
1377,1000,0,0,0,2,2,10,5,18,6,25344,37888,600,216,94,34816,6,729,885,636,120,112,4631,0,2,20023,12951,2,7392,8832,0,94,30,63192,880,5440,33312,7,960,80,0,32804,0,638,60192,0,16384,4,26624
1377,1100,0,0,0,2,2,10,5,18,6,31232,30464,417,352,76,10240,10,156,883,441,65521,0,23680,0,2,23680,0,0,0,0,2,76,12,0,912,0,32768,0,0,64,0,32768,0,546,19712,0,0,0,26688
1378,1000,0,0,0,2,2,10,5,18,6,47872,27648,603,220,94,34816,6,731,886,730,94,112,3826,0,2,20050,12658,2,7712,9344,0,94,30,63080,880,5440,33312,8,960,80,0,32804,0,642,59968,0,16384,4,26624
1378,1100,0,0,0,2,2,10,5,18,6,6912,55040,429,338,76,10240,10,158,884,400,65495,0,23328,0,2,23328,0,0,0,0,2,76,12,0,912,0,32768,0,0,64,0,32768,0,546,19712,0,0,0,26688
1379,1000,0,0,0,2,2,10,5,18,6,5632,18432,606,223,94,34816,6,734,887,798,68,112,3007,0,2,20063,12351,2,8032,9856,0,94,30,62968,880,5440,33312,9,960,80,0,32804,0,646,59744,0,16384,4,26624
1379,1100,0,0,0,2,2,10,5,18,6,51200,10496,440,323,76,10240,10,159,886,333,65469,0,22976,0,2,22976,0,0,0,0,2,76,12,0,912,0,32768,0,0,64,0,32768,0,546,19712,0,0,0,26688
1380,1000,0,0,0,2,2,10,5,18,6,29696,9984,609,225,76,34816,6,736,888,840,42,112,2174,0,2,20062,12030,2,8192,10368,0,76,30,62856,880,5440,33312,10,960,80,0,32804,0,650,59520,0,16384,4,26624
1380,1100,0,0,0,2,2,10,5,18,6,32768,27648,451,308,76,10240,10,161,887,240,65443,0,22624,0,2,22624,0,0,0,0,2,76,12,0,912,0,32768,0,0,64,0,32768,0,546,16384,0,0,0,26688
1381,1000,0,0,0,2,2,10,5,18,6,54528,2048,613,226,76,34816,6,738,889,856,16,112,1327,0,2,19887,11695,2,8192,10880,0,76,30,62744,880,5440,33312,11,960,80,0,32804,0,654,59296,0,16384,4,26624
1381,1100,0,0,0,2,2,10,5,18,6,17152,40960,461,293,76,10240,10,163,888,121,65417,0,22272,0,2,22272,0,0,0,0,2,76,12,0,912,0,32768,0,0,64,0,32768,0,546,16384,0,0,0,26688
1382,1000,0,0,0,2,2,10,5,18,6,14848,59904,621,217,76,34816,6,741,889,846,65526,96,466,0,2,19538,11346,2,8768,11520,0,76,30,63083,880,5440,33280,0,960,64,0,32804,0,658,58784,0,16384,4,26624
1382,1100,0,0,0,2,2,10,5,18,6,4096,50432,470,277,76,10240,10,165,889,0,0,0,21920,0,0,21920,0,0,0,0,0,76,12,0,912,0,32768,0,0,64,0,0,0,546,16384,0,0,11,26688
1383,1000,0,0,0,2,2,10,5,18,6,42752,49920,631,198,76,34816,6,743,890,810,65500,96,65055,0,2,19807,11039,2,9344,12160,0,76,30,63083,880,5440,33280,0,960,64,0,32804,0,662,58272,0,16384,4,26624
1383,1100,0,0,0,2,2,10,5,18,6,58880,55808,489,266,76,8192,10,166,890,0,0,0,21568,0,0,21568,0,0,0,0,0,76,12,0,912,0,32768,0,0,64,0,0,0,557,16384,0,0,11,26688
1384,1000,0,0,0,2,2,10,5,18,6,7680,35072,630,215,76,34816,6,746,891,748,65474,96,64108,0,2,20076,10732,2,9920,12800,0,76,30,63083,880,5440,33280,0,960,64,0,32804,0,666,57760,0,16384,4,26624
1384,1100,0,0,0,2,2,10,5,18,6,52992,58368,508,254,76,8192,10,168,891,0,0,0,21216,0,0,21216,0,0,0,0,0,76,12,0,912,0,32768,0,0,64,0,0,0,568,16384,0,0,11,26688
1385,1000,0,0,0,2,2,10,5,18,6,37888,24576,628,233,76,34816,6,748,892,660,65448,96,63161,0,2,20345,10425,2,10240,12160,0,76,30,63083,880,4544,33280,0,960,64,0,32804,0,670,57248,0,16384,4,26624
1385,1100,0,0,0,2,2,10,5,18,6,51968,57856,526,242,76,8192,10,170,892,0,0,0,20864,0,0,20864,0,0,0,0,0,76,12,0,912,0,32768,0,0,64,0,0,0,579,16384,0,0,10,26688
1386,1000,0,0,0,2,2,10,5,18,6,2048,18688,626,250,76,34816,6,751,893,546,65422,96,63494,0,2,20358,10118,2,10240,12800,0,76,30,63083,880,4544,33280,0,960,64,0,32804,0,674,56736,0,16384,4,26624
1386,1100,0,0,0,2,2,10,5,18,6,55552,54272,543,228,76,8192,10,172,893,0,0,0,20512,0,0,20512,0,0,0,0,0,76,12,0,912,0,32768,0,0,64,0,0,0,589,16384,0,0,65532,26688
1387,1000,0,0,0,2,2,10,5,18,6,31232,17152,629,253,18,34816,6,753,894,406,65396,96,62547,0,2,20051,9811,2,10240,12160,0,18,30,63083,880,4544,33280,0,960,64,0,32804,0,678,56224,0,16384,4,26624
1387,1100,0,0,0,2,2,10,5,18,6,63488,47104,547,208,76,8192,10,174,894,0,0,0,20160,0,0,20160,0,0,0,0,0,76,12,0,912,0,32768,0,0,64,0,0,0,585,16384,0,0,65532,26688
1388,1000,0,0,0,2,2,10,5,18,6,61184,16384,640,235,18,34816,6,755,895,240,65370,96,62880,0,2,19744,9504,2,10240,12800,0,18,30,63083,880,4544,33280,0,960,64,0,32804,0,682,55712,0,16384,4,26624
1388,1100,0,0,0,2,2,10,5,18,6,6912,34816,549,188,76,8192,10,177,895,0,0,0,19808,0,0,19808,0,0,0,0,0,76,12,0,912,0,32768,0,0,64,0,0,0,581,16384,0,0,10,26688
1389,1000,0,0,0,2,2,10,5,18,6,28416,11008,650,218,18,34816,6,758,896,48,65344,96,61933,0,2,19437,9197,2,10240,12160,0,18,30,63083,880,4544,33280,0,960,64,0,32804,0,686,55200,0,16384,4,26624
1389,1100,0,0,0,2,2,10,5,18,6,16384,17408,565,172,76,8192,10,179,896,0,0,0,19456,0,0,19456,0,0,0,0,0,76,12,0,912,0,32768,0,0,64,0,0,0,591,15104,0,0,65532,26688
1390,1000,0,0,0,2,2,10,5,18,6,63744,1280,660,200,76,34816,6,760,897,0,0,96,62266,0,0,19130,8890,2,10240,12800,0,76,30,63083,880,4544,33280,0,960,64,0,36,0,690,54688,0,16384,65520,26624
1390,1100,0,0,0,2,2,10,5,18,6,29952,61440,567,152,76,8192,10,181,896,0,0,0,19104,0,0,19104,0,0,0,0,0,76,12,0,912,0,32768,0,0,64,0,0,0,587,15104,0,0,65532,26688
1391,1000,0,0,0,2,2,10,5,18,6,36096,52480,650,176,76,32768,6,763,897,0,0,64,61319,0,0,18823,8583,2,10240,12416,0,76,12,63083,880,4544,33280,0,960,64,0,36,0,674,54400,0,16384,4,26624
1391,1100,0,0,0,2,2,10,5,18,6,44032,34816,568,132,76,8192,10,183,897,0,0,0,18752,0,0,18752,0,0,0,0,0,76,12,0,912,0,32768,0,0,64,0,0,0,583,15104,0,0,10,26688
1392,1000,0,0,0,2,2,10,5,18,6,5888,32000,659,158,76,32768,6,766,898,0,0,64,61396,0,0,18516,8276,2,10240,12032,0,76,12,63083,880,4544,33280,0,960,64,0,36,0,678,54112,0,16384,4,26624
1392,1100,0,0,0,2,2,10,5,18,6,58368,3072,582,114,76,8192,10,185,898,0,0,0,18400,0,0,18400,0,0,0,0,0,76,12,0,912,0,32768,0,0,64,0,0,0,593,15104,0,0,65532,26688
1393,1000,0,0,0,2,2,10,5,18,6,43520,6912,667,139,76,32768,6,768,899,0,0,64,61473,0,0,18209,7969,2,10240,11648,0,76,12,63083,880,5056,33280,0,960,64,0,36,0,682,53824,0,16384,4,26624
1393,1100,0,0,0,2,2,10,5,18,6,10752,32256,581,94,76,8192,10,188,898,0,0,0,18048,0,0,18048,0,0,0,0,0,76,12,0,912,0,32768,0,0,64,0,0,0,589,15104,0,0,65532,26688
1394,1000,0,0,0,2,2,10,5,18,6,17664,42496,675,120,76,32768,6,771,899,0,0,64,61550,0,0,17902,7662,2,10240,11264,0,76,12,63083,880,5056,33280,0,960,64,0,36,0,686,53536,0,16384,4,26624
1394,1100,0,0,0,2,2,10,5,18,6,28416,56320,580,74,76,8192,10,190,898,0,0,0,17696,0,0,17696,0,0,0,0,0,76,12,0,912,0,32768,0,0,64,0,0,0,585,15104,0,0,65532,26688
1395,1000,0,0,0,2,2,10,5,18,6,59392,7680,682,101,76,32768,6,773,900,0,0,64,61627,0,0,17595,7355,2,10240,10880,0,76,12,63083,880,5056,33280,0,960,64,0,36,0,690,53248,0,16384,4,26624
1395,1100,0,0,0,2,2,10,5,18,6,45824,9728,578,54,76,8192,10,192,899,0,0,0,17344,0,0,17344,0,0,0,0,0,76,12,0,912,0,32768,0,0,64,0,0,0,581,15104,0,0,10,26688
1396,1000,0,0,0,2,2,10,5,18,6,37376,33536,689,81,76,32768,6,776,900,0,0,64,61704,0,0,17288,7048,2,10240,10496,0,76,12,63083,880,5056,33280,0,960,64,0,36,0,694,52960,0,16384,4,26624
1396,1100,0,0,0,2,2,10,5,18,6,62720,23552,590,35,76,8192,10,194,899,0,0,0,16992,0,0,16992,0,0,0,0,0,76,12,0,912,0,32768,0,0,64,0,0,0,591,15104,0,0,65532,26688
1397,1000,0,0,0,2,2,10,5,18,6,17152,54272,695,61,76,32768,6,779,900,0,0,64,61781,0,0,16981,6741,2,10240,10112,0,76,12,63083,880,5056,33280,0,960,64,0,36,0,698,52672,0,16384,4,26624
1397,1100,0,0,0,2,2,10,5,18,6,17152,32512,586,15,76,8192,10,197,899,0,0,0,16640,0,0,16640,0,0,0,0,0,76,12,0,912,0,32768,0,0,64,0,0,0,587,15104,0,0,65532,26688
1398,1000,0,0,0,2,2,10,5,18,6,64000,4352,700,41,76,32768,6,781,901,0,0,64,61858,0,0,16674,6434,2,9952,9728,0,76,12,63211,880,5056,32768,0,960,64,0,0,0,702,53185,0,16384,4,26624
1398,1100,0,0,0,2,2,10,5,18,6,36096,36352,582,65531,76,8192,10,199,899,0,0,0,16288,0,0,16288,0,0,0,0,0,76,12,0,912,0,32768,0,0,64,0,0,0,583,15104,0,0,10,26688
1399,1000,0,0,0,2,2,10,5,18,6,46592,14848,705,20,76,32768,6,784,901,0,0,64,61951,0,0,16095,6143,2,9664,9344,0,76,12,63339,880,5056,32768,0,960,64,0,0,0,706,53698,0,16384,2,26624
1399,1100,0,0,0,2,2,10,5,18,6,54016,35072,592,65511,76,8192,10,201,899,0,0,0,15936,0,0,15936,0,0,0,0,0,76,12,0,912,0,32768,0,0,64,0,0,0,593,15104,0,0,65532,26688
1400,1000,0,0,0,2,2,10,5,18,6,30464,19968,707,65517,76,32768,6,787,901,0,0,64,62060,0,0,15532,5868,2,9376,8960,0,76,12,63467,880,5056,32768,0,960,64,0,0,0,708,54211,0,16384,2,26624
1400,1100,0,0,0,2,2,10,5,18,6,8960,28672,587,65491,76,8192,10,204,899,0,0,0,15584,0,0,15584,0,0,0,0,0,76,12,0,912,0,32768,0,0,64,0,0,0,589,15104,0,0,65532,26688
1401,1000,0,0,0,2,2,10,5,18,6,14848,15104,707,65479,76,32768,6,790,901,0,0,64,62185,0,0,14985,5609,2,9088,8576,0,76,12,63595,880,5568,32768,0,960,64,0,0,0,710,54724,0,16384,2,26624
1401,1100,0,0,0,2,2,10,5,18,6,28160,17152,580,65465,76,8192,10,206,899,0,0,0,15104,0,0,15104,0,0,0,0,0,76,12,0,912,0,32768,0,0,64,0,0,0,585,15104,0,0,65532,26688
1402,1000,0,0,0,2,2,10,5,18,6,64768,512,705,65441,76,32768,6,792,901,0,0,64,62326,0,0,14454,5366,2,8800,8192,0,76,12,63723,880,5568,32768,0,960,64,0,0,0,712,55237,0,16384,2,26624
1402,1100,0,0,0,2,2,10,5,18,6,45568,64512,576,65465,76,8192,10,208,898,0,0,0,15104,0,0,15104,0,0,0,0,0,76,12,0,912,0,32768,0,0,64,0,0,0,581,14848,0,0,10,26688
1403,1000,0,0,0,2,2,10,5,18,6,48640,41728,701,65405,76,32768,6,795,900,0,0,64,62483,0,0,13939,5139,2,8512,7808,0,76,12,63851,880,5568,32768,0,960,64,0,0,0,714,55750,0,16384,2,26624
1403,1100,0,0,0,2,2,10,5,18,6,61952,46336,584,65450,76,8192,10,210,898,0,0,0,14848,0,0,14848,0,0,0,0,0,76,12,0,912,0,32768,0,0,64,0,0,0,591,14848,0,0,65532,26688
1404,1000,0,0,0,2,2,10,5,18,6,31488,8192,696,65370,76,32768,6,798,900,0,0,64,62656,0,0,13440,4928,2,8224,7424,0,76,12,63979,880,5568,32768,0,960,64,0,0,0,716,56263,0,16384,2,26624
1404,1100,0,0,0,2,2,10,5,18,6,14848,24320,580,65450,76,8192,10,213,898,0,0,0,14848,0,0,14848,0,0,0,0,0,76,12,0,912,0,32768,0,0,64,0,0,0,587,14848,0,0,65532,26688
1405,1000,0,0,0,2,2,10,5,18,6,13056,31232,689,65336,76,32768,6,801,899,0,0,64,62845,0,0,12957,4733,2,7936,7040,0,76,12,64107,880,5568,32768,0,960,64,0,0,0,718,56776,0,16384,2,26624
1405,1100,0,0,0,2,2,10,5,18,6,32256,2304,576,65451,76,8192,10,215,898,0,0,0,14848,0,0,14848,0,0,0,0,0,76,12,0,912,0,32768,0,0,64,0,0,0,583,14848,0,0,10,26688
1406,1000,0,0,0,2,2,10,5,18,6,58368,45568,681,65304,76,32768,6,803,898,0,0,64,63050,0,0,12490,4554,2,7648,6656,0,76,12,64235,880,5568,32768,0,960,64,0,0,0,720,57289,0,16384,2,26624
1406,1100,0,0,0,2,2,10,5,18,6,48640,46080,586,65449,76,8192,10,217,897,0,0,0,14848,0,0,14848,0,0,0,0,0,76,12,0,912,0,32768,0,0,64,0,0,0,593,14848,0,0,65532,26688
1407,1000,0,0,0,2,2,10,5,18,6,36096,51712,672,65273,76,32768,6,806,897,0,0,64,63271,0,0,12039,4391,2,7360,6272,0,76,12,64363,880,5568,32768,0,960,64,0,0,0,722,57802,0,16384,2,26624
1407,1100,0,0,0,2,2,10,5,18,6,2048,23808,582,65450,76,8192,10,220,897,0,0,0,14848,0,0,14848,0,0,0,0,0,76,12,0,912,0,32768,0,0,64,0,0,0,589,14848,0,0,65532,26688
1408,1000,0,0,0,2,2,10,5,18,6,11520,49920,662,65244,76,32768,6,809,896,0,0,64,63508,0,0,11604,4244,2,7072,5888,0,76,12,64491,880,5568,32768,0,960,64,0,0,0,724,58315,0,16384,2,26624
1408,1100,0,0,0,2,2,10,5,18,6,19968,1792,578,65451,76,8192,10,222,897,0,0,0,14848,0,0,14848,0,0,0,0,0,76,12,0,912,0,32768,0,0,64,0,0,0,585,14848,0,0,65532,26688
1409,1000,0,0,0,2,2,10,5,18,6,49920,40704,651,65215,76,32768,6,811,895,0,0,64,63761,0,0,11185,4113,2,6784,5504,0,76,12,64619,880,6080,32768,0,960,64,0,0,0,726,58828,0,16384,2,26624
1409,1100,0,0,0,2,2,10,5,18,6,36864,45568,574,65451,76,8192,10,224,896,0,0,0,14848,0,0,14848,0,0,0,0,0,76,12,0,912,0,32768,0,0,64,0,0,0,581,14592,0,0,10,26688
1410,1000,384,0,0,2,2,10,5,18,6,19968,24064,639,65188,76,32768,6,814,894,0,0,64,64030,0,0,10782,3998,2,6528,5120,0,76,12,64771,880,6080,33025,0,960,64,0,0,0,728,58764,0,16384,2,26624
1410,1100,384,0,0,2,2,10,5,18,6,52736,23808,582,65435,76,8192,10,226,896,0,0,0,14592,0,0,14592,0,0,0,0,0,76,12,0,912,0,32768,0,0,64,0,0,0,591,14592,0,0,65532,26688
1411,1000,0,0,0,2,2,10,5,18,6,52480,512,627,65163,76,32768,6,816,893,0,0,64,64318,0,0,10430,3902,2,6272,4736,0,76,12,64923,880,6080,33024,0,960,64,0,0,0,730,58700,0,16384,2,26624
1411,1100,0,0,0,2,2,10,5,18,6,5120,63488,578,65436,76,8192,10,229,895,0,0,0,14592,0,0,14592,0,0,0,0,0,76,12,0,912,0,32768,0,0,64,0,0,0,587,16384,0,0,65532,26688
1412,1000,0,0,0,2,2,10,5,18,6,16384,36096,616,65141,76,32768,6,819,891,0,0,64,64625,0,0,10097,3825,2,6016,4352,0,76,12,65075,880,6080,33024,0,960,64,0,0,0,732,58636,0,16384,2,26624
1412,1100,0,0,0,2,2,10,5,18,6,22016,37888,577,65456,76,8192,10,231,895,0,0,0,14944,0,0,14944,0,0,0,0,0,76,12,0,912,0,32768,0,0,64,0,0,0,583,16384,0,0,10,26688
1413,1000,0,0,0,2,2,10,5,18,6,43008,512,604,65120,76,32768,6,821,890,0,0,64,64951,0,0,9783,3767,2,5760,3968,0,76,12,65227,880,6080,33024,0,960,64,0,0,0,734,58572,0,16384,2,26624
1413,1100,0,0,0,2,2,10,5,18,6,38656,17408,589,65475,76,8192,10,233,895,0,0,0,15296,0,0,15296,0,0,0,0,0,76,12,0,912,0,32768,0,0,64,0,0,0,593,16384,0,0,65532,26688
1414,1000,0,0,0,2,2,10,5,18,6,1024,25088,593,65101,76,32768,6,824,888,0,0,64,65296,0,0,9488,3728,2,5504,3584,0,76,12,65379,880,6080,33024,0,960,64,0,0,0,736,58508,0,16384,2,26624
1414,1100,0,0,0,2,2,10,5,18,6,58368,1792,587,65495,76,8192,10,235,895,0,0,0,15648,0,0,15648,0,0,0,0,0,76,12,0,912,0,32768,0,0,64,0,0,0,589,16384,0,0,65532,26688
1415,1000,0,0,0,2,2,10,5,18,6,21760,44800,582,65083,76,32768,6,826,886,0,0,64,124,0,0,9212,3708,2,5248,3200,0,76,12,65531,880,6080,33024,0,960,64,0,0,0,738,58444,0,16384,2,26624
1415,1100,0,0,0,2,2,10,5,18,6,12032,56832,584,65515,76,8192,10,238,894,0,0,0,16000,0,0,16000,0,0,0,0,0,76,12,0,912,0,32768,0,0,64,0,0,0,585,16384,0,0,65532,26688
1416,1000,0,0,0,2,2,10,5,18,6,39680,59904,571,65067,76,32768,6,828,884,0,0,64,507,0,0,8955,3707,2,4992,2816,0,76,12,147,880,6080,33024,0,960,64,0,0,0,740,58380,0,16384,2,26624
1416,1100,0,0,0,2,2,10,5,18,6,30464,51456,580,0,76,8192,10,240,894,0,0,0,16384,0,0,16384,0,0,0,0,0,76,12,0,912,0,32768,0,0,64,0,0,0,581,16384,0,0,10,26688
1417,1000,0,0,0,2,2,10,5,18,6,54784,5376,561,65051,76,32768,6,830,883,0,0,64,909,0,0,8717,3725,2,4736,2432,0,76,12,235,880,6592,33024,0,960,64,0,0,0,742,58316,0,16384,2,26624
1417,1100,0,0,0,2,2,10,5,18,6,47872,51456,590,0,76,8192,10,242,894,0,0,0,16384,0,0,16384,0,0,0,0,0,76,12,0,912,0,32768,0,0,64,0,0,0,591,16384,0,0,65532,26688
1418,1000,0,0,0,2,2,10,5,18,6,1792,12288,551,65038,76,32768,6,833,881,0,0,64,1322,0,0,8490,3754,2,4480,2048,0,76,12,323,880,6592,33024,0,960,64,0,0,0,744,58252,0,16384,2,26624
1418,1100,0,0,0,2,2,10,5,18,6,2304,51456,586,0,76,8192,10,245,894,0,0,0,16384,0,0,16384,0,0,0,0,0,76,12,0,912,0,32768,0,0,64,0,0,0,587,16384,0,0,65532,26688
1419,1000,0,0,0,2,2,10,5,18,6,11776,15872,542,65024,76,32768,6,835,879,0,0,64,1746,0,0,8274,3794,2,4224,1664,0,76,12,411,880,6592,33024,0,960,64,0,0,0,746,58188,0,16384,2,26624
1419,1100,0,0,0,2,2,10,5,18,6,21248,51456,582,0,76,8192,10,247,894,0,0,0,16384,0,0,16384,0,0,0,0,0,76,12,0,912,0,32768,0,0,64,0,0,0,583,16384,0,0,10,26688
1420,1000,0,0,0,2,2,10,5,18,6,19456,15872,533,65012,76,32768,6,837,877,0,0,64,2181,0,0,8069,3845,2,3968,1280,0,76,12,499,880,6592,33024,0,960,64,0,0,0,748,58124,0,16384,2,26624
1420,1100,0,0,0,2,2,10,5,18,6,39168,51456,592,0,76,8192,10,249,894,0,0,0,16384,0,0,16384,0,0,0,0,0,76,12,0,912,0,32768,0,0,64,0,0,0,593,16384,0,0,65532,26688
1421,1000,0,0,0,2,2,10,5,18,6,24832,12800,524,65000,76,32768,6,839,875,0,0,64,2627,0,0,7875,3907,2,3712,896,0,76,12,587,880,6592,33024,0,960,64,0,0,0,750,58060,0,16384,2,26624
1421,1100,0,0,0,2,2,10,5,18,6,59648,51456,588,0,76,8192,10,251,894,0,0,0,16384,0,0,16384,0,0,0,0,0,76,12,0,912,0,32768,0,0,64,0,0,0,589,16384,0,0,65532,26688
1422,1000,0,0,0,2,2,10,5,18,6,27904,6656,515,64989,76,32768,6,841,873,0,0,64,3084,0,0,7692,3980,2,3456,512,0,76,12,675,880,6592,33024,0,960,64,0,0,0,752,57996,0,16384,2,26624
1422,1100,0,0,0,2,2,10,5,18,6,13568,51456,584,0,76,8192,10,254,894,0,0,0,16384,0,0,16384,0,0,0,0,0,76,12,0,912,0,32768,0,0,64,0,0,0,585,16384,0,0,65532,26688
1423,1000,0,0,0,2,2,10,5,18,6,28672,63232,506,64978,76,32768,6,843,870,0,0,64,3552,0,0,7520,4064,2,3200,128,0,76,12,763,880,6592,33024,0,960,64,0,0,0,754,57932,0,16384,2,26624
1423,1100,0,0,0,2,2,10,5,18,6,32000,51456,580,0,76,8192,10,256,894,0,0,0,16384,0,0,16384,0,0,0,0,0,76,12,0,912,0,32768,0,0,64,0,0,0,581,11776,0,0,10,26688
1424,1000,0,0,0,2,2,10,5,18,6,27136,51456,499,64969,76,32768,6,845,868,0,0,64,4031,0,0,7359,4159,2,2944,65280,0,76,12,851,880,6592,33024,0,960,64,0,0,0,756,57868,0,16384,2,26624
1424,1100,0,0,0,2,2,10,5,18,6,49408,51456,590,65517,76,8192,10,258,894,0,0,0,16032,0,0,16032,0,0,0,0,0,76,12,0,912,0,32768,0,0,64,0,0,0,591,11776,0,0,65532,26688
1425,1000,0,0,0,2,2,10,5,18,6,23808,37376,491,64959,76,32768,6,847,866,0,0,64,4521,0,0,7209,4265,2,2656,0,0,76,12,723,880,7104,32768,0,960,64,0,0,0,758,58381,0,16384,2,26624
1425,1100,0,0,0,2,2,10,5,18,6,3840,46592,585,65497,76,8192,10,261,894,0,0,0,15680,0,0,15680,0,0,0,0,0,76,12,0,912,0,32768,0,0,64,0,0,0,587,11776,0,0,65532,26688
1426,1000,0,0,0,2,2,10,5,18,6,18432,20736,484,64951,76,32768,6,849,864,0,0,64,4355,0,0,7011,4355,2,2368,0,0,76,12,595,880,7104,32768,0,960,64,0,0,0,760,58894,0,16384,2,26624
1426,1100,0,0,0,2,2,10,5,18,6,22528,36608,580,65478,76,8192,10,263,894,0,0,0,15328,0,0,15328,0,0,0,0,0,76,12,0,912,0,32768,0,0,64,0,0,0,583,11776,0,0,10,26688
1427,1000,0,0,0,2,2,10,5,18,6,11264,2048,474,64940,76,32768,6,851,862,0,0,64,4429,0,0,6797,4429,2,2080,0,0,76,12,467,880,7104,32768,0,960,64,0,0,0,762,59407,0,16384,2,26624
1427,1100,0,0,0,2,2,10,5,18,6,39936,21760,587,65457,76,8192,10,265,894,0,0,0,14976,0,0,14976,0,0,0,0,0,76,12,0,912,0,32768,0,0,64,0,0,0,593,11776,0,0,65532,26688
1428,1000,0,0,0,2,2,10,5,18,6,1536,46080,463,64929,76,32768,6,853,859,0,0,64,4487,0,0,6567,4487,2,1792,0,0,76,12,339,880,7104,32768,0,960,64,0,0,0,764,59920,0,16384,2,26624
1428,1100,0,0,0,2,2,10,5,18,6,59136,1536,580,65438,76,8192,10,267,894,0,0,0,14624,0,0,14624,0,0,0,0,0,76,12,0,912,0,32768,0,0,64,0,0,0,589,11776,0,0,65532,26688
1429,1000,0,0,0,2,2,10,5,18,6,54528,21760,451,64917,76,32768,6,854,857,0,0,64,4529,0,0,6321,4529,2,1504,0,0,76,12,211,880,7104,32768,0,960,64,0,0,0,766,60433,0,16384,2,26624
1429,1100,0,0,0,2,2,10,5,18,6,11008,41984,573,65419,76,8192,10,270,893,0,0,0,14272,0,0,14272,0,0,0,0,0,76,12,0,912,0,32768,0,0,64,0,0,0,585,11776,0,0,65532,26688
1430,1000,0,0,0,2,2,10,5,18,6,38912,59904,437,64905,76,32768,6,856,854,0,0,64,4555,0,0,6059,4555,2,1216,0,0,76,12,83,880,7104,32768,0,960,64,0,0,0,768,60946,0,16384,0,26624
1430,1100,0,0,0,2,2,10,5,18,6,26624,12032,564,65401,76,8192,10,272,893,0,0,0,13920,0,0,13920,0,0,0,0,0,76,12,0,912,0,32768,0,0,64,0,0,0,581,11264,0,0,10,26688
1431,1000,0,0,0,2,2,10,5,18,6,19712,29440,421,64894,76,32768,6,858,852,0,0,64,4565,0,0,5781,4565,2,928,0,0,76,12,0,880,7104,32768,0,960,64,0,0,0,768,61459,0,49152,0,26624
1431,1100,0,0,0,2,2,10,5,18,6,39936,43008,569,65379,76,8192,10,274,892,0,0,0,13568,0,0,13568,0,0,0,0,0,76,12,0,912,0,32768,0,0,64,0,0,0,591,11264,0,0,65532,26688
1432,1000,0,0,0,2,2,10,5,18,6,61952,61696,404,64883,76,32768,6,859,849,0,0,64,4565,0,0,5493,4565,2,640,0,0,76,12,0,880,7104,32768,0,960,64,0,0,0,769,61972,0,16384,0,26624
1432,1100,0,0,0,2,2,10,5,18,6,54528,2816,560,65361,76,8192,10,276,892,0,0,0,13216,0,0,13216,0,0,0,0,0,76,12,0,912,0,32768,0,0,64,0,0,0,587,11264,0,0,65532,26688
1433,1000,0,0,0,2,2,10,5,18,6,34304,25600,386,64872,76,32768,6,861,847,0,0,64,4565,0,0,5205,4565,2,352,0,0,76,12,0,880,7616,32768,0,960,64,0,0,0,769,62485,0,49152,0,26624
1433,1100,0,0,0,2,2,10,5,18,6,1280,23552,550,65343,76,8192,10,279,891,0,0,0,12864,0,0,12864,0,0,0,0,0,76,12,0,912,0,32768,0,0,64,0,0,0,583,11264,0,0,10,26688
1434,1000,0,0,0,2,2,10,5,18,6,2048,52224,368,64860,76,32768,6,863,844,0,0,64,4565,0,0,4917,4565,2,64,0,0,76,12,0,880,7616,32768,0,960,64,0,0,0,770,62998,0,16384,0,26624
1434,1100,0,0,0,2,2,10,5,18,6,11008,39680,552,65321,76,8192,10,281,890,0,0,0,12512,0,0,12512,0,0,0,0,0,76,12,0,912,0,32768,0,0,64,0,0,0,593,11264,0,0,65532,26688
1435,1000,0,0,0,2,2,10,5,18,6,30720,10240,349,64850,76,32768,6,864,842,0,0,64,4565,0,0,4629,4565,0,64,0,0,76,12,0,880,7616,32768,0,960,64,0,0,0,770,63511,0,49152,0,26624
1435,1100,0,0,0,2,2,10,5,18,6,21248,50176,541,65304,76,8192,10,283,889,0,0,0,12160,0,0,12160,0,0,0,0,0,76,12,0,912,0,32768,0,0,64,0,0,0,589,11264,0,0,65532,26688
1436,1000,0,0,0,2,2,10,5,18,6,54528,31232,331,64840,76,32768,6,865,839,0,0,64,4565,0,0,4629,4565,0,64,0,0,76,12,0,880,7616,32768,0,960,64,0,0,0,771,0,0,16384,0,26624
1436,1100,0,0,0,2,2,10,5,18,6,28672,56320,529,65288,76,8192,10,285,888,0,0,0,11808,0,0,11808,0,0,0,0,0,76,12,0,912,0,32768,0,0,64,0,0,0,585,11264,0,0,65532,26688
1437,1000,0,0,0,2,2,10,5,18,6,8192,49664,331,64840,76,32768,6,867,836,0,0,64,4565,0,0,4629,4565,0,64,0,0,76,12,0,880,7616,32768,0,960,64,0,0,0,771,0,0,49152,0,26624
1437,1100,0,0,0,2,2,10,5,18,6,33024,58368,517,65272,76,8192,10,287,887,0,0,0,11456,0,0,11456,0,0,0,0,0,76,12,0,912,0,32768,0,0,64,0,0,0,581,11264,0,0,10,26688
1438,1000,512,0,0,2,2,10,5,18,6,27392,2560,331,64839,76,32768,6,868,834,0,0,64,4565,0,0,4629,4565,0,64,0,0,76,12,65448,880,7616,33282,0,960,64,0,0,0,772,0,0,16384,0,26624
1438,1100,512,0,0,2,2,10,5,18,6,34304,56320,521,65258,26,8192,10,289,886,0,0,0,11264,0,0,11264,0,0,0,0,0,26,12,0,912,0,32768,0,0,64,0,0,0,591,10752,0,0,65532,26688
1439,1000,0,0,0,2,2,10,5,18,6,46592,20736,331,64839,76,32768,6,869,831,0,0,64,4554,0,0,4618,4554,0,64,0,0,76,12,65360,880,7616,512,0,960,64,0,0,0,772,0,0,49152,65526,26624
1439,1100,0,0,0,2,2,10,5,18,6,36608,50688,503,65235,26,8192,10,291,885,0,0,0,10752,0,0,10752,0,0,0,0,0,26,12,0,912,0,32768,0,0,64,0,0,0,587,10752,0,0,65532,26688
1440,1000,0,0,0,2,2,10,5,18,6,256,38912,326,64847,76,32768,6,871,828,0,0,64,4532,0,0,4596,4532,0,64,0,0,76,12,65272,880,7616,512,0,960,64,0,0,0,763,0,0,16384,65528,26624
1440,1100,0,0,0,2,2,10,5,18,6,34304,39168,500,65237,26,8192,10,293,884,0,0,0,10752,0,0,10752,0,0,0,0,0,26,12,0,912,0,32768,0,0,64,0,0,0,583,10752,0,0,10,26688
1441,1000,0,0,0,2,2,10,5,18,6,18176,59136,322,64853,76,32768,6,872,825,0,0,64,4499,0,0,4563,4499,0,64,0,0,76,12,65184,880,6976,512,0,960,64,0,0,0,755,0,0,49152,65528,26624
1441,1100,0,0,0,2,2,10,5,18,6,31232,28160,508,65232,26,8192,10,295,883,0,0,0,10752,0,0,10752,0,0,0,0,0,26,12,0,912,0,32768,0,0,64,0,0,0,593,10752,0,0,65532,26688
1442,1000,0,0,0,2,2,10,5,18,6,35072,15360,316,64859,76,32768,6,873,823,0,0,64,4455,0,0,4519,4455,0,64,0,0,76,12,65096,880,6976,512,0,960,64,0,0,0,748,0,0,16384,65528,26624
1442,1100,0,0,0,2,2,10,5,18,6,30208,15872,505,65234,76,8192,10,297,882,0,0,0,10752,0,0,10752,0,0,0,0,0,76,12,0,912,0,32768,0,0,64,0,0,0,589,10752,0,0,65532,26688
1443,1000,0,0,0,2,2,10,5,18,6,50432,38656,310,64865,76,32768,6,874,820,0,0,64,4400,0,0,4464,4400,0,64,0,0,76,12,65008,880,6976,512,0,960,64,0,0,0,740,0,0,49152,65528,26624
1443,1100,0,0,0,2,2,10,5,18,6,28416,4096,501,65236,76,8192,10,299,881,0,0,0,10752,0,0,10752,0,0,0,0,0,76,12,0,912,0,32768,0,0,64,0,0,0,585,10752,0,0,65532,26688
1444,1000,0,0,0,2,2,10,5,18,6,64256,63488,304,64870,76,32768,6,875,817,0,0,64,4334,0,0,4398,4334,0,64,0,0,76,12,64920,880,6976,512,0,960,64,0,0,0,733,0,0,16384,65528,26624
1444,1100,0,0,0,2,2,10,5,18,6,25600,58368,498,65238,76,8192,10,301,879,0,0,0,10752,0,0,10752,0,0,0,0,0,76,12,0,912,0,32768,0,0,64,0,0,0,581,11776,0,0,10,26688
1445,1000,0,0,0,2,2,10,5,18,6,11008,24064,296,64875,76,32768,6,877,815,0,0,64,4257,0,0,4321,4257,0,64,0,0,76,12,64832,880,6976,512,0,960,64,0,0,0,725,0,0,49152,65528,26624
1445,1100,0,0,0,2,2,10,5,18,6,22016,47616,516,65250,76,8192,10,303,878,0,0,0,11104,0,0,11104,0,0,0,0,0,76,12,0,912,0,32768,0,0,64,0,0,0,591,11776,0,0,65532,26688
1446,1000,0,0,0,2,2,10,5,18,6,21248,51456,289,64879,76,32768,6,878,812,0,0,64,4169,0,0,4233,4169,0,64,0,0,76,12,64744,880,6976,512,0,960,64,0,0,0,718,0,0,16384,65528,26624
1446,1100,0,0,0,2,2,10,5,18,6,23040,39936,522,65269,76,8192,10,305,877,0,0,0,11456,0,0,11456,0,0,0,0,0,76,12,0,912,0,32768,0,0,64,0,0,0,587,11264,0,0,65532,26688
1447,1000,0,0,0,2,2,10,5,18,6,29696,14336,280,64884,76,32768,6,879,810,0,0,64,4070,0,0,4134,4070,2,64,0,0,76,12,64656,880,6976,512,0,960,64,0,0,0,710,0,0,49152,65528,26624
1447,1100,0,0,0,2,2,10,5,18,6,25600,37120,514,65262,76,8192,10,307,876,0,0,0,11264,0,0,11264,0,0,0,0,0,76,12,0,912,0,32768,0,0,64,0,0,0,583,11264,0,0,10,26688
1448,1000,0,0,0,2,2,10,5,18,6,35840,44032,271,64888,76,32768,6,880,807,0,0,64,3960,0,0,4024,3960,0,64,0,0,76,12,64568,880,6976,512,0,960,64,0,0,0,703,65023,0,16384,65528,26624
1448,1100,0,0,0,2,2,10,5,18,6,26112,32512,522,65257,76,8192,10,309,875,0,0,0,11264,0,0,11264,0,0,0,0,0,76,12,0,912,0,32768,0,0,64,0,0,0,593,11264,0,0,65532,26688
1449,1000,0,0,0,2,2,10,5,18,6,39680,9216,261,64892,76,32768,6,881,805,0,0,64,3839,0,0,3903,3839,2,64,0,0,76,12,64480,880,6336,512,0,960,64,0,0,0,695,0,0,49152,65528,26624
1449,1100,0,0,0,2,2,10,5,18,6,28672,26624,519,65259,76,8192,10,311,874,0,0,0,11264,0,0,11264,0,0,0,0,0,76,12,0,912,0,32768,0,0,64,0,0,0,589,11264,0,0,65532,26688
1450,1000,0,0,0,2,2,10,5,18,6,40960,40960,251,64896,76,32768,6,882,802,0,0,64,3707,0,0,3771,3707,0,64,0,0,76,12,64392,880,6336,512,0,960,64,0,0,0,688,65023,0,16384,65528,26624
1450,1100,0,0,0,2,2,10,5,18,6,30464,21248,515,65261,76,8192,10,313,873,0,0,0,11264,0,0,11264,0,0,0,0,0,76,12,0,912,0,32768,0,0,64,0,0,0,585,11264,0,0,65532,26688
1451,1000,0,0,0,2,2,10,5,18,6,39680,8192,240,64900,76,32768,6,883,800,0,0,64,3564,0,0,3628,3564,2,64,0,0,76,12,64304,880,6336,512,0,960,64,0,0,0,680,0,0,49152,65528,26624
1451,1100,0,0,0,2,2,10,5,18,6,31232,16384,512,65263,76,8192,10,315,872,0,0,0,11264,0,0,11264,0,0,0,0,0,76,12,0,912,0,32768,0,0,64,0,0,0,581,11264,0,0,10,26688
1452,1000,0,0,0,2,2,10,5,18,6,35584,41984,229,64904,76,32768,6,884,797,0,0,64,3410,0,0,3474,3410,0,64,0,0,76,12,64216,880,6336,512,0,960,64,0,0,0,673,65023,0,16384,65528,26624
1452,1100,0,0,0,2,2,10,5,18,6,31232,12032,521,65258,76,8192,10,317,871,0,0,0,11264,0,0,11264,0,0,0,0,0,76,12,0,912,0,32768,0,0,64,0,0,0,591,11264,0,0,65532,26688
1453,1000,0,0,0,2,2,10,5,18,6,28672,11264,217,64908,76,32768,6,885,795,0,0,64,3245,0,0,3309,3245,2,64,0,0,76,12,64128,880,6336,512,0,960,64,0,0,0,665,0,0,49152,65528,26624
1453,1100,0,0,0,2,2,10,5,18,6,33536,6400,517,65260,76,8192,10,319,870,0,0,0,11264,0,0,11264,0,0,0,0,0,76,12,0,912,0,32768,0,0,64,0,0,0,587,11264,0,0,65532,26688
1454,1000,0,0,0,2,2,10,5,18,6,18688,47104,205,64911,76,32768,6,886,792,0,0,64,3069,0,0,3133,3069,0,64,0,0,76,12,64040,880,6336,512,0,960,64,0,0,0,658,65023,0,16384,65528,26624
1454,1100,0,0,0,2,2,10,5,18,6,34816,1280,514,65262,76,8192,10,321,869,0,0,0,11264,0,0,11264,0,0,0,0,0,76,12,0,912,0,32768,0,0,64,0,0,0,583,10752,0,0,10,26688
1455,1000,0,0,0,2,2,10,5,18,6,5632,18176,192,64916,76,32768,6,887,790,0,0,64,2882,0,0,2946,2882,2,64,0,0,76,12,63952,880,6336,33280,0,960,64,0,0,0,650,0,0,49152,4,26624
1455,1100,0,0,0,2,2,10,5,18,6,35328,62208,508,65232,76,8192,10,323,867,0,0,0,10752,0,0,10752,0,0,0,0,0,76,12,0,912,0,32768,0,0,64,0,0,0,593,10752,0,0,65532,26688
1456,1000,0,0,0,2,2,10,5,18,6,54784,56064,182,64908,76,32768,6,887,787,0,0,64,2684,0,0,2748,2684,0,64,0,0,76,12,64080,880,6336,32768,0,960,64,0,0,0,654,65023,0,49152,4,26624
1456,1100,0,0,0,2,2,10,5,18,6,34304,49920,505,65234,76,8192,10,325,866,0,0,0,10752,0,0,10752,0,0,0,0,0,76,12,0,912,0,32768,0,0,64,0,0,0,589,10752,0,0,65532,26688
1457,1000,0,0,0,2,2,10,5,18,6,35840,26368,171,64901,76,32768,6,888,785,0,0,64,2502,0,0,2566,2502,2,64,0,0,76,12,64208,880,6848,32768,0,960,64,0,0,0,658,0,0,49152,4,26624
1457,1100,0,0,0,2,2,10,5,18,6,32512,38144,501,65236,76,8192,10,327,865,0,0,0,10752,0,0,10752,0,0,0,0,0,76,12,0,912,0,32768,0,0,64,0,0,0,585,10752,0,0,65532,26688
1458,1000,0,0,0,2,2,10,5,18,6,14080,60416,161,64894,76,32768,6,889,782,0,0,64,2336,0,0,2400,2336,0,64,0,0,76,12,64336,880,6848,32768,0,960,64,0,0,0,662,65023,0,49152,4,26624
1458,1100,0,0,0,2,2,10,5,18,6,29696,26880,498,65238,76,8192,10,329,864,0,0,0,10752,0,0,10752,0,0,0,0,0,76,12,0,912,0,32768,0,0,64,0,0,0,581,10752,0,0,10,26688
1459,1000,0,0,0,2,2,10,5,18,6,55296,27136,151,64888,76,32768,6,889,780,0,0,64,2186,0,0,2250,2186,2,64,0,0,76,12,64464,880,6848,32768,0,960,64,0,0,0,666,0,0,49152,4,26624
1459,1100,0,0,0,2,2,10,5,18,6,26112,16128,506,65233,76,8192,10,331,863,0,0,0,10752,0,0,10752,0,0,0,0,0,76,12,0,912,0,32768,0,0,64,0,0,0,591,11776,0,0,65532,26688
1460,1000,0,0,0,2,2,10,5,18,6,28416,57856,143,64882,76,32768,6,890,777,0,0,64,2052,0,0,2116,2052,0,64,0,0,76,12,64592,880,6848,32768,0,960,64,0,0,0,670,65023,0,49152,4,26624
1460,1100,0,0,0,2,2,10,5,18,6,24576,4096,513,65252,76,8192,10,333,862,0,0,0,11104,0,0,11104,0,0,0,0,0,76,12,0,912,0,32768,0,0,64,0,0,0,587,11776,0,0,65532,26688
1461,1000,0,0,0,2,2,10,5,18,6,65024,21504,135,64876,76,32768,6,890,775,0,0,64,1934,0,0,1998,1934,2,64,0,0,76,12,64720,880,6848,32768,0,960,64,0,0,0,674,0,0,49152,4,26624
1461,1100,0,0,0,2,2,10,5,18,6,24832,62464,519,65271,76,8192,10,335,860,0,0,0,11456,0,0,11456,0,0,0,0,0,76,12,0,912,0,32768,0,0,64,0,0,0,583,11776,0,0,10,26688
1462,1000,0,0,0,2,2,10,5,18,6,34048,49152,129,64871,76,32768,6,891,772,0,0,64,1832,0,0,1896,1832,0,64,0,0,76,12,64848,880,6848,32768,0,960,64,0,0,0,678,65023,0,49152,4,26624
1462,1100,0,0,0,2,2,10,5,18,6,26624,60160,536,65283,76,8192,10,337,859,0,0,0,11776,0,0,11776,0,0,0,0,0,76,12,0,912,0,32768,0,0,64,0,0,0,593,11264,0,0,65532,26688
1463,1000,0,0,0,2,2,10,5,18,6,1536,9984,123,64866,76,32768,6,892,770,0,0,64,1746,0,0,1810,1746,0,64,0,0,76,12,64976,880,6848,32768,0,960,64,0,0,0,682,0,0,49152,4,26624
1463,1100,0,0,0,2,2,10,5,18,6,32768,60928,519,65259,76,8192,10,339,858,0,0,0,11264,0,0,11264,0,0,0,0,0,76,12,0,912,0,32768,0,0,64,0,0,0,589,11264,0,0,65532,26688
1464,1000,0,0,0,2,2,10,5,18,6,33024,35072,118,64861,76,32768,6,892,767,0,0,64,1676,0,0,1740,1676,0,64,0,0,76,12,65104,880,6848,32768,0,960,64,0,0,0,686,0,0,49152,4,26624
1464,1100,0,0,0,2,2,10,5,18,6,34560,55552,515,65261,76,8192,10,341,857,0,0,0,11264,0,0,11264,0,0,0,0,0,76,12,0,912,0,32768,0,0,64,0,0,0,585,11264,0,0,65532,26688
1465,1000,0,0,0,2,2,10,5,18,6,63232,58880,114,64856,76,32768,6,892,764,0,0,64,1622,0,0,1686,1622,0,64,0,0,76,12,65232,880,7360,32768,0,960,64,0,0,0,690,0,0,49152,4,26624
1465,1100,0,0,0,2,2,10,5,18,6,35328,50688,512,65263,76,8192,10,343,856,0,0,0,11264,0,0,11264,0,0,0,0,0,76,12,0,912,0,32768,0,0,64,0,0,0,581,11264,0,0,10,26688
1466,1000,0,0,0,2,2,10,5,18,6,26880,15872,111,64851,76,32768,6,893,762,0,0,64,1584,0,0,1648,1584,0,64,0,0,76,12,65360,880,7360,32768,0,960,64,0,0,0,694,0,0,49152,4,26624
1466,1100,0,0,0,2,2,10,5,18,6,35328,46336,521,65258,26,8192,10,345,855,0,0,0,11264,0,0,11264,0,0,0,0,0,26,12,0,912,0,32768,0,0,64,0,0,0,591,11264,0,0,65532,26688
1467,1000,0,0,0,2,2,10,5,18,6,55296,37120,109,64847,76,32768,6,893,759,0,0,64,1562,0,0,1626,1562,0,64,0,0,76,12,65488,880,7360,32768,0,960,64,0,0,0,698,0,0,49152,4,26624
1467,1100,0,0,0,2,2,10,5,18,6,37632,40704,517,65260,26,8192,10,347,854,0,0,0,11264,0,0,11264,0,0,0,0,0,26,12,0,912,0,32768,0,0,64,0,0,0,587,11264,0,0,65532,26688
1468,1000,0,0,0,2,2,10,5,18,6,17664,57344,108,64843,76,32768,6,894,756,0,0,64,1556,0,0,1620,1556,0,64,0,0,76,12,0,880,7360,32768,0,960,64,0,0,0,702,0,0,49152,4,26624
1468,1100,0,0,0,2,2,10,5,18,6,38912,35584,514,65262,26,8192,10,349,853,0,0,0,11264,0,0,11264,0,0,0,0,0,26,12,0,912,0,32768,0,0,64,0,0,0,583,11264,0,0,10,26688
1469,1000,0,0,0,2,2,10,5,18,6,45312,11008,109,64839,76,32768,6,894,754,0,0,64,1556,0,0,1620,1556,0,64,0,0,76,12,0,880,7360,32768,0,960,64,0,0,0,706,0,0,49152,2,26624
1469,1100,0,0,0,2,2,10,5,18,6,39424,30976,522,65257,26,8192,10,351,852,0,0,0,11264,0,0,11264,0,0,0,0,0,26,12,0,912,0,32768,0,0,64,0,0,0,593,11264,0,0,65532,26688
1470,1000,0,0,0,2,2,10,5,18,6,7680,29184,109,64837,76,32768,6,895,751,0,0,64,1556,0,0,1620,1556,0,64,0,0,76,12,0,880,7360,32768,0,960,64,0,0,0,708,0,0,49152,2,26624
1470,1100,0,0,0,2,2,10,5,18,6,41984,25088,519,65259,76,8192,10,353,851,0,0,0,11264,0,0,11264,0,0,0,0,0,76,12,0,912,0,32768,0,0,64,0,0,0,589,17664,0,0,65532,26688
1471,1000,0,0,0,2,2,10,5,18,6,35584,46848,109,64835,76,32768,6,895,748,0,0,64,1556,0,0,1620,1556,0,64,0,0,76,12,0,880,7360,32768,0,960,64,0,0,0,710,0,0,49152,2,26624
1471,1100,0,0,0,2,2,10,5,18,6,43776,19712,524,65278,76,8192,10,355,850,0,0,0,11616,0,0,11616,0,0,0,0,0,76,12,0,912,0,32768,0,0,64,0,0,0,585,17664,0,0,65532,26688
1472,1000,0,0,0,2,2,10,5,18,6,63488,64000,110,64833,76,32768,6,895,745,0,0,64,1556,0,0,1620,1556,0,64,0,0,76,12,0,880,7360,32768,0,960,64,0,0,0,712,0,0,49152,2,26624
1472,1100,0,0,0,2,2,10,5,18,6,46848,19200,529,65298,76,8192,10,357,849,0,0,0,11968,0,0,11968,0,0,0,0,0,76,12,0,912,0,32768,0,0,64,0,0,0,581,17664,0,0,10,26688
1473,1000,0,0,0,2,2,10,5,18,6,26112,15104,110,64831,76,32768,6,896,743,0,0,64,1556,0,0,1620,1556,0,64,0,0,76,12,0,880,7872,32768,0,960,64,0,0,0,714,0,0,49152,2,26624
1473,1100,0,0,0,2,2,10,5,18,6,51200,23808,546,65312,76,8192,10,359,848,0,0,0,12320,0,0,12320,0,0,0,0,0,76,12,0,912,0,32768,0,0,64,0,0,0,591,17664,0,0,65532,26688
1474,1000,0,0,0,2,2,10,5,18,6,54272,31232,110,64829,76,32768,6,896,740,0,0,64,1556,0,0,1620,1556,0,64,0,0,76,12,0,880,7872,32768,0,960,64,0,0,0,716,0,0,49152,2,26624
1474,1100,0,0,0,2,2,10,5,18,6,59904,32000,550,65332,76,8192,10,361,847,0,0,0,12672,0,0,12672,0,0,0,0,0,76,12,0,912,0,32768,0,0,64,0,0,0,587,18432,0,0,65532,26688
1475,1000,0,0,0,2,2,10,5,18,6,16896,46848,111,64827,76,32768,6,897,737,0,0,64,1556,0,0,1620,1556,0,64,0,0,76,12,0,880,7872,32768,0,960,64,0,0,0,718,0,0,49152,2,26624
1475,1100,0,0,0,2,2,10,5,18,6,4096,45312,553,65352,76,8192,10,364,846,0,0,0,13024,0,0,13024,0,0,0,0,0,76,12,0,912,0,32768,0,0,64,0,0,0,583,18432,0,0,10,26688
1476,1000,0,0,0,2,2,10,5,18,6,45312,61952,111,64825,76,32768,6,897,734,0,0,64,1556,0,0,1620,1556,0,64,0,0,76,12,0,880,7872,32768,0,960,64,0,0,0,720,0,0,49152,2,26624
1476,1100,0,0,0,2,2,10,5,18,6,14592,63744,568,65368,76,8192,10,366,845,0,0,0,13376,0,0,13376,0,0,0,0,0,76,12,0,912,0,32768,0,0,64,0,0,0,593,18432,0,0,65532,26688
1477,1000,0,0,0,2,2,10,5,18,6,8192,11008,111,64823,76,32768,6,898,732,0,0,64,1556,0,0,1620,1556,0,64,0,0,76,12,0,880,7872,32768,0,960,64,0,0,0,722,0,0,49152,2,26624
1477,1100,0,0,0,2,2,10,5,18,6,28928,20736,570,65388,76,8192,10,368,845,0,0,0,13728,0,0,13728,0,0,0,0,0,76,12,0,912,0,32768,0,0,64,0,0,0,589,18688,0,0,65532,26688
1478,1000,512,0,0,2,2,10,5,18,6,36608,25088,111,64821,76,32768,6,898,729,0,0,64,1556,0,0,1620,1556,0,64,0,0,76,12,65448,880,7872,33282,0,960,64,0,0,0,724,0,0,49152,2,26624
1478,1100,512,0,0,2,2,10,5,18,6,43776,48384,570,65408,76,8192,10,370,844,0,0,0,14080,0,0,14080,0,0,0,0,0,76,12,0,912,0,32768,0,0,64,0,0,0,585,18688,0,0,65532,26688
1479,1000,0,0,0,2,2,10,5,18,6,65024,38656,112,64819,76,32768,6,898,726,0,0,64,1545,0,0,1609,1545,0,64,0,0,76,12,65360,880,7872,33280,0,960,64,0,0,0,726,0,0,49152,2,26624
1479,1100,0,0,0,2,2,10,5,18,6,58624,15616,570,65428,76,8192,10,372,844,0,0,0,14432,0,0,14432,0,0,0,0,0,76,12,0,912,0,32768,0,0,64,0,0,0,581,18688,0,0,10,26688
1480,1000,0,0,0,2,2,10,5,18,6,28160,51712,111,64817,76,32768,6,899,723,0,0,64,1523,0,0,1587,1523,0,64,0,0,76,12,65272,880,7872,33280,0,960,64,0,0,0,728,0,0,49152,2,26624
1480,1100,0,0,0,2,2,10,5,18,6,7936,53504,584,65446,76,8192,10,375,843,0,0,0,14784,0,0,14784,0,0,0,0,0,76,12,0,912,0,32768,0,0,64,0,0,0,591,18688,0,0,65532,26688
1481,1000,0,0,0,2,2,10,5,18,6,56576,64256,110,64815,76,32768,6,899,720,0,0,64,1490,0,0,1554,1490,0,64,0,0,76,12,65184,880,8384,33280,0,960,64,0,0,0,730,0,0,49152,2,26624
1481,1100,0,0,0,2,2,10,5,18,6,26368,30464,582,65466,18,10240,10,377,843,0,185,0,15136,0,2,15136,0,0,0,0,2,18,12,0,912,0,32768,0,0,64,0,32768,0,587,18688,0,0,0,26688
1482,1000,0,0,0,2,2,10,5,18,6,19200,10752,108,64813,76,32768,6,900,718,0,0,64,1446,0,0,1510,1446,0,64,0,0,76,12,65096,880,8384,33280,0,960,64,0,0,0,732,0,0,49152,2,26624
1482,1100,0,0,0,2,2,10,5,18,6,44288,12544,584,65486,18,10240,10,379,843,159,159,0,15488,0,2,15488,0,0,0,0,2,18,12,0,912,0,32768,0,0,64,0,32768,0,587,18688,0,0,0,26688
1483,1000,0,0,0,2,2,10,5,18,6,46848,22272,105,64810,76,32768,6,900,715,0,0,64,1391,0,0,1455,1391,0,64,0,0,76,12,65008,880,8384,33280,0,960,64,0,0,0,734,0,0,49152,2,26624
1483,1100,0,0,0,2,2,10,5,18,6,62720,65280,586,65506,18,10240,10,381,842,292,133,0,15840,0,2,15840,0,0,0,0,2,18,12,0,912,0,32768,0,0,64,0,32768,0,587,18688,0,0,0,26688
1484,1000,0,0,0,2,2,10,5,18,6,8192,33024,102,64808,76,32768,6,901,712,0,0,64,1325,0,0,1389,1325,0,64,0,0,76,12,64920,880,8384,33280,0,960,64,0,0,0,736,0,0,49152,2,26624
1484,1100,0,0,0,2,2,10,5,18,6,16128,57600,586,65526,76,10240,10,384,842,399,107,0,16192,0,2,16192,0,0,0,0,2,76,12,0,912,0,32768,0,0,64,0,32768,0,587,18688,0,0,0,26688
1485,1000,0,0,0,2,2,10,5,18,6,34304,43264,97,64805,76,32768,6,901,709,0,0,64,1248,0,0,1312,1248,0,64,0,0,76,12,64832,880,8384,33280,0,960,64,0,0,0,738,0,0,49152,2,26624
1485,1100,0,0,0,2,2,10,5,18,6,35072,55040,586,9,76,10240,10,386,842,480,81,0,16544,0,2,16544,0,0,0,0,2,76,12,0,912,0,32768,0,0,64,0,32768,0,587,18688,0,0,0,26688
1486,1000,0,0,0,2,2,10,5,18,6,59136,52736,92,64802,76,32768,6,901,706,0,0,64,1160,0,0,1224,1160,0,64,0,0,76,12,64744,880,8384,33280,0,960,64,0,0,0,740,0,0,49152,2,26624
1486,1100,0,0,0,2,2,10,5,18,6,54016,57344,586,29,76,10240,10,388,842,535,55,0,16896,0,2,16896,0,0,0,0,2,76,12,0,912,0,32768,0,0,64,0,32768,0,587,18688,0,0,0,26688
1487,1000,0,0,0,2,2,10,5,18,6,17152,61440,86,64799,76,32768,6,902,703,0,0,64,1061,0,0,1125,1061,2,64,0,0,76,12,64656,880,8384,33280,0,960,64,0,0,0,742,0,0,49152,2,26624
1487,1100,0,0,0,2,2,10,5,18,6,7424,64768,584,49,76,10240,10,391,842,564,29,0,17248,0,2,17248,0,0,0,0,2,76,12,0,912,0,32768,0,0,64,0,32768,0,587,18688,0,0,0,26688
1488,1000,0,0,0,2,2,10,5,18,6,39168,3840,80,64797,76,32768,6,902,701,0,0,64,951,0,0,1015,951,2,256,384,0,76,12,64568,880,8384,33280,0,960,64,0,0,0,744,65248,0,49152,2,26624
1488,1100,0,0,0,2,2,10,5,18,6,25856,11776,583,69,76,10240,10,393,843,567,3,0,17600,0,2,17600,0,0,0,0,2,76,12,0,912,0,32768,0,0,64,0,32768,0,587,18688,0,0,0,26688
1489,1000,0,0,0,2,2,10,5,18,6,59648,11264,72,64794,76,32768,6,902,698,0,0,64,446,0,0,1086,830,2,448,768,0,76,12,64480,880,8448,33280,0,960,64,0,0,0,746,64960,0,49152,2,26624
1489,1100,0,0,0,2,2,10,5,18,6,44032,29440,580,88,76,10240,10,395,843,544,65513,0,17952,0,2,17952,0,0,0,0,2,76,12,0,912,0,32768,0,0,64,0,32768,0,587,18688,0,0,0,26688
1490,1000,0,0,0,2,2,10,5,18,6,12544,17920,77,64793,76,32768,6,903,695,0,0,64,65466,0,0,1146,698,2,640,1152,0,76,12,64392,880,8448,33280,0,960,64,0,0,0,748,64672,0,49152,2,26624
1490,1100,0,0,0,2,2,10,5,18,6,61440,51968,577,108,76,10240,10,397,843,495,65487,0,18304,0,2,18304,0,0,0,0,2,76,12,0,912,0,32768,0,0,64,0,32768,0,587,18688,0,0,0,26688
1491,1000,0,0,0,2,2,10,5,18,6,32256,24320,82,64791,76,32768,6,903,692,0,0,64,64939,0,0,1195,555,2,832,1536,0,76,12,64304,880,8448,33280,0,960,64,0,0,0,750,64384,0,49152,2,26624
1491,1100,0,0,0,2,2,10,5,18,6,12544,14080,572,129,76,10240,10,400,844,420,65461,0,18688,0,2,18688,0,0,0,0,2,76,12,0,912,0,32768,0,0,64,0,32768,0,587,18944,0,0,0,26688
1492,1000,0,0,0,2,2,10,5,18,6,53248,30208,85,64789,76,32768,6,903,689,0,0,64,64401,0,0,1233,401,2,1024,1920,0,76,12,64216,880,8448,33280,0,960,64,0,0,0,752,64096,0,49152,2,26624
1492,1100,0,0,0,2,2,10,5,18,6,27904,47104,569,143,76,10240,10,402,844,319,65435,0,18944,0,2,18944,0,0,0,0,2,76,12,0,912,0,32768,0,0,64,0,32768,0,587,18944,0,0,0,26688
1493,1000,0,0,0,2,2,10,5,18,6,9472,35584,88,64788,76,32768,6,904,686,0,0,64,63852,0,0,1260,236,2,1216,2304,0,76,12,64128,880,8448,33280,0,960,64,0,0,0,754,63808,0,49152,2,26624
1493,1100,0,0,0,2,2,10,5,18,6,42496,18176,569,143,76,10240,10,404,845,192,65409,0,18944,0,2,18944,0,0,0,0,2,76,12,0,912,0,32768,0,0,64,0,32768,0,587,18944,0,0,0,26688
1494,1000,0,0,0,2,2,10,5,18,6,32000,40704,91,64786,76,32768,6,904,683,0,0,64,63292,0,0,1276,60,2,1408,2688,0,76,12,64040,880,8448,33280,0,960,64,0,0,0,756,63520,0,49152,2,26624
1494,1100,0,0,0,2,2,10,5,18,6,57088,54784,569,143,76,10240,10,406,845,39,65383,0,18944,0,2,18944,0,0,0,0,2,76,12,0,912,0,32768,0,0,64,0,32768,0,587,18944,0,0,0,26688
1495,1000,0,0,0,2,2,10,5,18,6,55296,45312,92,64784,76,32768,6,904,680,0,0,64,62721,0,0,1281,65409,2,1600,3072,0,76,12,63952,880,8448,33280,0,960,64,0,0,0,758,63232,0,49152,2,26624
1495,1100,0,0,0,2,2,10,5,18,6,6144,25856,569,143,76,10240,10,409,846,0,0,0,18944,0,0,18944,0,0,0,0,0,76,12,0,912,0,32768,0,0,64,0,0,0,587,18944,0,0,65532,26688
1496,1000,0,0,0,2,2,10,5,18,6,13312,49408,93,64782,76,32768,6,905,677,0,0,64,62139,0,0,1275,65211,2,1312,2688,0,76,12,64080,880,8448,32768,0,960,64,0,0,0,760,63745,0,49152,2,26624
1496,1100,0,0,0,2,2,10,5,18,6,20736,62464,565,142,76,8192,10,411,846,0,0,0,18944,0,0,18944,0,0,0,0,0,76,12,0,912,0,32768,0,0,64,0,0,0,583,18944,0,0,10,26688
1497,1000,0,0,0,2,2,10,5,18,6,37120,52992,92,64780,76,32768,6,905,674,0,0,64,62341,0,0,805,65029,2,1024,2304,0,76,12,64208,880,8512,32768,0,960,64,0,0,0,762,64258,0,49152,2,26624
1497,1100,0,0,0,2,2,10,5,18,6,34304,33280,575,145,76,8192,10,413,847,0,0,0,18944,0,0,18944,0,0,0,0,0,76,12,0,912,0,32768,0,0,64,0,0,0,593,18944,0,0,65532,26688
1498,1000,0,0,0,2,2,10,5,18,6,60672,56064,58,64775,76,32768,6,905,671,0,0,64,62559,0,0,351,64863,2,736,1920,0,76,12,64336,880,8512,32768,0,960,64,0,0,0,764,64771,0,49152,2,26624
1498,1100,0,0,0,2,2,10,5,18,6,50432,4864,571,144,76,8192,10,415,848,0,0,0,18944,0,0,18944,0,0,0,0,0,76,12,0,912,0,32768,0,0,64,0,0,0,589,17920,0,0,65532,26688
1499,1000,0,0,0,2,2,10,5,18,6,9984,57856,25,64771,76,32768,6,906,668,0,0,64,62793,0,0,65449,64713,2,448,1536,0,76,12,64464,880,8512,32768,0,960,64,0,0,0,766,65284,0,49152,2,26624
1499,1100,0,0,0,2,2,10,5,18,6,0,41728,572,123,76,8192,10,418,848,0,0,0,18592,0,0,18592,0,0,0,0,0,76,12,0,912,0,32768,0,0,64,0,0,0,585,18176,0,0,65532,26688
1500,1000,0,0,0,2,2,10,5,18,6,16384,58624,65529,64769,76,32768,6,906,665,0,0,64,63043,0,0,65027,64579,2,160,1152,0,76,12,64592,880,8512,32768,0,960,64,0,0,0,768,261,0,49152,0,26624
1500,1100,0,0,0,2,2,10,5,18,6,15360,7680,572,100,76,8192,10,420,849,0,0,0,18176,0,0,18176,0,0,0,0,0,76,12,0,912,0,32768,0,0,64,0,0,0,581,18176,0,0,10,26688
1501,1000,0,0,0,2,2,10,5,18,6,14592,58880,65498,64768,76,32768,6,906,662,0,0,64,63309,0,0,64621,64461,0,160,768,0,76,12,64720,880,8512,32768,0,960,64,0,0,0,769,65284,0,16384,0,26624
1501,1100,0,0,0,2,2,10,5,18,6,30720,33280,582,102,76,8192,10,422,849,0,0,0,18176,0,0,18176,0,0,0,0,0,76,12,0,912,0,32768,0,0,64,0,0,0,591,18176,0,0,65532,26688
1502,1000,0,0,0,2,2,10,5,18,6,4864,58880,65468,64770,76,32768,6,906,659,0,0,64,63591,0,0,64519,64359,2,160,768,0,76,12,64848,880,8512,32768,0,960,64,0,0,0,769,0,0,49152,0,26624
1502,1100,0,0,0,2,2,10,5,18,6,48640,59392,578,101,76,8192,10,424,849,0,0,0,18176,0,0,18176,0,0,0,0,0,76,12,0,912,0,32768,0,0,64,0,0,0,587,18176,0,0,65532,26688
1503,1000,0,0,0,2,2,10,5,18,6,52992,59392,65461,64770,76,32768,6,905,656,0,0,64,63505,0,0,64433,64273,0,160,384,0,76,12,64976,880,8512,32768,0,960,64,0,0,0,770,65023,0,16384,0,26624
1503,1100,0,0,0,2,2,10,5,18,6,0,19712,574,100,76,8192,10,427,850,0,0,0,18176,0,0,18176,0,0,0,0,0,76,12,0,912,0,32768,0,0,64,0,0,0,583,18176,0,0,10,26688
1504,1000,0,0,0,2,2,10,5,18,6,33792,59904,65454,64771,76,32768,6,905,653,0,0,64,63819,0,0,64363,64203,0,160,0,0,76,12,65104,880,8512,32768,0,960,64,0,0,0,770,0,0,49152,0,26624
1504,1100,0,0,0,2,2,10,5,18,6,15872,45312,584,102,76,8192,10,429,850,0,0,0,18176,0,0,18176,0,0,0,0,0,76,12,0,912,0,32768,0,0,64,0,0,0,593,18176,0,0,65532,26688
1505,1000,0,0,0,2,2,10,5,18,6,12800,60672,65449,64770,76,32768,6,905,650,0,0,64,64149,0,0,64309,64149,0,160,0,0,76,12,65232,880,8576,32768,0,960,64,0,0,0,771,0,0,16384,0,26624
1505,1100,0,0,0,2,2,10,5,18,6,34304,5888,580,101,76,8192,10,431,851,0,0,0,18176,0,0,18176,0,0,0,0,0,76,12,0,912,0,32768,0,0,64,0,0,0,589,18176,0,0,65532,26688
1506,1000,0,0,0,2,2,10,5,18,6,56064,61184,65445,64771,76,32768,6,904,647,0,0,64,64111,0,0,64271,64111,0,160,0,0,76,12,65360,880,8576,32768,0,960,64,0,0,0,771,0,0,49152,0,26624
1506,1100,0,0,0,2,2,10,5,18,6,51712,31744,576,101,94,8192,10,433,851,0,0,0,18176,0,0,18176,0,0,0,0,0,94,30,0,912,0,32768,0,0,64,0,0,0,585,18432,0,0,65532,26688
1507,1000,0,0,0,2,2,10,5,18,6,32768,61952,65442,64770,76,32768,6,904,644,0,0,64,64089,0,0,64249,64089,0,160,0,0,76,12,65488,880,8576,32768,0,960,64,0,0,0,772,0,0,16384,0,26624
1507,1100,0,0,0,2,2,10,5,18,6,2560,57600,569,114,94,8192,10,436,851,0,0,0,18432,0,0,18432,0,0,0,0,0,94,30,0,912,0,32768,0,0,64,0,0,0,581,18432,0,0,10,26688
1508,1000,0,0,0,2,2,10,5,18,6,8704,62464,65441,64770,76,32768,6,904,641,0,0,64,64083,0,0,64243,64083,0,160,0,0,76,12,0,880,8576,32768,0,960,64,0,0,0,772,0,0,49152,0,26624
1508,1100,0,0,0,2,2,10,5,18,6,17152,21248,579,116,94,8192,10,438,852,0,0,0,18432,0,0,18432,0,0,0,0,0,94,30,0,912,0,32768,0,0,64,0,0,0,591,18432,0,0,65532,26688
1509,1000,0,0,0,2,2,10,5,18,6,49920,62976,65440,64769,76,32768,6,903,638,0,0,64,64083,0,0,64243,64083,0,160,0,0,76,12,0,880,8576,32768,0,960,64,0,0,0,773,0,0,16384,0,26624
1509,1100,0,0,0,2,2,10,5,18,6,34304,50944,575,115,94,8192,10,440,852,0,0,0,18432,0,0,18432,0,0,0,0,0,94,30,0,912,0,32768,0,0,64,0,0,0,587,18432,0,0,65532,26688
1510,1000,0,0,0,2,2,10,5,18,6,25344,63232,65440,64769,76,32768,6,903,635,0,0,64,64083,0,0,64243,64083,0,160,0,0,76,12,0,880,8576,32768,0,960,64,0,0,0,773,0,0,49152,0,26624
1510,1100,0,0,0,2,2,10,5,18,6,50432,14848,571,114,94,8192,10,442,853,0,0,0,18432,0,0,18432,0,0,0,0,0,94,30,0,912,0,32768,0,0,64,0,0,0,583,18432,0,0,10,26688
1511,1000,0,0,0,2,2,10,5,18,6,768,63488,65440,64768,76,32768,6,903,632,0,0,64,64083,0,0,64243,64083,0,160,0,0,76,12,0,880,8576,32768,0,960,64,0,0,0,774,0,0,16384,0,26624
1511,1100,0,0,0,2,2,10,5,18,6,0,44032,581,116,94,8192,10,445,853,0,0,0,18432,0,0,18432,0,0,0,0,0,94,30,0,912,0,32768,0,0,64,0,0,0,593,18432,0,0,65532,26688
1512,1000,0,0,0,2,2,10,5,18,6,41728,63488,65440,64768,76,32768,6,902,629,0,0,64,64083,0,0,64243,64083,0,160,0,0,76,12,0,880,8576,32768,0,960,64,0,0,0,774,0,0,49152,0,26624
1512,1100,0,0,0,2,2,10,5,18,6,17664,8192,577,115,94,8192,10,447,854,0,0,0,18432,0,0,18432,0,0,0,0,0,94,30,0,912,0,32768,0,0,64,0,0,0,589,18432,0,0,65532,26688
1513,1000,0,0,0,2,2,10,5,18,6,17152,63488,65440,64767,76,32768,6,902,626,0,0,64,64083,0,0,64243,64083,0,160,0,0,76,12,0,880,8640,32768,0,960,64,0,0,0,775,0,0,16384,0,26624
1513,1100,0,0,0,2,2,10,5,18,6,34304,37632,573,115,94,8192,10,449,854,0,0,0,18432,0,0,18432,0,0,0,0,0,94,30,0,912,0,32768,0,0,64,0,0,0,585,18688,0,0,65532,26688
1514,1000,0,0,0,2,2,10,5,18,6,58112,63232,65440,64767,76,32768,6,901,623,0,0,64,64083,0,0,64243,64083,0,160,0,0,76,12,0,880,8640,32768,0,960,64,0,0,0,775,0,0,49152,0,26624
1514,1100,0,0,0,2,2,10,5,18,6,49920,1536,566,128,94,8192,10,451,855,0,0,0,18688,0,0,18688,0,0,0,0,0,94,30,0,912,0,32768,0,0,64,0,0,0,581,18688,0,0,10,26688
1515,1000,0,0,0,2,2,10,5,18,6,33536,62976,65440,64766,76,32768,6,901,620,0,0,64,64083,0,0,64243,64083,0,160,0,0,76,12,0,880,8640,32768,0,960,64,0,0,0,776,0,0,16384,0,26624
1515,1100,0,0,0,2,2,10,5,18,6,63744,34304,576,130,94,8192,10,453,855,0,0,0,18688,0,0,18688,0,0,0,0,0,94,30,0,912,0,32768,0,0,64,0,0,0,591,18688,0,0,65532,26688
1516,1000,0,0,0,2,2,10,5,18,6,8960,62464,65440,64766,76,32768,6,901,617,0,0,64,64083,0,0,64243,64083,0,160,0,0,76,12,0,880,8640,32768,0,960,64,0,0,0,776,0,0,49152,0,26624
1516,1100,0,0,0,2,2,10,5,18,6,14592,2048,572,129,94,8192,10,456,856,0,0,0,18688,0,0,18688,0,0,0,0,0,94,30,0,912,0,32768,0,0,64,0,0,0,587,18688,0,0,65532,26688
1517,1000,0,0,0,2,2,10,5,18,6,49920,61952,65439,64765,76,32768,6,900,614,0,0,64,64083,0,0,64243,64083,0,160,0,0,76,12,0,880,8640,32768,0,960,64,0,0,0,777,0,0,16384,0,26624
1517,1100,0,0,0,2,2,10,5,18,6,29952,35072,568,128,94,8192,10,458,856,0,0,0,18688,0,0,18688,0,0,0,0,0,94,30,0,912,0,32768,0,0,64,0,0,0,583,18688,0,0,10,26688
1518,1000,0,0,0,2,2,10,5,18,6,25088,61184,65439,64765,76,32768,6,900,611,0,0,64,64083,0,0,64243,64083,0,160,0,0,76,12,0,880,8640,32768,0,960,64,0,0,0,777,0,0,49152,0,26624
1518,1100,0,0,0,2,2,10,5,18,6,44288,2304,578,130,94,8192,10,460,857,0,0,0,18688,0,0,18688,0,0,0,0,0,94,30,0,912,0,32768,0,0,64,0,0,0,593,18688,0,0,65532,26688
1519,1000,512,0,0,2,2,10,5,18,6,256,60416,65439,64764,76,32768,6,900,608,0,0,64,64083,0,0,64243,64083,0,160,0,0,76,12,65448,880,8640,33282,0,960,64,0,0,0,778,0,0,16384,0,26624
1519,1100,512,0,0,2,2,10,5,18,6,61184,35584,574,130,94,8192,10,462,857,0,0,0,18688,0,0,18688,0,0,0,0,0,94,30,0,912,0,32768,0,0,64,0,0,0,589,18688,0,0,65532,26688
1520,1000,0,0,0,2,2,10,5,18,6,40960,59392,65439,64764,76,32768,6,899,605,0,0,64,64072,0,0,64232,64072,0,160,0,0,76,12,65360,880,8640,33280,0,960,64,0,0,0,778,0,0,49152,0,26624
1520,1100,0,0,0,2,2,10,5,18,6,11520,3328,570,129,94,8192,10,465,858,0,0,0,18688,0,0,18688,0,0,0,0,0,94,30,0,912,0,32768,0,0,64,0,0,0,585,19968,0,0,65532,26688
1521,1000,0,0,0,2,2,10,5,18,6,16128,58368,65438,64764,76,32768,6,899,602,0,0,64,64050,0,0,64210,64050,0,160,0,0,76,12,65272,880,8704,33280,0,960,64,0,0,0,779,0,0,16384,0,26624
1521,1100,0,0,0,2,2,10,5,18,6,26368,36352,562,147,94,8192,10,467,858,0,0,0,19040,0,0,19040,0,0,0,0,0,94,30,0,912,0,32768,0,0,64,0,0,0,581,19968,0,0,10,26688
1522,1000,0,0,0,2,2,10,5,18,6,56576,57344,65437,64764,76,32768,6,898,599,0,0,64,64017,0,0,64177,64017,0,160,0,0,76,12,65184,880,8704,33280,0,960,64,0,0,0,779,0,0,49152,0,26624
1522,1100,0,0,0,2,2,10,5,18,6,39168,8448,566,169,94,8192,10,469,859,0,0,0,19392,0,0,19392,0,0,0,0,0,94,30,0,912,0,32768,0,0,64,0,0,0,591,19968,0,0,65532,26688
1523,1000,0,0,0,2,2,10,5,18,6,31232,56320,65434,64763,76,32768,6,898,596,0,0,64,63973,0,0,64133,63973,0,160,0,0,76,12,65096,880,8704,33280,0,960,64,0,0,0,780,0,0,16384,0,26624
1523,1100,0,0,0,2,2,10,5,18,6,52992,51712,556,186,94,8192,10,471,859,0,0,0,19744,0,0,19744,0,0,0,0,0,94,30,0,912,0,32768,0,0,64,0,0,0,587,19968,0,0,65532,26688
1524,1000,0,0,0,2,2,10,5,18,6,5120,55040,65431,64763,76,32768,6,898,593,0,0,64,63918,0,0,64078,63918,0,160,0,0,76,12,65008,880,8704,33280,0,960,64,0,0,0,780,0,0,49152,0,26624
1524,1100,0,0,0,2,2,10,5,18,6,64256,33792,548,197,94,8192,10,473,860,0,0,0,19968,0,0,19968,0,0,0,0,0,94,30,0,912,0,32768,0,0,64,0,0,0,583,19968,0,0,10,26688
1525,1000,0,0,0,2,2,10,5,18,6,43776,53760,65427,64763,76,32768,6,897,590,0,0,64,63852,0,0,64012,63852,0,160,0,0,76,12,64920,880,8704,33280,0,960,64,0,0,0,781,0,0,16384,0,26624
1525,1100,0,0,0,2,2,10,5,18,6,7936,18688,558,200,94,8192,10,476,861,0,0,0,19968,0,0,19968,0,0,0,0,0,94,30,0,912,0,32768,0,0,64,0,0,0,593,19968,0,0,65532,26688
1526,1000,0,0,0,2,2,10,5,18,6,15872,52480,65422,64764,76,32768,6,897,587,0,0,64,63775,0,0,63935,63775,0,160,0,0,76,12,64832,880,8704,33280,0,960,64,0,0,0,781,0,0,49152,0,26624
1526,1100,0,0,0,2,2,10,5,18,6,19712,4352,554,199,94,8192,10,478,862,0,0,0,19968,0,0,19968,0,0,0,0,0,94,30,0,912,0,32768,0,0,64,0,0,0,589,19968,0,0,65532,26688
1527,1000,0,0,0,2,2,10,5,18,6,52224,51456,65416,64764,76,32768,6,896,584,0,0,64,63687,0,0,63847,63687,0,160,0,0,76,12,64744,880,8704,33280,0,960,64,0,0,0,782,0,0,16384,0,26624
1527,1100,0,0,0,2,2,10,5,18,6,30464,55296,550,198,94,8192,10,480,862,0,0,0,19968,0,0,19968,0,0,0,0,0,94,30,0,912,0,32768,0,0,64,0,0,0,585,20224,0,0,65532,26688
1528,1000,0,0,0,2,2,10,5,18,6,21504,50432,65409,64765,76,32768,6,896,581,0,0,64,63588,0,0,63748,63588,2,160,0,0,76,12,64656,880,8704,33280,0,960,64,0,0,0,782,0,0,49152,0,26624
1528,1100,0,0,0,2,2,10,5,18,6,40192,40448,542,210,94,8192,10,482,863,0,0,0,20224,0,0,20224,0,0,0,0,0,94,30,0,912,0,32768,0,0,64,0,0,0,581,20224,0,0,10,26688
1529,1000,0,0,0,2,2,10,5,18,6,54528,49664,65402,64765,76,32768,6,895,578,0,0,64,63478,0,0,63638,63478,2,352,384,0,76,12,64568,880,8768,33280,0,960,64,0,0,0,783,65248,0,16384,0,26624
1529,1100,0,0,0,2,2,10,5,18,6,47872,28672,551,213,94,8192,10,484,864,0,0,0,20224,0,0,20224,0,0,0,0,0,94,30,0,912,0,32768,0,0,64,0,0,0,591,19456,0,0,65532,26688
1530,1000,0,0,0,2,2,10,5,18,6,20224,48896,65394,64766,76,32768,6,895,575,0,0,64,62973,0,0,63709,63357,2,544,768,0,76,12,64480,880,8768,33280,0,960,64,0,0,0,783,64960,0,49152,0,26624
1530,1100,0,0,0,2,2,10,5,18,6,57856,17664,554,193,94,8192,10,486,865,0,0,0,19872,0,0,19872,0,0,0,0,0,94,30,0,912,0,32768,0,0,64,0,0,0,587,19456,0,0,65532,26688
1531,1000,0,0,0,2,2,10,5,18,6,49408,48384,65399,64764,76,32768,6,894,572,0,0,64,62457,0,0,63769,63225,2,736,1152,0,76,12,64392,880,8768,33280,0,960,64,0,0,0,784,64672,0,16384,0,26624
1531,1100,0,0,0,2,2,10,5,18,6,3072,1536,557,170,94,8192,10,489,866,0,0,0,19456,0,0,19456,0,0,0,0,0,94,30,0,912,0,32768,0,0,64,0,0,0,583,19456,0,0,10,26688
1532,1000,0,0,0,2,2,10,5,18,6,14336,47360,65403,64764,76,32768,6,894,569,0,0,64,61930,0,0,63818,63082,2,928,1536,0,76,12,64304,880,8768,33280,0,960,64,0,0,0,784,64384,0,49152,0,26624
1532,1100,0,0,0,2,2,10,5,18,6,14592,45056,567,173,94,8192,10,491,866,0,0,0,19456,0,0,19456,0,0,0,0,0,94,30,0,912,0,32768,0,0,64,0,0,0,593,19456,0,0,65532,26688
1533,1000,0,0,0,2,2,10,5,18,6,45824,46336,65407,64762,76,32768,6,893,566,0,0,64,61392,0,0,63856,62928,2,1120,1920,0,76,12,64216,880,8768,33280,0,960,64,0,0,0,785,64096,0,16384,0,26624
1533,1100,0,0,0,2,2,10,5,18,6,28672,23808,563,171,94,8192,10,493,867,0,0,0,19456,0,0,19456,0,0,0,0,0,94,30,0,912,0,32768,0,0,64,0,0,0,589,19456,0,0,65532,26688
1534,1000,0,0,0,2,2,10,5,18,6,12800,44800,65410,64762,76,32768,6,893,563,0,0,64,60843,0,0,63883,62763,2,1312,2304,0,76,12,64128,880,8768,33280,0,960,64,0,0,0,785,63808,0,49152,0,26624
1534,1100,0,0,0,2,2,10,5,18,6,41728,2048,559,170,94,8192,10,495,868,0,0,0,19456,0,0,19456,0,0,0,0,0,94,30,0,912,0,32768,0,0,64,0,0,0,585,19456,0,0,65532,26688
1535,1000,0,0,0,2,2,10,5,18,6,46080,43264,65411,64760,76,32768,6,892,560,0,0,64,60283,0,0,63899,62587,2,1504,2688,0,76,12,64040,880,8768,33280,0,960,64,0,0,0,786,63520,0,16384,0,26624
1535,1100,0,0,0,2,2,10,5,18,6,53760,45568,555,169,94,8192,10,497,868,0,0,0,19456,0,0,19456,0,0,0,0,0,94,30,0,912,0,32768,0,0,64,0,0,0,581,19968,0,0,10,26688
1536,1000,0,0,0,2,2,10,5,18,6,14080,41216,65413,64760,76,32772,6,892,557,0,0,64,59712,0,0,63904,62400,2,1696,3072,0,76,12,63952,880,8768,33280,0,960,64,0,0,0,786,63232,0,49152,0,26624
1536,1100,0,0,0,2,2,10,5,18,6,64768,23296,559,191,94,8192,10,499,869,0,0,0,19808,0,0,19808,0,0,0,0,0,94,30,0,912,0,32768,0,0,64,0,0,0,591,19968,0,0,65532,26688
1537,1000,0,0,0,2,2,10,5,18,6,48128,39168,65413,64759,76,32768,6,891,554,0,0,64,59130,0,0,63898,62202,2,1888,3456,0,76,12,63864,880,8832,33280,0,960,64,0,4,0,787,62944,0,16384,0,26624
1537,1100,0,0,0,2,2,10,5,18,6,11264,6656,552,198,94,8192,10,502,870,0,0,0,19968,0,0,19968,0,0,0,0,0,94,30,0,912,0,32768,0,0,64,0,0,0,587,19968,0,0,65532,26688
1538,1000,0,0,0,2,2,10,5,18,6,16640,36864,65412,64759,76,32768,6,891,551,0,0,64,58537,0,0,63881,61993,2,2080,3840,0,76,12,63776,880,8832,33280,0,960,64,0,4,0,787,62656,0,49152,0,26624
1538,1100,0,0,0,2,2,10,5,18,6,21504,57344,548,197,94,8192,10,504,870,0,0,0,19968,0,0,19968,0,0,0,0,0,94,30,0,912,0,32768,0,0,64,0,0,0,583,19968,0,0,10,26688
1539,1000,0,0,0,2,2,10,5,18,6,50432,34560,65411,64758,76,32768,6,890,548,0,0,64,57933,0,0,63853,61773,2,1792,3456,0,76,12,63904,880,8832,32768,0,960,64,0,0,0,788,63169,0,16384,0,26624
1539,1100,0,0,0,2,2,10,5,18,6,30720,42240,558,200,94,8192,10,506,871,0,0,0,19968,0,0,19968,0,0,0,0,0,94,30,0,912,0,32768,0,0,64,0,0,0,593,19968,0,0,65532,26688
1540,1000,0,0,0,2,2,10,5,18,6,18432,32000,65409,64759,76,32768,6,890,545,0,0,64,58113,0,0,63361,61569,2,1504,3072,0,76,12,64032,880,8832,32768,0,960,64,0,0,0,788,63682,0,49152,0,26624
1540,1100,0,0,0,2,2,10,5,18,6,42496,27904,554,199,94,8192,10,508,872,0,0,0,19968,0,0,19968,0,0,0,0,0,94,30,0,912,0,32768,0,0,64,0,0,0,589,19968,0,0,65532,26688
1541,1000,0,0,0,2,2,10,5,18,6,51456,29696,65372,64765,76,32768,6,889,542,0,0,64,58309,0,0,62885,61381,2,1216,2688,0,76,12,64160,880,8832,32768,0,960,64,0,0,0,789,64195,0,16384,0,26624
1541,1100,0,0,0,2,2,10,5,18,6,53248,13312,550,198,76,8192,10,510,873,0,0,0,19968,0,0,19968,0,0,0,0,0,76,12,0,912,0,32768,0,0,64,0,0,0,585,19968,0,0,65532,26688
1542,1000,0,0,0,2,2,10,5,18,6,9472,28928,65337,64773,76,32768,6,889,539,0,0,64,58521,0,0,62425,61209,2,928,2304,0,76,12,64288,880,8832,32768,0,960,64,0,0,0,789,64708,0,49152,0,26624
1542,1100,0,0,0,2,2,10,5,18,6,62976,64000,547,196,76,8192,10,512,873,0,0,0,19968,0,0,19968,0,0,0,0,0,76,12,0,912,0,32768,0,0,64,0,0,0,581,20224,0,0,10,26688
1543,1000,0,0,0,2,2,10,5,18,6,24064,30208,65303,64781,76,32768,6,888,536,0,0,64,58749,0,0,61981,61053,2,640,1920,0,76,12,64416,880,8832,32768,0,960,64,0,0,0,790,65221,0,16384,0,26624
1543,1100,0,0,0,2,2,10,5,18,6,6400,48640,551,213,76,8192,10,515,874,0,0,0,20224,0,0,20224,0,0,0,0,0,76,12,0,912,0,32768,0,0,64,0,0,0,591,20224,0,0,65532,26688
1544,1000,0,0,0,2,2,10,5,18,6,29952,33536,65271,64792,76,32768,6,887,533,0,0,64,58993,0,0,61553,60913,2,352,1536,0,76,12,64544,880,8832,32768,0,960,64,0,0,0,790,198,0,49152,0,26624
1544,1100,0,0,0,2,2,10,5,18,6,16384,37632,547,212,76,8192,10,517,875,0,0,0,20224,0,0,20224,0,0,0,0,0,76,12,0,912,0,32768,0,0,64,0,0,0,587,20224,0,0,65532,26688
1545,1000,0,0,0,2,2,10,5,18,6,27648,39680,65241,64802,76,32768,6,886,530,0,0,64,59253,0,0,61141,60789,2,64,1152,0,76,12,64672,880,8896,32768,0,960,64,0,0,0,791,65221,0,16384,0,26624
1545,1100,0,0,0,2,2,10,5,18,6,25344,26368,543,210,76,8192,10,519,876,0,0,0,20224,0,0,20224,0,0,0,0,0,76,12,0,912,0,32768,0,0,64,0,0,0,583,20224,0,0,10,26688
1546,1000,0,0,0,2,2,10,5,18,6,17664,48384,65212,64815,76,32768,6,885,527,0,0,64,59529,0,0,60745,60681,0,64,768,0,76,12,64800,880,8896,32768,0,960,64,0,0,0,791,198,0,49152,0,26624
1546,1100,0,0,0,2,2,10,5,18,6,33280,14592,553,214,76,8192,10,521,877,0,0,0,20224,0,0,20224,0,0,0,0,0,76,12,0,912,0,32768,0,0,64,0,0,0,593,20224,0,0,65532,26688
1547,1000,0,0,0,2,2,10,5,18,6,256,60416,65184,64826,76,32768,6,884,524,0,0,64,59821,0,0,60653,60589,0,64,384,0,76,12,64928,880,8896,32768,0,960,64,0,0,0,792,0,0,16384,0,26624
1547,1100,0,0,0,2,2,10,5,18,6,43776,3840,549,212,76,8192,10,523,878,0,0,0,20224,0,0,20224,0,0,0,0,0,76,12,0,912,0,32768,0,0,64,0,0,0,589,20224,0,0,65532,26688
1548,1000,0,0,0,2,2,10,5,18,6,41216,9728,65178,64830,76,32768,6,882,522,0,0,64,60129,0,0,60577,60513,0,64,0,0,76,12,65056,880,8896,32768,0,960,64,0,0,0,792,0,0,49152,0,26624
1548,1100,0,0,0,2,2,10,5,18,6,53248,58112,545,211,76,8192,10,525,878,0,0,0,20224,0,0,20224,0,0,0,0,0,76,12,0,912,0,32768,0,0,64,0,0,0,585,20224,0,0,65532,26688
1549,1000,0,0,0,2,2,10,5,18,6,15104,25600,65173,64831,76,32768,6,881,519,0,0,64,60453,0,0,60517,60453,0,64,0,0,76,12,65184,880,8896,32768,0,960,64,0,0,0,793,0,0,16384,0,26624
1549,1100,0,0,0,2,2,10,5,18,6,61696,46592,542,210,76,8192,10,527,879,0,0,0,20224,0,0,20224,0,0,0,0,0,76,12,0,912,0,32768,0,0,64,0,0,0,581,20224,0,0,10,26688
1550,1000,0,0,0,2,2,10,5,18,6,53248,41728,65168,64833,76,32768,6,879,516,0,0,64,60409,0,0,60473,60409,0,64,0,0,76,12,65312,880,8896,32768,0,960,64,0,0,0,793,0,0,49152,0,26624
1550,1100,0,0,0,2,2,10,5,18,6,3840,34816,551,213,76,8192,10,530,880,0,0,0,20224,0,0,20224,0,0,0,0,0,76,12,0,912,0,32768,0,0,64,0,0,0,591,19456,0,0,65532,26688
1551,1000,0,0,0,2,2,10,5,18,6,24576,58368,65165,64834,76,32768,6,878,513,0,0,64,60381,0,0,60445,60381,0,64,0,0,76,12,65440,880,8896,32768,0,960,64,0,0,0,794,0,0,16384,0,26624
1551,1100,0,0,0,2,2,10,5,18,6,13824,23808,554,193,76,8192,10,532,881,0,0,0,19872,0,0,19872,0,0,0,0,0,76,12,0,912,0,32768,0,0,64,0,0,0,587,19456,0,0,65532,26688
1552,1000,0,0,0,2,2,10,5,18,6,60672,9728,65163,64835,76,32768,6,876,511,0,0,64,60369,0,0,60433,60369,0,64,0,0,76,12,0,880,8896,32768,0,960,64,0,0,0,794,0,0,49152,0,26624
1552,1100,0,0,0,2,2,10,5,18,6,24576,7680,557,170,76,8192,10,534,882,0,0,0,19456,0,0,19456,0,0,0,0,0,76,12,0,912,0,32768,0,0,64,0,0,0,583,19456,0,0,10,26688
1553,1000,0,0,0,2,2,10,5,18,6,30720,26880,65162,64835,76,32768,6,875,508,0,0,64,60369,0,0,60433,60369,0,64,0,0,76,12,0,880,8960,32768,0,960,64,0,0,0,795,0,0,16384,0,26624
1553,1100,0,0,0,2,2,10,5,18,6,36096,51200,567,173,18,10240,10,536,882,0,182,0,19456,0,2,19456,0,0,0,0,2,18,12,0,912,0,32768,0,0,64,0,32768,0,593,19456,0,0,0,26688
1554,1000,0,0,0,2,2,10,5,18,6,512,44032,65162,64835,76,32768,6,874,505,0,0,64,60369,0,0,60433,60369,0,64,0,0,76,12,0,880,8960,32768,0,960,64,0,0,0,795,0,0,49152,0,26624
1554,1100,0,0,0,2,2,10,5,18,6,50176,29952,567,173,18,10240,10,538,883,156,156,0,19456,0,2,19456,0,0,0,0,2,18,12,0,912,0,32768,0,0,64,0,32768,0,593,19456,0,0,0,26688
1555,1000,0,0,0,2,2,10,5,18,6,35840,61184,65161,64834,76,32768,6,872,502,0,0,64,60369,0,0,60433,60369,0,64,0,0,76,12,0,880,8960,32768,0,960,64,0,0,0,796,0,0,16384,0,26624
1555,1100,0,0,0,2,2,10,5,18,6,64256,8704,567,173,18,10240,10,540,884,286,130,0,19456,0,2,19456,0,0,0,0,2,18,12,0,912,0,32768,0,0,64,0,32768,0,593,19456,0,0,0,26688
1556,1000,0,0,0,2,2,10,5,18,6,5376,12544,65161,64834,76,32768,6,871,500,0,0,64,60369,0,0,60433,60369,0,64,0,0,76,12,0,880,8960,32768,0,960,64,0,0,0,796,0,0,49152,0,26624
1556,1100,0,0,0,2,2,10,5,18,6,12800,52992,567,173,18,10240,10,543,884,390,104,0,19456,0,2,19456,0,0,0,0,2,18,12,0,912,0,32768,0,0,64,0,32768,0,593,19456,0,0,0,26688
1557,1000,0,0,0,2,2,10,5,18,6,40448,29440,65161,64833,76,32768,6,869,497,0,0,64,60369,0,0,60433,60369,0,64,0,0,76,12,0,880,8960,32768,0,960,64,0,0,0,797,0,0,16384,0,26624
1557,1100,0,0,0,2,2,10,5,18,6,26880,31744,567,173,76,10240,10,545,885,468,78,0,19456,0,2,19456,0,0,0,0,2,76,12,0,912,0,32768,0,0,64,0,32768,0,593,19968,0,0,0,26688
1558,1000,0,0,0,2,2,10,5,18,6,9984,46080,65161,64833,76,32768,6,868,494,0,0,64,60369,0,0,60433,60369,0,64,0,0,76,12,0,880,8960,32768,0,960,64,0,0,0,797,0,0,49152,0,26624
1558,1100,0,0,0,2,2,10,5,18,6,40960,10496,561,192,76,10240,10,547,886,520,52,0,19808,0,2,19808,0,0,0,0,2,76,12,0,912,0,32768,0,0,64,0,32768,0,593,19968,0,0,0,26688
1559,1000,0,0,0,2,2,10,5,18,6,45056,62720,65160,64832,76,32768,6,866,491,0,0,64,60369,0,0,60433,60369,0,64,0,0,76,12,0,880,8960,32768,0,960,64,0,0,0,798,0,0,16384,0,26624
1559,1100,0,0,0,2,2,10,5,18,6,53504,59648,558,200,76,10240,10,549,886,546,26,0,19968,0,2,19968,0,0,0,0,2,76,12,0,912,0,32768,0,0,64,0,32768,0,593,19968,0,0,0,26688
1560,1000,0,0,0,2,2,10,5,18,6,14336,13568,65160,64832,76,32768,6,865,489,0,0,64,60369,0,0,60433,60369,0,64,0,0,76,12,0,880,8960,32768,0,960,64,0,0,0,798,0,0,49152,0,26624
1560,1100,0,0,0,2,2,10,5,18,6,65280,45312,558,200,76,10240,10,551,887,546,0,0,19968,0,2,19968,0,0,0,0,2,76,12,0,912,0,32768,0,0,64,0,32768,0,593,19968,0,0,0,26688
1561,1000,0,0,0,2,2,10,5,18,6,49152,29952,65160,64831,76,32768,6,863,486,0,0,64,60369,0,0,60433,60369,0,64,0,0,76,12,0,880,9024,32768,0,960,64,0,0,0,799,0,0,16384,0,26624
1561,1100,0,0,0,2,2,10,5,18,6,11520,30976,558,200,76,10240,10,554,888,520,65510,0,19968,0,2,19968,0,0,0,0,2,76,12,0,912,0,32768,0,0,64,0,32768,0,593,19968,0,0,0,26688
1562,1000,256,0,0,2,2,10,5,18,6,18432,46080,65160,64831,76,32768,6,862,483,0,0,64,60369,0,0,60433,60369,0,64,0,0,76,12,88,880,9024,33025,0,960,64,0,0,0,799,0,0,49152,0,26624
1562,1100,256,0,0,2,2,10,5,18,6,23296,16640,558,200,76,10240,10,556,889,468,65484,0,19968,0,2,19968,0,0,0,0,2,76,12,0,912,0,32768,0,0,64,0,32768,0,593,19968,0,0,0,26688
1563,1000,0,0,0,2,2,10,5,18,6,53248,62208,65159,64830,76,32768,6,860,480,0,0,64,60380,0,0,60444,60380,0,64,0,0,76,12,175,880,9024,33024,0,960,64,0,0,0,800,0,0,16384,0,26624
1563,1100,0,0,0,2,2,10,5,18,6,35072,2304,558,200,76,10240,10,558,890,390,65458,0,19968,0,2,19968,0,0,0,0,2,76,12,0,912,0,32768,0,0,64,0,32768,0,593,19968,0,0,0,26688
1564,1000,0,0,0,2,2,10,5,18,6,22272,12544,65160,64830,76,32768,6,859,478,0,0,64,60401,0,0,60465,60401,0,64,0,0,76,12,261,880,9024,33024,0,960,64,0,0,0,800,0,0,49152,0,26624
1564,1100,0,0,0,2,2,10,5,18,6,46848,53504,558,200,76,10240,10,560,890,286,65432,0,19968,0,2,19968,0,0,0,0,2,76,12,0,912,0,32768,0,0,64,0,32768,0,593,20224,0,0,0,26688
1565,1000,0,0,0,2,2,10,5,18,6,57088,28416,65161,64828,76,32768,6,857,475,0,0,64,60433,0,0,60497,60433,0,64,0,0,76,12,347,880,9024,33024,0,960,64,0,0,0,801,0,0,16384,0,26624
1565,1100,0,0,0,2,2,10,5,18,6,58624,39168,553,214,76,10240,10,562,891,156,65406,0,20224,0,2,20224,0,0,0,0,2,76,12,0,912,0,32768,0,0,64,0,32768,0,593,20224,0,0,0,26688
1566,1000,0,0,0,2,2,10,5,18,6,26624,43776,65163,64827,76,32768,6,856,472,0,0,64,60476,0,0,60540,60476,0,64,0,0,76,12,433,880,9024,33024,0,960,64,0,0,0,801,0,0,49152,0,26624
1566,1100,0,0,0,2,2,10,5,18,6,3584,28416,553,214,76,10240,10,565,892,0,65380,0,20224,0,2,20224,0,0,0,0,2,76,12,0,912,0,32768,0,0,64,0,32768,0,593,20224,0,0,0,26688
1567,1000,0,0,0,2,2,10,5,18,6,62208,58880,65166,64825,76,32768,6,854,469,0,0,64,60530,0,0,60594,60530,0,64,0,0,76,12,518,880,9024,33024,0,960,64,0,0,0,802,0,0,16384,0,26624
1567,1100,0,0,0,2,2,10,5,18,6,14080,17664,553,214,76,10240,10,567,893,0,0,0,20224,0,0,20224,0,0,0,0,0,76,12,0,912,0,32768,0,0,64,0,0,0,593,20224,0,0,65532,26688
1568,1000,0,0,0,2,2,10,5,18,6,33024,7936,65170,64823,76,32768,6,853,467,0,0,64,60594,0,0,60658,60594,0,64,0,0,76,12,603,880,9024,33024,0,960,64,0,0,0,802,0,0,49152,0,26624
1568,1100,0,0,0,2,2,10,5,18,6,24576,6912,549,212,76,8192,10,569,894,0,0,0,20224,0,0,20224,0,0,0,0,0,76,12,0,912,0,32768,0,0,64,0,0,0,589,20224,0,0,65532,26688
1569,1000,0,0,0,2,2,10,5,18,6,4864,22016,65174,64820,76,32768,6,852,464,0,0,64,60669,0,0,60733,60669,0,64,0,0,76,12,688,880,9088,33024,0,960,64,0,0,0,803,0,0,16384,0,26624
1569,1100,0,0,0,2,2,10,5,18,6,34048,61184,545,211,76,8192,10,571,894,0,0,0,20224,0,0,20224,0,0,0,0,0,76,12,0,912,0,32768,0,0,64,0,0,0,585,20224,0,0,65532,26688
1570,1000,0,0,0,2,2,10,5,18,6,43264,35328,65179,64817,76,32768,6,850,461,0,0,64,60755,0,0,60819,60755,0,64,0,0,76,12,772,880,9088,33024,0,960,64,0,0,0,803,0,0,49152,0,26624
1570,1100,0,0,0,2,2,10,5,18,6,42496,49664,542,210,76,8192,10,573,895,0,0,0,20224,0,0,20224,0,0,0,0,0,76,12,0,912,0,32768,0,0,64,0,0,0,581,20224,0,0,10,26688
1571,1000,0,0,0,2,2,10,5,18,6,17408,47872,65184,64813,76,32768,6,849,458,0,0,64,60851,0,0,60915,60851,2,64,0,0,76,12,856,880,9088,33024,0,960,64,0,0,0,804,0,0,16384,0,26624
1571,1100,0,0,0,2,2,10,5,18,6,50176,37888,551,213,76,8192,10,575,896,0,0,0,20224,0,0,20224,0,0,0,0,0,76,12,0,912,0,32768,0,0,64,0,0,0,591,19200,0,0,65532,26688
1572,1000,0,0,0,2,2,10,5,18,6,58368,59392,65191,64810,76,32768,6,847,455,0,0,64,60958,0,0,61022,60958,2,65344,65152,0,76,12,940,880,9088,33024,0,960,64,0,0,0,804,65472,0,49152,0,26624
1572,1100,0,0,0,2,2,10,5,18,6,60160,26880,554,193,76,8192,10,577,897,0,0,0,19872,0,0,19872,0,0,0,0,0,76,12,0,912,0,32768,0,0,64,0,0,0,587,19456,0,0,65532,26688
1573,1000,0,0,0,2,2,10,5,18,6,35584,4608,65198,64806,76,32768,6,846,453,0,0,64,61459,0,0,60883,61075,2,65152,64768,0,76,12,1023,880,9088,33024,0,960,64,0,0,0,805,224,0,16384,0,26624
1573,1100,0,0,0,2,2,10,5,18,6,5376,10752,557,170,76,8192,10,580,898,0,0,0,19456,0,0,19456,0,0,0,0,0,76,12,0,912,0,32768,0,0,64,0,0,0,583,19456,0,0,10,26688
1574,1000,0,0,0,2,2,10,5,18,6,14592,14336,65188,64810,76,32768,6,845,450,0,0,64,61970,0,0,60818,61202,2,64960,64384,0,76,12,1106,880,9088,33024,0,960,64,0,0,0,805,512,0,49152,0,26624
1574,1100,0,0,0,2,2,10,5,18,6,16896,54272,567,173,76,8192,10,582,898,0,0,0,19456,0,0,19456,0,0,0,0,0,76,12,0,912,0,32768,0,0,64,0,0,0,593,19456,0,0,65532,26688
1575,1000,0,0,0,2,2,10,5,18,6,56576,25088,65183,64812,76,32768,6,843,447,0,0,64,62492,0,0,60764,61340,2,64768,64000,0,76,12,1189,880,9088,33024,0,960,64,0,0,0,806,800,0,16384,0,26624
1575,1100,0,0,0,2,2,10,5,18,6,30976,33024,563,171,76,8192,10,584,899,0,0,0,19456,0,0,19456,0,0,0,0,0,76,12,0,912,0,32768,0,0,64,0,0,0,589,19456,0,0,65532,26688
1576,1000,0,0,0,2,2,10,5,18,6,31744,36352,65179,64813,76,32768,6,842,444,0,0,64,63024,0,0,60720,61488,2,64576,63616,0,76,12,1272,880,9088,33024,0,960,64,0,0,0,806,1088,0,49152,0,26624
1576,1100,0,0,0,2,2,10,5,18,6,44032,11264,559,170,76,8192,10,586,900,0,0,0,19456,0,0,19456,0,0,0,0,0,76,12,0,912,0,32768,0,0,64,0,0,0,585,19456,0,0,65532,26688
1577,1000,0,0,0,2,2,10,5,18,6,5888,47872,65176,64814,76,32768,6,841,441,0,0,64,63567,0,0,60687,61647,2,64384,63232,0,76,12,1354,880,9152,33024,0,960,64,0,0,0,807,1376,0,16384,0,26624
1577,1100,0,0,0,2,2,10,5,18,6,56064,54784,555,169,76,8192,10,588,900,0,0,0,19456,0,0,19456,0,0,0,0,0,76,12,0,912,0,32768,0,0,64,0,0,0,581,19456,0,0,10,26688
1578,1000,0,0,0,2,2,10,5,18,6,44800,59648,65174,64815,76,32768,6,839,438,0,0,64,64120,0,0,60664,61816,2,64672,63616,0,76,12,1221,880,9152,32768,0,960,64,0,0,0,807,863,0,49152,0,26624
1578,1100,0,0,0,2,2,10,5,18,6,1536,32512,565,172,76,8192,10,591,901,0,0,0,19456,0,0,19456,0,0,0,0,0,76,12,0,912,0,32768,0,0,64,0,0,0,591,19456,0,0,65532,26688
1579,1000,0,0,0,2,2,10,5,18,6,17664,6144,65172,64815,76,32768,6,838,436,0,0,64,63888,0,0,61104,61968,2,64960,64000,0,76,12,1088,880,9152,32768,0,960,64,0,0,0,808,350,0,16384,0,26624
1579,1100,0,0,0,2,2,10,5,18,6,15104,11008,561,171,76,8192,10,593,902,0,0,0,19456,0,0,19456,0,0,0,0,0,76,12,0,912,0,32768,0,0,64,0,0,0,587,19968,0,0,65532,26688
1580,1000,0,0,0,2,2,10,5,18,6,55552,18176,65202,64800,76,32768,6,836,433,0,0,64,63640,0,0,61528,62104,2,65248,64384,0,76,12,956,880,9152,32768,0,960,64,0,0,0,808,65373,0,49152,0,26624
1580,1100,0,0,0,2,2,10,5,18,6,27648,54784,551,188,76,8192,10,595,902,0,0,0,19808,0,0,19808,0,0,0,0,0,76,12,0,912,0,32768,0,0,64,0,0,0,583,19968,0,0,10,26688
1581,1000,0,0,0,2,2,10,5,18,6,35584,26368,65232,64786,76,32768,6,835,430,0,0,64,63375,0,0,61935,62223,0,65248,64768,0,76,12,824,880,9152,32768,0,960,64,0,0,0,809,350,0,16384,0,26624
1581,1100,0,0,0,2,2,10,5,18,6,37632,37376,558,200,76,8192,10,597,903,0,0,0,19968,0,0,19968,0,0,0,0,0,76,12,0,912,0,32768,0,0,64,0,0,0,593,19968,0,0,65532,26688
1582,1000,0,0,0,2,2,10,5,18,6,23296,30976,65262,64775,76,32768,6,834,427,0,0,64,63094,0,0,62038,62326,2,65248,64768,0,76,12,693,880,9152,32768,0,960,64,0,0,0,809,0,0,49152,0,26624
1582,1100,0,0,0,2,2,10,5,18,6,49408,23040,554,199,76,8192,10,599,904,0,0,0,19968,0,0,19968,0,0,0,0,0,76,12,0,912,0,32768,0,0,64,0,0,0,589,19968,0,0,65532,26688
1583,1000,0,0,0,2,2,10,5,18,6,18688,32768,65269,64772,76,32768,6,833,424,0,0,64,63180,0,0,62124,62412,0,65248,65152,0,76,12,562,880,9152,32768,0,960,64,0,0,0,810,65023,0,16384,0,26624
1583,1100,0,0,0,2,2,10,5,18,6,60160,8448,550,198,76,8192,10,601,905,0,0,0,19968,0,0,19968,0,0,0,0,0,76,12,0,912,0,32768,0,0,64,0,0,0,585,19968,0,0,65532,26688
1584,1000,0,0,0,2,2,10,5,18,6,15872,33792,65275,64769,76,32768,6,832,421,0,0,64,62866,0,0,62194,62482,0,65248,0,0,76,12,432,880,9152,32768,0,960,64,0,0,0,810,0,0,49152,0,26624
1584,1100,0,0,0,2,2,10,5,18,6,4352,59136,547,196,76,8192,10,604,905,0,0,0,19968,0,0,19968,0,0,0,0,0,76,12,0,912,0,32768,0,0,64,0,0,0,581,19968,0,0,10,26688
1585,1000,0,0,0,2,2,10,5,18,6,14592,34048,65280,64767,76,32768,6,831,418,0,0,64,62536,0,0,62248,62536,0,65248,0,0,76,12,302,880,9216,32768,0,960,64,0,0,0,811,0,0,16384,0,26624
1585,1100,0,0,0,2,2,10,5,18,6,13312,43776,556,200,76,8192,10,606,906,0,0,0,19968,0,0,19968,0,0,0,0,0,76,12,0,912,0,32768,0,0,64,0,0,0,591,19968,0,0,65532,26688
1586,1000,0,0,0,2,2,10,5,18,6,14592,33792,65284,64765,76,32768,6,830,415,0,0,64,62573,0,0,62285,62573,0,65248,0,0,76,12,173,880,9216,32768,0,960,64,0,0,0,811,0,0,49152,0,26624
1586,1100,0,0,0,2,2,10,5,18,6,24576,29440,552,198,76,8192,10,608,907,0,0,0,19968,0,0,19968,0,0,0,0,0,76,12,0,912,0,32768,0,0,64,0,0,0,587,20736,0,0,65532,26688
1587,1000,0,0,0,2,2,10,5,18,6,15616,33024,65286,64764,76,32768,6,829,412,0,0,64,62594,0,0,62306,62594,0,65248,0,0,76,12,44,880,9216,32768,0,960,64,0,0,0,812,0,0,16384,0,26624
1587,1100,0,0,0,2,2,10,5,18,6,34816,14592,541,215,76,8192,10,610,908,0,0,0,20320,0,0,20320,0,0,0,0,0,76,12,0,912,0,32768,0,0,64,0,0,0,583,20736,0,0,10,26688
1588,1000,0,0,0,2,2,10,5,18,6,17152,32000,65288,64763,76,32768,6,828,409,0,0,64,62599,0,0,62311,62599,0,65248,0,0,76,12,0,880,9216,32768,0,960,64,0,0,0,812,0,0,49152,0,26624
1588,1100,0,0,0,2,2,10,5,18,6,42240,4096,542,241,76,8192,10,612,909,0,0,0,20736,0,0,20736,0,0,0,0,0,76,12,0,912,0,32768,0,0,64,0,0,0,593,20736,0,0,65532,26688
1589,1000,0,0,0,2,2,11,5,18,6,19200,30720,65288,64762,26,32768,6,827,406,0,0,64,62599,0,0,62311,62599,0,65248,0,0,26,12,0,880,9216,32768,0,960,64,0,0,0,813,0,0,16384,0,26624
1589,1100,0,0,0,2,2,11,5,18,6,49920,256,538,239,76,8192,10,614,910,0,0,0,20736,0,0,20736,0,0,0,0,0,76,12,0,912,0,32768,0,0,64,0,0,0,589,20736,0,0,65532,26688
1590,1000,0,0,0,2,2,11,5,18,6,21248,29184,65288,64762,76,32768,6,826,403,0,0,64,62599,0,0,62311,62599,0,65248,0,0,76,12,0,880,9216,32768,0,960,64,0,0,0,813,0,0,49152,0,26624
1590,1100,0,0,0,2,2,11,5,18,6,56576,61440,534,238,76,8192,10,616,910,0,0,0,20736,0,0,20736,0,0,0,0,0,76,12,0,912,0,32768,0,0,64,0,0,0,585,20736,0,0,65532,26688
1591,1000,0,0,0,2,2,11,5,18,6,23296,27648,65288,64761,76,32768,6,825,400,0,0,64,62599,0,0,62311,62599,0,65248,0,0,76,12,0,880,9216,32768,0,960,64,0,0,0,814,0,0,16384,0,26624
1591,1100,0,0,0,2,2,11,5,18,6,62208,56832,531,236,76,8192,10,618,911,0,0,0,20736,0,0,20736,0,0,0,0,0,76,12,0,912,0,32768,0,0,64,0,0,0,581,20736,0,0,10,26688
1592,1000,0,0,0,2,2,11,5,18,6,25344,25856,65288,64761,76,32768,6,824,397,0,0,64,62599,0,0,62311,62599,0,65248,0,0,76,12,0,880,9216,32768,0,960,64,0,0,0,814,0,0,49152,0,26624
1592,1100,0,0,0,2,2,11,5,18,6,1536,51712,540,240,76,8192,10,621,912,0,0,0,20736,0,0,20736,0,0,0,0,0,76,12,0,912,0,32768,0,0,64,0,0,0,591,18688,0,0,65532,26688
1593,1000,0,0,0,2,2,11,5,18,6,27392,24064,65288,64760,76,32768,6,823,394,0,0,64,62599,0,0,62311,62599,0,65248,0,0,76,12,0,880,9280,32768,0,960,64,0,0,0,815,0,0,16384,0,26624
1593,1100,0,0,0,2,2,11,5,18,6,8704,47616,544,220,76,8192,10,623,913,0,0,0,20384,0,0,20384,0,0,0,0,0,76,12,0,912,0,32768,0,0,64,0,0,0,587,18688,0,0,65532,26688
1594,1000,0,0,0,2,2,11,5,18,6,29440,22016,65288,64760,76,32768,6,822,391,0,0,64,62599,0,0,62311,62599,0,65248,0,0,76,12,0,880,9280,32768,0,960,64,0,0,0,815,0,0,49152,0,26624
1594,1100,0,0,0,2,2,11,5,18,6,16896,38400,547,200,76,8192,10,625,914,0,0,0,20032,0,0,20032,0,0,0,0,0,76,12,0,912,0,32768,0,0,64,0,0,0,583,14080,0,0,65532,26688
1595,1000,0,0,0,2,2,11,5,18,6,31488,19968,65287,64759,76,32768,6,821,388,0,0,64,62599,0,0,62311,62599,0,65248,0,0,76,12,0,880,9280,32768,0,960,64,0,0,0,816,0,0,16384,0,26624
1595,1100,0,0,0,2,2,11,5,18,6,25856,24064,550,180,76,8192,10,627,915,0,0,0,19680,0,0,19680,0,0,0,0,0,76,12,0,912,0,32768,0,0,64,0,0,0,579,14080,0,0,65532,26688
1596,1000,0,0,0,2,2,11,5,18,6,33280,17664,65287,64759,76,32768,6,820,385,0,0,64,62599,0,0,62311,62599,0,65248,0,0,76,12,0,880,9280,32768,0,960,64,0,0,0,816,0,0,49152,0,26624
1596,1100,0,0,0,2,2,11,5,18,6,35584,4608,552,161,76,8192,10,629,916,0,0,0,19328,0,0,19328,0,0,0,0,0,76,12,0,912,0,32768,0,0,64,0,0,0,575,14080,0,0,65532,26688
1597,1000,0,0,0,2,2,11,5,18,6,35072,15360,65287,64758,76,32768,6,819,382,0,0,64,62599,0,0,62311,62599,0,65248,0,0,76,12,0,880,9280,32768,0,960,64,0,0,0,817,0,0,16384,0,26624
1597,1100,0,0,0,2,2,11,5,18,6,45824,45824,553,141,76,8192,10,631,916,0,0,0,18976,0,0,18976,0,0,0,0,0,76,12,0,912,0,32768,0,0,64,0,0,0,571,14080,0,0,65532,26688
1598,1000,0,0,0,2,2,11,5,18,6,36864,12800,65287,64758,76,32768,6,818,379,0,0,64,62599,0,0,62311,62599,0,65248,0,0,76,12,0,880,9280,32768,0,960,64,0,0,0,817,0,0,49152,0,26624
1598,1100,0,0,0,2,2,11,5,18,6,56320,16384,554,121,76,8192,10,633,917,0,0,0,18624,0,0,18624,0,0,0,0,0,76,12,0,912,0,32768,0,0,64,0,0,0,567,14080,0,0,65532,26688
1599,1000,0,0,0,2,2,11,5,18,6,38656,10240,65287,64757,76,32768,6,817,376,0,0,64,62599,0,0,62311,62599,0,65248,0,0,76,12,0,880,9280,32768,0,960,64,0,0,0,818,0,0,16384,0,26624
1599,1100,0,0,0,2,2,11,5,18,6,1536,47360,553,102,76,8192,10,636,917,0,0,0,18272,0,0,18272,0,0,0,0,0,76,12,0,912,0,32768,0,0,64,0,0,0,563,14080,0,0,65532,26688
1600,1000,0,0,0,2,2,11,5,18,6,40448,7424,65287,64757,76,32768,6,816,373,0,0,64,62599,0,0,62311,62599,0,65248,0,0,76,12,0,880,9280,32768,0,960,64,0,0,0,818,0,0,49152,0,26624
1600,1100,0,0,0,2,2,11,5,18,6,12032,7936,552,83,76,8192,10,638,918,0,0,0,17920,0,0,17920,0,0,0,0,0,76,12,0,912,0,32768,0,0,64,0,0,0,559,14080,0,0,65532,26688
1601,1000,256,0,0,2,2,11,5,18,6,42240,4608,65286,64756,76,32768,6,815,370,0,0,64,62599,0,0,62311,62599,0,65248,0,0,76,12,87,880,9344,33025,0,960,64,0,0,0,819,0,0,16384,0,26624
1601,1100,256,0,0,2,2,11,5,18,6,22272,29184,551,63,76,8192,10,640,918,0,0,0,17568,0,0,17568,0,0,0,0,0,76,12,0,912,0,32768,0,0,64,0,0,0,555,14080,0,0,65532,26688
1602,1000,0,0,0,2,2,11,5,18,6,43776,1536,65286,64756,76,32768,6,814,367,0,0,64,62609,0,0,62321,62609,0,65248,0,0,76,12,174,880,9344,33024,0,960,64,0,0,0,819,0,0,49152,0,26624
1602,1100,0,0,0,2,2,11,5,18,6,32256,45312,549,44,76,8192,10,642,918,0,0,0,17216,0,0,17216,0,0,0,0,0,76,12,0,912,0,32768,0,0,64,0,0,0,551,14080,0,0,65532,26688
1603,1000,0,0,0,2,2,11,5,18,6,45312,64000,65287,64755,76,32768,6,813,363,0,0,64,62630,0,0,62342,62630,0,65248,0,0,76,12,260,880,9344,33024,0,960,64,0,0,0,820,0,0,16384,0,26624
1603,1100,0,0,0,2,2,11,5,18,6,41728,56576,546,26,76,8192,10,644,918,0,0,0,16864,0,0,16864,0,0,0,0,0,76,12,0,912,0,32768,0,0,64,0,0,0,547,14080,0,0,65532,26688
1604,1000,0,0,0,2,2,11,5,18,6,47104,60672,65288,64755,76,32768,6,812,360,0,0,64,62662,0,0,62374,62662,0,65248,0,0,76,12,346,880,9344,33024,0,960,64,0,0,0,820,0,0,49152,0,26624
1604,1100,0,0,0,2,2,11,5,18,6,50432,63232,542,7,76,8192,10,646,918,0,0,0,16512,0,0,16512,0,0,0,0,0,76,12,0,912,0,32768,0,0,64,0,0,0,543,14080,0,0,65532,26688
1605,1000,0,0,0,2,2,11,5,18,6,49152,57344,65290,64753,76,32768,6,811,357,0,0,64,62705,0,0,62417,62705,0,65248,0,0,76,12,432,880,9344,33024,0,960,64,0,0,0,821,0,0,16384,0,26624
1605,1100,0,0,0,2,2,11,5,18,6,58112,65024,538,65525,76,8192,10,648,918,0,0,0,16160,0,0,16160,0,0,0,0,0,76,12,0,912,0,32768,0,0,64,0,0,0,539,14080,0,0,65532,26688
1606,1000,0,0,0,2,2,11,5,18,6,51712,53504,65294,64752,76,32768,6,810,354,0,0,64,62759,0,0,62471,62759,0,65248,0,0,76,12,517,880,9344,33024,0,960,64,0,0,0,821,0,0,49152,0,26624
1606,1100,0,0,0,2,2,11,5,18,6,64768,62208,534,65507,76,8192,10,650,918,0,0,0,15808,0,0,15808,0,0,0,0,0,76,12,0,912,0,32768,0,0,64,0,0,0,535,14080,0,0,11,26688
1607,1000,0,0,0,2,2,11,5,18,6,55296,49408,65297,64749,76,32768,6,809,351,0,0,64,62823,0,0,62535,62823,0,65248,0,0,76,12,602,880,9344,33024,0,960,64,0,0,0,822,0,0,16384,0,26624
1607,1100,0,0,0,2,2,11,5,18,6,4864,54784,543,65488,76,8192,10,653,918,0,0,0,15456,0,0,15456,0,0,0,0,0,76,12,0,912,0,32768,0,0,64,0,0,0,546,14080,0,0,65532,26688
1608,1000,0,0,0,2,2,11,5,18,6,59648,44544,65302,64748,76,32768,6,808,348,0,0,64,62898,0,0,62610,62898,0,65248,0,0,76,12,687,880,9344,33024,0,960,64,0,0,0,822,0,0,49152,0,26624
1608,1100,0,0,0,2,2,11,5,18,6,12800,42496,537,65470,76,8192,10,655,918,0,0,0,15104,0,0,15104,0,0,0,0,0,76,12,0,912,0,32768,0,0,64,0,0,0,542,14080,0,0,65532,26688
1609,1000,0,0,0,2,2,11,5,18,6,65280,39424,65308,64746,76,32768,6,807,345,0,0,64,62983,0,0,62695,62983,0,65248,0,0,76,12,771,880,9408,33024,0,960,64,0,0,0,823,0,0,16384,0,26624
1609,1100,0,0,0,2,2,11,5,18,6,19200,25600,531,65453,94,8192,10,657,918,0,0,0,14752,0,0,14752,0,0,0,0,0,94,30,0,912,0,32768,0,0,64,0,0,0,538,13824,0,0,65532,26688
1610,1000,0,0,0,2,2,11,5,18,6,6912,33792,65314,64744,26,32768,6,807,342,0,0,64,63079,0,0,62791,63079,2,65248,0,0,26,12,640,880,9408,32768,0,960,64,0,0,0,823,0,0,49152,0,26624
1610,1100,0,0,0,2,2,11,5,18,6,24064,4352,524,65436,94,8192,10,659,918,0,0,0,14400,0,0,14400,0,0,0,0,0,94,30,0,912,0,32768,0,0,64,0,0,0,534,13824,0,0,11,26688
1611,1000,0,0,0,2,2,12,5,18,6,15616,27648,65321,64741,26,32768,6,806,339,0,0,64,63159,0,0,62871,63159,0,65248,0,0,26,12,510,880,9408,32768,0,960,64,0,0,0,824,65023,0,16384,0,26624
1611,1100,0,0,0,2,2,12,5,18,6,27136,44288,531,65415,94,8192,10,661,917,0,0,0,14048,0,0,14048,0,0,0,0,0,94,30,0,912,0,32768,0,0,64,0,0,0,545,13824,0,0,65532,26688
1612,1000,0,0,0,2,2,12,5,18,6,26112,20736,65327,64739,76,32768,6,805,336,0,0,64,63222,0,0,62934,63222,0,65248,0,0,76,12,380,880,9408,32768,0,960,64,0,0,0,824,0,0,49152,0,26624
1612,1100,0,0,0,2,2,12,5,18,6,32000,13312,524,65405,94,8192,10,663,917,0,0,0,13824,0,0,13824,0,0,0,0,0,94,30,0,912,0,32768,0,0,64,0,0,0,541,13824,0,0,65532,26688
1613,1000,0,0,0,2,2,12,5,18,6,38144,13312,65332,64737,76,32768,6,804,333,0,0,64,63269,0,0,62981,63269,0,65248,0,0,76,12,251,880,9408,32768,0,960,64,0,0,0,825,0,0,16384,0,26624
1613,1100,0,0,0,2,2,12,5,18,6,35072,45312,520,65406,94,8192,10,665,916,0,0,0,13824,0,0,13824,0,0,0,0,0,94,30,0,912,0,32768,0,0,64,0,0,0,537,13824,0,0,65532,26688
1614,1000,0,0,0,2,2,12,5,18,6,51456,5376,65335,64736,76,32768,6,803,330,0,0,64,63300,0,0,63012,63300,0,65248,0,0,76,12,122,880,9408,32768,0,960,64,0,0,0,825,0,0,49152,0,26624
1614,1100,0,0,0,2,2,12,5,18,6,37120,12032,517,65407,94,8192,10,667,916,0,0,0,13824,0,0,13824,0,0,0,0,0,94,30,0,912,0,32768,0,0,64,0,0,0,533,13824,0,0,11,26688
1615,1000,0,0,0,2,2,12,5,18,6,0,62720,65338,64734,76,32768,6,803,326,0,0,64,63315,0,0,63027,63315,0,65248,0,0,76,12,0,880,9408,32768,0,960,64,0,0,0,826,0,0,16384,0,26624
1615,1100,0,0,0,2,2,12,5,18,6,38400,44544,527,65404,94,8192,10,669,915,0,0,0,13824,0,0,13824,0,0,0,0,0,94,30,0,912,0,32768,0,0,64,0,0,0,544,13824,0,0,65532,26688
1616,1000,0,0,0,2,2,12,5,18,6,14848,54016,65339,64734,76,32768,6,802,323,0,0,64,63315,0,0,63027,63315,0,65248,0,0,76,12,0,880,9408,32768,0,960,64,0,0,0,826,0,0,49152,0,26624
1616,1100,0,0,0,2,2,12,5,18,6,42240,10752,523,65405,94,8192,10,671,915,0,0,0,13824,0,0,13824,0,0,0,0,0,94,30,0,912,0,32768,0,0,64,0,0,0,540,13824,0,0,65532,26688
1617,1000,0,0,0,2,2,12,5,18,6,29952,45312,65338,64733,76,32768,6,801,320,0,0,64,63315,0,0,63027,63315,0,65248,0,0,76,12,0,880,9472,32768,0,960,64,0,0,0,827,0,0,16384,0,26624
1617,1100,0,0,0,2,2,12,5,18,6,45056,42752,519,65406,94,8192,10,673,914,0,0,0,13824,0,0,13824,0,0,0,0,0,94,30,0,912,0,32768,0,0,64,0,0,0,536,13312,0,0,11,26688
1618,1000,0,0,0,2,2,12,5,18,6,44800,36352,65338,64733,76,32768,6,800,317,0,0,64,63315,0,0,63027,63315,0,65248,0,0,76,12,0,880,9472,32768,0,960,64,0,0,0,827,0,0,49152,0,26624
1618,1100,0,0,0,2,2,12,5,18,6,46848,9472,523,65378,94,8192,10,675,914,0,0,0,13312,0,0,13312,0,0,0,0,0,94,30,0,912,0,32768,0,0,64,0,0,0,547,13312,0,0,65532,26688
1619,1000,0,0,0,2,2,12,5,18,6,59648,27392,65338,64732,76,32768,6,799,314,0,0,64,63315,0,0,63027,63315,0,65248,0,0,76,12,0,880,9472,32768,0,960,64,0,0,0,828,0,0,16384,0,26624
1619,1100,0,0,0,2,2,12,5,18,6,49664,34560,519,65379,94,8192,10,677,913,0,0,0,13312,0,0,13312,0,0,0,0,0,94,30,0,912,0,32768,0,0,64,0,0,0,543,13312,0,0,65532,26688
1620,1000,0,0,0,2,2,12,5,18,6,8960,18176,65338,64732,76,32768,6,799,311,0,0,64,63315,0,0,63027,63315,0,65248,0,0,76,12,0,880,9472,32768,0,960,64,0,0,0,828,0,0,49152,0,26624
1620,1100,0,0,0,2,2,12,5,18,6,51456,59904,515,65380,94,8192,10,679,912,0,0,0,13312,0,0,13312,0,0,0,0,0,94,30,0,912,0,32768,0,0,64,0,0,0,539,13312,0,0,65532,26688
1621,1000,0,0,0,2,2,12,5,18,6,23808,8960,65338,64731,76,32768,6,798,308,0,0,64,63315,0,0,63027,63315,0,65248,0,0,76,12,0,880,9472,32768,0,960,64,0,0,0,829,0,0,16384,0,26624
1621,1100,0,0,0,2,2,12,5,18,6,52224,19968,511,65381,94,8192,10,681,912,0,0,0,13312,0,0,13312,0,0,0,0,0,94,30,0,912,0,32768,0,0,64,0,0,0,535,13312,0,0,11,26688
1622,1000,0,0,0,2,2,12,5,18,6,38656,65024,65338,64731,76,32768,6,797,304,0,0,64,63315,0,0,63027,63315,0,65248,0,0,76,12,0,880,9472,32768,0,960,64,0,0,0,829,0,0,49152,0,26624
1622,1100,0,0,0,2,2,12,5,18,6,51968,45824,522,65378,94,8192,10,683,911,0,0,0,13312,0,0,13312,0,0,0,0,0,94,30,0,912,0,32768,0,0,64,0,0,0,546,14592,0,0,65532,26688
1623,1000,0,0,0,2,2,12,5,18,6,53504,55552,65338,64730,76,32768,6,796,301,0,0,64,63315,0,0,63027,63315,0,65248,0,0,76,12,0,880,9472,32768,0,960,64,0,0,0,830,0,0,16384,0,26624
1623,1100,0,0,0,2,2,12,5,18,6,54528,5376,523,65397,94,8192,10,685,911,0,0,0,13664,0,0,13664,0,0,0,0,0,94,30,0,912,0,32768,0,0,64,0,0,0,542,14592,0,0,65532,26688
1624,1000,0,0,0,2,2,12,5,18,6,2816,45824,65338,64730,76,32768,6,796,298,0,0,64,63315,0,0,63027,63315,0,65248,0,0,76,12,0,880,9472,32768,0,960,64,0,0,0,830,0,0,49152,0,26624
1624,1100,0,0,0,2,2,12,5,18,6,57344,35328,524,65415,94,8192,10,687,910,0,0,0,14016,0,0,14016,0,0,0,0,0,94,30,0,912,0,32768,0,0,64,0,0,0,538,14592,0,0,65532,26688
1625,1000,0,0,0,2,2,12,5,18,6,17664,36096,65338,64729,76,32768,6,795,295,0,0,64,63315,0,0,63027,63315,0,65248,0,0,76,12,0,880,9536,32768,0,960,64,0,0,0,831,0,0,16384,0,26624
1625,1100,0,0,0,2,2,12,5,18,6,60416,4352,524,65434,94,8192,10,689,910,0,0,0,14368,0,0,14368,0,0,0,0,0,94,30,0,912,0,32768,0,0,64,0,0,0,534,14336,0,0,11,26688
1626,1000,0,0,0,2,2,12,5,18,6,32512,26112,65338,64729,76,32768,6,794,292,0,0,64,63315,0,0,63027,63315,0,65248,0,0,76,12,0,880,9536,32768,0,960,64,0,0,0,831,0,0,49152,0,26624
1626,1100,0,0,0,2,2,12,5,18,6,63488,43776,534,65430,94,8192,10,691,909,0,0,0,14336,0,0,14336,0,0,0,0,0,94,30,0,912,0,32768,0,0,64,0,0,0,545,14336,0,0,65532,26688
1627,1000,0,0,0,2,2,12,5,18,6,47360,16128,65337,64728,76,32768,6,793,289,0,0,64,63315,0,0,63027,63315,0,65248,0,0,76,12,0,880,9536,32768,0,960,64,0,0,0,832,0,0,16384,0,26624
1627,1100,0,0,0,2,2,12,5,18,6,3584,16640,530,65431,94,8192,10,694,909,0,0,0,14336,0,0,14336,0,0,0,0,0,94,30,0,912,0,32768,0,0,64,0,0,0,541,14336,0,0,65532,26688
1628,1000,0,0,0,2,2,12,5,18,6,61952,5888,65337,64728,76,32768,6,792,286,0,0,64,63315,0,0,63027,63315,0,65248,0,0,76,12,0,880,9536,32768,0,960,64,0,0,0,832,0,0,32768,0,26624
1628,1100,0,0,0,2,2,12,5,18,6,8192,55296,526,65432,94,8192,10,696,908,0,0,0,14336,0,0,14336,0,0,0,0,0,94,30,0,912,0,32768,0,0,64,0,0,0,537,14336,0,0,65532,26688
1629,1000,0,0,0,2,2,12,5,18,6,11008,61184,65337,64728,76,32768,6,792,282,0,0,64,63315,0,0,63027,63315,0,65248,0,0,76,12,0,880,9536,32768,0,960,64,0,0,0,832,0,0,49152,0,26624
1629,1100,0,0,0,2,2,12,5,18,6,11776,28672,522,65433,94,8192,10,698,908,0,0,0,14336,0,0,14336,0,0,0,0,0,94,30,0,912,0,32768,0,0,64,0,0,0,533,14336,0,0,11,26688
1630,1000,0,0,0,2,2,12,5,18,6,25600,50944,65337,64727,76,32768,6,791,279,0,0,64,63315,0,0,63027,63315,0,65248,0,0,76,12,0,880,9536,32768,0,960,64,0,0,0,833,0,0,0,0,26624
1630,1100,0,0,0,2,2,12,5,18,6,14336,2304,533,65430,94,8192,10,700,908,0,0,0,14336,0,0,14336,0,0,0,0,0,94,30,0,912,0,32768,0,0,64,0,0,0,544,14336,0,0,65532,26688
1631,1000,0,0,0,2,2,12,5,18,6,40192,40448,65337,64727,76,32768,6,790,276,0,0,64,63315,0,0,63027,63315,0,65248,0,0,76,12,0,880,9536,32768,0,960,64,0,0,0,833,0,0,16384,0,26624
1631,1100,0,0,0,2,2,12,5,18,6,19712,40704,529,65431,94,8192,10,702,907,0,0,0,14336,0,0,14336,0,0,0,0,0,94,30,0,912,0,32768,0,0,64,0,0,0,540,14336,0,0,65532,26688
1632,1000,0,0,0,2,2,12,5,18,6,54784,29952,65337,64727,76,32768,6,789,273,0,0,64,63315,0,0,63027,63315,0,65248,0,0,76,12,0,880,9536,32768,0,960,64,0,0,0,833,0,0,32768,0,26624
1632,1100,0,0,0,2,2,12,5,18,6,24064,13824,525,65432,94,8192,10,704,907,0,0,0,14336,0,0,14336,0,0,0,0,0,94,30,0,912,0,32768,0,0,64,0,0,0,536,14080,0,0,11,26688
1633,1000,0,0,0,2,2,12,5,18,6,3840,19456,65337,64727,76,32768,6,789,270,0,0,64,63315,0,0,63027,63315,0,65248,0,0,76,12,0,880,9600,32768,0,960,64,0,0,0,833,0,0,49152,0,26624
1633,1100,0,0,0,2,2,12,5,18,6,27392,52736,533,65417,94,8192,10,706,906,0,0,0,14080,0,0,14080,0,0,0,0,0,94,30,0,912,0,32768,0,0,64,0,0,0,547,14080,0,0,65532,26688
1634,1000,0,0,0,2,2,12,5,18,6,18432,8960,65337,64726,76,32768,6,788,267,0,0,64,63315,0,0,63027,63315,0,65248,0,0,76,12,0,880,9600,32768,0,960,64,0,0,0,834,0,0,0,0,26624
1634,1100,0,0,0,2,2,12,5,18,6,32768,22272,529,65418,94,8192,10,708,906,0,0,0,14080,0,0,14080,0,0,0,0,0,94,30,0,912,0,32768,0,0,64,0,0,0,543,14080,0,0,65532,26688
1635,1000,0,0,0,2,2,12,5,18,6,33024,63744,65337,64726,76,32768,6,787,263,0,0,64,63315,0,0,63027,63315,0,65248,0,0,76,12,0,880,9600,32768,0,960,64,0,0,0,834,0,0,16384,0,26624
1635,1100,0,0,0,2,2,12,5,18,6,37120,57600,525,65418,94,8192,10,710,905,0,0,0,14080,0,0,14080,0,0,0,0,0,94,30,0,912,0,32768,0,0,64,0,0,0,539,14080,0,0,65532,26688
1636,1000,0,0,0,2,2,12,5,18,6,47616,52992,65337,64726,76,32768,6,786,260,0,0,64,63315,0,0,63027,63315,0,65248,0,0,76,12,0,880,9600,32768,0,960,64,0,0,0,834,0,0,32768,0,26624
1636,1100,0,0,0,2,2,12,5,18,6,40448,27392,521,65419,94,8192,10,712,905,0,0,0,14080,0,0,14080,0,0,0,0,0,94,30,0,912,0,32768,0,0,64,0,0,0,535,14080,0,0,11,26688
1637,1000,0,0,0,2,2,12,5,18,6,62208,42240,65337,64726,76,32768,6,785,257,0,0,64,63315,0,0,63027,63315,0,65248,0,0,76,12,0,880,9600,32768,0,960,64,0,0,0,834,0,0,49152,0,26624
1637,1100,0,0,0,2,2,12,5,18,6,42752,62976,532,65417,94,8192,10,714,904,0,0,0,14080,0,0,14080,0,0,0,0,0,94,30,0,912,0,32768,0,0,64,0,0,0,546,14080,0,0,65532,26688
1638,1000,0,0,0,2,2,12,5,18,6,11264,31488,65337,64725,76,32768,6,785,254,0,0,64,63315,0,0,63027,63315,0,65248,0,0,76,12,0,880,9600,32768,0,960,64,0,0,0,835,0,0,0,0,26624
1638,1100,0,0,0,2,2,12,5,18,6,47872,32512,528,65418,94,8192,10,716,904,0,0,0,14080,0,0,14080,0,0,0,0,0,94,30,0,912,0,32768,0,0,64,0,0,0,542,14080,0,0,65532,26688
1639,1000,512,0,0,2,2,12,5,18,6,25856,20480,65337,64725,76,32768,6,784,251,0,0,64,63315,0,0,63027,63315,0,65248,0,0,76,12,65448,880,9600,33282,0,960,64,0,0,0,835,0,0,16384,0,26624
1639,1100,512,0,0,2,2,12,5,18,6,51968,2304,524,65419,94,8192,10,718,904,0,0,0,14080,0,0,14080,0,0,0,0,0,94,30,0,912,0,32768,0,0,64,0,0,0,538,14080,0,0,65532,26688
1640,1000,32,0,0,2,2,12,5,18,6,40448,9472,65337,64725,76,32768,6,783,248,0,0,112,63304,0,0,63016,63304,0,65248,0,0,76,12,65337,880,9600,33320,1,960,80,0,0,0,835,0,0,32768,0,26624
1640,1100,32,0,0,2,2,12,5,18,6,55040,37888,521,65420,94,8192,10,720,903,0,0,0,14080,0,0,14080,0,0,0,0,0,94,30,0,912,0,32768,0,0,64,0,0,0,534,13568,0,0,11,26688
1641,1000,0,0,0,2,2,12,5,18,6,55040,64000,65336,64726,76,34816,6,782,244,0,224,112,63279,0,2,62991,63279,0,65248,0,0,76,12,65227,880,9664,33312,3,960,80,0,32768,0,835,0,0,49152,0,26624
1641,1100,0,0,0,2,2,12,5,18,6,57344,8192,525,65391,94,8192,10,722,903,0,0,0,13568,0,0,13568,0,0,0,0,0,94,30,0,912,0,32768,0,0,64,0,0,0,545,13568,0,0,65532,26688
1642,1000,0,0,0,2,2,12,5,18,6,3840,53248,65334,64725,76,34816,6,782,241,198,198,112,63240,0,2,62952,63240,0,65248,0,0,76,12,65118,880,9664,33312,4,960,80,0,32768,0,836,0,0,0,0,26624
1642,1100,0,0,0,2,2,12,5,18,6,60672,36608,521,65392,94,8192,10,724,902,0,0,0,13568,0,0,13568,0,0,0,0,0,94,30,0,912,0,32768,0,0,64,0,0,0,541,13568,0,0,65532,26688
1643,1000,0,0,0,2,2,12,5,18,6,17664,42240,65331,64726,76,34816,6,781,238,370,172,112,63187,0,2,62899,63187,0,65248,0,0,76,12,65010,880,9664,33312,5,960,80,0,32768,0,836,0,0,16384,0,26624
1643,1100,0,0,0,2,2,12,5,18,6,62976,65280,517,65393,94,8192,10,726,901,0,0,0,13568,0,0,13568,0,0,0,0,0,94,30,0,912,0,32768,0,0,64,0,0,0,537,13568,0,0,65532,26688
1644,1000,0,0,0,2,2,12,5,18,6,30720,31488,65326,64727,76,34816,6,780,235,516,146,112,63121,0,2,62833,63121,0,65248,0,0,76,12,64902,880,9664,33312,6,960,80,0,32768,0,836,0,0,32768,0,26624
1644,1100,0,0,0,2,2,12,5,18,6,64256,28672,513,65394,76,8192,10,728,901,0,0,0,13568,0,0,13568,0,0,0,0,0,76,12,0,912,0,32768,0,0,64,0,0,0,533,13568,0,0,11,26688
1645,1000,0,0,0,2,2,12,5,18,6,42496,20992,65321,64728,76,34816,6,779,232,636,120,112,63041,0,2,62753,63041,0,65248,0,0,76,12,64795,880,9664,33312,7,960,80,0,32768,0,836,0,0,49152,0,26624
1645,1100,0,0,0,2,2,12,5,18,6,64512,57856,524,65391,76,8192,10,730,900,0,0,0,13568,0,0,13568,0,0,0,0,0,76,12,0,912,0,32768,0,0,64,0,0,0,544,13568,0,0,65532,26688
1646,1000,0,0,0,2,2,12,5,18,6,52992,10752,65315,64729,76,34816,6,778,229,730,94,112,62948,0,2,62660,62948,0,65248,0,0,76,12,64689,880,9664,33312,8,960,80,0,32768,0,837,0,0,0,0,26624
1646,1100,0,0,0,2,2,12,5,18,6,2048,20736,520,65392,76,8192,10,733,900,0,0,0,13568,0,0,13568,0,0,0,0,0,76,12,0,912,0,32768,0,0,64,0,0,0,540,13568,0,0,65532,26688
1647,1000,0,0,0,2,2,12,5,18,6,61952,768,65308,64731,76,34816,6,777,226,798,68,112,62842,0,2,62554,62842,2,65248,0,0,76,12,64584,880,9664,33312,9,960,80,0,32768,0,837,0,0,16384,0,26624
1647,1100,0,0,0,2,2,12,5,18,6,4096,49408,516,65394,76,8192,10,735,899,0,0,0,13568,0,0,13568,0,0,0,0,0,76,12,0,912,0,32768,0,0,64,0,0,0,536,13568,0,0,11,26688
1648,1000,0,0,0,2,2,12,5,18,6,3584,56832,65299,64733,76,34816,6,777,222,840,42,112,62723,0,2,62435,62723,2,352,512,0,76,12,64480,880,9664,33312,10,960,80,0,32768,0,837,0,0,32768,0,26624
1648,1100,0,0,0,2,2,12,5,18,6,5120,13056,527,65391,76,8192,10,737,899,0,0,0,13568,0,0,13568,0,0,0,0,0,76,12,0,912,0,32768,0,0,64,0,0,0,547,13056,0,0,65532,26688
1649,1000,0,0,0,2,2,12,5,18,6,8448,47872,65290,64736,76,34816,6,776,219,856,16,112,62079,0,2,62943,62591,2,672,1024,0,76,12,64377,880,9728,33312,11,960,80,0,32768,0,837,65312,0,49152,0,26624
1649,1100,0,0,0,2,2,12,5,18,6,8960,41472,515,65366,76,8192,10,739,898,0,0,0,13056,0,0,13056,0,0,0,0,0,76,12,0,912,0,32768,0,0,64,0,0,0,543,13056,0,0,65532,26688
1650,1000,0,0,0,2,2,12,5,18,6,11008,39680,65329,64724,76,34816,6,775,216,846,65526,112,61422,0,2,63118,62446,2,992,1536,0,76,12,64274,880,9728,33312,12,960,80,0,32768,0,838,65088,0,0,0,26624
1650,1100,0,0,0,2,2,12,5,18,6,9728,63488,511,65367,76,8192,10,741,897,0,0,0,13056,0,0,13056,0,0,0,0,0,76,12,0,912,0,32768,0,0,64,0,0,0,539,13056,0,0,65532,26688
1651,1000,0,0,0,2,2,12,5,18,6,23552,28416,65343,64721,76,34816,6,774,213,810,65500,112,60752,0,2,63280,62288,2,1312,2048,0,76,12,64172,880,9728,33312,13,960,80,0,32768,0,838,64864,0,16384,0,26624
1651,1100,0,0,0,2,2,12,5,18,6,9472,20224,507,65369,76,8192,10,743,897,0,0,0,13056,0,0,13056,0,0,0,0,0,76,12,0,912,0,32768,0,0,64,0,0,0,535,13056,0,0,11,26688
1652,1000,0,0,0,2,2,12,5,18,6,39680,16384,65356,64718,76,34816,6,773,210,748,65474,112,60069,0,2,63429,62117,2,1632,2560,0,76,12,64071,880,9728,33312,14,960,80,0,32768,0,838,64640,0,32768,0,26624
1652,1100,0,0,0,2,2,12,5,18,6,8192,43008,518,65365,76,8192,10,745,896,0,0,0,13056,0,0,13056,0,0,0,0,0,76,12,0,912,0,32768,0,0,64,0,0,0,546,13056,0,0,65532,26688
1653,1000,0,0,0,2,2,12,5,18,6,59136,3584,65367,64716,76,34816,6,772,207,660,65448,64,59373,0,2,63565,61933,2,1824,2944,0,76,12,63995,880,9728,33280,0,960,64,0,32768,0,838,64352,0,49152,0,26624
1653,1100,0,0,0,2,2,12,5,18,6,9728,64768,514,65366,76,8192,10,747,895,0,0,0,13056,0,0,13056,0,0,0,0,0,76,12,0,912,0,32768,0,0,64,0,0,0,542,15360,0,0,65532,26688
1654,1000,0,0,0,2,2,12,5,18,6,15872,55808,65378,64712,76,34816,6,772,203,546,65422,64,58796,0,2,63564,61740,2,2016,3328,0,76,12,63919,880,9728,33280,0,960,64,0,32768,0,839,64064,0,0,0,26624
1654,1100,0,0,0,2,2,12,5,18,6,10240,21248,516,65385,76,8192,10,749,895,0,0,0,13408,0,0,13408,0,0,0,0,0,76,12,0,912,0,32768,0,0,64,0,0,0,538,15360,0,0,65532,26688
1655,1000,0,0,0,2,2,12,5,18,6,40960,41472,65378,64712,76,34816,6,771,200,406,65396,64,58209,0,2,63553,61537,2,2208,3712,0,76,12,63844,880,9728,33280,0,960,64,0,32772,0,839,63776,0,16384,0,26624
1655,1100,0,0,0,2,2,12,5,18,6,11264,48128,517,65404,76,8192,10,751,894,0,0,0,13760,0,0,13760,0,0,0,0,0,76,12,0,912,0,32768,0,0,64,0,0,0,534,15360,0,0,11,26688
1656,1000,0,0,0,2,2,12,5,18,6,512,27136,65377,64712,76,34816,6,771,197,240,65370,64,57613,0,2,63533,61325,2,2400,4096,0,76,12,63769,880,9728,33280,0,960,64,0,32772,0,839,63488,0,32768,0,26624
1656,1100,0,0,0,2,2,12,5,18,6,12544,14336,532,65419,18,10240,10,753,894,0,167,0,14112,0,2,14112,0,0,0,0,2,18,12,0,912,0,32768,0,0,64,0,32768,0,545,14848,0,0,0,26688
1657,1000,0,0,0,2,2,12,5,18,6,25344,12800,65375,64713,76,34816,6,770,194,48,65344,64,57008,0,2,63504,61104,2,2592,4480,0,76,12,63695,880,9792,33280,0,960,64,0,32772,0,839,63200,0,49152,0,26624
1657,1100,0,0,0,2,2,12,5,18,6,17664,49920,535,65437,18,10240,10,755,893,141,141,0,14464,0,2,14464,0,0,0,0,2,18,12,0,912,0,32768,0,0,64,0,32768,0,545,14848,0,0,0,26688
1658,1000,0,0,0,2,2,12,5,18,6,49664,64256,65373,64712,76,34816,6,769,190,0,0,64,56393,0,0,63465,60873,2,2784,4864,0,76,12,63622,880,9792,33280,0,960,64,0,4,0,840,62912,0,0,0,26624
1658,1100,0,0,0,2,2,12,5,18,6,23552,24576,539,65457,18,10240,10,757,893,256,115,0,14848,0,2,14848,0,0,0,0,2,18,12,0,912,0,32768,0,0,64,0,32768,0,545,14848,0,0,0,26688
1659,1000,0,0,0,2,2,12,5,18,6,7936,49920,65370,64713,76,32768,6,769,187,0,0,64,55769,0,0,63417,60633,2,2976,5248,0,76,12,63549,880,9792,33280,0,960,64,0,4,0,840,62624,0,16384,0,26624
1659,1100,0,0,0,2,2,12,5,18,6,30464,4352,539,65457,18,10240,10,759,893,345,89,0,14848,0,2,14848,0,0,0,0,2,18,12,0,912,0,32768,0,0,64,0,32768,0,545,14848,0,0,0,26688
1660,1000,0,0,0,2,2,12,5,18,6,30976,35840,65366,64714,76,32768,6,768,184,0,0,64,55136,0,0,63360,60384,2,3168,5632,0,76,12,63477,880,9792,33280,0,960,64,0,4,0,840,62336,0,32768,0,26624
1660,1100,0,0,0,2,2,12,5,18,6,37376,49664,539,65457,76,10240,10,761,892,408,63,0,14848,0,2,14848,0,0,0,0,2,76,12,0,912,0,32768,0,0,64,0,32768,0,545,14848,0,0,0,26688
1661,1000,0,0,0,2,2,12,5,18,6,52992,22016,65362,64715,76,32768,6,767,181,0,0,64,54494,0,0,63294,60126,2,3360,6016,0,76,12,63405,880,9792,33280,0,960,64,0,4,0,840,62048,0,49152,0,26624
1661,1100,0,0,0,2,2,12,5,18,6,44288,29440,539,65457,76,10240,10,763,892,445,37,0,14848,0,2,14848,0,0,0,0,2,76,12,0,912,0,32768,0,0,64,0,32768,0,545,14848,0,0,0,26688
1662,1000,0,0,0,2,2,12,5,18,6,8448,8448,65356,64715,76,32768,6,767,178,0,0,64,53843,0,0,63219,59859,2,3552,6400,0,76,12,63334,880,9792,33280,0,960,64,0,4,0,841,61760,0,0,0,26624
1662,1100,0,0,0,2,2,12,5,18,6,51200,9216,539,65457,76,10240,10,765,892,456,11,0,14848,0,2,14848,0,0,0,0,2,76,12,0,912,0,32768,0,0,64,0,32768,0,545,14848,0,0,0,26688
1663,1000,0,0,0,2,2,12,5,18,6,27904,60416,65350,64716,76,32768,6,766,174,0,0,64,53183,0,0,63135,59583,2,3744,6784,0,76,12,63263,880,9792,33280,0,960,64,0,36,0,841,61472,0,16384,0,26624
1663,1100,0,0,0,2,2,12,5,18,6,58112,54528,539,65457,76,10240,10,767,891,441,65521,0,14848,0,2,14848,0,0,0,0,2,76,12,0,912,0,32768,0,0,64,0,32768,0,545,14848,0,0,0,26688
1664,1000,0,0,0,2,2,12,5,18,6,45824,47104,65344,64718,76,32768,6,765,171,0,0,64,52514,0,0,63042,59298,2,3936,7168,0,76,12,63193,880,9792,33280,0,960,64,0,36,0,841,61184,0,32768,0,26624
1664,1100,0,0,0,2,2,12,5,18,6,65024,34304,539,65457,76,10240,10,769,891,400,65495,0,14848,0,2,14848,0,0,0,0,2,76,12,0,912,0,32768,0,0,64,0,32768,0,545,14336,0,0,0,26688
1665,1000,0,0,0,2,2,12,5,18,6,62208,34304,65336,64719,76,32768,6,764,168,0,0,64,51837,0,0,62941,59005,2,4128,7552,0,76,12,63123,880,9856,33280,0,960,64,0,36,0,841,60896,0,49152,0,26624
1665,1100,0,0,0,2,2,12,5,18,6,6400,14080,534,65430,76,10240,10,772,891,333,65469,0,14336,0,2,14336,0,0,0,0,2,76,12,0,912,0,32768,0,0,64,0,32768,0,545,14336,0,0,0,26688
1666,1000,0,0,0,2,2,12,5,18,6,11008,21760,65328,64720,76,32768,6,764,165,0,0,64,51151,0,0,62831,58703,2,4320,7936,0,76,12,63054,880,9856,33280,0,960,64,0,36,0,842,60608,0,0,0,26624
1666,1100,0,0,0,2,2,12,5,18,6,12032,52480,534,65430,76,10240,10,774,890,240,65443,0,14336,0,2,14336,0,0,0,0,2,76,12,0,912,0,32768,0,0,64,0,32768,0,545,14336,0,0,0,26688
1667,1000,0,0,0,2,2,12,5,18,6,23296,9472,65320,64723,76,32768,6,763,162,0,0,64,50456,0,0,62712,58392,2,4512,8320,0,76,12,63102,880,9856,33280,0,960,64,0,36,0,842,60320,0,16384,0,26624
1667,1100,0,0,0,2,2,12,5,18,6,17664,25344,534,65430,76,10240,10,776,890,121,65417,0,14336,0,2,14336,0,0,0,0,2,76,12,0,912,0,32768,0,0,64,0,32768,0,545,14336,0,0,0,26688
1668,1000,0,0,0,2,2,12,5,18,6,33536,63488,65310,64725,76,32768,6,762,158,0,0,64,49767,0,0,62599,58087,2,4704,8704,0,76,12,63033,880,9856,33280,0,960,64,0,36,0,842,60032,0,32768,0,26624
1668,1100,0,0,0,2,2,12,5,18,6,23296,63744,534,65430,76,10240,10,778,889,0,0,0,14336,0,0,14336,0,0,0,0,0,76,12,0,912,0,32768,0,0,64,0,0,0,545,14336,0,0,65532,26688
1669,1000,0,0,0,2,2,12,5,18,6,41216,52480,65302,64728,76,32768,6,761,155,0,0,64,49070,0,0,62478,57774,2,4896,8320,0,76,12,63102,880,9856,33280,0,960,64,0,36,0,842,59744,0,49152,0,26624
1669,1100,0,0,0,2,2,12,5,18,6,28928,36608,530,65431,76,8192,10,780,889,0,0,0,14336,0,0,14336,0,0,0,0,0,76,12,0,912,0,32768,0,0,64,0,0,0,541,14336,0,0,65532,26688
1670,1000,0,0,0,2,2,12,5,18,6,46848,42240,65292,64729,76,32768,6,760,152,0,0,64,49149,0,0,62365,57469,2,5088,8704,0,76,12,63033,880,9856,33280,0,960,64,0,36,0,843,59456,0,0,0,26624
1670,1100,0,0,0,2,2,12,5,18,6,33536,9728,526,65432,76,8192,10,782,889,0,0,0,14336,0,0,14336,0,0,0,0,0,76,12,0,912,0,32768,0,0,64,0,0,0,537,14336,0,0,65532,26688
1671,1000,0,0,0,2,2,12,5,18,6,49920,32256,65283,64732,76,32768,6,759,149,0,0,64,48452,0,0,62244,57156,2,5280,8320,0,76,12,63102,880,9856,33280,0,960,64,0,36,0,843,59168,0,16384,0,26624
1671,1100,0,0,0,2,2,12,5,18,6,37120,48640,522,65433,76,8192,10,784,888,0,0,0,14336,0,0,14336,0,0,0,0,0,76,12,0,912,0,32768,0,0,64,0,0,0,533,5376,0,0,11,26688
1672,1000,0,0,0,2,2,12,5,18,6,50688,23040,65274,64735,76,32768,6,758,146,0,0,64,48531,0,0,62131,56851,2,5472,8704,0,76,12,63033,880,9856,33280,0,960,64,0,36,0,843,58880,0,32768,0,26624
1672,1100,0,0,0,2,2,12,5,18,6,39680,22272,529,65412,76,8192,10,786,888,0,0,0,13984,0,0,13984,0,0,0,0,0,76,12,0,912,0,32768,0,0,64,0,0,0,544,5376,0,0,65532,26688
1673,1000,0,0,0,2,2,12,5,18,6,49152,14592,65265,64738,76,32768,6,757,143,0,0,64,47834,0,0,62010,56538,2,5664,8320,0,76,12,63102,880,9920,33280,0,960,64,0,36,0,843,58592,0,49152,0,26624
1673,1100,0,0,0,2,2,12,5,18,6,44032,56064,521,65396,76,8192,10,788,887,0,0,0,13632,0,0,13632,0,0,0,0,0,76,12,0,912,0,32768,0,0,64,0,0,0,540,5376,0,0,65532,26688
1674,1000,0,0,0,2,2,12,5,18,6,45312,6912,65256,64740,76,32768,6,756,140,0,0,64,47913,0,0,61897,56233,2,5856,8704,0,76,12,63033,880,9920,33280,0,960,64,0,36,0,844,58304,0,0,0,26624
1674,1100,0,0,0,2,2,12,5,18,6,46336,20224,512,65379,76,8192,10,790,887,0,0,0,13280,0,0,13280,0,0,0,0,0,76,12,0,912,0,32768,0,0,64,0,0,0,536,5376,0,0,11,26688
1675,1000,0,0,0,2,2,12,5,18,6,39168,65280,65247,64743,76,32768,6,755,136,0,0,64,47216,0,0,61776,55920,2,6048,8320,0,76,12,63102,880,9920,33280,0,960,64,0,36,0,844,58016,0,16384,0,26624
1675,1100,0,0,0,2,2,12,5,18,6,46336,45568,517,65359,76,8192,10,792,886,0,0,0,12928,0,0,12928,0,0,0,0,0,76,12,0,912,0,32768,0,0,64,0,0,0,547,5376,0,0,65532,26688
1676,1000,0,0,0,2,2,12,5,18,6,30720,58880,65238,64747,76,32768,6,754,133,0,0,64,47295,0,0,61663,55615,2,6240,8704,0,76,12,63033,880,9920,33280,0,960,64,0,36,0,844,57728,0,32768,0,26624
1676,1100,0,0,0,2,2,12,5,18,6,47616,256,507,65343,76,8192,10,794,886,0,0,0,12576,0,0,12576,0,0,0,0,0,76,12,0,912,0,32768,0,0,64,0,0,0,543,5376,0,0,65532,26688
1677,1000,0,0,0,2,2,12,5,18,6,19968,53504,65229,64750,76,32768,6,753,130,0,0,64,46598,0,0,61542,55302,2,6432,8320,0,76,12,63102,880,9920,33280,0,960,64,0,36,0,844,57440,0,49152,0,26624
1677,1100,0,0,0,2,2,12,5,18,6,46336,16384,496,65327,76,8192,10,796,885,0,0,0,12224,0,0,12224,0,0,0,0,0,76,12,0,912,0,32768,0,0,64,0,0,0,539,5376,0,0,65532,26688
1678,1000,0,0,0,2,2,12,5,18,6,6912,48896,65220,64753,20,32768,6,752,127,0,0,64,46677,0,0,61429,54997,2,6624,8704,0,20,12,63033,880,9920,33280,0,960,64,0,36,0,845,57152,0,0,0,26624
1678,1100,0,0,0,2,2,12,5,18,6,42240,28416,485,65312,76,8192,10,798,884,0,0,0,11872,0,0,11872,0,0,0,0,0,76,12,0,912,0,32768,0,0,64,0,0,0,535,5376,0,0,11,26688
1679,1000,0,0,0,2,2,12,5,18,6,57088,45056,65211,64756,20,32768,6,750,124,0,0,64,45980,0,0,61308,54684,2,6816,8320,0,20,12,63102,880,9920,33280,0,960,64,0,36,0,845,56864,0,16384,0,26624
1679,1100,0,0,0,2,2,12,5,18,6,35328,36608,487,65291,76,8192,10,800,883,0,0,0,11520,0,0,11520,0,0,0,0,0,76,12,0,912,0,32768,0,0,64,0,0,0,546,4608,0,0,65532,26688
1680,1000,0,0,0,2,2,12,5,18,6,39424,41984,65202,64760,64,32768,6,749,121,0,0,32,46059,0,0,61195,54379,2,6144,8608,0,64,0,63033,880,9920,33280,0,960,64,0,36,0,845,56608,0,32768,0,26624
1680,1100,0,0,0,2,2,12,5,18,6,28928,39424,475,65277,76,8192,10,802,882,0,0,0,11168,0,0,11168,0,0,0,0,0,76,12,0,912,0,32768,0,0,64,0,0,0,542,4608,0,0,65532,26688
1681,1000,0,0,0,2,2,12,5,18,6,19456,39936,65194,64763,64,32768,6,748,118,0,0,32,45458,0,0,60210,54066,2,6144,8320,0,64,0,63102,880,9984,33280,0,960,64,0,36,0,845,56352,0,49152,0,26624
1681,1100,0,0,0,2,2,12,5,18,6,19456,38656,463,65263,76,8192,10,804,881,0,0,0,10816,0,0,10816,0,0,0,0,0,76,12,0,912,0,32768,0,0,64,0,0,0,538,4608,0,0,65532,26688
1682,1000,0,0,0,2,2,12,5,18,6,62976,38656,65122,64798,64,32768,6,746,115,0,0,32,45441,0,0,59905,53761,2,6144,8608,0,64,0,63033,880,9984,33280,0,960,64,0,36,0,846,56096,0,0,0,26624
1682,1100,0,0,0,2,2,12,5,18,6,6912,34304,450,65249,76,8192,10,806,880,0,0,0,10464,0,0,10464,0,0,0,0,0,76,12,0,912,0,32768,0,0,64,0,0,0,534,4608,0,0,11,26688
1683,1000,0,0,0,2,2,12,5,18,6,22528,46336,65101,64811,76,32768,6,745,112,0,0,64,44840,0,0,59592,53448,2,6336,8224,0,76,12,63102,880,9984,33280,0,960,64,0,36,0,846,55808,0,16384,0,26624
1683,1100,0,0,0,2,2,12,5,18,6,56576,26368,449,65228,76,8192,10,807,879,0,0,0,10112,0,0,10112,0,0,0,0,0,76,12,0,912,0,32768,0,0,64,0,0,0,545,5120,0,0,65532,26688
1684,1000,0,0,0,2,2,12,5,18,6,42240,57344,65079,64824,76,32768,6,743,109,0,0,64,44919,0,0,59479,53143,2,6528,8608,0,76,12,63033,880,9984,33280,0,960,64,0,36,0,846,55520,0,32768,0,26624
1684,1100,0,0,0,2,2,12,5,18,6,40448,13056,435,65216,76,8192,10,809,878,0,0,0,9760,0,0,9760,0,0,0,0,0,76,12,0,912,0,32768,0,0,64,0,0,0,541,5120,0,0,65532,26688
1685,1000,0,0,0,2,2,12,5,18,6,56320,6144,65071,64829,76,32768,6,741,107,0,0,64,44222,0,0,59358,52830,2,6720,8224,0,76,12,63102,880,9984,33280,0,960,64,0,36,0,846,55232,0,49152,0,26624
1685,1100,0,0,0,2,2,12,5,18,6,20736,62208,421,65203,76,8192,10,811,876,0,0,0,9408,0,0,9408,0,0,0,0,0,76,12,0,912,0,32768,0,0,64,0,0,0,537,5120,0,0,65532,26688
1686,1000,0,0,0,2,2,12,5,18,6,2816,21760,65063,64834,76,32768,6,740,104,0,0,64,44301,0,0,59245,52525,2,6912,8608,0,76,12,63033,880,9984,33280,0,960,64,0,36,0,847,54944,0,0,0,26624
1686,1100,0,0,0,2,2,12,5,18,6,62976,42496,406,65192,76,8192,10,812,875,0,0,0,9056,0,0,9056,0,0,0,0,0,76,12,0,912,0,32768,0,0,64,0,0,0,533,5120,0,0,11,26688
1687,1000,0,0,0,2,2,12,5,18,6,12800,38656,65055,64839,76,32768,6,738,101,0,0,64,43604,0,0,59124,52212,2,7104,8224,0,76,12,63102,880,9984,33280,0,960,64,0,36,0,847,54656,0,16384,0,26624
1687,1100,0,0,0,2,2,12,5,18,6,35840,19968,403,65171,76,8192,10,814,874,0,0,0,8704,0,0,8704,0,0,0,0,0,76,12,0,912,0,32768,0,0,64,0,0,0,544,5120,0,0,65532,26688
1688,1000,0,0,0,2,2,12,5,18,6,20736,56832,65047,64845,76,32768,6,736,98,0,0,64,43683,0,0,59011,51907,2,7296,8608,0,76,12,63033,880,9984,33280,0,960,64,0,36,0,847,54368,0,32768,0,26624
1688,1100,0,0,0,2,2,12,5,18,6,7936,57600,387,65161,76,8192,10,816,872,0,0,0,8352,0,0,8352,0,0,0,0,0,76,12,0,912,0,32768,0,0,64,0,0,0,540,4096,0,0,65532,26688
1689,1000,0,0,0,2,2,12,5,18,6,26624,11008,65040,64850,20,32768,6,734,96,0,0,64,42986,0,0,58890,51594,2,7488,8224,0,20,12,63102,880,10048,33280,0,960,64,0,36,0,847,54080,0,49152,0,26624
1689,1100,0,0,0,2,2,12,5,18,6,41472,27136,371,65151,76,8192,10,817,871,0,0,0,8000,0,0,8000,0,0,0,0,0,76,12,0,912,0,32768,0,0,64,0,0,0,536,4096,0,0,11,26688
1690,1000,0,0,0,2,2,12,5,18,6,30720,32000,65031,64855,20,32768,6,732,93,0,0,64,43065,0,0,58777,51289,2,7680,8608,0,20,12,63033,880,10048,33280,0,960,64,0,36,0,848,53792,0,0,0,26624
1690,1100,0,0,0,2,2,12,5,18,6,5376,59648,366,65130,76,8192,10,819,869,0,0,0,7648,0,0,7648,0,0,0,0,0,76,12,0,912,0,32768,0,0,64,0,0,0,547,4096,0,0,65532,26688
1691,1000,0,0,0,2,2,12,5,18,6,32512,54272,65024,64860,20,32768,6,730,90,0,0,64,42368,0,0,58656,50976,2,7872,8224,0,20,12,63102,880,10048,33280,0,960,64,0,36,0,848,53504,0,16384,0,26624
1691,1100,0,0,0,2,2,12,5,18,6,33536,21248,349,65121,76,8192,10,820,868,0,0,0,7296,0,0,7296,0,0,0,0,0,76,12,0,912,0,32768,0,0,64,0,0,0,543,4096,0,0,65532,26688
1692,1000,0,0,0,2,2,12,5,18,6,32512,12288,65016,64866,20,32768,6,728,88,0,0,64,42447,0,0,58543,50671,2,7584,7840,0,20,12,63014,880,10048,512,0,960,64,0,0,0,848,54017,0,32768,65526,26624
1692,1100,0,0,0,2,2,12,5,18,6,57344,46080,332,65113,76,8192,10,821,866,0,0,0,6944,0,0,6944,0,0,0,0,0,76,12,0,912,0,32768,0,0,64,0,0,0,539,4096,0,0,65532,26688
1693,1000,0,0,0,2,2,12,5,18,6,30464,37376,65015,64880,20,32768,6,726,85,0,0,64,42515,0,0,57939,50355,2,7296,7456,0,20,12,63083,880,10048,512,0,960,64,0,0,0,838,54530,0,49152,65526,26624
1693,1100,0,0,0,2,2,12,5,18,6,11264,3328,316,65105,76,8192,10,823,865,0,0,0,6592,0,0,6592,0,0,0,0,0,76,12,0,912,0,32768,0,0,64,0,0,0,535,4096,0,0,11,26688
1694,1000,0,0,0,2,2,12,5,18,6,28160,512,64984,64918,20,32768,6,724,83,0,0,64,42592,0,0,57344,50048,2,7008,7072,0,20,12,63083,880,10048,512,0,960,64,0,0,0,829,55043,0,0,65526,26624
1694,1100,0,0,0,2,2,12,5,18,6,26624,24064,307,65085,76,8192,10,824,863,0,0,0,6240,0,0,6240,0,0,0,0,0,76,12,0,912,0,32768,0,0,64,0,0,0,546,4608,0,0,65532,26688
1695,1000,0,0,0,2,2,12,5,18,6,17920,38912,64956,64957,76,32768,6,722,80,0,0,64,42669,0,0,56749,49741,2,6720,6688,0,76,12,63083,880,10048,512,0,960,64,0,0,0,819,55556,0,16384,65526,26624
1695,1100,0,0,0,2,2,12,5,18,6,39680,39680,289,65079,76,8192,10,825,861,0,0,0,5888,0,0,5888,0,0,0,0,0,76,12,0,912,0,32768,0,0,64,0,0,0,542,4608,0,0,65532,26688
1696,1000,0,0,0,2,2,12,5,18,6,512,21760,64932,64998,76,32768,6,720,78,0,0,64,42746,0,0,56154,49434,2,6432,6304,0,76,12,63083,880,10048,512,0,960,64,0,0,0,809,56069,0,32768,65526,26624
1696,1100,0,0,0,2,2,12,5,18,6,48128,53760,272,65072,76,8192,10,826,859,0,0,0,5536,0,0,5536,0,0,0,0,0,76,12,0,912,0,32768,0,0,64,0,0,0,538,4608,0,0,65532,26688
1697,1000,0,0,0,2,2,12,5,18,6,42496,15104,64910,65039,76,32768,6,717,76,0,0,64,42823,0,0,55559,49127,2,6144,5920,0,76,12,63083,880,9408,512,0,960,64,0,0,0,799,56582,0,49152,65526,26624
1697,1100,0,0,0,2,2,12,5,18,6,52224,512,254,65067,76,8192,10,827,858,0,0,0,5184,0,0,5184,0,0,0,0,0,76,12,0,912,0,32768,0,0,64,0,0,0,534,4608,0,0,11,26688
1698,1000,0,0,0,2,2,12,5,18,6,13312,18944,64890,65081,76,32768,6,715,74,0,0,64,42900,0,0,54964,48820,2,5856,5536,0,76,12,63083,880,9408,512,0,960,64,0,0,0,790,57095,0,0,65526,26624
1698,1100,0,0,0,2,2,12,5,18,6,51712,11520,243,65049,76,8192,10,828,856,0,0,0,4832,0,0,4832,0,0,0,0,0,76,12,0,912,0,32768,0,0,64,0,0,0,545,4608,0,0,65532,26688
1699,1000,0,0,0,2,2,12,5,18,6,44544,33536,64873,65124,76,32768,6,712,72,0,0,64,42977,0,0,54369,48513,2,5568,5152,0,76,12,63083,880,9408,512,0,960,64,0,0,0,780,57608,0,16384,65526,26624
1699,1100,0,0,0,2,2,12,5,18,6,48384,17920,231,65047,76,8192,10,829,854,0,0,0,4608,0,0,4608,0,0,0,0,0,76,12,0,912,0,32768,0,0,64,0,0,0,541,4608,0,0,65532,26688
1700,1000,0,0,0,2,2,12,5,18,6,5888,59136,64860,65167,76,32768,6,710,70,0,0,64,43054,0,0,53774,48206,2,5280,4768,0,76,12,63083,880,9408,512,0,960,64,0,0,0,770,58121,0,32768,65526,26624
1700,1100,0,0,0,2,2,12,5,18,6,41984,23808,229,65051,76,8192,10,830,852,0,0,0,4608,0,0,4608,0,0,0,0,0,76,12,0,912,0,32768,0,0,64,0,0,0,537,4608,0,0,65532,26688
1701,1000,0,0,0,2,2,12,5,18,6,29440,30208,64849,65211,76,32768,6,707,69,0,0,64,43131,0,0,53179,47899,2,4992,4384,0,76,12,63083,880,9408,512,0,960,64,0,0,0,760,58634,0,49152,65528,26624
1701,1100,0,0,0,2,2,12,5,18,6,35072,30720,227,65055,76,8192,10,831,850,0,0,0,4608,0,0,4608,0,0,0,0,0,76,12,0,912,0,32768,0,0,64,0,0,0,533,4608,0,0,11,26688
1702,1000,0,0,0,2,2,12,5,18,6,50176,12544,64838,65253,76,32768,6,704,68,0,0,64,43208,0,0,52584,47592,2,4704,4000,0,76,12,63083,880,9408,512,0,960,64,0,0,0,753,59147,0,0,65528,26624
1702,1100,0,0,0,2,2,12,5,18,6,27648,38656,232,65045,18,10240,10,832,848,0,167,0,4608,0,2,4608,0,0,0,0,2,18,12,0,912,0,32768,0,0,64,0,32768,0,544,3328,0,0,0,26688
1703,1000,0,0,0,2,2,12,5,18,6,2560,5632,64830,65296,76,32768,6,702,67,0,0,64,43285,0,0,51989,47285,2,4416,3616,0,76,12,63083,880,9408,512,0,960,64,0,0,0,745,59660,0,16384,65528,26624
1703,1100,0,0,0,2,2,12,5,18,6,21504,44032,215,65037,18,10240,10,833,846,141,141,0,4256,0,2,4256,0,0,0,0,2,18,12,0,912,0,32768,0,0,64,0,32768,0,544,3840,0,0,0,26688
1704,1000,0,0,0,2,2,12,5,18,6,18432,9728,64825,65338,76,32768,6,699,66,0,0,64,43362,0,0,51394,46978,2,4128,3232,0,76,12,63083,880,9408,512,0,960,64,0,0,0,737,60173,0,32768,65528,26624
1704,1100,0,0,0,2,2,12,5,18,6,11008,47360,195,65029,18,10240,10,834,844,256,115,0,3840,0,2,3840,0,0,0,0,2,18,12,0,912,0,32768,0,0,64,0,32768,0,544,3840,0,0,0,26688
1705,1000,0,0,0,2,2,12,5,18,6,33024,24576,64823,65381,76,32768,6,696,65,0,0,64,43439,0,0,50799,46671,2,3840,2848,0,76,12,63211,880,8768,0,0,960,64,0,0,0,729,60686,0,49152,65528,26624
1705,1100,0,0,0,2,2,12,5,18,6,60928,48640,195,65029,18,10240,10,834,842,345,89,0,3840,0,2,3840,0,0,0,0,2,18,12,0,912,0,32768,0,0,64,0,32768,0,544,3840,0,0,0,26688
1706,1000,0,0,0,2,2,12,5,18,6,47104,50432,64822,65423,76,32768,6,693,64,0,0,64,43532,0,0,50220,46380,2,3552,2464,0,76,12,63339,880,8768,32768,0,960,64,0,0,0,722,61199,0,0,2,26624
1706,1100,0,0,0,2,2,12,5,18,6,45312,49920,195,65029,76,10240,10,835,840,408,63,0,3840,0,2,3840,0,0,0,0,2,76,12,0,912,0,32768,0,0,64,0,32768,0,544,3840,0,0,0,26688
1707,1000,0,0,0,2,2,12,5,18,6,60928,21504,64815,65462,76,32768,6,690,64,0,0,64,43641,0,0,49657,46105,2,3264,2080,0,76,12,63467,880,8768,0,0,960,64,0,0,0,724,61712,0,0,65528,26624
1707,1100,0,0,0,2,2,12,5,18,6,29696,51200,195,65029,76,10240,10,836,838,445,37,0,3840,0,2,3840,0,0,0,0,2,76,12,0,912,0,32768,0,0,64,0,32768,0,544,3840,0,0,0,26688
1708,1000,0,0,0,2,2,12,5,18,6,7424,2560,64820,65502,76,32768,6,688,64,0,0,64,43766,0,0,49110,45846,2,2976,1696,0,76,12,63595,880,8768,0,0,960,64,0,0,0,716,62225,0,0,65528,26624
1708,1100,0,0,0,2,2,12,5,18,6,14080,52480,195,65029,76,10240,10,837,836,456,11,0,3840,0,2,3840,0,0,0,0,2,76,12,0,912,0,32768,0,0,64,0,32768,0,544,3840,0,0,0,26688
1709,1000,16,0,0,2,2,12,5,18,6,20736,59392,64828,3,76,32768,6,685,63,0,0,112,43907,0,0,48579,45603,2,2496,1184,0,76,12,63723,880,8768,20,0,960,80,0,0,0,708,62674,0,0,65528,26624
1709,1100,16,0,0,2,2,12,5,18,6,64000,53760,195,65029,76,10240,10,837,834,441,65521,0,3840,0,2,3840,0,0,0,0,2,76,12,0,912,0,32768,0,0,64,0,32768,0,544,3840,0,0,0,26688
1710,1000,0,0,0,2,2,12,5,18,6,36096,60160,64837,39,76,34816,6,682,63,0,224,112,44192,0,2,47872,45376,2,2016,672,0,76,12,63851,880,8768,16,0,960,80,0,32768,0,700,63123,0,0,65528,26624
1710,1100,0,0,0,2,2,12,5,18,6,48384,55040,195,65029,76,10240,10,838,832,400,65495,0,3840,0,2,3840,0,0,0,0,2,76,12,0,912,0,32768,0,0,64,0,32768,0,544,3840,0,0,0,26688
1711,1000,0,0,0,2,2,12,5,18,6,53760,4608,64849,85,76,34816,6,679,64,198,198,112,44493,0,2,47181,45165,2,1536,160,0,76,12,63979,880,8768,16,0,960,80,0,32768,0,692,63572,0,0,65528,26624
1711,1100,0,0,0,2,2,12,5,18,6,32768,56320,195,65029,76,10240,10,839,830,333,65469,0,3840,0,2,3840,0,0,0,0,2,76,12,0,912,0,32768,0,0,64,0,32768,0,544,4352,0,0,0,26688
1712,1000,0,0,0,2,2,12,5,18,6,8960,26368,64864,129,76,34816,6,677,64,370,172,112,44810,0,2,46506,44970,2,1056,0,0,76,12,64107,880,8768,16,0,960,80,0,32768,0,684,64021,0,0,65528,26624
1712,1100,0,0,0,2,2,12,5,18,6,17152,57600,212,65036,76,10240,10,840,828,240,65443,0,4192,0,2,4192,0,0,0,0,2,76,12,0,912,0,32768,0,0,64,0,32768,0,544,4352,0,0,0,26688
1713,1000,0,0,0,2,2,12,5,18,6,33536,59392,64881,170,76,34816,6,674,64,516,146,112,44791,0,2,45847,44791,2,576,0,0,76,12,64235,880,8128,16,0,960,80,0,32768,0,676,64470,0,0,65528,26624
1713,1100,0,0,0,2,2,12,5,18,6,5888,60672,220,65039,76,10240,10,841,826,121,65417,0,4352,0,2,4352,0,0,0,0,2,76,12,0,912,0,32768,0,0,64,0,32768,0,544,4352,0,0,0,26688
1714,1000,0,0,0,2,2,12,5,18,6,62464,37376,64901,209,20,34816,6,671,65,636,120,112,44628,0,2,45204,44628,2,96,0,0,20,12,64363,880,8128,16,0,960,80,0,32768,0,668,64919,0,0,65528,26624
1714,1100,0,0,0,2,2,12,5,18,6,62208,64512,220,65039,76,10240,10,841,824,0,0,0,4352,0,0,4352,0,0,0,0,0,76,12,0,912,0,32768,0,0,64,0,0,0,544,4352,0,0,65532,26688
1715,1000,0,0,0,2,2,12,5,18,6,30976,25344,64922,244,20,34816,6,669,66,730,94,112,44481,0,2,44577,44481,0,96,0,0,20,12,64491,880,8128,16,0,960,80,0,32768,0,660,65368,0,0,65528,26624
1715,1100,0,0,0,2,2,12,5,18,6,52992,2816,218,65043,76,8192,10,842,823,0,0,0,4352,0,0,4352,0,0,0,0,0,76,12,0,912,0,32768,0,0,64,0,0,0,540,4352,0,0,65532,26688
1716,1000,0,0,0,2,2,12,5,18,6,4864,22272,64945,277,20,34816,6,667,67,798,68,112,44350,0,2,44446,44350,2,96,0,0,20,12,64619,880,8128,16,0,960,80,0,32768,0,652,0,0,0,65528,26624
1716,1100,0,0,0,2,2,12,5,18,6,43264,7680,217,65046,76,8192,10,843,821,0,0,0,4352,0,0,4352,0,0,0,0,0,76,12,0,912,0,32768,0,0,64,0,0,0,536,4352,0,0,11,26688
1717,1000,0,0,0,2,2,12,5,18,6,50176,27648,64956,281,20,34816,6,664,68,840,42,112,44235,0,2,44331,44235,0,96,0,0,20,12,64747,880,8128,16,0,960,80,0,32768,0,644,65087,0,0,65528,26624
1717,1100,0,0,0,2,2,12,5,18,6,33280,13312,221,65036,76,8192,10,844,819,0,0,0,4352,0,0,4352,0,0,0,0,0,76,12,0,912,0,32768,0,0,64,0,0,0,547,4352,0,0,65532,26688
1718,1000,0,0,0,2,2,12,5,18,6,32768,34048,64966,284,20,34816,6,662,69,856,16,112,44136,0,2,44232,44136,2,96,0,0,20,12,64875,880,8128,16,0,960,80,0,32768,0,636,0,0,0,65528,26624
1718,1100,0,0,0,2,2,12,5,18,6,24320,16384,220,65040,76,8192,10,845,817,0,0,0,4352,0,0,4352,0,0,0,0,0,76,12,0,912,0,32768,0,0,64,0,0,0,543,4352,0,0,65532,26688
1719,1000,0,0,0,2,2,12,5,18,6,17920,41216,64976,286,20,34816,6,660,70,846,65526,112,44053,0,2,44149,44053,0,96,0,0,20,12,65003,880,8128,16,0,960,80,0,32768,0,628,65087,0,0,65528,26624
1719,1100,0,0,0,2,2,12,5,18,6,15104,20480,218,65044,76,8192,10,846,815,0,0,0,4352,0,0,4352,0,0,0,0,0,76,12,0,912,0,32768,0,0,64,0,0,0,539,5376,0,0,65532,26688
1720,1000,0,0,0,2,2,12,5,18,6,5632,48896,64985,287,20,34816,6,658,71,810,65500,112,43986,0,2,44082,43986,0,96,0,0,20,12,65131,880,8128,16,0,960,80,0,32768,0,620,0,0,0,65528,26624
1720,1100,0,0,0,2,2,12,5,18,6,5376,25600,233,65055,76,8192,10,847,813,0,0,0,4704,0,0,4704,0,0,0,0,0,76,12,0,912,0,32768,0,0,64,0,0,0,535,5376,0,0,11,26688
1721,1000,0,0,0,2,2,12,5,18,6,61184,56832,64994,286,76,34816,6,655,72,748,65474,112,43935,0,2,44031,43935,0,96,0,0,76,12,65259,880,7488,16,0,960,80,0,32768,0,612,0,0,0,65528,26624
1721,1100,0,0,0,2,2,12,5,18,6,65024,33536,254,65053,76,8192,10,847,811,0,0,0,5056,0,0,5056,0,0,0,0,0,76,12,0,912,0,32768,0,0,64,0,0,0,546,5376,0,0,65532,26688
1722,1000,0,0,0,2,2,12,5,18,6,53504,64512,65003,285,76,34816,6,653,73,660,65448,112,43900,0,2,43996,43900,0,96,0,0,76,12,65387,880,7488,16,0,960,80,0,32768,0,604,0,0,0,65528,26624
1722,1100,0,0,0,2,2,12,5,18,6,64512,40960,267,65065,76,8192,10,848,809,0,0,0,5376,0,0,5376,0,0,0,0,0,76,12,0,912,0,32768,0,0,64,0,0,0,542,3328,0,0,65532,26688
1723,1000,0,0,0,2,2,12,5,18,6,48128,6400,65011,283,76,34816,6,651,75,546,65422,112,43881,0,2,43977,43881,0,96,0,0,76,12,65515,880,7488,16,0,960,80,0,32768,0,596,0,0,0,65528,26624
1723,1100,0,0,0,2,2,12,5,18,6,1792,51456,249,65060,76,8192,10,850,807,0,0,0,5024,0,0,5024,0,0,0,0,0,76,12,0,912,0,32768,0,0,64,0,0,0,538,3328,0,0,65532,26688
1724,1000,0,0,0,2,2,12,5,18,6,44800,13312,65018,280,76,34816,6,649,76,406,65396,112,43878,0,2,43974,43878,0,96,0,0,76,12,0,880,7488,16,0,960,80,0,32768,0,588,0,0,0,65528,26624
1724,1100,0,0,0,2,2,12,5,18,6,0,60672,231,65055,76,8192,10,851,805,0,0,0,4672,0,0,4672,0,0,0,0,0,76,12,0,912,0,32768,0,0,64,0,0,0,534,3328,0,0,11,26688
1725,1000,0,0,0,2,2,12,5,18,6,43264,19456,65026,277,76,34816,6,647,77,240,65370,112,43878,0,2,43974,43878,0,96,0,0,76,12,0,880,7488,16,0,960,80,0,32768,0,580,0,0,0,65528,26624
1725,1100,0,0,0,2,2,12,5,18,6,59136,3072,219,65037,76,8192,10,851,804,0,0,0,4320,0,0,4320,0,0,0,0,0,76,12,0,912,0,32768,0,0,64,0,0,0,545,3328,0,0,65532,26688
1726,1000,0,0,0,2,2,12,5,18,6,43776,24832,65033,273,76,34816,6,645,78,48,65344,112,43878,0,2,43974,43878,0,96,0,0,76,12,0,880,7488,16,0,960,80,0,32768,0,572,0,0,0,65528,26624
1726,1100,0,0,0,2,2,12,5,18,6,49664,6400,200,65034,76,8192,10,852,802,0,0,0,3968,0,0,3968,0,0,0,0,0,76,12,0,912,0,32768,0,0,64,0,0,0,541,3328,0,0,65532,26688
1727,1000,0,0,0,2,2,12,5,18,6,46080,29184,65040,269,76,34816,6,643,79,0,0,112,43878,0,0,43974,43878,0,96,0,0,76,12,0,880,7488,16,0,960,80,0,0,0,564,0,0,0,65528,26624
1727,1100,0,0,0,2,2,12,5,18,6,35328,8960,182,65031,76,8192,10,853,800,0,0,0,3616,0,0,3616,0,0,0,0,0,76,12,0,912,0,32768,0,0,64,0,0,0,537,3328,0,0,65532,26688
1728,1000,0,0,0,2,2,12,5,18,6,50176,32512,65047,265,76,32768,6,641,80,0,0,112,43878,0,0,43974,43878,0,96,0,0,76,12,0,880,7488,16,0,960,80,0,0,0,556,0,0,0,65528,26624
1728,1100,0,0,0,2,2,12,5,18,6,16384,10752,167,65030,76,8192,10,854,798,0,0,0,3328,0,0,3328,0,0,0,0,0,76,12,0,912,0,32768,0,0,64,0,0,0,533,4096,0,0,11,26688
1729,1000,0,0,0,2,2,12,5,18,6,56064,34816,65054,261,76,32768,6,639,81,0,0,112,43878,0,0,43974,43878,0,96,0,0,76,12,0,880,6848,16,0,960,80,0,0,0,548,0,0,0,65528,26624
1729,1100,0,0,0,2,2,12,5,18,6,59136,12288,187,65026,76,8192,10,854,796,0,0,0,3680,0,0,3680,0,0,0,0,0,76,12,0,912,0,32768,0,0,64,0,0,0,544,4096,0,0,65532,26688
1730,1000,0,0,0,2,2,12,5,18,6,63744,36096,65061,258,76,32768,6,637,82,0,0,112,43878,0,0,43974,43878,0,96,0,0,76,12,0,880,6848,16,0,960,80,0,0,0,540,0,0,0,65528,26624
1730,1100,0,0,0,2,2,12,5,18,6,41472,12800,206,65038,76,8192,10,855,794,0,0,0,4096,0,0,4096,0,0,0,0,0,76,12,0,912,0,32768,0,0,64,0,0,0,540,4096,0,0,65532,26688
1731,1000,0,0,0,2,2,12,5,18,6,7680,36608,65068,254,76,32768,6,636,83,0,0,112,43878,0,0,43974,43878,0,96,0,0,76,12,0,880,6848,16,0,960,80,0,0,0,532,0,0,0,65528,26624
1731,1100,0,0,0,2,2,12,5,18,6,28672,16384,205,65041,76,8192,10,856,792,0,0,0,4096,0,0,4096,0,0,0,0,0,76,12,0,912,0,32768,0,0,64,0,0,0,536,4096,0,0,11,26688
1732,1000,0,0,0,2,2,12,5,18,6,18944,36096,65075,250,76,32768,6,634,84,0,0,112,43878,0,0,43974,43878,0,96,0,0,76,12,0,880,6848,16,0,960,80,0,0,0,524,0,0,0,65528,26624
1732,1100,0,0,0,2,2,12,5,18,6,15616,20736,209,65031,76,8192,10,857,790,0,0,0,4096,0,0,4096,0,0,0,0,0,76,12,0,912,0,32768,0,0,64,0,0,0,547,4096,0,0,65532,26688
1733,1000,0,0,0,2,2,12,5,18,6,32000,34560,65082,246,76,32768,6,632,85,0,0,112,43878,0,0,43974,43878,0,96,0,0,76,12,0,880,6848,16,0,960,80,0,0,0,516,0,0,0,65528,26624
1733,1100,0,0,0,2,2,12,5,18,6,3584,22528,207,65035,76,8192,10,858,788,0,0,0,4096,0,0,4096,0,0,0,0,0,76,12,0,912,0,32768,0,0,64,0,0,0,543,4096,0,0,65532,26688
1734,1000,0,0,0,2,2,12,5,18,6,46848,32000,65089,242,76,32768,6,630,86,0,0,112,43878,0,0,43974,43878,0,96,0,0,76,12,0,880,6848,16,0,960,80,0,0,0,508,0,0,0,65530,26624
1734,1100,0,0,0,2,2,12,5,18,6,56576,25344,206,65039,76,8192,10,858,786,0,0,0,4096,0,0,4096,0,0,0,0,0,76,12,0,912,0,32768,0,0,64,0,0,0,539,4096,0,0,65532,26688
1735,1000,0,0,0,2,2,12,5,18,6,63488,28416,65094,240,76,32768,6,628,87,0,0,112,43878,0,0,43974,43878,0,96,0,0,76,12,0,880,6848,16,0,960,80,0,0,0,502,0,0,0,65530,26624
1735,1100,0,0,0,2,2,12,5,18,6,43776,29184,204,65042,76,8192,10,859,784,0,0,0,4096,0,0,4096,0,0,0,0,0,76,12,0,912,0,32768,0,0,64,0,0,0,535,4096,0,0,11,26688
1736,1000,0,0,0,2,2,12,5,18,6,15872,24320,65099,237,76,32768,6,627,88,0,0,112,43878,0,0,43974,43878,0,96,0,0,76,12,0,880,6848,16,0,960,80,0,0,0,496,0,0,0,65530,26624
1736,1100,0,0,0,2,2,12,5,18,6,30464,33792,208,65032,76,8192,10,860,782,0,0,0,4096,0,0,4096,0,0,0,0,0,76,12,0,912,0,32768,0,0,64,0,0,0,546,5632,0,0,65532,26688
1737,1000,0,0,0,2,2,12,5,18,6,35072,19456,65105,234,76,32768,6,625,89,0,0,112,43878,0,0,43974,43878,0,96,0,0,76,12,0,880,6208,16,0,960,80,0,0,0,490,0,0,0,65530,26624
1737,1100,0,0,0,2,2,12,5,18,6,18176,35840,224,65043,76,8192,10,861,780,0,0,0,4448,0,0,4448,0,0,0,0,0,76,12,0,912,0,32768,0,0,64,0,0,0,542,5632,0,0,65532,26688
1738,1000,0,0,0,2,2,12,5,18,6,55808,13824,65110,231,28,34816,6,623,90,0,151,112,43878,0,2,43974,43878,0,96,0,2,28,12,0,880,6208,16,0,960,80,0,32768,0,484,0,0,0,0,26624
1738,1100,0,0,0,2,2,12,5,18,6,9984,40704,238,65054,76,8192,10,862,778,0,0,0,4800,0,0,4800,0,0,0,0,0,76,12,0,912,0,32768,0,0,64,0,0,0,538,5632,0,0,65532,26688
1739,1000,0,0,0,2,2,12,5,18,6,12288,7424,65110,231,28,34816,6,622,91,125,125,112,43878,0,2,43974,43878,0,96,0,2,28,12,0,880,6208,16,0,960,80,0,32768,0,484,0,0,0,0,26624
1739,1100,0,0,0,2,2,12,5,18,6,5376,48384,253,65066,76,8192,10,863,776,0,0,0,5152,0,0,5152,0,0,0,0,0,76,12,0,912,0,32768,0,0,64,0,0,0,534,5632,0,0,11,26688
1740,1000,0,0,0,2,2,12,5,18,6,34304,1024,65110,231,28,34816,6,620,92,224,99,112,43878,0,2,43974,43878,0,96,0,2,28,12,0,880,6208,16,0,960,80,0,32768,0,484,0,0,0,0,26624
1740,1100,0,0,0,2,2,12,5,18,6,4608,59136,280,65069,76,8192,10,864,774,0,0,0,5632,0,0,5632,0,0,0,0,0,76,12,0,912,0,32768,0,0,64,0,0,0,545,2048,0,0,65532,26688
1741,1000,0,0,0,2,2,12,5,18,6,56320,60160,65110,231,28,34816,6,618,92,297,73,112,43878,0,2,43974,43878,0,96,0,2,28,12,0,880,6208,16,0,960,80,0,32768,0,484,0,0,0,0,26624
1741,1100,0,0,0,2,2,12,5,18,6,10752,5120,262,65063,76,8192,10,865,773,0,0,0,5280,0,0,5280,0,0,0,0,0,76,12,0,912,0,32768,0,0,64,0,0,0,541,2048,0,0,65532,26688
1742,1000,0,0,0,2,2,12,5,18,6,12800,53760,65110,231,28,34816,6,617,93,344,47,112,43878,0,2,43974,43878,0,96,0,2,28,12,0,880,6208,16,0,960,80,0,32768,0,484,0,0,0,0,26624
1742,1100,0,0,0,2,2,12,5,18,6,12288,15104,244,65058,76,8192,10,866,771,0,0,0,4928,0,0,4928,0,0,0,0,0,76,12,0,912,0,32768,0,0,64,0,0,0,537,2048,0,0,65532,26688
1743,1000,0,0,0,2,2,12,5,18,6,34816,47360,65110,231,20,34816,6,615,94,365,21,112,43878,0,2,43974,43878,0,96,0,2,20,12,0,880,6208,16,0,960,80,0,32768,0,484,0,0,0,0,26624
1743,1100,0,0,0,2,2,12,5,18,6,9216,23808,226,65054,76,8192,10,867,769,0,0,0,4576,0,0,4576,0,0,0,0,0,76,12,0,912,0,32768,0,0,64,0,0,0,533,2048,0,0,11,26688
1744,1000,0,0,0,2,2,12,5,18,6,56832,40960,65110,231,20,34816,6,613,95,360,65531,112,43878,0,2,43974,43878,0,96,0,2,20,12,0,880,6208,16,0,960,80,0,32768,0,484,0,0,0,0,26624
1744,1100,0,0,0,2,2,12,5,18,6,1536,31488,214,65036,76,8192,10,868,767,0,0,0,4224,0,0,4224,0,0,0,0,0,76,12,0,912,0,32768,0,0,64,0,0,0,544,512,0,0,11,26688
1745,1000,0,0,0,2,2,12,5,18,6,13312,34560,65110,231,20,34816,6,612,96,329,65505,112,43878,0,2,43974,43878,0,96,0,2,20,12,0,880,5568,16,0,960,80,0,32768,0,484,0,0,0,0,26624
1745,1100,0,0,0,2,2,12,5,18,6,56320,34560,201,65019,76,8192,10,868,765,0,0,0,3872,0,0,3872,0,0,0,0,0,76,12,0,912,0,32768,0,0,64,0,0,0,555,512,0,0,11,26688
