frame,kart,g28,g2A,g2C,g2E,g30,gE00,gE02,g124,g126,f16,f1A,f22,f24,fAE,f10,f12,f18,f1C,f1F,f26,f28,f2A,f60,fA0,fA2,fA4,fA6,fA8,fAA,fAC,fAE,fB0,fB2,fB4,fC2,fC4,fCA,fD6,fDE,fE0,fE2,fE4,fEA,fFA,fFC,fE8,fEE,fB8
0,1000,0,0,0,0,2,5,5,7,2,0,0,0,0,0,32832,0,952,756,0,0,0,0,0,0,0,0,0,0,0,0,0,0,0,912,0,0,0,0,64,0,0,0,0,0,0,0,0,26624
0,1100,0,0,0,0,2,5,5,7,2,0,0,0,0,0,32832,14,920,732,0,0,0,0,0,0,0,0,0,0,0,0,0,0,0,880,0,0,0,0,64,0,0,0,0,0,0,0,0,26688
1,1000,0,0,0,0,2,5,5,7,2,0,0,0,0,64,32832,0,952,756,0,0,0,0,0,0,0,0,0,0,0,0,64,0,0,912,0,0,0,0,64,0,0,0,0,0,0,0,0,26624
1,1100,0,0,0,0,2,5,5,7,2,0,0,0,0,64,32832,14,920,732,0,0,0,0,0,0,0,0,0,0,0,0,64,0,0,880,0,0,0,0,64,0,0,0,0,0,0,0,0,26688
2,1000,0,0,0,0,2,5,5,7,2,0,0,0,0,64,32832,0,952,756,0,0,0,0,0,0,0,0,0,0,0,0,64,0,0,912,0,0,0,0,64,0,0,0,0,0,0,0,0,26624
2,1100,0,0,0,0,2,5,5,7,2,0,0,0,0,64,32832,14,920,732,0,0,0,0,0,0,0,0,0,0,0,0,64,0,0,880,0,0,0,0,64,0,0,0,0,0,0,0,0,26688
3,1000,0,0,0,0,2,5,5,7,2,0,0,0,0,64,32832,0,952,756,0,0,0,0,0,0,0,0,0,0,0,0,64,0,0,912,0,0,0,0,64,0,0,0,0,0,0,0,0,26624
3,1100,0,0,0,0,2,5,5,7,2,0,0,0,0,64,32832,14,920,732,0,0,0,0,0,0,0,0,0,0,0,0,64,0,0,880,0,0,0,0,64,0,0,0,0,0,0,0,0,26688
4,1000,0,0,0,0,2,5,5,7,2,0,0,0,0,64,32832,0,952,756,0,0,0,0,0,0,0,0,0,0,0,0,64,0,0,912,0,0,0,0,64,0,0,0,0,0,0,0,0,26624
4,1100,0,0,0,0,2,5,5,7,2,0,0,0,0,64,32832,14,920,732,0,0,0,0,0,0,0,0,0,0,0,0,64,0,0,880,0,0,0,0,64,0,0,0,0,0,0,0,0,26688
5,1000,0,0,0,0,2,5,5,7,2,0,0,0,0,64,32832,0,952,756,0,0,0,0,0,0,0,0,0,0,0,0,64,0,0,912,0,0,0,0,64,0,0,0,0,0,0,0,0,26624
5,1100,0,0,0,0,2,5,5,7,2,0,0,0,0,64,32832,14,920,732,0,0,0,0,0,0,0,0,0,0,0,0,64,0,0,880,0,0,0,0,64,0,0,0,0,0,0,0,0,26688
6,1000,0,0,0,0,2,5,5,7,2,0,0,0,0,64,32832,0,952,756,0,0,0,0,0,0,0,0,0,0,0,0,64,0,0,912,0,0,0,0,64,0,0,0,0,0,0,0,0,26624
6,1100,0,0,0,0,2,5,5,7,2,0,0,0,0,64,32832,14,920,732,0,0,0,0,0,0,0,0,0,0,0,0,64,0,0,880,0,0,0,0,64,0,0,0,0,0,0,0,0,26688
7,1000,0,0,0,0,2,5,5,7,2,0,0,0,0,64,32832,0,952,756,0,0,0,0,0,0,0,0,0,0,0,0,64,0,0,912,0,0,0,0,64,0,0,0,0,0,0,0,0,26624
7,1100,0,0,0,0,2,5,5,7,2,0,0,0,0,64,32832,14,920,732,0,0,0,0,0,0,0,0,0,0,0,0,64,0,0,880,0,0,0,0,64,0,0,0,0,0,0,0,0,26688
8,1000,0,0,0,0,2,5,5,7,2,0,0,0,0,64,32832,0,952,756,0,0,0,0,0,0,0,0,0,0,0,0,64,0,0,912,0,0,0,0,64,0,0,0,0,0,0,0,0,26624
8,1100,0,0,0,0,2,5,5,7,2,0,0,0,0,64,32832,14,920,732,0,0,0,0,0,0,0,0,0,0,0,0,64,0,0,880,0,0,0,0,64,0,0,0,0,0,0,0,0,26688
9,1000,0,0,0,0,2,5,5,7,2,0,0,0,0,64,32832,0,952,756,0,0,0,0,0,0,0,0,0,0,0,0,64,0,0,912,0,0,0,0,64,0,0,0,0,0,0,0,0,26624
9,1100,0,0,0,0,2,5,5,7,2,0,0,0,0,64,32832,14,920,732,0,0,0,0,0,0,0,0,0,0,0,0,64,0,0,880,0,0,0,0,64,0,0,0,0,0,0,0,0,26688
10,1000,0,0,0,0,2,5,5,7,2,0,0,0,0,64,32832,0,952,756,0,0,0,0,0,0,0,0,0,0,0,0,64,0,0,912,0,0,0,0,64,0,0,0,0,0,0,0,0,26624
10,1100,0,0,0,0,2,5,5,7,2,0,0,0,0,64,32832,14,920,732,0,0,0,0,0,0,0,0,0,0,0,0,64,0,0,880,0,0,0,0,64,0,0,0,0,0,0,0,0,26688
11,1000,0,0,0,0,2,5,5,7,2,0,0,0,0,64,32832,0,952,756,0,0,0,0,0,0,0,0,0,0,0,0,64,0,0,912,0,0,0,0,64,0,0,0,0,0,0,0,0,26624
11,1100,0,0,0,0,2,5,5,7,2,0,0,0,0,64,32832,14,920,732,0,0,0,0,0,0,0,0,0,0,0,0,64,0,0,880,0,0,0,0,64,0,0,0,0,0,0,0,0,26688
12,1000,0,0,0,0,2,5,5,7,2,0,0,0,0,64,32832,0,952,756,0,0,0,0,0,0,0,0,0,0,0,0,64,0,0,912,0,0,0,0,64,0,0,0,0,0,0,0,0,26624
12,1100,0,0,0,0,2,5,5,7,2,0,0,0,0,64,32832,14,920,732,0,0,0,0,0,0,0,0,0,0,0,0,64,0,0,880,0,0,0,0,64,0,0,0,0,0,0,0,0,26688
13,1000,0,0,0,0,2,5,5,7,2,0,0,0,0,64,32832,0,952,756,0,0,0,0,0,0,0,0,0,0,0,0,64,0,0,912,0,0,0,0,64,0,0,0,0,0,0,0,0,26624
13,1100,0,0,0,0,2,5,5,7,2,0,0,0,0,64,32832,14,920,732,0,0,0,0,0,0,0,0,0,0,0,0,64,0,0,880,0,0,0,0,64,0,0,0,0,0,0,0,0,26688
14,1000,0,0,0,0,2,5,5,7,2,0,0,0,0,64,32832,0,952,756,0,0,0,0,0,0,0,0,0,0,0,0,64,0,0,912,0,0,0,0,64,0,0,0,0,0,0,0,0,26624
14,1100,0,0,0,0,2,5,5,7,2,0,0,0,0,64,32832,14,920,732,0,0,0,0,0,0,0,0,0,0,0,0,64,0,0,880,0,0,0,0,64,0,0,0,0,0,0,0,0,26688
15,1000,0,0,0,0,2,5,5,7,2,0,0,0,0,64,32832,0,952,756,0,0,0,0,0,0,0,0,0,0,0,0,64,0,0,912,0,0,0,0,64,0,0,0,0,0,0,0,0,26624
15,1100,0,0,0,0,2,5,5,7,2,0,0,0,0,64,32832,14,920,732,0,0,0,0,0,0,0,0,0,0,0,0,64,0,0,880,0,0,0,0,64,0,0,0,0,0,0,0,0,26688
16,1000,0,0,0,0,2,5,5,7,2,0,0,0,0,64,32832,0,952,756,0,0,0,0,0,0,0,0,0,0,0,0,64,0,0,912,0,0,0,0,64,0,0,0,0,0,0,0,0,26624
16,1100,0,0,0,0,2,5,5,7,2,0,0,0,0,64,32832,14,920,732,0,0,0,0,0,0,0,0,0,0,0,0,64,0,0,880,0,0,0,0,64,0,0,0,0,0,0,0,0,26688
17,1000,0,0,0,0,2,5,5,7,2,0,0,0,0,64,32832,0,952,756,0,0,0,0,0,0,0,0,0,0,0,0,64,0,0,912,0,0,0,0,64,0,0,0,0,0,0,0,0,26624
17,1100,0,0,0,0,2,5,5,7,2,0,0,0,0,64,32832,14,920,732,0,0,0,0,0,0,0,0,0,0,0,0,64,0,0,880,0,0,0,0,64,0,0,0,0,0,0,0,0,26688
18,1000,0,0,0,0,2,5,5,7,2,0,0,0,0,64,32832,0,952,756,0,0,0,0,0,0,0,0,0,0,0,0,64,0,0,912,0,0,0,0,64,0,0,0,0,0,0,0,0,26624
18,1100,0,0,0,0,2,5,5,7,2,0,0,0,0,64,32832,14,920,732,0,0,0,0,0,0,0,0,0,0,0,0,64,0,0,880,0,0,0,0,64,0,0,0,0,0,0,0,0,26688
19,1000,0,0,0,0,2,5,5,7,2,0,0,0,0,64,32832,0,952,756,0,0,0,0,0,0,0,0,0,0,0,0,64,0,0,912,0,0,0,0,64,0,0,0,0,0,0,0,0,26624
19,1100,0,0,0,0,2,5,5,7,2,0,0,0,0,64,32832,14,920,732,0,0,0,0,0,0,0,0,0,0,0,0,64,0,0,880,0,0,0,0,64,0,0,0,0,0,0,0,0,26688
20,1000,0,0,0,0,2,5,5,7,2,0,0,0,0,64,32832,0,952,756,0,0,0,0,0,0,0,0,0,0,0,0,64,0,0,912,0,0,0,0,64,0,0,0,0,0,0,0,0,26624
20,1100,0,0,0,0,2,5,5,7,2,0,0,0,0,64,32832,14,920,732,0,0,0,0,0,0,0,0,0,0,0,0,64,0,0,880,0,0,0,0,64,0,0,0,0,0,0,0,0,26688
21,1000,0,0,0,0,2,5,5,7,2,0,0,0,0,64,32832,0,952,756,0,0,0,0,0,0,0,0,0,0,0,0,64,0,0,912,0,0,0,0,64,0,0,0,0,0,0,0,0,26624
21,1100,0,0,0,0,2,5,5,7,2,0,0,0,0,64,32832,14,920,732,0,0,0,0,0,0,0,0,0,0,0,0,64,0,0,880,0,0,0,0,64,0,0,0,0,0,0,0,0,26688
22,1000,0,0,0,0,2,5,5,7,2,0,0,0,0,64,32832,0,952,756,0,0,0,0,0,0,0,0,0,0,0,0,64,0,0,912,0,0,0,0,64,0,0,0,0,0,0,0,0,26624
22,1100,0,0,0,0,2,5,5,7,2,0,0,0,0,64,32832,14,920,732,0,0,0,0,0,0,0,0,0,0,0,0,64,0,0,880,0,0,0,0,64,0,0,0,0,0,0,0,0,26688
23,1000,0,0,0,0,2,5,5,7,2,0,0,0,0,64,32832,0,952,756,0,0,0,0,0,0,0,0,0,0,0,0,64,0,0,912,0,0,0,0,64,0,0,0,0,0,0,0,0,26624
23,1100,0,0,0,0,2,5,5,7,2,0,0,0,0,64,32832,14,920,732,0,0,0,0,0,0,0,0,0,0,0,0,64,0,0,880,0,0,0,0,64,0,0,0,0,0,0,0,0,26688
24,1000,0,0,0,0,2,5,5,7,2,0,0,0,0,64,32832,0,952,756,0,0,0,0,0,0,0,0,0,0,0,0,64,0,0,912,0,0,0,0,64,0,0,0,0,0,0,0,0,26624
24,1100,0,0,0,0,2,5,5,7,2,0,0,0,0,64,32832,14,920,732,0,0,0,0,0,0,0,0,0,0,0,0,64,0,0,880,0,0,0,0,64,0,0,0,0,0,0,0,0,26688
25,1000,0,0,0,0,2,5,5,7,2,0,0,0,0,64,32832,0,952,756,0,0,0,0,0,0,0,0,0,0,0,0,64,0,0,912,0,0,0,0,64,0,0,0,0,0,0,0,0,26624
25,1100,0,0,0,0,2,5,5,7,2,0,0,0,0,64,32832,14,920,732,0,0,0,0,0,0,0,0,0,0,0,0,64,0,0,880,0,0,0,0,64,0,0,0,0,0,0,0,0,26688
26,1000,0,0,0,0,2,5,5,7,2,0,0,0,0,64,32832,0,952,756,0,0,0,0,0,0,0,0,0,0,0,0,64,0,0,912,0,0,0,0,64,0,0,0,0,0,0,0,0,26624
26,1100,0,0,0,0,2,5,5,7,2,0,0,0,0,64,32832,14,920,732,0,0,0,0,0,0,0,0,0,0,0,0,64,0,0,880,0,0,0,0,64,0,0,0,0,0,0,0,0,26688
27,1000,0,0,0,0,2,5,5,7,2,0,0,0,0,64,32832,0,952,756,0,0,0,0,0,0,0,0,0,0,0,0,64,0,0,912,0,0,0,0,64,0,0,0,0,0,0,0,0,26624
27,1100,0,0,0,0,2,5,5,7,2,0,0,0,0,64,32832,14,920,732,0,0,0,0,0,0,0,0,0,0,0,0,64,0,0,880,0,0,0,0,64,0,0,0,0,0,0,0,0,26688
28,1000,0,0,0,0,2,5,5,7,2,0,0,0,0,64,32832,0,952,756,0,0,0,0,0,0,0,0,0,0,0,0,64,0,0,912,0,0,0,0,64,0,0,0,0,0,0,0,0,26624
28,1100,0,0,0,0,2,5,5,7,2,0,0,0,0,64,32832,14,920,732,0,0,0,0,0,0,0,0,0,0,0,0,64,0,0,880,0,0,0,0,64,0,0,0,0,0,0,0,0,26688
29,1000,0,0,0,0,2,5,5,7,2,0,0,0,0,64,32832,0,952,756,0,0,0,0,0,0,0,0,0,0,0,0,64,0,0,912,0,0,0,0,64,0,0,0,0,0,0,0,0,26624
29,1100,0,0,0,0,2,5,5,7,2,0,0,0,0,64,32832,14,920,732,0,0,0,0,0,0,0,0,0,0,0,0,64,0,0,880,0,0,0,0,64,0,0,0,0,0,0,0,0,26688
30,1000,0,0,0,0,2,5,5,7,2,0,0,0,0,64,32832,0,952,756,0,0,0,0,0,0,0,0,0,0,0,0,64,0,0,912,0,0,0,0,64,0,0,0,0,0,0,0,0,26624
30,1100,0,0,0,0,2,5,5,7,2,0,0,0,0,64,32832,14,920,732,0,0,0,0,0,0,0,0,0,0,0,0,64,0,0,880,0,0,0,0,64,0,0,0,0,0,0,0,0,26688
31,1000,0,0,0,0,2,5,5,7,2,0,0,0,0,64,32832,0,952,756,0,0,0,0,0,0,0,0,0,0,0,0,64,0,0,912,0,0,0,0,64,0,0,0,0,0,0,0,0,26624
31,1100,0,0,0,0,2,5,5,7,2,0,0,0,0,64,32832,14,920,732,0,0,0,0,0,0,0,0,0,0,0,0,64,0,0,880,0,0,0,0,64,0,0,0,0,0,0,0,0,26688
32,1000,0,0,0,0,2,5,5,7,2,0,0,0,0,64,32832,0,952,756,0,0,0,0,0,0,0,0,0,0,0,0,64,0,0,912,0,0,0,0,64,0,0,0,0,0,0,0,0,26624
32,1100,0,0,0,0,2,5,5,7,2,0,0,0,0,64,32832,14,920,732,0,0,0,0,0,0,0,0,0,0,0,0,64,0,0,880,0,0,0,0,64,0,0,0,0,0,0,0,0,26688
33,1000,0,0,0,0,2,5,5,7,2,0,0,0,0,64,32832,0,952,756,0,0,0,0,0,0,0,0,0,0,0,0,64,0,0,912,0,0,0,0,64,0,0,0,0,0,0,0,0,26624
33,1100,0,0,0,0,2,5,5,7,2,0,0,0,0,64,32832,14,920,732,0,0,0,0,0,0,0,0,0,0,0,0,64,0,0,880,0,0,0,0,64,0,0,0,0,0,0,0,0,26688
34,1000,0,0,0,0,2,5,5,7,2,0,0,0,0,64,32832,0,952,756,0,0,0,0,0,0,0,0,0,0,0,0,64,0,0,912,0,0,0,0,64,0,0,0,0,0,0,0,0,26624
34,1100,0,0,0,0,2,5,5,7,2,0,0,0,0,64,32832,14,920,732,0,0,0,0,0,0,0,0,0,0,0,0,64,0,0,880,0,0,0,0,64,0,0,0,0,0,0,0,0,26688
35,1000,0,0,0,0,2,5,5,7,2,0,0,0,0,64,32832,0,952,756,0,0,0,0,0,0,0,0,0,0,0,0,64,0,0,912,0,0,0,0,64,0,0,0,0,0,0,0,0,26624
35,1100,0,0,0,0,2,5,5,7,2,0,0,0,0,64,32832,14,920,732,0,0,0,0,0,0,0,0,0,0,0,0,64,0,0,880,0,0,0,0,64,0,0,0,0,0,0,0,0,26688
36,1000,0,0,0,0,2,5,5,7,2,0,0,0,0,64,32832,0,952,756,0,0,0,0,0,0,0,0,0,0,0,0,64,0,0,912,0,0,0,0,64,0,0,0,0,0,0,0,0,26624
36,1100,0,0,0,0,2,5,5,7,2,0,0,0,0,64,32832,14,920,732,0,0,0,0,0,0,0,0,0,0,0,0,64,0,0,880,0,0,0,0,64,0,0,0,0,0,0,0,0,26688
37,1000,0,0,0,0,2,5,5,7,2,0,0,0,0,64,32832,0,952,756,0,0,0,0,0,0,0,0,0,0,0,0,64,0,0,912,0,0,0,0,64,0,0,0,0,0,0,0,0,26624
37,1100,0,0,0,0,2,5,5,7,2,0,0,0,0,64,32832,14,920,732,0,0,0,0,0,0,0,0,0,0,0,0,64,0,0,880,0,0,0,0,64,0,0,0,0,0,0,0,0,26688
38,1000,0,0,0,0,2,5,5,7,2,0,0,0,0,64,32832,0,952,756,0,0,0,0,0,0,0,0,0,0,0,0,64,0,0,912,0,0,0,0,64,0,0,0,0,0,0,0,0,26624
38,1100,0,0,0,0,2,5,5,7,2,0,0,0,0,64,32832,14,920,732,0,0,0,0,0,0,0,0,0,0,0,0,64,0,0,880,0,0,0,0,64,0,0,0,0,0,0,0,0,26688
39,1000,0,0,0,0,2,5,5,7,2,0,0,0,0,64,32832,0,952,756,0,0,0,0,0,0,0,0,0,0,0,0,64,0,0,912,0,0,0,0,64,0,0,0,0,0,0,0,0,26624
39,1100,0,0,0,0,2,5,5,7,2,0,0,0,0,64,32832,14,920,732,0,0,0,0,0,0,0,0,0,0,0,0,64,0,0,880,0,0,0,0,64,0,0,0,0,0,0,0,0,26688
40,1000,0,0,0,0,2,5,5,7,2,0,0,0,0,64,32832,0,952,756,0,0,0,0,0,0,0,0,0,0,0,0,64,0,0,912,0,0,0,0,64,0,0,0,0,0,0,0,0,26624
40,1100,0,0,0,0,2,5,5,7,2,0,0,0,0,64,32832,14,920,732,0,0,0,0,0,0,0,0,0,0,0,0,64,0,0,880,0,0,0,0,64,0,0,0,0,0,0,0,0,26688
41,1000,0,0,0,0,2,5,5,7,2,0,0,0,0,64,32832,0,952,756,0,0,0,0,0,0,0,0,0,0,0,0,64,0,0,912,0,0,0,0,64,0,0,0,0,0,0,0,0,26624
41,1100,0,0,0,0,2,5,5,7,2,0,0,0,0,64,32832,14,920,732,0,0,0,0,0,0,0,0,0,0,0,0,64,0,0,880,0,0,0,0,64,0,0,0,0,0,0,0,0,26688
42,1000,0,0,0,0,2,5,5,7,2,0,0,0,0,64,32832,0,952,756,0,0,0,0,0,0,0,0,0,0,0,0,64,0,0,912,0,0,0,0,64,0,0,0,0,0,0,0,0,26624
42,1100,0,0,0,0,2,5,5,7,2,0,0,0,0,64,32832,14,920,732,0,0,0,0,0,0,0,0,0,0,0,0,64,0,0,880,0,0,0,0,64,0,0,0,0,0,0,0,0,26688
43,1000,0,0,0,0,2,5,5,7,2,0,0,0,0,64,32832,0,952,756,0,0,0,0,0,0,0,0,0,0,0,0,64,0,0,912,0,0,0,0,64,0,0,0,0,0,0,0,0,26624
43,1100,0,0,0,0,2,5,5,7,2,0,0,0,0,64,32832,14,920,732,0,0,0,0,0,0,0,0,0,0,0,0,64,0,0,880,0,0,0,0,64,0,0,0,0,0,0,0,0,26688
44,1000,0,0,0,0,2,5,5,7,2,0,0,0,0,64,32832,0,952,756,0,0,0,0,0,0,0,0,0,0,0,0,64,0,0,912,0,0,0,0,64,0,0,0,0,0,0,0,0,26624
44,1100,0,0,0,0,2,5,5,7,2,0,0,0,0,64,32832,14,920,732,0,0,0,0,0,0,0,0,0,0,0,0,64,0,0,880,0,0,0,0,64,0,0,0,0,0,0,0,0,26688
45,1000,0,0,0,0,2,5,5,7,2,0,0,0,0,64,32832,0,952,756,0,0,0,0,0,0,0,0,0,0,0,0,64,0,0,912,0,0,0,0,64,0,0,0,0,0,0,0,0,26624
45,1100,0,0,0,0,2,5,5,7,2,0,0,0,0,64,32832,14,920,732,0,0,0,0,0,0,0,0,0,0,0,0,64,0,0,880,0,0,0,0,64,0,0,0,0,0,0,0,0,26688
46,1000,0,0,0,0,2,5,5,7,2,0,0,0,0,64,32832,0,952,756,0,0,0,0,0,0,0,0,0,0,0,0,64,0,0,912,0,0,0,0,64,0,0,0,0,0,0,0,0,26624
46,1100,0,0,0,0,2,5,5,7,2,0,0,0,0,64,32832,14,920,732,0,0,0,0,0,0,0,0,0,0,0,0,64,0,0,880,0,0,0,0,64,0,0,0,0,0,0,0,0,26688
47,1000,0,0,0,0,2,5,5,7,2,0,0,0,0,64,32832,0,952,756,0,0,0,0,0,0,0,0,0,0,0,0,64,0,0,912,0,0,0,0,64,0,0,0,0,0,0,0,0,26624
47,1100,0,0,0,0,2,5,5,7,2,0,0,0,0,64,32832,14,920,732,0,0,0,0,0,0,0,0,0,0,0,0,64,0,0,880,0,0,0,0,64,0,0,0,0,0,0,0,0,26688
48,1000,0,0,0,0,2,5,5,7,2,0,0,0,0,64,32832,0,952,756,0,0,0,0,0,0,0,0,0,0,0,0,64,0,0,912,0,0,0,0,64,0,0,0,0,0,0,0,0,26624
48,1100,0,0,0,0,2,5,5,7,2,0,0,0,0,64,32832,14,920,732,0,0,0,0,0,0,0,0,0,0,0,0,64,0,0,880,0,0,0,0,64,0,0,0,0,0,0,0,0,26688
49,1000,0,0,0,0,2,5,5,7,2,0,0,0,0,64,32832,0,952,756,0,0,0,0,0,0,0,0,0,0,0,0,64,0,0,912,0,0,0,0,64,0,0,0,0,0,0,0,0,26624
49,1100,0,0,0,0,2,5,5,7,2,0,0,0,0,64,32832,14,920,732,0,0,0,0,0,0,0,0,0,0,0,0,64,0,0,880,0,0,0,0,64,0,0,0,0,0,0,0,0,26688
50,1000,0,0,0,0,2,5,5,7,2,0,0,0,0,64,32832,0,952,756,0,0,0,0,0,0,0,0,0,0,0,0,64,0,0,912,0,0,0,0,64,0,0,0,0,0,0,0,0,26624
50,1100,0,0,0,0,2,5,5,7,2,0,0,0,0,64,32832,14,920,732,0,0,0,0,0,0,0,0,0,0,0,0,64,0,0,880,0,0,0,0,64,0,0,0,0,0,0,0,0,26688
51,1000,0,0,0,0,2,5,5,7,2,0,0,0,0,64,32832,0,952,756,0,0,0,0,0,0,0,0,0,0,0,0,64,0,0,912,0,0,0,0,64,0,0,0,0,0,0,0,0,26624
51,1100,0,0,0,0,2,5,5,7,2,0,0,0,0,64,32832,14,920,732,0,0,0,0,0,0,0,0,0,0,0,0,64,0,0,880,0,0,0,0,64,0,0,0,0,0,0,0,0,26688
52,1000,0,0,0,0,2,5,5,7,2,0,0,0,0,64,32832,0,952,756,0,0,0,0,0,0,0,0,0,0,0,0,64,0,0,912,0,0,0,0,64,0,0,0,0,0,0,0,0,26624
52,1100,0,0,0,0,2,5,5,7,2,0,0,0,0,64,32832,14,920,732,0,0,0,0,0,0,0,0,0,0,0,0,64,0,0,880,0,0,0,0,64,0,0,0,0,0,0,0,0,26688
53,1000,0,0,0,0,2,5,5,7,2,0,0,0,0,64,32832,0,952,756,0,0,0,0,0,0,0,0,0,0,0,0,64,0,0,912,0,0,0,0,64,0,0,0,0,0,0,0,0,26624
53,1100,0,0,0,0,2,5,5,7,2,0,0,0,0,64,32832,14,920,732,0,0,0,0,0,0,0,0,0,0,0,0,64,0,0,880,0,0,0,0,64,0,0,0,0,0,0,0,0,26688
54,1000,0,0,0,0,2,5,5,7,2,0,0,0,0,64,32832,0,952,756,0,0,0,0,0,0,0,0,0,0,0,0,64,0,0,912,0,0,0,0,64,0,0,0,0,0,0,0,0,26624
54,1100,0,0,0,0,2,5,5,7,2,0,0,0,0,64,32832,14,920,732,0,0,0,0,0,0,0,0,0,0,0,0,64,0,0,880,0,0,0,0,64,0,0,0,0,0,0,0,0,26688
55,1000,0,0,0,0,2,5,5,7,2,0,0,0,0,64,32832,0,952,756,0,0,0,0,0,0,0,0,0,0,0,0,64,0,0,912,0,0,0,0,64,0,0,0,0,0,0,0,0,26624
55,1100,0,0,0,0,2,5,5,7,2,0,0,0,0,64,32832,14,920,732,0,0,0,0,0,0,0,0,0,0,0,0,64,0,0,880,0,0,0,0,64,0,0,0,0,0,0,0,0,26688
56,1000,0,0,0,0,2,5,5,7,2,0,0,0,0,64,32832,0,952,756,0,0,0,0,0,0,0,0,0,0,0,0,64,0,0,912,0,0,0,0,64,0,0,0,0,0,0,0,0,26624
56,1100,0,0,0,0,2,5,5,7,2,0,0,0,0,64,32832,14,920,732,0,0,0,0,0,0,0,0,0,0,0,0,64,0,0,880,0,0,0,0,64,0,0,0,0,0,0,0,0,26688
57,1000,0,0,0,0,2,5,5,7,2,0,0,0,0,64,32832,0,952,756,0,0,0,0,0,0,0,0,0,0,0,0,64,0,0,912,0,0,0,0,64,0,0,0,0,0,0,0,0,26624
57,1100,0,0,0,0,2,5,5,7,2,0,0,0,0,64,32832,14,920,732,0,0,0,0,0,0,0,0,0,0,0,0,64,0,0,880,0,0,0,0,64,0,0,0,0,0,0,0,0,26688
58,1000,0,0,0,0,2,5,5,7,2,0,0,0,0,64,32832,0,952,756,0,0,0,0,0,0,0,0,0,0,0,0,64,0,0,912,0,0,0,0,64,0,0,0,0,0,0,0,0,26624
58,1100,0,0,0,0,2,5,5,7,2,0,0,0,0,64,32832,14,920,732,0,0,0,0,0,0,0,0,0,0,0,0,64,0,0,880,0,0,0,0,64,0,0,0,0,0,0,0,0,26688
59,1000,0,0,0,0,2,5,5,7,2,0,0,0,0,64,32832,0,952,756,0,0,0,0,0,0,0,0,0,0,0,0,64,0,0,912,0,0,0,0,64,0,0,0,0,0,0,0,0,26624
59,1100,0,0,0,0,2,5,5,7,2,0,0,0,0,64,32832,14,920,732,0,0,0,0,0,0,0,0,0,0,0,0,64,0,0,880,0,0,0,0,64,0,0,0,0,0,0,0,0,26688
60,1000,0,0,0,0,2,5,5,7,2,0,0,0,0,64,32832,0,952,756,0,0,0,0,0,0,0,0,0,0,0,0,64,0,0,912,0,0,0,0,64,0,0,0,0,0,0,0,0,26624
60,1100,0,0,0,0,2,5,5,7,2,0,0,0,0,64,32832,14,920,732,0,0,0,0,0,0,0,0,0,0,0,0,64,0,0,880,0,0,0,0,64,0,0,0,0,0,0,0,0,26688
61,1000,0,0,0,0,2,5,5,7,2,0,0,0,0,64,32832,0,952,756,0,0,0,0,0,0,0,0,0,0,0,0,64,0,0,912,0,0,0,0,64,0,0,0,0,0,0,0,0,26624
61,1100,0,0,0,0,2,5,5,7,2,0,0,0,0,64,32832,14,920,732,0,0,0,0,0,0,0,0,0,0,0,0,64,0,0,880,0,0,0,0,64,0,0,0,0,0,0,0,0,26688
62,1000,0,0,0,0,2,5,5,7,2,0,0,0,0,64,32832,0,952,756,0,0,0,0,0,0,0,0,0,0,0,0,64,0,0,912,0,0,0,0,64,0,0,0,0,0,0,0,0,26624
62,1100,0,0,0,0,2,5,5,7,2,0,0,0,0,64,32832,14,920,732,0,0,0,0,0,0,0,0,0,0,0,0,64,0,0,880,0,0,0,0,64,0,0,0,0,0,0,0,0,26688
63,1000,0,0,0,0,2,5,5,7,2,0,0,0,0,64,32832,0,952,756,0,0,0,0,0,0,0,0,0,0,0,0,64,0,0,912,0,0,0,0,64,0,0,0,0,0,0,0,0,26624
63,1100,0,0,0,0,2,5,5,7,2,0,0,0,0,64,32832,14,920,732,0,0,0,0,0,0,0,0,0,0,0,0,64,0,0,880,0,0,0,0,64,0,0,0,0,0,0,0,0,26688
64,1000,0,0,0,0,2,5,5,7,2,0,0,0,0,64,32832,0,952,756,0,0,0,0,0,0,0,0,0,0,0,0,64,0,0,912,0,0,0,0,64,0,0,0,0,0,0,0,0,26624
64,1100,0,0,0,0,2,5,5,7,2,0,0,0,0,64,32832,14,920,732,0,0,0,0,0,0,0,0,0,0,0,0,64,0,0,880,0,0,0,0,64,0,0,0,0,0,0,0,0,26688
65,1000,0,0,0,0,2,5,5,7,2,0,0,0,0,64,32832,0,952,756,0,0,0,0,0,0,0,0,0,0,0,0,64,0,0,912,0,0,0,0,64,0,0,0,0,0,0,0,0,26624
65,1100,0,0,0,0,2,5,5,7,2,0,0,0,0,64,32832,14,920,732,0,0,0,0,0,0,0,0,0,0,0,0,64,0,0,880,0,0,0,0,64,0,0,0,0,0,0,0,0,26688
66,1000,0,0,0,0,2,5,5,7,2,0,0,0,0,64,32832,0,952,756,0,0,0,0,0,0,0,0,0,0,0,0,64,0,0,912,0,0,0,0,64,0,0,0,0,0,0,0,0,26624
66,1100,0,0,0,0,2,5,5,7,2,0,0,0,0,64,32832,14,920,732,0,0,0,0,0,0,0,0,0,0,0,0,64,0,0,880,0,0,0,0,64,0,0,0,0,0,0,0,0,26688
67,1000,0,0,0,0,2,5,5,7,2,0,0,0,0,64,32832,0,952,756,0,0,0,0,0,0,0,0,0,0,0,0,64,0,0,912,0,0,0,0,64,0,0,0,0,0,0,0,0,26624
67,1100,0,0,0,0,2,5,5,7,2,0,0,0,0,64,32832,14,920,732,0,0,0,0,0,0,0,0,0,0,0,0,64,0,0,880,0,0,0,0,64,0,0,0,0,0,0,0,0,26688
68,1000,0,0,0,0,2,5,5,7,2,0,0,0,0,64,32832,0,952,756,0,0,0,0,0,0,0,0,0,0,0,0,64,0,0,912,0,0,0,0,64,0,0,0,0,0,0,0,0,26624
68,1100,0,0,0,0,2,5,5,7,2,0,0,0,0,64,32832,14,920,732,0,0,0,0,0,0,0,0,0,0,0,0,64,0,0,880,0,0,0,0,64,0,0,0,0,0,0,0,0,26688
69,1000,0,0,0,0,2,5,5,7,2,0,0,0,0,64,32832,0,952,756,0,0,0,0,0,0,0,0,0,0,0,0,64,0,0,912,0,0,0,0,64,0,0,0,0,0,0,0,0,26624
69,1100,0,0,0,0,2,5,5,7,2,0,0,0,0,64,32832,14,920,732,0,0,0,0,0,0,0,0,0,0,0,0,64,0,0,880,0,0,0,0,64,0,0,0,0,0,0,0,0,26688
70,1000,0,0,0,0,2,5,5,7,2,0,0,0,0,64,32832,0,952,756,0,0,0,0,0,0,0,0,0,0,0,0,64,0,0,912,0,0,0,0,64,0,0,0,0,0,0,0,0,26624
70,1100,0,0,0,0,2,5,5,7,2,0,0,0,0,64,32832,14,920,732,0,0,0,0,0,0,0,0,0,0,0,0,64,0,0,880,0,0,0,0,64,0,0,0,0,0,0,0,0,26688
71,1000,0,0,0,0,2,5,5,7,2,0,0,0,0,64,32832,0,952,756,0,0,0,0,0,0,0,0,0,0,0,0,64,0,0,912,0,0,0,0,64,0,0,0,0,0,0,0,0,26624
71,1100,0,0,0,0,2,5,5,7,2,0,0,0,0,64,32832,14,920,732,0,0,0,0,0,0,0,0,0,0,0,0,64,0,0,880,0,0,0,0,64,0,0,0,0,0,0,0,0,26688
72,1000,0,0,0,0,2,5,5,7,2,0,0,0,0,64,32832,0,952,756,0,0,0,0,0,0,0,0,0,0,0,0,64,0,0,912,0,0,0,0,64,0,0,0,0,0,0,0,0,26624
72,1100,0,0,0,0,2,5,5,7,2,0,0,0,0,64,32832,14,920,732,0,0,0,0,0,0,0,0,0,0,0,0,64,0,0,880,0,0,0,0,64,0,0,0,0,0,0,0,0,26688
73,1000,0,0,0,0,2,5,5,7,2,0,0,0,0,64,32832,0,952,756,0,0,0,0,0,0,0,0,0,0,0,0,64,0,0,912,0,0,0,0,64,0,0,0,0,0,0,0,0,26624
73,1100,0,0,0,0,2,5,5,7,2,0,0,0,0,64,32832,14,920,732,0,0,0,0,0,0,0,0,0,0,0,0,64,0,0,880,0,0,0,0,64,0,0,0,0,0,0,0,0,26688
74,1000,0,0,0,0,2,5,5,7,2,0,0,0,0,64,32832,0,952,756,0,0,0,0,0,0,0,0,0,0,0,0,64,0,0,912,0,0,0,0,64,0,0,0,0,0,0,0,0,26624
74,1100,0,0,0,0,2,5,5,7,2,0,0,0,0,64,32832,14,920,732,0,0,0,0,0,0,0,0,0,0,0,0,64,0,0,880,0,0,0,0,64,0,0,0,0,0,0,0,0,26688
75,1000,0,0,0,0,2,5,5,7,2,0,0,0,0,64,32832,0,952,756,0,0,0,0,0,0,0,0,0,0,0,0,64,0,0,912,0,0,0,0,64,0,0,0,0,0,0,0,0,26624
75,1100,0,0,0,0,2,5,5,7,2,0,0,0,0,64,32832,14,920,732,0,0,0,0,0,0,0,0,0,0,0,0,64,0,0,880,0,0,0,0,64,0,0,0,0,0,0,0,0,26688
76,1000,0,0,0,0,2,5,5,7,2,0,0,0,0,64,32832,0,952,756,0,0,0,0,0,0,0,0,0,0,0,0,64,0,0,912,0,0,0,0,64,0,0,0,0,0,0,0,0,26624
76,1100,0,0,0,0,2,5,5,7,2,0,0,0,0,64,32832,14,920,732,0,0,0,0,0,0,0,0,0,0,0,0,64,0,0,880,0,0,0,0,64,0,0,0,0,0,0,0,0,26688
77,1000,0,0,0,0,2,5,5,7,2,0,0,0,0,64,32832,0,952,756,0,0,0,0,0,0,0,0,0,0,0,0,64,0,0,912,0,0,0,0,64,0,0,0,0,0,0,0,0,26624
77,1100,0,0,0,0,2,5,5,7,2,0,0,0,0,64,32832,14,920,732,0,0,0,0,0,0,0,0,0,0,0,0,64,0,0,880,0,0,0,0,64,0,0,0,0,0,0,0,0,26688
78,1000,0,0,0,0,2,5,5,7,2,0,0,0,0,64,32832,0,952,756,0,0,0,0,0,0,0,0,0,0,0,0,64,0,0,912,0,0,0,0,64,0,0,0,0,0,0,0,0,26624
78,1100,0,0,0,0,2,5,5,7,2,0,0,0,0,64,32832,14,920,732,0,0,0,0,0,0,0,0,0,0,0,0,64,0,0,880,0,0,0,0,64,0,0,0,0,0,0,0,0,26688
79,1000,0,0,0,0,2,5,5,7,2,0,0,0,0,64,32832,0,952,756,0,0,0,0,0,0,0,0,0,0,0,0,64,0,0,912,0,0,0,0,64,0,0,0,0,0,0,0,0,26624
79,1100,0,0,0,0,2,5,5,7,2,0,0,0,0,64,32832,14,920,732,0,0,0,0,0,0,0,0,0,0,0,0,64,0,0,880,0,0,0,0,64,0,0,0,0,0,0,0,0,26688
80,1000,0,0,0,0,2,5,5,7,2,0,0,0,0,64,32832,0,952,756,0,0,0,0,0,0,0,0,0,0,0,0,64,0,0,912,0,0,0,0,64,0,0,0,0,0,0,0,0,26624
80,1100,0,0,0,0,2,5,5,7,2,0,0,0,0,64,32832,14,920,732,0,0,0,0,0,0,0,0,0,0,0,0,64,0,0,880,0,0,0,0,64,0,0,0,0,0,0,0,0,26688
81,1000,0,0,0,0,2,5,5,7,2,0,0,0,0,64,32832,0,952,756,0,0,0,0,0,0,0,0,0,0,0,0,64,0,0,912,0,0,0,0,64,0,0,0,0,0,0,0,0,26624
81,1100,0,0,0,0,2,5,5,7,2,0,0,0,0,64,32832,14,920,732,0,0,0,0,0,0,0,0,0,0,0,0,64,0,0,880,0,0,0,0,64,0,0,0,0,0,0,0,0,26688
82,1000,0,0,0,0,2,5,5,7,2,0,0,0,0,64,32832,0,952,756,0,0,0,0,0,0,0,0,0,0,0,0,64,0,0,912,0,0,0,0,64,0,0,0,0,0,0,0,0,26624
82,1100,0,0,0,0,2,5,5,7,2,0,0,0,0,64,32832,14,920,732,0,0,0,0,0,0,0,0,0,0,0,0,64,0,0,880,0,0,0,0,64,0,0,0,0,0,0,0,0,26688
83,1000,0,0,0,0,2,5,5,7,2,0,0,0,0,64,32832,0,952,756,0,0,0,0,0,0,0,0,0,0,0,0,64,0,0,912,0,0,0,0,64,0,0,0,0,0,0,0,0,26624
83,1100,0,0,0,0,2,5,5,7,2,0,0,0,0,64,32832,14,920,732,0,0,0,0,0,0,0,0,0,0,0,0,64,0,0,880,0,0,0,0,64,0,0,0,0,0,0,0,0,26688
84,1000,0,0,0,0,2,5,5,7,2,0,0,0,0,64,32832,0,952,756,0,0,0,0,0,0,0,0,0,0,0,0,64,0,0,912,0,0,0,0,64,0,0,0,0,0,0,0,0,26624
84,1100,0,0,0,0,2,5,5,7,2,0,0,0,0,64,32832,14,920,732,0,0,0,0,0,0,0,0,0,0,0,0,64,0,0,880,0,0,0,0,64,0,0,0,0,0,0,0,0,26688
85,1000,0,0,0,0,2,5,5,7,2,0,0,0,0,64,32832,0,952,756,0,0,0,0,0,0,0,0,0,0,0,0,64,0,0,912,0,0,0,0,64,0,0,0,0,0,0,0,0,26624
85,1100,0,0,0,0,2,5,5,7,2,0,0,0,0,64,32832,14,920,732,0,0,0,0,0,0,0,0,0,0,0,0,64,0,0,880,0,0,0,0,64,0,0,0,0,0,0,0,0,26688
86,1000,0,0,0,0,2,5,5,7,2,0,0,0,0,64,32832,0,952,756,0,0,0,0,0,0,0,0,0,0,0,0,64,0,0,912,0,0,0,0,64,0,0,0,0,0,0,0,0,26624
86,1100,0,0,0,0,2,5,5,7,2,0,0,0,0,64,32832,14,920,732,0,0,0,0,0,0,0,0,0,0,0,0,64,0,0,880,0,0,0,0,64,0,0,0,0,0,0,0,0,26688
87,1000,0,0,0,0,2,5,5,7,2,0,0,0,0,64,32832,0,952,756,0,0,0,0,0,0,0,0,0,0,0,0,64,0,0,912,0,0,0,0,64,0,0,0,0,0,0,0,0,26624
87,1100,0,0,0,0,2,5,5,7,2,0,0,0,0,64,32832,14,920,732,0,0,0,0,0,0,0,0,0,0,0,0,64,0,0,880,0,0,0,0,64,0,0,0,0,0,0,0,0,26688
88,1000,0,0,0,0,2,5,5,7,2,0,0,0,0,64,32832,0,952,756,0,0,0,0,0,0,0,0,0,0,0,0,64,0,0,912,0,0,0,0,64,0,0,0,0,0,0,0,0,26624
88,1100,0,0,0,0,2,5,5,7,2,0,0,0,0,64,32832,14,920,732,0,0,0,0,0,0,0,0,0,0,0,0,64,0,0,880,0,0,0,0,64,0,0,0,0,0,0,0,0,26688
89,1000,0,0,0,0,2,5,5,7,2,0,0,0,0,64,32832,0,952,756,0,0,0,0,0,0,0,0,0,0,0,0,64,0,0,912,0,0,0,0,64,0,0,0,0,0,0,0,0,26624
89,1100,0,0,0,0,2,5,5,7,2,0,0,0,0,64,32832,14,920,732,0,0,0,0,0,0,0,0,0,0,0,0,64,0,0,880,0,0,0,0,64,0,0,0,0,0,0,0,0,26688
90,1000,0,0,0,0,2,5,5,7,2,0,0,0,0,64,32832,0,952,756,0,0,0,0,0,0,0,0,0,0,0,0,64,0,0,912,0,0,0,0,64,0,0,0,0,0,0,0,0,26624
90,1100,0,0,0,0,2,5,5,7,2,0,0,0,0,64,32832,14,920,732,0,0,0,0,0,0,0,0,0,0,0,0,64,0,0,880,0,0,0,0,64,0,0,0,0,0,0,0,0,26688
91,1000,0,0,0,0,2,5,5,7,2,0,0,0,0,64,32832,0,952,756,0,0,0,0,0,0,0,0,0,0,0,0,64,0,0,912,0,0,0,0,64,0,0,0,0,0,0,0,0,26624
91,1100,0,0,0,0,2,5,5,7,2,0,0,0,0,64,32832,14,920,732,0,0,0,0,0,0,0,0,0,0,0,0,64,0,0,880,0,0,0,0,64,0,0,0,0,0,0,0,0,26688
92,1000,0,0,0,0,2,5,5,7,2,0,0,0,0,64,32832,0,952,756,0,0,0,0,0,0,0,0,0,0,0,0,64,0,0,912,0,0,0,0,64,0,0,0,0,0,0,0,0,26624
92,1100,0,0,0,0,2,5,5,7,2,0,0,0,0,64,32832,14,920,732,0,0,0,0,0,0,0,0,0,0,0,0,64,0,0,880,0,0,0,0,64,0,0,0,0,0,0,0,0,26688
93,1000,0,0,0,0,2,5,5,7,2,0,0,0,0,64,32832,0,952,756,0,0,0,0,0,0,0,0,0,0,0,0,64,0,0,912,0,0,0,0,64,0,0,0,0,0,0,0,0,26624
93,1100,0,0,0,0,2,5,5,7,2,0,0,0,0,64,32832,14,920,732,0,0,0,0,0,0,0,0,0,0,0,0,64,0,0,880,0,0,0,0,64,0,0,0,0,0,0,0,0,26688
94,1000,0,0,0,0,2,5,5,7,2,0,0,0,0,64,32832,0,952,756,0,0,0,0,0,0,0,0,0,0,0,0,64,0,0,912,0,0,0,0,64,0,0,0,0,0,0,0,0,26624
94,1100,0,0,0,0,2,5,5,7,2,0,0,0,0,64,32832,14,920,732,0,0,0,0,0,0,0,0,0,0,0,0,64,0,0,880,0,0,0,0,64,0,0,0,0,0,0,0,0,26688
95,1000,0,0,0,0,2,5,5,7,2,0,0,0,0,64,32832,0,952,756,0,0,0,0,0,0,0,0,0,0,0,0,64,0,0,912,0,0,0,0,64,0,0,0,0,0,0,0,0,26624
95,1100,0,0,0,0,2,5,5,7,2,0,0,0,0,64,32832,14,920,732,0,0,0,0,0,0,0,0,0,0,0,0,64,0,0,880,0,0,0,0,64,0,0,0,0,0,0,0,0,26688
96,1000,0,0,0,0,2,5,5,7,2,0,0,0,0,64,32832,0,952,756,0,0,0,0,0,0,0,0,0,0,0,0,64,0,0,912,0,0,0,0,64,0,0,0,0,0,0,0,0,26624
96,1100,0,0,0,0,2,5,5,7,2,0,0,0,0,64,32832,14,920,732,0,0,0,0,0,0,0,0,0,0,0,0,64,0,0,880,0,0,0,0,64,0,0,0,0,0,0,0,0,26688
97,1000,0,0,0,0,2,5,5,7,2,0,0,0,0,64,32832,0,952,756,0,0,0,0,0,0,0,0,0,0,0,0,64,0,0,912,0,0,0,0,64,0,0,0,0,0,0,0,0,26624
97,1100,0,0,0,0,2,5,5,7,2,0,0,0,0,64,32832,14,920,732,0,0,0,0,0,0,0,0,0,0,0,0,64,0,0,880,0,0,0,0,64,0,0,0,0,0,0,0,0,26688
98,1000,0,0,0,0,2,5,5,7,2,0,0,0,0,64,32832,0,952,756,0,0,0,0,0,0,0,0,0,0,0,0,64,0,0,912,0,0,0,0,64,0,0,0,0,0,0,0,0,26624
98,1100,0,0,0,0,2,5,5,7,2,0,0,0,0,64,32832,14,920,732,0,0,0,0,0,0,0,0,0,0,0,0,64,0,0,880,0,0,0,0,64,0,0,0,0,0,0,0,0,26688
99,1000,0,0,0,0,2,5,5,7,2,0,0,0,0,64,32832,0,952,756,0,0,0,0,0,0,0,0,0,0,0,0,64,0,0,912,0,0,0,0,64,0,0,0,0,0,0,0,0,26624
99,1100,0,0,0,0,2,5,5,7,2,0,0,0,0,64,32832,14,920,732,0,0,0,0,0,0,0,0,0,0,0,0,64,0,0,880,0,0,0,0,64,0,0,0,0,0,0,0,0,26688
100,1000,0,0,0,0,2,5,5,7,2,0,0,0,0,64,32832,0,952,756,0,0,0,0,0,0,0,0,0,0,0,0,64,0,0,912,0,0,0,0,64,0,0,0,0,0,0,0,0,26624
100,1100,0,0,0,0,2,5,5,7,2,0,0,0,0,64,32832,14,920,732,0,0,0,0,0,0,0,0,0,0,0,0,64,0,0,880,0,0,0,0,64,0,0,0,0,0,0,0,0,26688
101,1000,0,0,0,0,2,5,5,7,2,0,0,0,0,64,32832,0,952,756,0,0,0,0,0,0,0,0,0,0,0,0,64,0,0,912,0,0,0,0,64,0,0,0,0,0,0,0,0,26624
101,1100,0,0,0,0,2,5,5,7,2,0,0,0,0,64,32832,14,920,732,0,0,0,0,0,0,0,0,0,0,0,0,64,0,0,880,0,0,0,0,64,0,0,0,0,0,0,0,0,26688
102,1000,0,0,0,0,2,5,5,7,2,0,0,0,0,64,32832,0,952,756,0,0,0,0,0,0,0,0,0,0,0,0,64,0,0,912,0,0,0,0,64,0,0,0,0,0,0,0,0,26624
102,1100,0,0,0,0,2,5,5,7,2,0,0,0,0,64,32832,14,920,732,0,0,0,0,0,0,0,0,0,0,0,0,64,0,0,880,0,0,0,0,64,0,0,0,0,0,0,0,0,26688
103,1000,0,0,0,0,2,5,5,7,2,0,0,0,0,64,32832,0,952,756,0,0,0,0,0,0,0,0,0,0,0,0,64,0,0,912,0,0,0,0,64,0,0,0,0,0,0,0,0,26624
103,1100,0,0,0,0,2,5,5,7,2,0,0,0,0,64,32832,14,920,732,0,0,0,0,0,0,0,0,0,0,0,0,64,0,0,880,0,0,0,0,64,0,0,0,0,0,0,0,0,26688
104,1000,0,0,0,0,2,5,5,7,2,0,0,0,0,64,32832,0,952,756,0,0,0,0,0,0,0,0,0,0,0,0,64,0,0,912,0,0,0,0,64,0,0,0,0,0,0,0,0,26624
104,1100,0,0,0,0,2,5,5,7,2,0,0,0,0,64,32832,14,920,732,0,0,0,0,0,0,0,0,0,0,0,0,64,0,0,880,0,0,0,0,64,0,0,0,0,0,0,0,0,26688
105,1000,0,0,0,0,2,5,5,7,2,0,0,0,0,64,32832,0,952,756,0,0,0,0,0,0,0,0,0,0,0,0,64,0,0,912,0,0,0,0,64,0,0,0,0,0,0,0,0,26624
105,1100,0,0,0,0,2,5,5,7,2,0,0,0,0,64,32832,14,920,732,0,0,0,0,0,0,0,0,0,0,0,0,64,0,0,880,0,0,0,0,64,0,0,0,0,0,0,0,0,26688
106,1000,0,0,0,0,2,5,5,7,2,0,0,0,0,64,32832,0,952,756,0,0,0,0,0,0,0,0,0,0,0,0,64,0,0,912,0,0,0,0,64,0,0,0,0,0,0,0,0,26624
106,1100,0,0,0,0,2,5,5,7,2,0,0,0,0,64,32832,14,920,732,0,0,0,0,0,0,0,0,0,0,0,0,64,0,0,880,0,0,0,0,64,0,0,0,0,0,0,0,0,26688
107,1000,0,0,0,0,2,5,5,7,2,0,0,0,0,64,32832,0,952,756,0,0,0,0,0,0,0,0,0,0,0,0,64,0,0,912,0,0,0,0,64,0,0,0,0,0,0,0,0,26624
107,1100,0,0,0,0,2,5,5,7,2,0,0,0,0,64,32832,14,920,732,0,0,0,0,0,0,0,0,0,0,0,0,64,0,0,880,0,0,0,0,64,0,0,0,0,0,0,0,0,26688
108,1000,0,0,0,0,2,5,5,7,2,0,0,0,0,64,32832,0,952,756,0,0,0,0,0,0,0,0,0,0,0,0,64,0,0,912,0,0,0,0,64,0,0,0,0,0,0,0,0,26624
108,1100,0,0,0,0,2,5,5,7,2,0,0,0,0,64,32832,14,920,732,0,0,0,0,0,0,0,0,0,0,0,0,64,0,0,880,0,0,0,0,64,0,0,0,0,0,0,0,0,26688
109,1000,0,0,0,0,2,5,5,7,2,0,0,0,0,64,32832,0,952,756,0,0,0,0,0,0,0,0,0,0,0,0,64,0,0,912,0,0,0,0,64,0,0,0,0,0,0,0,0,26624
109,1100,0,0,0,0,2,5,5,7,2,0,0,0,0,64,32832,14,920,732,0,0,0,0,0,0,0,0,0,0,0,0,64,0,0,880,0,0,0,0,64,0,0,0,0,0,0,0,0,26688
110,1000,0,0,0,0,2,5,5,7,2,0,0,0,0,64,32832,0,952,756,0,0,0,0,0,0,0,0,0,0,0,0,64,0,0,912,0,0,0,0,64,0,0,0,0,0,0,0,0,26624
110,1100,0,0,0,0,2,5,5,7,2,0,0,0,0,64,32832,14,920,732,0,0,0,0,0,0,0,0,0,0,0,0,64,0,0,880,0,0,0,0,64,0,0,0,0,0,0,0,0,26688
111,1000,0,0,0,0,2,5,5,7,2,0,0,0,0,64,32832,0,952,756,0,0,0,0,0,0,0,0,0,0,0,0,64,0,0,912,0,0,0,0,64,0,0,0,0,0,0,0,0,26624
111,1100,0,0,0,0,2,5,5,7,2,0,0,0,0,64,32832,14,920,732,0,0,0,0,0,0,0,0,0,0,0,0,64,0,0,880,0,0,0,0,64,0,0,0,0,0,0,0,0,26688
112,1000,0,0,0,0,2,5,5,7,2,0,0,0,0,64,32832,0,952,756,0,0,0,0,0,0,0,0,0,0,0,0,64,0,0,912,0,0,0,0,64,0,0,0,0,0,0,0,0,26624
112,1100,0,0,0,0,2,5,5,7,2,0,0,0,0,64,32832,14,920,732,0,0,0,0,0,0,0,0,0,0,0,0,64,0,0,880,0,0,0,0,64,0,0,0,0,0,0,0,0,26688
113,1000,0,0,0,0,2,5,5,7,2,0,0,0,0,64,32832,0,952,756,0,0,0,0,0,0,0,0,0,0,0,0,64,0,0,912,0,0,0,0,64,0,0,0,0,0,0,0,0,26624
113,1100,0,0,0,0,2,5,5,7,2,0,0,0,0,64,32832,14,920,732,0,0,0,0,0,0,0,0,0,0,0,0,64,0,0,880,0,0,0,0,64,0,0,0,0,0,0,0,0,26688
114,1000,0,0,0,0,2,5,5,7,2,0,0,0,0,64,32832,0,952,756,0,0,0,0,0,0,0,0,0,0,0,0,64,0,0,912,0,0,0,0,64,0,0,0,0,0,0,0,0,26624
114,1100,0,0,0,0,2,5,5,7,2,0,0,0,0,64,32832,14,920,732,0,0,0,0,0,0,0,0,0,0,0,0,64,0,0,880,0,0,0,0,64,0,0,0,0,0,0,0,0,26688
115,1000,0,0,0,0,2,5,5,7,2,0,0,0,0,64,32832,0,952,756,0,0,0,0,0,0,0,0,0,0,0,0,64,0,0,912,0,0,0,0,64,0,0,0,0,0,0,0,0,26624
115,1100,0,0,0,0,2,5,5,7,2,0,0,0,0,64,32832,14,920,732,0,0,0,0,0,0,0,0,0,0,0,0,64,0,0,880,0,0,0,0,64,0,0,0,0,0,0,0,0,26688
116,1000,0,0,0,0,2,5,5,7,2,0,0,0,0,64,32832,0,952,756,0,0,0,0,0,0,0,0,0,0,0,0,64,0,0,912,0,0,0,0,64,0,0,0,0,0,0,0,0,26624
116,1100,0,0,0,0,2,5,5,7,2,0,0,0,0,64,32832,14,920,732,0,0,0,0,0,0,0,0,0,0,0,0,64,0,0,880,0,0,0,0,64,0,0,0,0,0,0,0,0,26688
117,1000,0,0,0,0,2,5,5,7,2,0,0,0,0,64,32832,0,952,756,0,0,0,0,0,0,0,0,0,0,0,0,64,0,0,912,0,0,0,0,64,0,0,0,0,0,0,0,0,26624
117,1100,0,0,0,0,2,5,5,7,2,0,0,0,0,64,32832,14,920,732,0,0,0,0,0,0,0,0,0,0,0,0,64,0,0,880,0,0,0,0,64,0,0,0,0,0,0,0,0,26688
118,1000,0,0,0,0,2,5,5,7,2,0,0,0,0,64,32832,0,952,756,0,0,0,0,0,0,0,0,0,0,0,0,64,0,0,912,0,0,0,0,64,0,0,0,0,0,0,0,0,26624
118,1100,0,0,0,0,2,5,5,7,2,0,0,0,0,64,32832,14,920,732,0,0,0,0,0,0,0,0,0,0,0,0,64,0,0,880,0,0,0,0,64,0,0,0,0,0,0,0,0,26688
119,1000,0,0,0,0,2,5,5,7,2,0,0,0,0,64,32832,0,952,756,0,0,0,0,0,0,0,0,0,0,0,0,64,0,0,912,0,0,0,0,64,0,0,0,0,0,0,0,0,26624
119,1100,0,0,0,0,2,5,5,7,2,0,0,0,0,64,32832,14,920,732,0,0,0,0,0,0,0,0,0,0,0,0,64,0,0,880,0,0,0,0,64,0,0,0,0,0,0,0,0,26688
120,1000,0,0,0,0,2,5,5,7,2,0,0,0,0,64,32832,0,952,756,0,0,0,0,0,0,0,0,0,0,0,0,64,0,0,912,0,0,0,0,64,0,0,0,0,0,0,0,0,26624
120,1100,0,0,0,0,2,5,5,7,2,0,0,0,0,64,32832,14,920,732,0,0,0,0,0,0,0,0,0,0,0,0,64,0,0,880,0,0,0,0,64,0,0,0,0,0,0,0,0,26688
121,1000,0,0,0,0,2,5,5,7,2,0,0,0,0,64,32832,0,952,756,0,0,0,0,0,0,0,0,0,0,0,0,64,0,0,912,0,0,0,0,64,0,0,0,0,0,0,0,0,26624
121,1100,0,0,0,0,2,5,5,7,2,0,0,0,0,64,32832,14,920,732,0,0,0,0,0,0,0,0,0,0,0,0,64,0,0,880,0,0,0,0,64,0,0,0,0,0,0,0,0,26688
122,1000,0,0,0,0,2,5,5,7,2,0,0,0,0,64,32832,0,952,756,0,0,0,0,0,0,0,0,0,0,0,0,64,0,0,912,0,0,0,0,64,0,0,0,0,0,0,0,0,26624
122,1100,0,0,0,0,2,5,5,7,2,0,0,0,0,64,32832,14,920,732,0,0,0,0,0,0,0,0,0,0,0,0,64,0,0,880,0,0,0,0,64,0,0,0,0,0,0,0,0,26688
123,1000,0,0,0,0,2,5,5,7,2,0,0,0,0,64,32832,0,952,756,0,0,0,0,0,0,0,0,0,0,0,0,64,0,0,912,0,0,0,0,64,0,0,0,0,0,0,0,0,26624
123,1100,0,0,0,0,2,5,5,7,2,0,0,0,0,64,32832,14,920,732,0,0,0,0,0,0,0,0,0,0,0,0,64,0,0,880,0,0,0,0,64,0,0,0,0,0,0,0,0,26688
124,1000,0,0,0,0,2,5,5,7,2,0,0,0,0,64,32832,0,952,756,0,0,0,0,0,0,0,0,0,0,0,0,64,0,0,912,0,0,0,0,64,0,0,0,0,0,0,0,0,26624
124,1100,0,0,0,0,2,5,5,7,2,0,0,0,0,64,32832,14,920,732,0,0,0,0,0,0,0,0,0,0,0,0,64,0,0,880,0,0,0,0,64,0,0,0,0,0,0,0,0,26688
125,1000,0,0,0,0,2,5,5,7,2,0,0,0,0,64,32832,0,952,756,0,0,0,0,0,0,0,0,0,0,0,0,64,0,0,912,0,0,0,0,64,0,0,0,0,0,0,0,0,26624
125,1100,0,0,0,0,2,5,5,7,2,0,0,0,0,64,32832,14,920,732,0,0,0,0,0,0,0,0,0,0,0,0,64,0,0,880,0,0,0,0,64,0,0,0,0,0,0,0,0,26688
126,1000,0,0,0,0,2,5,5,7,2,0,0,0,0,64,32832,0,952,756,0,0,0,0,0,0,0,0,0,0,0,0,64,0,0,912,0,0,0,0,64,0,0,0,0,0,0,0,0,26624
126,1100,0,0,0,0,2,5,5,7,2,0,0,0,0,64,32832,14,920,732,0,0,0,0,0,0,0,0,0,0,0,0,64,0,0,880,0,0,0,0,64,0,0,0,0,0,0,0,0,26688
127,1000,0,0,0,0,2,5,5,7,2,0,0,0,0,64,32832,0,952,756,0,0,0,0,0,0,0,0,0,0,0,0,64,0,0,912,0,0,0,0,64,0,0,0,0,0,0,0,0,26624
127,1100,0,0,0,0,2,5,5,7,2,0,0,0,0,64,32832,14,920,732,0,0,0,0,0,0,0,0,0,0,0,0,64,0,0,880,0,0,0,0,64,0,0,0,0,0,0,0,0,26688
128,1000,0,0,0,0,2,5,5,7,2,0,0,0,0,64,32832,0,952,756,0,0,0,0,0,0,0,0,0,0,0,0,64,0,0,912,0,0,0,0,64,0,0,0,0,0,0,0,0,26624
128,1100,0,0,0,0,2,5,5,7,2,0,0,0,0,64,32832,14,920,732,0,0,0,0,0,0,0,0,0,0,0,0,64,0,0,880,0,0,0,0,64,0,0,0,0,0,0,0,0,26688
129,1000,0,0,0,0,2,5,5,7,2,0,0,0,0,64,32832,0,952,756,0,0,0,0,0,0,0,0,0,0,0,0,64,0,0,912,0,0,0,0,64,0,0,0,0,0,0,0,0,26624
129,1100,0,0,0,0,2,5,5,7,2,0,0,0,0,64,32832,14,920,732,0,0,0,0,0,0,0,0,0,0,0,0,64,0,0,880,0,0,0,0,64,0,0,0,0,0,0,0,0,26688
130,1000,0,0,0,0,2,5,5,7,2,0,0,0,0,64,32832,0,952,756,0,0,0,0,0,0,0,0,0,0,0,0,64,0,0,912,0,0,0,0,64,0,0,0,0,0,0,0,0,26624
130,1100,0,0,0,0,2,5,5,7,2,0,0,0,0,64,32832,14,920,732,0,0,0,0,0,0,0,0,0,0,0,0,64,0,0,880,0,0,0,0,64,0,0,0,0,0,0,0,0,26688
131,1000,0,0,0,0,2,5,5,7,2,0,0,0,0,64,32832,0,952,756,0,0,0,0,0,0,0,0,0,0,0,0,64,0,0,912,0,0,0,0,64,0,0,0,0,0,0,0,0,26624
131,1100,0,0,0,0,2,5,5,7,2,0,0,0,0,64,32832,14,920,732,0,0,0,0,0,0,0,0,0,0,0,0,64,0,0,880,0,0,0,0,64,0,0,0,0,0,0,0,0,26688
132,1000,0,0,0,0,2,5,5,7,2,0,0,0,0,64,32832,0,952,756,0,0,0,0,0,0,0,0,0,0,0,0,64,0,0,912,0,0,0,0,64,0,0,0,0,0,0,0,0,26624
132,1100,0,0,0,0,2,5,5,7,2,0,0,0,0,64,32832,14,920,732,0,0,0,0,0,0,0,0,0,0,0,0,64,0,0,880,0,0,0,0,64,0,0,0,0,0,0,0,0,26688
133,1000,0,0,0,0,2,5,5,7,2,0,0,0,0,64,32832,0,952,756,0,0,0,0,0,0,0,0,0,0,0,0,64,0,0,912,0,0,0,0,64,0,0,0,0,0,0,0,0,26624
133,1100,0,0,0,0,2,5,5,7,2,0,0,0,0,64,32832,14,920,732,0,0,0,0,0,0,0,0,0,0,0,0,64,0,0,880,0,0,0,0,64,0,0,0,0,0,0,0,0,26688
134,1000,0,0,0,0,2,5,5,7,2,0,0,0,0,64,32832,0,952,756,0,0,0,0,0,0,0,0,0,0,0,0,64,0,0,912,0,0,0,0,64,0,0,0,0,0,0,0,0,26624
134,1100,0,0,0,0,2,5,5,7,2,0,0,0,0,64,32832,14,920,732,0,0,0,0,0,0,0,0,0,0,0,0,64,0,0,880,0,0,0,0,64,0,0,0,0,0,0,0,0,26688
135,1000,0,0,0,0,2,5,5,7,2,0,0,0,0,64,32832,0,952,756,0,0,0,0,0,0,0,0,0,0,0,0,64,0,0,912,0,0,0,0,64,0,0,0,0,0,0,0,0,26624
135,1100,0,0,0,0,2,5,5,7,2,0,0,0,0,64,32832,14,920,732,0,0,0,0,0,0,0,0,0,0,0,0,64,0,0,880,0,0,0,0,64,0,0,0,0,0,0,0,0,26688
136,1000,0,0,0,0,2,5,5,7,2,0,0,0,0,64,32832,0,952,756,0,0,0,0,0,0,0,0,0,0,0,0,64,0,0,912,0,0,0,0,64,0,0,0,0,0,0,0,0,26624
136,1100,0,0,0,0,2,5,5,7,2,0,0,0,0,64,32832,14,920,732,0,0,0,0,0,0,0,0,0,0,0,0,64,0,0,880,0,0,0,0,64,0,0,0,0,0,0,0,0,26688
137,1000,0,0,0,0,2,5,5,7,2,0,0,0,0,64,32768,0,952,756,0,0,0,0,0,0,0,0,0,0,0,0,64,0,0,912,0,0,0,0,64,0,0,0,0,0,0,0,0,26624
137,1100,0,0,0,0,2,5,5,7,2,0,0,0,0,64,32768,14,920,732,0,0,0,0,0,0,0,0,0,0,0,0,64,0,0,880,0,0,0,0,64,0,0,0,0,0,0,0,0,26688
138,1000,0,0,0,0,2,5,5,7,2,0,0,0,0,64,32768,0,952,756,0,0,0,0,0,0,0,0,0,0,0,0,64,0,0,912,0,0,0,0,64,0,0,0,0,0,0,0,0,26624
138,1100,0,0,0,0,2,5,5,7,2,0,0,0,0,64,32768,14,920,732,0,0,0,0,0,0,0,0,0,0,0,0,64,0,0,880,0,0,0,0,64,0,0,0,0,0,0,0,0,26688
139,1000,0,0,0,0,2,5,5,7,2,0,0,0,0,64,32768,0,952,756,0,0,0,0,0,0,0,0,0,0,0,0,64,0,0,912,0,0,0,0,64,0,0,0,0,0,0,0,0,26624
139,1100,0,0,0,0,2,5,5,7,2,0,0,0,0,64,32768,14,920,732,0,0,0,0,0,0,0,0,0,0,0,0,64,0,0,880,0,0,0,0,64,0,0,0,0,0,0,0,0,26688
140,1000,0,0,0,0,2,5,5,7,2,0,0,0,0,64,32768,0,952,756,0,0,0,0,0,0,0,0,0,0,0,0,64,0,0,912,0,0,0,0,64,0,0,0,0,0,0,0,0,26624
140,1100,0,0,0,0,2,5,5,7,2,0,0,0,0,64,32768,14,920,732,0,0,0,0,0,0,0,0,0,0,0,0,64,0,0,880,0,0,0,0,64,0,0,0,0,0,0,0,0,26688
141,1000,0,0,0,0,2,5,5,7,2,0,0,0,0,64,32768,0,952,756,0,0,0,0,0,0,0,0,0,0,0,0,64,0,0,912,0,0,0,0,64,0,0,0,0,0,0,0,0,26624
141,1100,0,0,0,0,2,5,5,7,2,0,0,0,0,64,32768,14,920,732,0,0,0,0,0,0,0,0,0,0,0,0,64,0,0,880,0,0,0,0,64,0,0,0,0,0,0,0,0,26688
142,1000,0,0,0,0,2,5,5,7,2,0,0,0,0,64,32768,0,952,756,0,0,0,0,0,0,0,0,0,0,0,0,64,0,0,912,0,0,0,0,64,0,0,0,0,0,0,0,0,26624
142,1100,0,0,0,0,2,5,5,7,2,0,0,0,0,64,32768,14,920,732,0,0,0,0,0,0,0,0,0,0,0,0,64,0,0,880,0,0,0,0,64,0,0,0,0,0,0,0,0,26688
143,1000,0,0,0,0,2,5,5,7,2,0,0,0,0,64,32768,0,952,756,0,0,0,0,0,0,0,0,0,0,0,0,64,0,0,912,0,0,0,0,64,0,0,0,0,0,0,0,0,26624
143,1100,0,0,0,0,2,5,5,7,2,0,0,0,0,64,32768,14,920,732,0,0,0,0,0,0,0,0,0,0,0,0,64,0,0,880,0,0,0,0,64,0,0,0,0,0,0,0,0,26688
144,1000,0,0,0,0,2,5,5,7,2,0,0,0,0,64,32768,0,952,756,0,0,0,0,0,0,0,0,0,0,0,0,64,0,0,912,0,0,0,0,64,0,0,0,0,0,0,0,0,26624
144,1100,0,0,0,0,2,5,5,7,2,0,0,0,0,64,32768,14,920,732,0,0,0,0,0,0,0,0,0,0,0,0,64,0,0,880,0,0,0,0,64,0,0,0,0,0,0,0,0,26688
145,1000,0,0,0,0,2,5,5,7,2,0,0,0,0,64,32768,0,952,756,0,0,0,0,0,0,0,0,0,0,0,0,64,0,0,912,0,0,0,0,64,0,0,0,0,0,0,0,0,26624
145,1100,0,0,0,0,2,5,5,7,2,0,0,0,0,64,32768,14,920,732,0,0,0,0,0,0,0,0,0,0,0,0,64,0,0,880,0,0,0,0,64,0,0,0,0,0,0,0,0,26688
146,1000,0,0,0,0,2,5,5,7,2,0,0,0,0,64,32768,0,952,756,0,0,0,0,0,0,0,0,0,0,0,0,64,0,0,912,0,0,0,0,64,0,0,0,0,0,0,0,0,26624
146,1100,0,0,0,0,2,5,5,7,2,0,0,0,0,64,32768,14,920,732,0,0,0,0,0,0,0,0,0,0,0,0,64,0,0,880,0,0,0,0,64,0,0,0,0,0,0,0,0,26688
147,1000,0,0,0,0,2,5,5,7,2,0,0,0,0,64,32768,0,952,756,0,0,0,0,0,0,0,0,0,0,0,0,64,0,0,912,0,0,0,0,64,0,0,0,0,0,0,0,0,26624
147,1100,0,0,0,0,2,5,5,7,2,0,0,0,0,64,32768,14,920,732,0,0,0,0,0,0,0,0,0,0,0,0,64,0,0,880,0,0,0,0,64,0,0,0,0,0,0,0,0,26688
148,1000,0,0,0,0,2,5,5,7,2,0,0,0,0,64,32768,0,952,756,0,0,0,0,0,0,0,0,0,0,0,0,64,0,0,912,0,0,0,0,64,0,0,0,0,0,0,0,0,26624
148,1100,0,0,0,0,2,5,5,7,2,0,0,0,0,64,32768,14,920,732,0,0,0,0,0,0,0,0,0,0,0,0,64,0,0,880,0,0,0,0,64,0,0,0,0,0,0,0,0,26688
149,1000,0,0,0,0,2,5,5,7,2,0,0,0,0,64,32768,0,952,756,0,0,0,0,0,0,0,0,0,0,0,0,64,0,0,912,0,0,0,0,64,0,0,0,0,0,0,0,0,26624
149,1100,0,0,0,0,2,5,5,7,2,0,0,0,0,64,32768,14,920,732,0,0,0,0,0,0,0,0,0,0,0,0,64,0,0,880,0,0,0,0,64,0,0,0,0,0,0,0,0,26688
150,1000,0,0,0,0,2,5,5,7,2,0,0,0,0,64,32768,0,952,756,0,0,0,0,0,0,0,0,0,0,0,0,64,0,0,912,0,0,0,0,64,0,0,0,0,0,0,0,0,26624
150,1100,0,0,0,0,2,5,5,7,2,0,0,0,0,64,32768,14,920,732,0,0,0,0,0,0,0,0,0,0,0,0,64,0,0,880,0,0,0,0,64,0,0,0,0,0,0,0,0,26688
151,1000,0,0,0,0,2,5,5,7,2,0,0,0,0,64,32768,0,952,756,0,0,0,0,0,0,0,0,0,0,0,0,64,0,0,912,0,0,0,0,64,0,0,0,0,0,0,0,0,26624
151,1100,0,0,0,0,2,5,5,7,2,0,0,0,0,64,32768,14,920,732,0,0,0,0,0,0,0,0,0,0,0,0,64,0,0,880,0,0,0,0,64,0,0,0,0,0,0,0,0,26688
152,1000,0,0,0,0,2,5,5,7,2,0,0,0,0,64,32768,0,952,756,0,0,0,0,0,0,0,0,0,0,0,0,64,0,0,912,0,0,0,0,64,0,0,0,0,0,0,0,0,26624
152,1100,0,0,0,0,2,5,5,7,2,0,0,0,0,64,32768,14,920,732,0,0,0,0,0,0,0,0,0,0,0,0,64,0,0,880,0,0,0,0,64,0,0,0,0,0,0,0,0,26688
153,1000,0,0,0,0,2,5,5,7,2,0,0,0,0,64,32768,0,952,756,0,0,0,0,0,0,0,0,0,0,0,0,64,0,0,912,0,0,0,0,64,0,0,0,0,0,0,0,0,26624
153,1100,0,0,0,0,2,5,5,7,2,0,0,0,0,64,32768,14,920,732,0,0,0,0,0,0,0,0,0,0,0,0,64,0,0,880,0,0,0,0,64,0,0,0,0,0,0,0,0,26688
154,1000,0,0,0,0,2,5,5,7,2,0,0,0,0,64,32768,0,952,756,0,0,0,0,0,0,0,0,0,0,0,0,64,0,0,912,0,0,0,0,64,0,0,0,0,0,0,0,0,26624
154,1100,0,0,0,0,2,5,5,7,2,0,0,0,0,64,32768,14,920,732,0,0,0,0,0,0,0,0,0,0,0,0,64,0,0,880,0,0,0,0,64,0,0,0,0,0,0,0,0,26688
155,1000,0,0,0,0,2,5,5,7,2,0,0,0,0,64,32768,0,952,756,0,0,0,0,0,0,0,0,0,0,0,0,64,0,0,912,0,0,0,0,64,0,0,0,0,0,0,0,0,26624
155,1100,0,0,0,0,2,5,5,7,2,0,0,0,0,64,32768,14,920,732,0,0,0,0,0,0,0,0,0,0,0,0,64,0,0,880,0,0,0,0,64,0,0,0,0,0,0,0,0,26688
156,1000,0,0,0,0,2,5,5,7,2,0,0,0,0,64,32768,0,952,756,0,0,0,0,0,0,0,0,0,0,0,0,64,0,0,912,0,0,0,0,64,0,0,0,0,0,0,0,0,26624
156,1100,0,0,0,0,2,5,5,7,2,0,0,0,0,64,32768,14,920,732,0,0,0,0,0,0,0,0,0,0,0,0,64,0,0,880,0,0,0,0,64,0,0,0,0,0,0,0,0,26688
157,1000,0,0,0,0,2,5,5,7,2,0,0,0,0,64,32768,0,952,756,0,0,0,0,0,0,0,0,0,0,0,0,64,0,0,912,0,0,0,0,64,0,0,0,0,0,0,0,0,26624
157,1100,0,0,0,0,2,5,5,7,2,0,0,0,0,64,32768,14,920,732,0,0,0,0,0,0,0,0,0,0,0,0,64,0,0,880,0,0,0,0,64,0,0,0,0,0,0,0,0,26688
158,1000,0,0,0,0,2,5,5,7,2,0,0,0,0,64,32768,0,952,756,0,0,0,0,0,0,0,0,0,0,0,0,64,0,0,912,0,0,0,0,64,0,0,0,0,0,0,0,0,26624
158,1100,0,0,0,0,2,5,5,7,2,0,0,0,0,64,32768,14,920,732,0,0,0,0,0,0,0,0,0,0,0,0,64,0,0,880,0,0,0,0,64,0,0,0,0,0,0,0,0,26688
159,1000,0,0,0,0,2,5,5,7,2,0,0,0,0,64,32768,0,952,756,0,0,0,0,0,0,0,0,0,0,0,0,64,0,0,912,0,0,0,0,64,0,0,0,0,0,0,0,0,26624
159,1100,0,0,0,0,2,5,5,7,2,0,0,0,0,64,32768,14,920,732,0,0,0,0,0,0,0,0,0,0,0,0,64,0,0,880,0,0,0,0,64,0,0,0,0,0,0,0,0,26688
160,1000,0,0,0,0,2,5,5,7,2,0,0,0,0,64,32768,0,952,756,0,0,0,0,0,0,0,0,0,0,0,0,64,0,0,912,0,0,0,0,64,0,0,0,0,0,0,0,0,26624
160,1100,0,0,0,0,2,5,5,7,2,0,0,0,0,64,32768,14,920,732,0,0,0,0,0,0,0,0,0,0,0,0,64,0,0,880,0,0,0,0,64,0,0,0,0,0,0,0,0,26688
161,1000,0,0,0,0,2,5,5,7,2,0,0,0,0,64,32768,0,952,756,0,0,0,0,0,0,0,0,0,0,0,0,64,0,0,912,0,0,0,0,64,0,0,0,0,0,0,0,0,26624
161,1100,0,0,0,0,2,5,5,7,2,0,0,0,0,64,32768,14,920,732,0,0,0,0,0,0,0,0,0,0,0,0,64,0,0,880,0,0,0,0,64,0,0,0,0,0,0,0,0,26688
162,1000,0,0,0,0,2,5,5,7,2,0,0,0,0,64,32768,0,952,756,0,0,0,0,0,0,0,0,0,0,0,0,64,0,0,912,0,0,0,0,64,0,0,0,0,0,0,0,0,26624
162,1100,0,0,0,0,2,5,5,7,2,0,0,0,0,64,32768,14,920,732,0,0,0,0,0,0,0,0,0,0,0,0,64,0,0,880,0,0,0,0,64,0,0,0,0,0,0,0,0,26688
163,1000,0,0,0,0,2,5,5,7,2,0,0,0,0,64,32768,0,952,756,0,0,0,0,0,0,0,0,0,0,0,0,64,0,0,912,0,0,0,0,64,0,0,0,0,0,0,0,0,26624
163,1100,0,0,0,0,2,5,5,7,2,0,0,0,0,64,32768,14,920,732,0,0,0,0,0,0,0,0,0,0,0,0,64,0,0,880,0,0,0,0,64,0,0,0,0,0,0,0,0,26688
164,1000,0,0,0,0,2,5,5,7,2,0,0,0,0,64,32768,0,952,756,0,0,0,0,0,0,0,0,0,0,0,0,64,0,0,912,0,0,0,0,64,0,0,0,0,0,0,0,0,26624
164,1100,0,0,0,0,2,5,5,7,2,0,0,0,0,64,32768,14,920,732,0,0,0,0,0,0,0,0,0,0,0,0,64,0,0,880,0,0,0,0,64,0,0,0,0,0,0,0,0,26688
165,1000,0,0,0,0,2,5,5,7,2,0,0,0,0,64,32768,0,952,756,0,0,0,0,0,0,0,0,0,0,0,0,64,0,0,912,0,0,0,0,64,0,0,0,0,0,0,0,0,26624
165,1100,0,0,0,0,2,5,5,7,2,0,0,0,0,64,32768,14,920,732,0,0,0,0,0,0,0,0,0,0,0,0,64,0,0,880,0,0,0,0,64,0,0,0,0,0,0,0,0,26688
166,1000,0,0,0,0,2,5,5,7,2,0,0,0,0,64,32768,0,952,756,0,0,0,0,0,0,0,0,0,0,0,0,64,0,0,912,0,0,0,0,64,0,0,0,0,0,0,0,0,26624
166,1100,0,0,0,0,2,5,5,7,2,0,0,0,0,64,32768,14,920,732,0,0,0,0,0,0,0,0,0,0,0,0,64,0,0,880,0,0,0,0,64,0,0,0,0,0,0,0,0,26688
167,1000,0,0,0,0,2,5,5,7,2,0,0,0,0,64,32768,0,952,756,0,0,0,0,0,0,0,0,0,0,0,0,64,0,0,912,0,0,0,0,64,0,0,0,0,0,0,0,0,26624
167,1100,0,0,0,0,2,5,5,7,2,0,0,0,0,64,32768,14,920,732,0,0,0,0,0,0,0,0,0,0,0,0,64,0,0,880,0,0,0,0,64,0,0,0,0,0,0,0,0,26688
168,1000,0,0,0,0,2,5,5,7,2,0,0,0,0,64,32768,0,952,756,0,0,0,0,0,0,0,0,0,0,0,0,64,0,0,912,0,0,0,0,64,0,0,0,0,0,0,0,0,26624
168,1100,0,0,0,0,2,5,5,7,2,0,0,0,0,64,32768,14,920,732,0,0,0,0,0,0,0,0,0,0,0,0,64,0,0,880,0,0,0,0,64,0,0,0,0,0,0,0,0,26688
169,1000,0,0,0,0,2,5,5,7,2,0,0,0,0,64,32768,0,952,756,0,0,0,0,0,0,0,0,0,0,0,0,64,0,0,912,0,0,0,0,64,0,0,0,0,0,0,0,0,26624
169,1100,0,0,0,0,2,5,5,7,2,0,0,0,0,64,32768,14,920,732,0,0,0,0,0,0,0,0,0,0,0,0,64,0,0,880,0,0,0,0,64,0,0,0,0,0,0,0,0,26688
170,1000,0,0,0,0,2,5,5,7,2,0,0,0,0,64,32768,0,952,756,0,0,0,0,0,0,0,0,0,0,0,0,64,0,0,912,0,0,0,0,64,0,0,0,0,0,0,0,0,26624
170,1100,0,0,0,0,2,5,5,7,2,0,0,0,0,64,32768,14,920,732,0,0,0,0,0,0,0,0,0,0,0,0,64,0,0,880,0,0,0,0,64,0,0,0,0,0,0,0,0,26688
171,1000,0,0,0,0,2,5,5,7,2,0,0,0,0,64,32768,0,952,756,0,0,0,0,0,0,0,0,0,0,0,0,64,0,0,912,0,0,0,0,64,0,0,0,0,0,0,0,0,26624
171,1100,0,0,0,0,2,5,5,7,2,0,0,0,0,64,32768,14,920,732,0,0,0,0,0,0,0,0,0,0,0,0,64,0,0,880,0,0,0,0,64,0,0,0,0,0,0,0,0,26688
172,1000,0,0,0,0,2,5,5,7,2,0,0,0,0,64,32768,0,952,756,0,0,0,0,0,0,0,0,0,0,0,0,64,0,0,912,0,0,0,0,64,0,0,0,0,0,0,0,0,26624
172,1100,0,0,0,0,2,5,5,7,2,0,0,0,0,64,32768,14,920,732,0,0,0,0,0,0,0,0,0,0,0,0,64,0,0,880,0,0,0,0,64,0,0,0,0,0,0,0,0,26688
173,1000,0,0,0,0,2,5,5,7,2,0,0,0,0,64,32768,0,952,756,0,0,0,0,0,0,0,0,0,0,0,0,64,0,0,912,0,0,0,0,64,0,0,0,0,0,0,0,0,26624
173,1100,0,0,0,0,2,5,5,7,2,0,0,0,0,64,32768,14,920,732,0,0,0,0,0,0,0,0,0,0,0,0,64,0,0,880,0,0,0,0,64,0,0,0,0,0,0,0,0,26688
174,1000,0,0,0,0,2,5,5,7,2,0,0,0,0,64,32768,0,952,756,0,0,0,0,0,0,0,0,0,0,0,0,64,0,0,912,0,0,0,0,64,0,0,0,0,0,0,0,0,26624
174,1100,0,0,0,0,2,5,5,7,2,0,0,0,0,64,32768,14,920,732,0,0,0,0,0,0,0,0,0,0,0,0,64,0,0,880,0,0,0,0,64,0,0,0,0,0,0,0,0,26688
175,1000,0,0,0,0,2,5,5,7,2,0,0,0,0,64,32768,0,952,756,0,0,0,0,0,0,0,0,0,0,0,0,64,0,0,912,0,0,0,0,64,0,0,0,0,0,0,0,0,26624
175,1100,0,0,0,0,2,5,5,7,2,0,0,0,0,64,32768,14,920,732,0,0,0,0,0,0,0,0,0,0,0,0,64,0,0,880,0,0,0,0,64,0,0,0,0,0,0,0,0,26688
176,1000,0,0,0,0,2,5,5,7,2,0,0,0,0,64,32768,0,952,756,0,0,0,0,0,0,0,0,0,0,0,0,64,0,0,912,0,0,0,0,64,0,0,0,0,0,0,0,0,26624
176,1100,0,0,0,0,2,5,5,7,2,0,0,0,0,64,32768,14,920,732,0,0,0,0,0,0,0,0,0,0,0,0,64,0,0,880,0,0,0,0,64,0,0,0,0,0,0,0,0,26688
177,1000,0,0,0,0,2,5,5,7,2,0,0,0,0,64,32768,0,952,756,0,0,0,0,0,0,0,0,0,0,0,0,64,0,0,912,0,0,0,0,64,0,0,0,0,0,0,0,0,26624
177,1100,0,0,0,0,2,5,5,7,2,0,0,0,0,64,32768,14,920,732,0,0,0,0,0,0,0,0,0,0,0,0,64,0,0,880,0,0,0,0,64,0,0,0,0,0,0,0,0,26688
178,1000,0,0,0,0,2,5,5,7,2,0,0,0,0,64,32768,0,952,756,0,0,0,0,0,0,0,0,0,0,0,0,64,0,0,912,0,0,0,0,64,0,0,0,0,0,0,0,0,26624
178,1100,0,0,0,0,2,5,5,7,2,0,0,0,0,64,32768,14,920,732,0,0,0,0,0,0,0,0,0,0,0,0,64,0,0,880,0,0,0,0,64,0,0,0,0,0,0,0,0,26688
179,1000,0,0,0,0,2,5,5,7,2,0,0,0,0,64,32768,0,952,756,0,0,0,0,0,0,0,0,0,0,0,0,64,0,0,912,0,0,0,0,64,0,0,0,0,0,0,0,0,26624
179,1100,0,0,0,0,2,5,5,7,2,0,0,0,0,64,32768,14,920,732,0,0,0,0,0,0,0,0,0,0,0,0,64,0,0,880,0,0,0,0,64,0,0,0,0,0,0,0,0,26688
180,1000,0,0,0,0,2,5,5,7,2,0,0,0,0,64,32768,0,952,756,0,0,0,0,0,0,0,0,0,0,0,0,64,0,0,912,0,0,0,0,64,0,0,0,0,0,0,0,0,26624
180,1100,0,0,0,0,2,5,5,7,2,0,0,0,0,64,32768,14,920,732,0,0,0,0,0,0,0,0,0,0,0,0,64,0,0,880,0,0,0,0,64,0,0,0,0,0,0,0,0,26688
181,1000,0,0,0,0,2,5,5,7,2,0,0,0,0,64,32768,0,952,756,0,0,0,0,0,0,0,0,0,0,0,0,64,0,0,912,0,0,0,0,64,0,0,0,0,0,0,0,0,26624
181,1100,0,0,0,0,2,5,5,7,2,0,0,0,0,64,32768,14,920,732,0,0,0,0,0,0,0,0,0,0,0,0,64,0,0,880,0,0,0,0,64,0,0,0,0,0,0,0,0,26688
182,1000,0,0,0,0,2,5,5,7,2,0,0,0,0,64,32768,0,952,756,0,0,0,0,0,0,0,0,0,0,0,0,64,0,0,912,0,0,0,0,64,0,0,0,0,0,0,0,0,26624
182,1100,0,0,0,0,2,5,5,7,2,0,0,0,0,64,32768,14,920,732,0,0,0,0,0,0,0,0,0,0,0,0,64,0,0,880,0,0,0,0,64,0,0,0,0,0,0,0,0,26688
183,1000,0,0,0,0,2,5,5,7,2,0,0,0,0,64,32768,0,952,756,0,0,0,0,0,0,0,0,0,0,0,0,64,0,0,912,0,0,0,0,64,0,0,0,0,0,0,0,0,26624
183,1100,0,0,0,0,2,5,5,7,2,0,0,0,0,64,32768,14,920,732,0,0,0,0,0,0,0,0,0,0,0,0,64,0,0,880,0,0,0,0,64,0,0,0,0,0,0,0,0,26688
184,1000,0,0,0,0,2,5,5,7,2,0,0,0,0,64,32768,0,952,756,0,0,0,0,0,0,0,0,0,0,0,0,64,0,0,912,0,0,0,0,64,0,0,0,0,0,0,0,0,26624
184,1100,0,0,0,0,2,5,5,7,2,0,0,0,0,64,32768,14,920,732,0,0,0,0,0,0,0,0,0,0,0,0,64,0,0,880,0,0,0,0,64,0,0,0,0,0,0,0,0,26688
185,1000,0,0,0,0,2,5,5,7,2,0,0,0,0,64,32768,0,952,756,0,0,0,0,0,0,0,0,0,0,0,0,64,0,0,912,0,0,0,0,64,0,0,0,0,0,0,0,0,26624
185,1100,0,0,0,0,2,5,5,7,2,0,0,0,0,64,32768,14,920,732,0,0,0,0,0,0,0,0,0,0,0,0,64,0,0,880,0,0,0,0,64,0,0,0,0,0,0,0,0,26688
186,1000,0,0,0,0,2,5,5,7,2,0,0,0,0,64,32768,0,952,756,0,0,0,0,0,0,0,0,0,0,0,0,64,0,0,912,0,0,0,0,64,0,0,0,0,0,0,0,0,26624
186,1100,0,0,0,0,2,5,5,7,2,0,0,0,0,64,32768,14,920,732,0,0,0,0,0,0,0,0,0,0,0,0,64,0,0,880,0,0,0,0,64,0,0,0,0,0,0,0,0,26688
187,1000,0,0,0,0,2,5,5,7,2,0,0,0,0,64,32768,0,952,756,0,0,0,0,0,0,0,0,0,0,0,0,64,0,0,912,0,0,0,0,64,0,0,0,0,0,0,0,0,26624
187,1100,0,0,0,0,2,5,5,7,2,0,0,0,0,64,32768,14,920,732,0,0,0,0,0,0,0,0,0,0,0,0,64,0,0,880,0,0,0,0,64,0,0,0,0,0,0,0,0,26688
188,1000,0,0,0,0,2,5,5,7,2,0,0,0,0,64,32768,0,952,756,0,0,0,0,0,0,0,0,0,0,0,0,64,0,0,912,0,0,0,0,64,0,0,0,0,0,0,0,0,26624
188,1100,0,0,0,0,2,5,5,7,2,0,0,0,0,64,32768,14,920,732,0,0,0,0,0,0,0,0,0,0,0,0,64,0,0,880,0,0,0,0,64,0,0,0,0,0,0,0,0,26688
189,1000,0,0,0,0,2,5,5,7,2,0,0,0,0,64,32768,0,952,756,0,0,0,0,0,0,0,0,0,0,0,0,64,0,0,912,0,0,0,0,64,0,0,0,0,0,0,0,0,26624
189,1100,0,0,0,0,2,5,5,7,2,0,0,0,0,64,32768,14,920,732,0,0,0,0,0,0,0,0,0,0,0,0,64,0,0,880,0,0,0,0,64,0,0,0,0,0,0,0,0,26688
190,1000,0,0,0,0,2,5,5,7,2,0,0,0,0,64,32768,0,952,756,0,0,0,0,0,0,0,0,0,0,0,0,64,0,0,912,0,0,0,0,64,0,0,0,0,0,0,0,0,26624
190,1100,0,0,0,0,2,5,5,7,2,0,0,0,0,64,32768,14,920,732,0,0,0,0,0,0,0,0,0,0,0,0,64,0,0,880,0,0,0,0,64,0,0,0,0,0,0,0,0,26688
191,1000,0,0,0,0,2,5,5,7,2,0,0,0,0,64,32768,0,952,756,0,0,0,0,0,0,0,0,0,0,0,0,64,0,0,912,0,0,0,0,64,0,0,0,0,0,0,0,0,26624
191,1100,0,0,0,0,2,5,5,7,2,0,0,0,0,64,32768,14,920,732,0,0,0,0,0,0,0,0,0,0,0,0,64,0,0,880,0,0,0,0,64,0,0,0,0,0,0,0,0,26688
192,1000,0,0,0,0,2,5,5,7,2,0,0,0,0,64,32768,0,952,756,0,0,0,0,0,0,0,0,0,0,0,0,64,0,0,912,0,0,0,0,64,0,0,0,0,0,0,0,0,26624
192,1100,0,0,0,0,2,5,5,7,2,0,0,0,0,64,32768,14,920,732,0,0,0,0,0,0,0,0,0,0,0,0,64,0,0,880,0,0,0,0,64,0,0,0,0,0,0,0,0,26688
193,1000,0,0,0,0,2,5,5,7,2,0,0,0,0,64,32768,0,952,756,0,0,0,0,0,0,0,0,0,0,0,0,64,0,0,912,0,0,0,0,64,0,0,0,0,0,0,0,0,26624
193,1100,0,0,0,0,2,5,5,7,2,0,0,0,0,64,32768,14,920,732,0,0,0,0,0,0,0,0,0,0,0,0,64,0,0,880,0,0,0,0,64,0,0,0,0,0,0,0,0,26688
194,1000,0,0,0,0,2,5,5,7,2,0,0,0,0,64,32768,0,952,756,0,0,0,0,0,0,0,0,0,0,0,0,64,0,0,912,0,0,0,0,64,0,0,0,0,0,0,0,0,26624
194,1100,0,0,0,0,2,5,5,7,2,0,0,0,0,64,32768,14,920,732,0,0,0,0,0,0,0,0,0,0,0,0,64,0,0,880,0,0,0,0,64,0,0,0,0,0,0,0,0,26688
195,1000,0,0,0,0,2,5,5,7,2,0,0,0,0,64,32768,0,952,756,0,0,0,0,0,0,0,0,0,0,0,0,64,0,0,912,0,0,0,0,64,0,0,0,0,0,0,0,0,26624
195,1100,0,0,0,0,2,5,5,7,2,0,0,0,0,64,32768,14,920,732,0,0,0,0,0,0,0,0,0,0,0,0,64,0,0,880,0,0,0,0,64,0,0,0,0,0,0,0,0,26688
196,1000,0,0,0,0,2,5,5,7,2,0,0,0,0,64,32768,0,952,756,0,0,0,0,0,0,0,0,0,0,0,0,64,0,0,912,0,0,0,0,64,0,0,0,0,0,0,0,0,26624
196,1100,0,0,0,0,2,5,5,7,2,0,0,0,0,64,32768,14,920,732,0,0,0,0,0,0,0,0,0,0,0,0,64,0,0,880,0,0,0,0,64,0,0,0,0,0,0,0,0,26688
197,1000,0,0,0,0,2,5,5,7,2,0,0,0,0,64,32768,0,952,756,0,0,0,0,0,0,0,0,0,0,0,0,64,0,0,912,0,0,0,0,64,0,0,0,0,0,0,0,0,26624
197,1100,0,0,0,0,2,5,5,7,2,0,0,0,0,64,32768,14,920,732,0,0,0,0,0,0,0,0,0,0,0,0,64,0,0,880,0,0,0,0,64,0,0,0,0,0,0,0,0,26688
198,1000,0,0,0,0,2,5,5,7,2,0,0,0,0,64,32768,0,952,756,0,0,0,0,0,0,0,0,0,0,0,0,64,0,0,912,0,0,0,0,64,0,0,0,0,0,0,0,0,26624
198,1100,0,0,0,0,2,5,5,7,2,0,0,0,0,64,32768,14,920,732,0,0,0,0,0,0,0,0,0,0,0,0,64,0,0,880,0,0,0,0,64,0,0,0,0,0,0,0,0,26688
199,1000,0,0,0,0,2,5,5,7,2,0,0,0,0,64,32768,0,952,756,0,0,0,0,0,0,0,0,0,0,0,0,64,0,0,912,0,0,0,0,64,0,0,0,0,0,0,0,0,26624
199,1100,0,0,0,0,2,5,5,7,2,0,0,0,0,64,32768,14,920,732,0,0,0,0,0,0,0,0,0,0,0,0,64,0,0,880,0,0,0,0,64,0,0,0,0,0,0,0,0,26688
200,1000,0,0,0,0,2,5,5,7,2,0,0,0,0,64,32768,0,952,756,0,0,0,0,0,0,0,0,0,0,0,0,64,0,0,912,0,0,0,0,64,0,0,0,0,0,0,0,0,26624
200,1100,0,0,0,0,2,5,5,7,2,0,0,0,0,64,32768,14,920,732,0,0,0,0,0,0,0,0,0,0,0,0,64,0,0,880,0,0,0,0,64,0,0,0,0,0,0,0,0,26688
201,1000,0,0,0,0,2,5,5,7,2,0,0,0,0,64,32768,0,952,756,0,0,0,0,0,0,0,0,0,0,0,0,64,0,0,912,0,0,0,0,64,0,0,0,0,0,0,0,0,26624
201,1100,0,0,0,0,2,5,5,7,2,0,0,0,0,64,32768,14,920,732,0,0,0,0,0,0,0,0,0,0,0,0,64,0,0,880,0,0,0,0,64,0,0,0,0,0,0,0,0,26688
202,1000,0,0,0,0,2,5,5,7,2,0,0,0,0,64,32768,0,952,756,0,0,0,0,0,0,0,0,0,0,0,0,64,0,0,912,0,0,0,0,64,0,0,0,0,0,0,0,0,26624
202,1100,0,0,0,0,2,5,5,7,2,0,0,0,0,64,32768,14,920,732,0,0,0,0,0,0,0,0,0,0,0,0,64,0,0,880,0,0,0,0,64,0,0,0,0,0,0,0,0,26688
203,1000,0,0,0,0,2,5,5,7,2,0,0,0,0,64,32768,0,952,756,0,0,0,0,0,0,0,0,0,0,0,0,64,0,0,912,0,0,0,0,64,0,0,0,0,0,0,0,0,26624
203,1100,0,0,0,0,2,5,5,7,2,0,0,0,0,64,32768,14,920,732,0,0,0,0,0,0,0,0,0,0,0,0,64,0,0,880,0,0,0,0,64,0,0,0,0,0,0,0,0,26688
204,1000,0,0,0,0,2,5,5,7,2,0,0,0,0,64,32768,0,952,756,0,0,0,0,0,0,0,0,0,0,0,0,64,0,0,912,0,0,0,0,64,0,0,0,0,0,0,0,0,26624
204,1100,0,0,0,0,2,5,5,7,2,0,0,0,0,64,32768,14,920,732,0,0,0,0,0,0,0,0,0,0,0,0,64,0,0,880,0,0,0,0,64,0,0,0,0,0,0,0,0,26688
205,1000,0,0,0,0,2,5,5,7,2,0,0,0,0,64,32768,0,952,756,0,0,0,0,0,0,0,0,0,0,0,0,64,0,0,912,0,0,0,0,64,0,0,0,0,0,0,0,0,26624
205,1100,0,0,0,0,2,5,5,7,2,0,0,0,0,64,32768,14,920,732,0,0,0,0,0,0,0,0,0,0,0,0,64,0,0,880,0,0,0,0,64,0,0,0,0,0,0,0,0,26688
206,1000,0,0,0,0,2,5,5,7,2,0,0,0,0,64,32768,0,952,756,0,0,0,0,0,0,0,0,0,0,0,0,64,0,0,912,0,0,0,0,64,0,0,0,0,0,0,0,0,26624
206,1100,0,0,0,0,2,5,5,7,2,0,0,0,0,64,32768,14,920,732,0,0,0,0,0,0,0,0,0,0,0,0,64,0,0,880,0,0,0,0,64,0,0,0,0,0,0,0,0,26688
207,1000,0,0,0,0,2,5,5,7,2,0,0,0,0,64,32768,0,952,756,0,0,0,0,0,0,0,0,0,0,0,0,64,0,0,912,0,0,0,0,64,0,0,0,0,0,0,0,0,26624
207,1100,0,0,0,0,2,5,5,7,2,0,0,0,0,64,32768,14,920,732,0,0,0,0,0,0,0,0,0,0,0,0,64,0,0,880,0,0,0,0,64,0,0,0,0,0,0,0,0,26688
208,1000,0,0,0,0,2,5,5,7,2,0,0,0,0,64,32768,0,952,756,0,0,0,0,0,0,0,0,0,0,0,0,64,0,0,912,0,0,0,0,64,0,0,0,0,0,0,0,0,26624
208,1100,0,0,0,0,2,5,5,7,2,0,0,0,0,64,32768,14,920,732,0,0,0,0,0,0,0,0,0,0,0,0,64,0,0,880,0,0,0,0,64,0,0,0,0,0,0,0,0,26688
209,1000,0,0,0,0,2,5,5,7,2,0,0,0,0,64,32768,0,952,756,0,0,0,0,0,0,0,0,0,0,0,0,64,0,0,912,0,0,0,0,64,0,0,0,0,0,0,0,0,26624
209,1100,0,0,0,0,2,5,5,7,2,0,0,0,0,64,32768,14,920,732,0,0,0,0,0,0,0,0,0,0,0,0,64,0,0,880,0,0,0,0,64,0,0,0,0,0,0,0,0,26688
210,1000,0,0,0,0,2,5,5,7,2,0,0,0,0,64,32768,0,952,756,0,0,0,0,0,0,0,0,0,0,0,0,64,0,0,912,0,0,0,0,64,0,0,0,0,0,0,0,0,26624
210,1100,0,0,0,0,2,5,5,7,2,0,0,0,0,64,32768,14,920,732,0,0,0,0,0,0,0,0,0,0,0,0,64,0,0,880,0,0,0,0,64,0,0,0,0,0,0,0,0,26688
211,1000,0,0,0,0,2,5,5,7,2,0,0,0,0,64,32768,0,952,756,0,0,0,0,0,0,0,0,0,0,0,0,64,0,0,912,0,0,0,0,64,0,0,0,0,0,0,0,0,26624
211,1100,0,0,0,0,2,5,5,7,2,0,0,0,0,64,32768,14,920,732,0,0,0,0,0,0,0,0,0,0,0,0,64,0,0,880,0,0,0,0,64,0,0,0,0,0,0,0,0,26688
212,1000,0,0,0,0,2,5,5,7,2,0,0,0,0,64,32768,0,952,756,0,0,0,0,0,0,0,0,0,0,0,0,64,0,0,912,0,0,0,0,64,0,0,0,0,0,0,0,0,26624
212,1100,0,0,0,0,2,5,5,7,2,0,0,0,0,64,32768,14,920,732,0,0,0,0,0,0,0,0,0,0,0,0,64,0,0,880,0,0,0,0,64,0,0,0,0,0,0,0,0,26688
213,1000,0,0,0,0,2,5,5,7,2,0,0,0,0,64,32768,0,952,756,0,0,0,0,0,0,0,0,0,0,0,0,64,0,0,912,0,0,0,0,64,0,0,0,0,0,0,0,0,26624
213,1100,0,0,0,0,2,5,5,7,2,0,0,0,0,64,32768,14,920,732,0,0,0,0,0,0,0,0,0,0,0,0,64,0,0,880,0,0,0,0,64,0,0,0,0,0,0,0,0,26688
214,1000,0,0,0,0,2,5,5,7,2,0,0,0,0,64,32768,0,952,756,0,0,0,0,0,0,0,0,0,0,0,0,64,0,0,912,0,0,0,0,64,0,0,0,0,0,0,0,0,26624
214,1100,0,0,0,0,2,5,5,7,2,0,0,0,0,64,32768,14,920,732,0,0,0,0,0,0,0,0,0,0,0,0,64,0,0,880,0,0,0,0,64,0,0,0,0,0,0,0,0,26688
215,1000,0,0,0,0,2,5,5,7,2,0,0,0,0,64,32768,0,952,756,0,0,0,0,0,0,0,0,0,0,0,0,64,0,0,912,0,0,0,0,64,0,0,0,0,0,0,0,0,26624
215,1100,0,0,0,0,2,5,5,7,2,0,0,0,0,64,32768,14,920,732,0,0,0,0,0,0,0,0,0,0,0,0,64,0,0,880,0,0,0,0,64,0,0,0,0,0,0,0,0,26688
216,1000,0,0,0,0,2,5,5,7,2,0,0,0,0,64,32768,0,952,756,0,0,0,0,0,0,0,0,0,0,0,0,64,0,0,912,0,0,0,0,64,0,0,0,0,0,0,0,0,26624
216,1100,0,0,0,0,2,5,5,7,2,0,0,0,0,64,32768,14,920,732,0,0,0,0,0,0,0,0,0,0,0,0,64,0,0,880,0,0,0,0,64,0,0,0,0,0,0,0,0,26688
217,1000,0,0,0,0,2,5,5,7,2,0,0,0,0,64,32768,0,952,756,0,0,0,0,0,0,0,0,0,0,0,0,64,0,0,912,0,0,0,0,64,0,0,0,0,0,0,0,0,26624
217,1100,0,0,0,0,2,5,5,7,2,0,0,0,0,64,32768,14,920,732,0,0,0,0,0,0,0,0,0,0,0,0,64,0,0,880,0,0,0,0,64,0,0,0,0,0,0,0,0,26688
218,1000,0,0,0,0,2,5,5,7,2,0,0,0,0,64,32768,0,952,756,0,0,0,0,0,0,0,0,0,0,0,0,64,0,0,912,0,0,0,0,64,0,0,0,0,0,0,0,0,26624
218,1100,0,0,0,0,2,5,5,7,2,0,0,0,0,64,32768,14,920,732,0,0,0,0,0,0,0,0,0,0,0,0,64,0,0,880,0,0,0,0,64,0,0,0,0,0,0,0,0,26688
219,1000,0,0,0,0,2,5,5,7,2,0,0,0,0,64,32768,0,952,756,0,0,0,0,0,0,0,0,0,0,0,0,64,0,0,912,0,0,0,0,64,0,0,0,0,0,0,0,0,26624
219,1100,0,0,0,0,2,5,5,7,2,0,0,0,0,64,32768,14,920,732,0,0,0,0,0,0,0,0,0,0,0,0,64,0,0,880,0,0,0,0,64,0,0,0,0,0,0,0,0,26688
220,1000,0,0,0,0,2,5,5,7,2,0,0,0,0,64,32768,0,952,756,0,0,0,0,0,0,0,0,0,0,0,0,64,0,0,912,0,0,0,0,64,0,0,0,0,0,0,0,0,26624
220,1100,0,0,0,0,2,5,5,7,2,0,0,0,0,64,32768,14,920,732,0,0,0,0,0,0,0,0,0,0,0,0,64,0,0,880,0,0,0,0,64,0,0,0,0,0,0,0,0,26688
221,1000,0,0,0,0,2,5,5,7,2,0,0,0,0,64,32768,0,952,756,0,0,0,0,0,0,0,0,0,0,0,0,64,0,0,912,0,0,0,0,64,0,0,0,0,0,0,0,0,26624
221,1100,0,0,0,0,2,5,5,7,2,0,0,0,0,64,32768,14,920,732,0,0,0,0,0,0,0,0,0,0,0,0,64,0,0,880,0,0,0,0,64,0,0,0,0,0,0,0,0,26688
222,1000,0,0,0,0,2,5,5,7,2,0,0,0,0,64,32768,0,952,756,0,0,0,0,0,0,0,0,0,0,0,0,64,0,0,912,0,0,0,0,64,0,0,0,0,0,0,0,0,26624
222,1100,0,0,0,0,2,5,5,7,2,0,0,0,0,64,32768,14,920,732,0,0,0,0,0,0,0,0,0,0,0,0,64,0,0,880,0,0,0,0,64,0,0,0,0,0,0,0,0,26688
223,1000,0,0,0,0,2,5,5,7,2,0,0,0,0,64,32768,0,952,756,0,0,0,0,0,0,0,0,0,0,0,0,64,0,0,912,0,0,0,0,64,0,0,0,0,0,0,0,0,26624
223,1100,0,0,0,0,2,5,5,7,2,0,0,0,0,64,32768,14,920,732,0,0,0,0,0,0,0,0,0,0,0,0,64,0,0,880,0,0,0,0,64,0,0,0,0,0,0,0,0,26688
224,1000,0,0,0,0,2,5,5,7,2,0,0,0,0,64,32768,0,952,756,0,0,0,0,0,0,0,0,0,0,0,0,64,0,0,912,0,0,0,0,64,0,0,0,0,0,0,0,0,26624
224,1100,0,0,0,0,2,5,5,7,2,0,0,0,0,64,32768,14,920,732,0,0,0,0,0,0,0,0,0,0,0,0,64,0,0,880,0,0,0,0,64,0,0,0,0,0,0,0,0,26688
225,1000,0,0,0,0,2,5,5,7,2,0,0,0,0,64,32768,0,952,756,0,0,0,0,0,0,0,0,0,0,0,0,64,0,0,912,0,0,0,0,64,0,0,0,0,0,0,0,0,26624
225,1100,0,0,0,0,2,5,5,7,2,0,0,0,0,64,32768,14,920,732,0,0,0,0,0,0,0,0,0,0,0,0,64,0,0,880,0,0,0,0,64,0,0,0,0,0,0,0,0,26688
226,1000,0,0,0,0,2,5,5,7,2,0,0,0,0,64,32768,0,952,756,0,0,0,0,0,0,0,0,0,0,0,0,64,0,0,912,0,0,0,0,64,0,0,0,0,0,0,0,0,26624
226,1100,0,0,0,0,2,5,5,7,2,0,0,0,0,64,32768,14,920,732,0,0,0,0,0,0,0,0,0,0,0,0,64,0,0,880,0,0,0,0,64,0,0,0,0,0,0,0,0,26688
227,1000,0,0,0,0,2,5,5,7,2,0,0,0,0,64,32768,0,952,756,0,0,0,0,0,0,0,0,0,0,0,0,64,0,0,912,0,0,0,0,64,0,0,0,0,0,0,0,0,26624
227,1100,0,0,0,0,2,5,5,7,2,0,0,0,0,64,32768,14,920,732,0,0,0,0,0,0,0,0,0,0,0,0,64,0,0,880,0,0,0,0,64,0,0,0,0,0,0,0,0,26688
228,1000,0,0,0,0,2,5,5,7,2,0,0,0,0,64,32768,0,952,756,0,0,0,0,0,0,0,0,0,0,0,0,64,0,0,912,0,0,0,0,64,0,0,0,0,0,0,0,0,26624
228,1100,0,0,0,0,2,5,5,7,2,0,0,0,0,64,32768,14,920,732,0,0,0,0,0,0,0,0,0,0,0,0,64,0,0,880,0,0,0,0,64,0,0,0,0,0,0,0,0,26688
229,1000,0,0,0,0,2,5,5,7,2,0,0,0,0,64,32768,0,952,756,0,0,0,0,0,0,0,0,0,0,0,0,64,0,0,912,0,0,0,0,64,0,0,0,0,0,0,0,0,26624
229,1100,0,0,0,0,2,5,5,7,2,0,0,0,0,64,32768,14,920,732,0,0,0,0,0,0,0,0,0,0,0,0,64,0,0,880,0,0,0,0,64,0,0,0,0,0,0,0,0,26688
230,1000,0,0,0,0,2,5,5,7,2,0,0,0,0,64,32768,0,952,756,0,0,0,0,0,0,0,0,0,0,0,0,64,0,0,912,0,0,0,0,64,0,0,0,0,0,0,0,0,26624
230,1100,0,0,0,0,2,5,5,7,2,0,0,0,0,64,32768,14,920,732,0,0,0,0,0,0,0,0,0,0,0,0,64,0,0,880,0,0,0,0,64,0,0,0,0,0,0,0,0,26688
231,1000,0,0,0,0,2,5,5,7,2,0,0,0,0,64,32768,0,952,756,0,0,0,0,0,0,0,0,0,0,0,0,64,0,0,912,0,0,0,0,64,0,0,0,0,0,0,0,0,26624
231,1100,0,0,0,0,2,5,5,7,2,0,0,0,0,64,32768,14,920,732,0,0,0,0,0,0,0,0,0,0,0,0,64,0,0,880,0,0,0,0,64,0,0,0,0,0,0,0,0,26688
232,1000,0,0,0,0,2,5,5,7,2,0,0,0,0,64,32768,0,952,756,0,0,0,0,0,0,0,0,0,0,0,0,64,0,0,912,0,0,0,0,64,0,0,0,0,0,0,0,0,26624
232,1100,0,0,0,0,2,5,5,7,2,0,0,0,0,64,32768,14,920,732,0,0,0,0,0,0,0,0,0,0,0,0,64,0,0,880,0,0,0,0,64,0,0,0,0,0,0,0,0,26688
233,1000,0,0,0,0,2,5,5,7,2,0,0,0,0,64,32768,0,952,756,0,0,0,0,0,0,0,0,0,0,0,0,64,0,0,912,0,0,0,0,64,0,0,0,0,0,0,0,0,26624
233,1100,0,0,0,0,2,5,5,7,2,0,0,0,0,64,32768,14,920,732,0,0,0,0,0,0,0,0,0,0,0,0,64,0,0,880,0,0,0,0,64,0,0,0,0,0,0,0,0,26688
234,1000,0,0,0,0,2,5,5,7,2,0,0,0,0,64,32768,0,952,756,0,0,0,0,0,0,0,0,0,0,0,0,64,0,0,912,0,0,0,0,64,0,0,0,0,0,0,0,0,26624
234,1100,0,0,0,0,2,5,5,7,2,0,0,0,0,64,32768,14,920,732,0,0,0,0,0,0,0,0,0,0,0,0,64,0,0,880,0,0,0,0,64,0,0,0,0,0,0,0,0,26688
235,1000,0,0,0,0,2,5,5,7,2,0,0,0,0,64,32768,0,952,756,0,0,0,0,0,0,0,0,0,0,0,0,64,0,0,912,0,0,0,0,64,0,0,0,0,0,0,0,0,26624
235,1100,0,0,0,0,2,5,5,7,2,0,0,0,0,64,32768,14,920,732,0,0,0,0,0,0,0,0,0,0,0,0,64,0,0,880,0,0,0,0,64,0,0,0,0,0,0,0,0,26688
236,1000,0,0,0,0,2,5,5,7,2,0,0,0,0,64,32768,0,952,756,0,0,0,0,0,0,0,0,0,0,0,0,64,0,0,912,0,0,0,0,64,0,0,0,0,0,0,0,0,26624
236,1100,0,0,0,0,2,5,5,7,2,0,0,0,0,64,32768,14,920,732,0,0,0,0,0,0,0,0,0,0,0,0,64,0,0,880,0,0,0,0,64,0,0,0,0,0,0,0,0,26688
237,1000,0,0,0,0,2,5,5,7,2,0,0,0,0,64,32768,0,952,756,0,0,0,0,0,0,0,0,0,0,0,0,64,0,0,912,0,0,0,0,64,0,0,0,0,0,0,0,0,26624
237,1100,0,0,0,0,2,5,5,7,2,0,0,0,0,64,32768,14,920,732,0,0,0,0,0,0,0,0,0,0,0,0,64,0,0,880,0,0,0,0,64,0,0,0,0,0,0,0,0,26688
238,1000,0,0,0,0,2,5,5,7,2,0,0,0,0,64,32768,0,952,756,0,0,0,0,0,0,0,0,0,0,0,0,64,0,0,912,0,0,0,0,64,0,0,0,0,0,0,0,0,26624
238,1100,0,0,0,0,2,5,5,7,2,0,0,0,0,64,32768,14,920,732,0,0,0,0,0,0,0,0,0,0,0,0,64,0,0,880,0,0,0,0,64,0,0,0,0,0,0,0,0,26688
239,1000,0,0,0,0,2,5,5,7,2,0,0,0,0,64,32768,0,952,756,0,0,0,0,0,0,0,0,0,0,0,0,64,0,0,912,0,0,0,0,64,0,0,0,0,0,0,0,0,26624
239,1100,0,0,0,0,2,5,5,7,2,0,0,0,0,64,32768,14,920,732,0,0,0,0,0,0,0,0,0,0,0,0,64,0,0,880,0,0,0,0,64,0,0,0,0,0,0,0,0,26688
240,1000,0,0,0,0,2,5,5,7,2,0,0,0,0,64,32768,0,952,756,0,0,0,0,0,0,0,0,0,0,0,0,64,0,0,912,0,0,0,0,64,0,0,0,0,0,0,0,0,26624
240,1100,0,0,0,0,2,5,5,7,2,0,0,0,0,64,32768,14,920,732,0,0,0,0,0,0,0,0,0,0,0,0,64,0,0,880,0,0,0,0,64,0,0,0,0,0,0,0,0,26688
241,1000,0,0,0,0,2,5,5,7,2,0,0,0,0,64,32768,0,952,756,0,0,0,0,0,0,0,0,0,0,0,0,64,0,0,912,0,0,0,0,64,0,0,0,0,0,0,0,0,26624
241,1100,0,0,0,0,2,5,5,7,2,0,0,0,0,64,32768,14,920,732,0,0,0,0,0,0,0,0,0,0,0,0,64,0,0,880,0,0,0,0,64,0,0,0,0,0,0,0,0,26688
242,1000,0,0,0,0,2,5,5,7,2,0,0,0,0,64,32768,0,952,756,0,0,0,0,0,0,0,0,0,0,0,0,64,0,0,912,0,0,0,0,64,0,0,0,0,0,0,0,0,26624
242,1100,0,0,0,0,2,5,5,7,2,0,0,0,0,64,32768,14,920,732,0,0,0,0,0,0,0,0,0,0,0,0,64,0,0,880,0,0,0,0,64,0,0,0,0,0,0,0,0,26688
243,1000,0,0,0,0,2,5,5,7,2,0,0,0,0,64,32768,0,952,756,0,0,0,0,0,0,0,0,0,0,0,0,64,0,0,912,0,0,0,0,64,0,0,0,0,0,0,0,0,26624
243,1100,0,0,0,0,2,5,5,7,2,0,0,0,0,64,32768,14,920,732,0,0,0,0,0,0,0,0,0,0,0,0,64,0,0,880,0,0,0,0,64,0,0,0,0,0,0,0,0,26688
244,1000,0,0,0,0,2,5,5,7,2,0,0,0,0,64,32768,0,952,756,0,0,0,0,0,0,0,0,0,0,0,0,64,0,0,912,0,0,0,0,64,0,0,0,0,0,0,0,0,26624
244,1100,0,0,0,0,2,5,5,7,2,0,0,0,0,64,32768,14,920,732,0,0,0,0,0,0,0,0,0,0,0,0,64,0,0,880,0,0,0,0,64,0,0,0,0,0,0,0,0,26688
245,1000,0,0,0,0,2,5,5,7,2,0,0,0,0,64,32768,0,952,756,0,0,0,0,0,0,0,0,0,0,0,0,64,0,0,912,0,0,0,0,64,0,0,0,0,0,0,0,0,26624
245,1100,0,0,0,0,2,5,5,7,2,0,0,0,0,64,32768,14,920,732,0,0,0,0,0,0,0,0,0,0,0,0,64,0,0,880,0,0,0,0,64,0,0,0,0,0,0,0,0,26688
246,1000,0,0,0,0,2,5,5,7,2,0,0,0,0,64,32768,0,952,756,0,0,0,0,0,0,0,0,0,0,0,0,64,0,0,912,0,0,0,0,64,0,0,0,0,0,0,0,0,26624
246,1100,0,0,0,0,2,5,5,7,2,0,0,0,0,64,32768,14,920,732,0,0,0,0,0,0,0,0,0,0,0,0,64,0,0,880,0,0,0,0,64,0,0,0,0,0,0,0,0,26688
247,1000,0,0,0,0,2,5,5,7,2,0,0,0,0,64,32768,0,952,756,0,0,0,0,0,0,0,0,0,0,0,0,64,0,0,912,0,0,0,0,64,0,0,0,0,0,0,0,0,26624
247,1100,0,0,0,0,2,5,5,7,2,0,0,0,0,64,32768,14,920,732,0,0,0,0,0,0,0,0,0,0,0,0,64,0,0,880,0,0,0,0,64,0,0,0,0,0,0,0,0,26688
248,1000,0,0,0,0,2,5,5,7,2,0,0,0,0,64,32768,0,952,756,0,0,0,0,0,0,0,0,0,0,0,0,64,0,0,912,0,0,0,0,64,0,0,0,0,0,0,0,0,26624
248,1100,0,0,0,0,2,5,5,7,2,0,0,0,0,64,32768,14,920,732,0,0,0,0,0,0,0,0,0,0,0,0,64,0,0,880,0,0,0,0,64,0,0,0,0,0,0,0,0,26688
249,1000,0,0,0,0,2,5,5,7,2,0,0,0,0,64,32768,0,952,756,0,0,0,0,0,0,0,0,0,0,0,0,64,0,0,912,0,0,0,0,64,0,0,0,0,0,0,0,0,26624
249,1100,0,0,0,0,2,5,5,7,2,0,0,0,0,64,32768,14,920,732,0,0,0,0,0,0,0,0,0,0,0,0,64,0,0,880,0,0,0,0,64,0,0,0,0,0,0,0,0,26688
250,1000,0,0,0,0,2,5,5,7,2,0,0,0,0,64,32768,0,952,756,0,0,0,0,0,0,0,0,0,0,0,0,64,0,0,912,0,0,0,0,64,0,0,0,0,0,0,0,0,26624
250,1100,0,0,0,0,2,5,5,7,2,0,0,0,0,64,32768,14,920,732,0,0,0,0,0,0,0,0,0,0,0,0,64,0,0,880,0,0,0,0,64,0,0,0,0,0,0,0,0,26688
251,1000,0,0,0,0,2,5,5,7,2,0,0,0,0,64,32768,0,952,756,0,0,0,0,0,0,0,0,0,0,0,0,64,0,0,912,0,0,0,0,64,0,0,0,0,0,0,0,0,26624
251,1100,0,0,0,0,2,5,5,7,2,0,0,0,0,64,32768,14,920,732,0,0,0,0,0,0,0,0,0,0,0,0,64,0,0,880,0,0,0,0,64,0,0,0,0,0,0,0,0,26688
252,1000,0,0,0,0,2,5,5,7,2,0,0,0,0,64,32768,0,952,756,0,0,0,0,0,0,0,0,0,0,0,0,64,0,0,912,0,0,0,0,64,0,0,0,0,0,0,0,0,26624
252,1100,0,0,0,0,2,5,5,7,2,0,0,0,0,64,32768,14,920,732,0,0,0,0,0,0,0,0,0,0,0,0,64,0,0,880,0,0,0,0,64,0,0,0,0,0,0,0,0,26688
253,1000,0,0,0,0,2,5,5,7,2,0,0,0,0,64,32768,0,952,756,0,0,0,0,0,0,0,0,0,0,0,0,64,0,0,912,0,0,0,0,64,0,0,0,0,0,0,0,0,26624
253,1100,0,0,0,0,2,5,5,7,2,0,0,0,0,64,32768,14,920,732,0,0,0,0,0,0,0,0,0,0,0,0,64,0,0,880,0,0,0,0,64,0,0,0,0,0,0,0,0,26688
254,1000,0,0,0,0,2,5,5,7,2,0,0,0,0,64,32768,0,952,756,0,0,0,0,0,0,0,0,0,0,0,0,64,0,0,912,0,0,0,0,64,0,0,0,0,0,0,0,0,26624
254,1100,0,0,0,0,2,5,5,7,2,0,0,0,0,64,32768,14,920,732,0,0,0,0,0,0,0,0,0,0,0,0,64,0,0,880,0,0,0,0,64,0,0,0,0,0,0,0,0,26688
255,1000,0,0,0,0,2,5,5,7,2,0,0,0,0,64,32768,0,952,756,0,0,0,0,0,0,0,0,0,0,0,0,64,0,0,912,0,0,0,0,64,0,0,0,0,0,0,0,0,26624
255,1100,0,0,0,0,2,5,5,7,2,0,0,0,0,64,32768,14,920,732,0,0,0,0,0,0,0,0,0,0,0,0,64,0,0,880,0,0,0,0,64,0,0,0,0,0,0,0,0,26688
256,1000,0,0,0,0,2,5,5,7,2,0,0,0,0,64,32768,0,952,756,0,0,0,0,0,0,0,0,0,0,0,0,64,0,0,912,0,0,0,0,64,0,0,0,0,0,0,0,0,26624
256,1100,0,0,0,0,2,5,5,7,2,0,0,0,0,64,32768,14,920,732,0,0,0,0,0,0,0,0,0,0,0,0,64,0,0,880,0,0,0,0,64,0,0,0,0,0,0,0,0,26688
257,1000,0,0,0,0,2,5,5,7,2,0,0,0,0,64,32768,0,952,756,0,0,0,0,0,0,0,0,0,0,0,0,64,0,0,912,0,0,0,0,64,0,0,0,0,0,0,0,0,26624
257,1100,0,0,0,0,2,5,5,7,2,0,0,0,0,64,32768,14,920,732,0,0,0,0,0,0,0,0,0,0,0,0,64,0,0,880,0,0,0,0,64,0,0,0,0,0,0,0,0,26688
258,1000,0,0,0,0,2,5,5,7,2,0,0,0,0,64,32768,0,952,756,0,0,0,0,0,0,0,0,0,0,0,0,64,0,0,912,0,0,0,0,64,0,0,0,0,0,0,0,0,26624
258,1100,0,0,0,0,2,5,5,7,2,0,0,0,0,64,32768,14,920,732,0,0,0,0,0,0,0,0,0,0,0,0,64,0,0,880,0,0,0,0,64,0,0,0,0,0,0,0,0,26688
259,1000,0,0,0,0,2,5,5,7,2,0,0,0,0,64,32768,0,952,756,0,0,0,0,0,0,0,0,0,0,0,0,64,0,0,912,0,0,0,0,64,0,0,0,0,0,0,0,0,26624
259,1100,0,0,0,0,2,5,5,7,2,0,0,0,0,64,32768,14,920,732,0,0,0,0,0,0,0,0,0,0,0,0,64,0,0,880,0,0,0,0,64,0,0,0,0,0,0,0,0,26688
260,1000,0,0,0,0,2,5,5,7,2,0,0,0,0,64,32768,0,952,756,0,0,0,0,0,0,0,0,0,0,0,0,64,0,0,912,0,0,0,0,64,0,0,0,0,0,0,0,0,26624
260,1100,0,0,0,0,2,5,5,7,2,0,0,0,0,64,32768,14,920,732,0,0,0,0,0,0,0,0,0,0,0,0,64,0,0,880,0,0,0,0,64,0,0,0,0,0,0,0,0,26688
261,1000,0,0,0,0,2,5,5,7,2,0,0,0,0,64,32768,0,952,756,0,0,0,0,0,0,0,0,0,0,0,0,64,0,0,912,0,0,0,0,64,0,0,0,0,0,0,0,0,26624
261,1100,0,0,0,0,2,5,5,7,2,0,0,0,0,64,32768,14,920,732,0,0,0,0,0,0,0,0,0,0,0,0,64,0,0,880,0,0,0,0,64,0,0,0,0,0,0,0,0,26688
262,1000,0,0,0,0,2,5,5,7,2,0,0,0,0,64,32768,0,952,756,0,0,0,0,0,0,0,0,0,0,0,0,64,0,0,912,0,0,0,0,64,0,0,0,0,0,0,0,0,26624
262,1100,0,0,0,0,2,5,5,7,2,0,0,0,0,64,32768,14,920,732,0,0,0,0,0,0,0,0,0,0,0,0,64,0,0,880,0,0,0,0,64,0,0,0,0,0,0,0,0,26688
263,1000,0,0,0,0,2,5,5,7,2,0,0,0,0,64,32768,0,952,756,0,0,0,0,0,0,0,0,0,0,0,0,64,0,0,912,0,0,0,0,64,0,0,0,0,0,0,0,0,26624
263,1100,0,0,0,0,2,5,5,7,2,0,0,0,0,64,32768,14,920,732,0,0,0,0,0,0,0,0,0,0,0,0,64,0,0,880,0,0,0,0,64,0,0,0,0,0,0,0,0,26688
264,1000,0,0,0,0,2,5,5,7,2,0,0,0,0,64,32768,0,952,756,0,0,0,0,0,0,0,0,0,0,0,0,64,0,0,912,0,0,0,0,64,0,0,0,0,0,0,0,0,26624
264,1100,0,0,0,0,2,5,5,7,2,0,0,0,0,64,32768,14,920,732,0,0,0,0,0,0,0,0,0,0,0,0,64,0,0,880,0,0,0,0,64,0,0,0,0,0,0,0,0,26688
265,1000,0,0,0,0,2,5,5,7,2,0,0,0,0,64,32768,0,952,756,0,0,0,0,0,0,0,0,0,0,0,0,64,0,0,912,0,0,0,0,64,0,0,0,0,0,0,0,0,26624
265,1100,0,0,0,0,2,5,5,7,2,0,0,0,0,64,32768,14,920,732,0,0,0,0,0,0,0,0,0,0,0,0,64,0,0,880,0,0,0,0,64,0,0,0,0,0,0,0,0,26688
266,1000,0,0,0,0,2,5,5,7,2,0,0,0,0,64,32768,0,952,756,0,0,0,0,0,0,0,0,0,0,0,0,64,0,0,912,0,0,0,0,64,0,0,0,0,0,0,0,0,26624
266,1100,0,0,0,0,2,5,5,7,2,0,0,0,0,64,32768,14,920,732,0,0,0,0,0,0,0,0,0,0,0,0,64,0,0,880,0,0,0,0,64,0,0,0,0,0,0,0,0,26688
267,1000,0,0,0,0,2,5,5,7,2,0,0,0,0,64,32768,0,952,756,0,0,0,0,0,0,0,0,0,0,0,0,64,0,0,912,0,0,0,0,64,0,0,0,0,0,0,0,0,26624
267,1100,0,0,0,0,2,5,5,7,2,0,0,0,0,64,32768,14,920,732,0,0,0,0,0,0,0,0,0,0,0,0,64,0,0,880,0,0,0,0,64,0,0,0,0,0,0,0,0,26688
268,1000,0,0,0,0,2,5,5,7,2,0,0,0,0,64,32768,0,952,756,0,0,0,0,0,0,0,0,0,0,0,0,64,0,0,912,0,0,0,0,64,0,0,0,0,0,0,0,0,26624
268,1100,0,0,0,0,2,5,5,7,2,0,0,0,0,64,32768,14,920,732,0,0,0,0,0,0,0,0,0,0,0,0,64,0,0,880,0,0,0,0,64,0,0,0,0,0,0,0,0,26688
269,1000,0,0,0,0,2,5,5,7,2,0,0,0,0,64,32768,0,952,756,0,0,0,0,0,0,0,0,0,0,0,0,64,0,0,912,0,0,0,0,64,0,0,0,0,0,0,0,0,26624
269,1100,0,0,0,0,2,5,5,7,2,0,0,0,0,64,32768,14,920,732,0,0,0,0,0,0,0,0,0,0,0,0,64,0,0,880,0,0,0,0,64,0,0,0,0,0,0,0,0,26688
270,1000,0,0,0,0,2,5,5,7,2,0,0,0,0,64,32768,0,952,756,0,0,0,0,0,0,0,0,0,0,0,0,64,0,0,912,0,0,0,0,64,0,0,0,0,0,0,0,0,26624
270,1100,0,0,0,0,2,5,5,7,2,0,0,0,0,64,32768,14,920,732,0,0,0,0,0,0,0,0,0,0,0,0,64,0,0,880,0,0,0,0,64,0,0,0,0,0,0,0,0,26688
271,1000,0,0,0,0,2,5,5,7,2,0,0,0,0,64,32768,0,952,756,0,0,0,0,0,0,0,0,0,0,0,0,64,0,0,912,0,0,0,0,64,0,0,0,0,0,0,0,0,26624
271,1100,0,0,0,0,2,5,5,7,2,0,0,0,0,64,32768,14,920,732,0,0,0,0,0,0,0,0,0,0,0,0,64,0,0,880,0,0,0,0,64,0,0,0,0,0,0,0,0,26688
272,1000,0,0,0,0,2,5,5,7,2,0,0,0,0,64,32768,0,952,756,0,0,0,0,0,0,0,0,0,0,0,0,64,0,0,912,0,0,0,0,64,0,0,0,0,0,0,0,0,26624
272,1100,0,0,0,0,2,5,5,7,2,0,0,0,0,64,32768,14,920,732,0,0,0,0,0,0,0,0,0,0,0,0,64,0,0,880,0,0,0,0,64,0,0,0,0,0,0,0,0,26688
273,1000,0,0,0,0,2,5,5,7,2,0,0,0,0,64,32768,0,952,756,0,0,0,0,0,0,0,0,0,0,0,0,64,0,0,912,0,0,0,0,64,0,0,0,0,0,0,0,0,26624
273,1100,0,0,0,0,2,5,5,7,2,0,0,0,0,64,32768,14,920,732,0,0,0,0,0,0,0,0,0,0,0,0,64,0,0,880,0,0,0,0,64,0,0,0,0,0,0,0,0,26688
274,1000,0,0,0,0,2,5,5,7,2,0,0,0,0,64,32768,0,952,756,0,0,0,0,0,0,0,0,0,0,0,0,64,0,0,912,0,0,0,0,64,0,0,0,0,0,0,0,0,26624
274,1100,0,0,0,0,2,5,5,7,2,0,0,0,0,64,32768,14,920,732,0,0,0,0,0,0,0,0,0,0,0,0,64,0,0,880,0,0,0,0,64,0,0,0,0,0,0,0,0,26688
275,1000,0,0,0,0,2,5,5,7,2,0,0,0,0,64,32768,0,952,756,0,0,0,0,0,0,0,0,0,0,0,0,64,0,0,912,0,0,0,0,64,0,0,0,0,0,0,0,0,26624
275,1100,0,0,0,0,2,5,5,7,2,0,0,0,0,64,32768,14,920,732,0,0,0,0,0,0,0,0,0,0,0,0,64,0,0,880,0,0,0,0,64,0,0,0,0,0,0,0,0,26688
276,1000,0,0,0,0,2,5,5,7,2,0,0,0,0,64,32768,0,952,756,0,0,0,0,0,0,0,0,0,0,0,0,64,0,0,912,0,0,0,0,64,0,0,0,0,0,0,0,0,26624
276,1100,0,0,0,0,2,5,5,7,2,0,0,0,0,64,32768,14,920,732,0,0,0,0,0,0,0,0,0,0,0,0,64,0,0,880,0,0,0,0,64,0,0,0,0,0,0,0,0,26688
277,1000,0,0,0,0,2,5,5,7,2,0,0,0,0,64,32768,0,952,756,0,0,0,0,0,0,0,0,0,0,0,0,64,0,0,912,0,0,0,0,64,0,0,0,0,0,0,0,0,26624
277,1100,0,0,0,0,2,5,5,7,2,0,0,0,0,64,32768,14,920,732,0,0,0,0,0,0,0,0,0,0,0,0,64,0,0,880,0,0,0,0,64,0,0,0,0,0,0,0,0,26688
278,1000,0,0,0,0,2,5,5,7,2,0,0,0,0,64,32768,0,952,756,0,0,0,0,0,0,0,0,0,0,0,0,64,0,0,912,0,0,0,0,64,0,0,0,0,0,0,0,0,26624
278,1100,0,0,0,0,2,5,5,7,2,0,0,0,0,64,32768,14,920,732,0,0,0,0,0,0,0,0,0,0,0,0,64,0,0,880,0,0,0,0,64,0,0,0,0,0,0,0,0,26688
279,1000,0,0,0,0,2,5,5,7,2,0,0,0,0,64,32768,0,952,756,0,0,0,0,0,0,0,0,0,0,0,0,64,0,0,912,0,0,0,0,64,0,0,0,0,0,0,0,0,26624
279,1100,0,0,0,0,2,5,5,7,2,0,0,0,0,64,32768,14,920,732,0,0,0,0,0,0,0,0,0,0,0,0,64,0,0,880,0,0,0,0,64,0,0,0,0,0,0,0,0,26688
280,1000,0,0,0,0,2,5,5,7,2,0,0,0,0,64,32768,0,952,756,0,0,0,0,0,0,0,0,0,0,0,0,64,0,0,912,0,0,0,0,64,0,0,0,0,0,0,0,0,26624
280,1100,0,0,0,0,2,5,5,7,2,0,0,0,0,64,32768,14,920,732,0,0,0,0,0,0,0,0,0,0,0,0,64,0,0,880,0,0,0,0,64,0,0,0,0,0,0,0,0,26688
281,1000,0,0,0,0,2,5,5,7,2,0,0,0,0,64,32768,0,952,756,0,0,0,0,0,0,0,0,0,0,0,0,64,0,0,912,0,0,0,0,64,0,0,0,0,0,0,0,0,26624
281,1100,0,0,0,0,2,5,5,7,2,0,0,0,0,64,32768,14,920,732,0,0,0,0,0,0,0,0,0,0,0,0,64,0,0,880,0,0,0,0,64,0,0,0,0,0,0,0,0,26688
282,1000,0,0,0,0,2,5,5,7,2,0,0,0,0,64,32768,0,952,756,0,0,0,0,0,0,0,0,0,0,0,0,64,0,0,912,0,0,0,0,64,0,0,0,0,0,0,0,0,26624
282,1100,0,0,0,0,2,5,5,7,2,0,0,0,0,64,32768,14,920,732,0,0,0,0,0,0,0,0,0,0,0,0,64,0,0,880,0,0,0,0,64,0,0,0,0,0,0,0,0,26688
283,1000,0,0,0,0,2,5,5,7,2,0,0,0,0,64,32768,0,952,756,0,0,0,0,0,0,0,0,0,0,0,0,64,0,0,912,0,0,0,0,64,0,0,0,0,0,0,0,0,26624
283,1100,0,0,0,0,2,5,5,7,2,0,0,0,0,64,32768,14,920,732,0,0,0,0,0,0,0,0,0,0,0,0,64,0,0,880,0,0,0,0,64,0,0,0,0,0,0,0,0,26688
284,1000,0,0,0,0,2,5,5,7,2,0,0,0,0,64,32768,0,952,756,0,0,0,0,0,0,0,0,0,0,0,0,64,0,0,912,0,0,0,0,64,0,0,0,0,0,0,0,0,26624
284,1100,0,0,0,0,2,5,5,7,2,0,0,0,0,64,32768,14,920,732,0,0,0,0,0,0,0,0,0,0,0,0,64,0,0,880,0,0,0,0,64,0,0,0,0,0,0,0,0,26688
285,1000,0,0,0,0,2,5,5,7,2,0,0,0,0,64,32768,0,952,756,0,0,0,0,0,0,0,0,0,0,0,0,64,0,0,912,0,0,0,0,64,0,0,0,0,0,0,0,0,26624
285,1100,0,0,0,0,2,5,5,7,2,0,0,0,0,64,32768,14,920,732,0,0,0,0,0,0,0,0,0,0,0,0,64,0,0,880,0,0,0,0,64,0,0,0,0,0,0,0,0,26688
286,1000,0,0,0,0,2,5,5,7,2,0,0,0,0,64,32768,0,952,756,0,0,0,0,0,0,0,0,0,0,0,0,64,0,0,912,0,0,0,0,64,0,0,0,0,0,0,0,0,26624
286,1100,0,0,0,0,2,5,5,7,2,0,0,0,0,64,32768,14,920,732,0,0,0,0,0,0,0,0,0,0,0,0,64,0,0,880,0,0,0,0,64,0,0,0,0,0,0,0,0,26688
287,1000,0,0,0,0,2,5,5,7,2,0,0,0,0,64,32768,0,952,756,0,0,0,0,0,0,0,0,0,0,0,0,64,0,0,912,0,0,0,0,64,0,0,0,0,0,0,0,0,26624
287,1100,0,0,0,0,2,5,5,7,2,0,0,0,0,64,32768,14,920,732,0,0,0,0,0,0,0,0,0,0,0,0,64,0,0,880,0,0,0,0,64,0,0,0,0,0,0,0,0,26688
288,1000,0,0,0,0,2,5,5,7,2,0,0,0,0,64,32768,0,952,756,0,0,0,0,0,0,0,0,0,0,0,0,64,0,0,912,0,0,0,0,64,0,0,0,0,0,0,0,0,26624
288,1100,0,0,0,0,2,5,5,7,2,0,0,0,0,64,32768,14,920,732,0,0,0,0,0,0,0,0,0,0,0,0,64,0,0,880,0,0,0,0,64,0,0,0,0,0,0,0,0,26688
289,1000,0,0,0,0,2,5,5,7,2,0,0,0,0,64,32768,0,952,756,0,0,0,0,0,0,0,0,0,0,0,0,64,0,0,912,0,0,0,0,64,0,0,0,0,0,0,0,0,26624
289,1100,0,0,0,0,2,5,5,7,2,0,0,0,0,64,32768,14,920,732,0,0,0,0,0,0,0,0,0,0,0,0,64,0,0,880,0,0,0,0,64,0,0,0,0,0,0,0,0,26688
290,1000,0,0,0,0,2,5,5,7,2,0,0,0,0,64,32768,0,952,756,0,0,0,0,0,0,0,0,0,0,0,0,64,0,0,912,0,0,0,0,64,0,0,0,0,0,0,0,0,26624
290,1100,0,0,0,0,2,5,5,7,2,0,0,0,0,64,32768,14,920,732,0,0,0,0,0,0,0,0,0,0,0,0,64,0,0,880,0,0,0,0,64,0,0,0,0,0,0,0,0,26688
291,1000,0,0,0,0,2,5,5,7,2,0,0,0,0,64,32768,0,952,756,0,0,0,0,0,0,0,0,0,0,0,0,64,0,0,912,0,0,0,0,64,0,0,0,0,0,0,0,0,26624
291,1100,0,0,0,0,2,5,5,7,2,0,0,0,0,64,32768,14,920,732,0,0,0,0,0,0,0,0,0,0,0,0,64,0,0,880,0,0,0,0,64,0,0,0,0,0,0,0,0,26688
292,1000,0,0,0,0,2,5,5,7,2,0,0,0,0,64,32768,0,952,756,0,0,0,0,0,0,0,0,0,0,0,0,64,0,0,912,0,0,0,0,64,0,0,0,0,0,0,0,0,26624
292,1100,0,0,0,0,2,5,5,7,2,0,0,0,0,64,32768,14,920,732,0,0,0,0,0,0,0,0,0,0,0,0,64,0,0,880,0,0,0,0,64,0,0,0,0,0,0,0,0,26688
293,1000,0,0,0,0,2,5,5,7,2,0,0,0,0,64,32768,0,952,756,0,0,0,0,0,0,0,0,0,0,0,0,64,0,0,912,0,0,0,0,64,0,0,0,0,0,0,0,0,26624
293,1100,0,0,0,0,2,5,5,7,2,0,0,0,0,64,32768,14,920,732,0,0,0,0,0,0,0,0,0,0,0,0,64,0,0,880,0,0,0,0,64,0,0,0,0,0,0,0,0,26688
294,1000,0,0,0,0,2,5,5,7,2,0,0,0,0,64,32768,0,952,756,0,0,0,0,0,0,0,0,0,0,0,0,64,0,0,912,0,0,0,0,64,0,0,0,0,0,0,0,0,26624
294,1100,0,0,0,0,2,5,5,7,2,0,0,0,0,64,32768,14,920,732,0,0,0,0,0,0,0,0,0,0,0,0,64,0,0,880,0,0,0,0,64,0,0,0,0,0,0,0,0,26688
295,1000,0,0,0,0,2,5,5,7,2,0,0,0,0,64,32768,0,952,756,0,0,0,0,0,0,0,0,0,0,0,0,64,0,0,912,0,0,0,0,64,0,0,0,0,0,0,0,0,26624
295,1100,0,0,0,0,2,5,5,7,2,0,0,0,0,64,32768,14,920,732,0,0,0,0,0,0,0,0,0,0,0,0,64,0,0,880,0,0,0,0,64,0,0,0,0,0,0,0,0,26688
296,1000,0,0,0,0,2,5,5,7,2,0,0,0,0,64,32768,0,952,756,0,0,0,0,0,0,0,0,0,0,0,0,64,0,0,912,0,0,0,0,64,0,0,0,0,0,0,0,0,26624
296,1100,0,0,0,0,2,5,5,7,2,0,0,0,0,64,32768,14,920,732,0,0,0,0,0,0,0,0,0,0,0,0,64,0,0,880,0,0,0,0,64,0,0,0,0,0,0,0,0,26688
297,1000,0,0,0,0,2,5,5,7,2,0,0,0,0,64,32768,0,952,756,0,0,0,0,0,0,0,0,0,0,0,0,64,0,0,912,0,0,0,0,64,0,0,0,0,0,0,0,0,26624
297,1100,0,0,0,0,2,5,5,7,2,0,0,0,0,64,32768,14,920,732,0,0,0,0,0,0,0,0,0,0,0,0,64,0,0,880,0,0,0,0,64,0,0,0,0,0,0,0,0,26688
298,1000,0,0,0,0,2,5,5,7,2,0,0,0,0,64,32768,0,952,756,0,0,0,0,0,0,0,0,0,0,0,0,64,0,0,912,0,0,0,0,64,0,0,0,0,0,0,0,0,26624
298,1100,0,0,0,0,2,5,5,7,2,0,0,0,0,64,32768,14,920,732,0,0,0,0,0,0,0,0,0,0,0,0,64,0,0,880,0,0,0,0,64,0,0,0,0,0,0,0,0,26688
299,1000,0,0,0,0,2,5,5,7,2,0,0,0,0,64,32768,0,952,756,0,0,0,0,0,0,0,0,0,0,0,0,64,0,0,912,0,0,0,0,64,0,0,0,0,0,0,0,0,26624
299,1100,0,0,0,0,2,5,5,7,2,0,0,0,0,64,32768,14,920,732,0,0,0,0,0,0,0,0,0,0,0,0,64,0,0,880,0,0,0,0,64,0,0,0,0,0,0,0,0,26688
300,1000,0,0,0,0,2,5,5,7,2,0,0,0,0,64,32768,0,952,756,0,0,0,0,0,0,0,0,0,0,0,0,64,0,0,912,0,0,0,0,64,0,0,0,0,0,0,0,0,26624
300,1100,0,0,0,0,2,5,5,7,2,0,0,0,0,64,32768,14,920,732,0,0,0,0,0,0,0,0,0,0,0,0,64,0,0,880,0,0,0,0,64,0,0,0,0,0,0,0,0,26688
301,1000,0,0,0,0,2,5,5,7,2,0,0,0,0,64,32768,0,952,756,0,0,0,0,0,0,0,0,0,0,0,0,64,0,0,912,0,0,0,0,64,0,0,0,0,0,0,0,0,26624
301,1100,0,0,0,0,2,5,5,7,2,0,0,0,0,64,32768,14,920,732,0,0,0,0,0,0,0,0,0,0,0,0,64,0,0,880,0,0,0,0,64,0,0,0,0,0,0,0,0,26688
302,1000,0,0,0,0,2,5,5,7,2,0,0,0,0,64,32768,0,952,756,0,0,0,0,0,0,0,0,0,0,0,0,64,0,0,912,0,0,0,0,64,0,0,0,0,0,0,0,0,26624
302,1100,0,0,0,0,2,5,5,7,2,0,0,0,0,64,32768,14,920,732,0,0,0,0,0,0,0,0,0,0,0,0,64,0,0,880,0,0,0,0,64,0,0,0,0,0,0,0,0,26688
303,1000,0,0,0,0,2,5,5,7,2,0,0,0,0,64,32768,0,952,756,0,0,0,0,0,0,0,0,0,0,0,0,64,0,0,912,0,0,0,0,64,0,0,0,0,0,0,0,0,26624
303,1100,0,0,0,0,2,5,5,7,2,0,0,0,0,64,32768,14,920,732,0,0,0,0,0,0,0,0,0,0,0,0,64,0,0,880,0,0,0,0,64,0,0,0,0,0,0,0,0,26688
304,1000,0,0,0,0,2,5,5,7,2,0,0,0,0,64,32768,0,952,756,0,0,0,0,0,0,0,0,0,0,0,0,64,0,0,912,0,0,0,0,64,0,0,0,0,0,0,0,0,26624
304,1100,0,0,0,0,2,5,5,7,2,0,0,0,0,64,32768,14,920,732,0,0,0,0,0,0,0,0,0,0,0,0,64,0,0,880,0,0,0,0,64,0,0,0,0,0,0,0,0,26688
305,1000,0,0,0,0,2,5,5,7,2,0,0,0,0,64,32768,0,952,756,0,0,0,0,0,0,0,0,0,0,0,0,64,0,0,912,0,0,0,0,64,0,0,0,0,0,0,0,0,26624
305,1100,0,0,0,0,2,5,5,7,2,0,0,0,0,64,32768,14,920,732,0,0,0,0,0,0,0,0,0,0,0,0,64,0,0,880,0,0,0,0,64,0,0,0,0,0,0,0,0,26688
306,1000,0,0,0,0,2,5,5,7,2,0,0,0,0,64,32768,0,952,756,0,0,0,0,0,0,0,0,0,0,0,0,64,0,0,912,0,0,0,0,64,0,0,0,0,0,0,0,0,26624
306,1100,0,0,0,0,2,5,5,7,2,0,0,0,0,64,32768,14,920,732,0,0,0,0,0,0,0,0,0,0,0,0,64,0,0,880,0,0,0,0,64,0,0,0,0,0,0,0,0,26688
307,1000,0,0,0,0,2,5,5,7,2,0,0,0,0,64,32768,0,952,756,0,0,0,0,0,0,0,0,0,0,0,0,64,0,0,912,0,0,0,0,64,0,0,0,0,0,0,0,0,26624
307,1100,0,0,0,0,2,5,5,7,2,0,0,0,0,64,32768,14,920,732,0,0,0,0,0,0,0,0,0,0,0,0,64,0,0,880,0,0,0,0,64,0,0,0,0,0,0,0,0,26688
308,1000,0,0,0,0,2,5,5,7,2,0,0,0,0,64,32768,0,952,756,0,0,0,0,0,0,0,0,0,0,0,0,64,0,0,912,0,0,0,0,64,0,0,0,0,0,0,0,0,26624
308,1100,0,0,0,0,2,5,5,7,2,0,0,0,0,64,32768,14,920,732,0,0,0,0,0,0,0,0,0,0,0,0,64,0,0,880,0,0,0,0,64,0,0,0,0,0,0,0,0,26688
309,1000,0,0,0,0,2,5,5,7,2,0,0,0,0,64,32768,0,952,756,0,0,0,0,0,0,0,0,0,0,0,0,64,0,0,912,0,0,0,0,64,0,0,0,0,0,0,0,0,26624
309,1100,0,0,0,0,2,5,5,7,2,0,0,0,0,64,32768,14,920,732,0,0,0,0,0,0,0,0,0,0,0,0,64,0,0,880,0,0,0,0,64,0,0,0,0,0,0,0,0,26688
310,1000,0,0,0,0,2,5,5,7,2,0,0,0,0,64,32768,0,952,756,0,0,0,0,0,0,0,0,0,0,0,0,64,0,0,912,0,0,0,0,64,0,0,0,0,0,0,0,0,26624
310,1100,0,0,0,0,2,5,5,7,2,0,0,0,0,64,32768,14,920,732,0,0,0,0,0,0,0,0,0,0,0,0,64,0,0,880,0,0,0,0,64,0,0,0,0,0,0,0,0,26688
311,1000,0,0,0,0,2,5,5,7,2,0,0,0,0,64,32768,0,952,756,0,0,0,0,0,0,0,0,0,0,0,0,64,0,0,912,0,0,0,0,64,0,0,0,0,0,0,0,0,26624
311,1100,0,0,0,0,2,5,5,7,2,0,0,0,0,64,32768,14,920,732,0,0,0,0,0,0,0,0,0,0,0,0,64,0,0,880,0,0,0,0,64,0,0,0,0,0,0,0,0,26688
312,1000,0,0,0,0,2,5,5,7,2,0,0,0,0,64,32768,0,952,756,0,0,0,0,0,0,0,0,0,0,0,0,64,0,0,912,0,0,0,0,64,0,0,0,0,0,0,0,0,26624
312,1100,0,0,0,0,2,5,5,7,2,0,0,0,0,64,32768,14,920,732,0,0,0,0,0,0,0,0,0,0,0,0,64,0,0,880,0,0,0,0,64,0,0,0,0,0,0,0,0,26688
313,1000,0,0,0,0,2,5,5,7,2,0,0,0,0,64,32768,0,952,756,0,0,0,0,0,0,0,0,0,0,0,0,64,0,0,912,0,0,0,0,64,0,0,0,0,0,0,0,0,26624
313,1100,0,0,0,0,2,5,5,7,2,0,0,0,0,64,32768,14,920,732,0,0,0,0,0,0,0,0,0,0,0,0,64,0,0,880,0,0,0,0,64,0,0,0,0,0,0,0,0,26688
314,1000,0,0,0,0,2,5,5,7,2,0,0,0,0,64,32768,0,952,756,0,0,0,0,0,0,0,0,0,0,0,0,64,0,0,912,0,0,0,0,64,0,0,0,0,0,0,0,0,26624
314,1100,0,0,0,0,2,5,5,7,2,0,0,0,0,64,32768,14,920,732,0,0,0,0,0,0,0,0,0,0,0,0,64,0,0,880,0,0,0,0,64,0,0,0,0,0,0,0,0,26688
315,1000,0,0,0,0,2,5,5,7,2,0,0,0,0,64,32768,0,952,756,0,0,0,0,0,0,0,0,0,0,0,0,64,0,0,912,0,0,0,0,64,0,0,0,0,0,0,0,0,26624
315,1100,0,0,0,0,2,5,5,7,2,0,0,0,0,64,32768,14,920,732,0,0,0,0,0,0,0,0,0,0,0,0,64,0,0,880,0,0,0,0,64,0,0,0,0,0,0,0,0,26688
316,1000,0,0,0,0,2,5,5,7,2,0,0,0,0,64,32768,0,952,756,0,0,0,0,0,0,0,0,0,0,0,0,64,0,0,912,0,0,0,0,64,0,0,0,0,0,0,0,0,26624
316,1100,0,0,0,0,2,5,5,7,2,0,0,0,0,64,32768,14,920,732,0,0,0,0,0,0,0,0,0,0,0,0,64,0,0,880,0,0,0,0,64,0,0,0,0,0,0,0,0,26688
317,1000,0,0,0,0,2,5,5,7,2,0,0,0,0,64,32768,0,952,756,0,0,0,0,0,0,0,0,0,0,0,0,64,0,0,912,0,0,0,0,64,0,0,0,0,0,0,0,0,26624
317,1100,0,0,0,0,2,5,5,7,2,0,0,0,0,64,32768,14,920,732,0,0,0,0,0,0,0,0,0,0,0,0,64,0,0,880,0,0,0,0,64,0,0,0,0,0,0,0,0,26688
318,1000,0,0,0,0,2,5,5,7,2,0,0,0,0,64,32768,0,952,756,0,0,0,0,0,0,0,0,0,0,0,0,64,0,0,912,0,0,0,0,64,0,0,0,0,0,0,0,0,26624
318,1100,0,0,0,0,2,5,5,7,2,0,0,0,0,64,32768,14,920,732,0,0,0,0,0,0,0,0,0,0,0,0,64,0,0,880,0,0,0,0,64,0,0,0,0,0,0,0,0,26688
319,1000,0,0,0,0,2,5,5,7,2,0,0,0,0,64,32768,0,952,756,0,0,0,0,0,0,0,0,0,0,0,0,64,0,0,912,0,0,0,0,64,0,0,0,0,0,0,0,0,26624
319,1100,0,0,0,0,2,5,5,7,2,0,0,0,0,64,32768,14,920,732,0,0,0,0,0,0,0,0,0,0,0,0,64,0,0,880,0,0,0,0,64,0,0,0,0,0,0,0,0,26688
320,1000,0,0,0,0,2,5,5,7,2,0,0,0,0,64,32768,0,952,756,0,0,0,0,0,0,0,0,0,0,0,0,64,0,0,912,0,0,0,0,64,0,0,0,0,0,0,0,0,26624
320,1100,0,0,0,0,2,5,5,7,2,0,0,0,0,64,32768,14,920,732,0,0,0,0,0,0,0,0,0,0,0,0,64,0,0,880,0,0,0,0,64,0,0,0,0,0,0,0,0,26688
321,1000,0,0,0,0,2,5,5,7,2,0,0,0,0,64,32768,0,952,756,0,0,0,0,0,0,0,0,0,0,0,0,64,0,0,912,0,0,0,0,64,0,0,0,0,0,0,0,0,26624
321,1100,0,0,0,0,2,5,5,7,2,0,0,0,0,64,32768,14,920,732,0,0,0,0,0,0,0,0,0,0,0,0,64,0,0,880,0,0,0,0,64,0,0,0,0,0,0,0,0,26688
322,1000,0,0,0,0,2,5,5,7,2,0,0,0,0,64,32768,0,952,756,0,0,0,0,0,0,0,0,0,0,0,0,64,0,0,912,0,0,0,0,64,0,0,0,0,0,0,0,0,26624
322,1100,0,0,0,0,2,5,5,7,2,0,0,0,0,64,32768,14,920,732,0,0,0,0,0,0,0,0,0,0,0,0,64,0,0,880,0,0,0,0,64,0,0,0,0,0,0,0,0,26688
323,1000,0,0,0,0,2,5,5,7,2,0,0,0,0,64,32768,0,952,756,0,0,0,0,0,0,0,0,0,0,0,0,64,0,0,912,0,0,0,0,64,0,0,0,0,0,0,0,0,26624
323,1100,0,0,0,0,2,5,5,7,2,0,0,0,0,64,32768,14,920,732,0,0,0,0,0,0,0,0,0,0,0,0,64,0,0,880,0,0,0,0,64,0,0,0,0,0,0,0,0,26688
324,1000,0,0,0,0,2,5,5,7,2,0,0,0,0,64,32768,0,952,756,0,0,0,0,0,0,0,0,0,0,0,0,64,0,0,912,0,0,0,0,64,0,0,0,0,0,0,0,0,26624
324,1100,0,0,0,0,2,5,5,7,2,0,0,0,0,64,32768,14,920,732,0,0,0,0,0,0,0,0,0,0,0,0,64,0,0,880,0,0,0,0,64,0,0,0,0,0,0,0,0,26688
325,1000,0,0,0,0,2,5,5,7,2,0,0,0,0,64,32768,0,952,756,0,0,0,0,0,0,0,0,0,0,0,0,64,0,0,912,0,0,0,0,64,0,0,0,0,0,0,0,0,26624
325,1100,0,0,0,0,2,5,5,7,2,0,0,0,0,64,32768,14,920,732,0,0,0,0,0,0,0,0,0,0,0,0,64,0,0,880,0,0,0,0,64,0,0,0,0,0,0,0,0,26688
326,1000,0,0,0,0,2,5,5,7,2,0,0,0,0,64,32768,0,952,756,0,0,0,0,0,0,0,0,0,0,0,0,64,0,0,912,0,0,0,0,64,0,0,0,0,0,0,0,0,26624
326,1100,0,0,0,0,2,5,5,7,2,0,0,0,0,64,32768,14,920,732,0,0,0,0,0,0,0,0,0,0,0,0,64,0,0,880,0,0,0,0,64,0,0,0,0,0,0,0,0,26688
327,1000,0,0,0,0,2,5,5,7,2,0,0,0,0,64,32768,0,952,756,0,0,0,0,0,0,0,0,0,0,0,0,64,0,0,912,0,0,0,0,64,0,0,0,0,0,0,0,0,26624
327,1100,0,0,0,0,2,5,5,7,2,0,0,0,0,64,32768,14,920,732,0,0,0,0,0,0,0,0,0,0,0,0,64,0,0,880,0,0,0,0,64,0,0,0,0,0,0,0,0,26688
328,1000,0,0,0,0,2,5,5,7,2,0,0,0,0,64,32768,0,952,756,0,0,0,0,0,0,0,0,0,0,0,0,64,0,0,912,0,0,0,0,64,0,0,0,0,0,0,0,0,26624
328,1100,0,0,0,0,2,5,5,7,2,0,0,0,0,64,32768,14,920,732,0,0,0,0,0,0,0,0,0,0,0,0,64,0,0,880,0,0,0,0,64,0,0,0,0,0,0,0,0,26688
329,1000,0,0,0,0,2,5,5,7,2,0,0,0,0,64,32768,0,952,756,0,0,0,0,0,0,0,0,0,0,0,0,64,0,0,912,0,0,0,0,64,0,0,0,0,0,0,0,0,26624
329,1100,0,0,0,0,2,5,5,7,2,0,0,0,0,64,32768,14,920,732,0,0,0,0,0,0,0,0,0,0,0,0,64,0,0,880,0,0,0,0,64,0,0,0,0,0,0,0,0,26688
330,1000,0,0,0,0,2,5,5,7,2,0,0,0,0,64,32768,0,952,756,0,0,0,0,0,0,0,0,0,0,0,0,64,0,0,912,0,0,0,0,64,0,0,0,0,0,0,0,0,26624
330,1100,0,0,0,0,2,5,5,7,2,0,0,0,0,64,32768,14,920,732,0,0,0,0,0,0,0,0,0,0,0,0,64,0,0,880,0,0,0,0,64,0,0,0,0,0,0,0,0,26688
331,1000,0,0,0,0,2,5,5,7,2,0,0,0,0,64,32768,0,952,756,0,0,0,0,0,0,0,0,0,0,0,0,64,0,0,912,0,0,0,0,64,0,0,0,0,0,0,0,0,26624
331,1100,0,0,0,0,2,5,5,7,2,0,0,0,0,64,32768,14,920,732,0,0,0,0,0,0,0,0,0,0,0,0,64,0,0,880,0,0,0,0,64,0,0,0,0,0,0,0,0,26688
332,1000,0,0,0,0,2,5,5,7,2,0,0,0,0,64,32768,0,952,756,0,0,0,0,0,0,0,0,0,0,0,0,64,0,0,912,0,0,0,0,64,0,0,0,0,0,0,0,0,26624
332,1100,0,0,0,0,2,5,5,7,2,0,0,0,0,64,32768,14,920,732,0,0,0,0,0,0,0,0,0,0,0,0,64,0,0,880,0,0,0,0,64,0,0,0,0,0,0,0,0,26688
333,1000,0,0,0,0,2,5,5,7,2,0,0,0,0,64,32768,0,952,756,0,0,0,0,0,0,0,0,0,0,0,0,64,0,0,912,0,0,0,0,64,0,0,0,0,0,0,0,0,26624
333,1100,0,0,0,0,2,5,5,7,2,0,0,0,0,64,32768,14,920,732,0,0,0,0,0,0,0,0,0,0,0,0,64,0,0,880,0,0,0,0,64,0,0,0,0,0,0,0,0,26688
334,1000,0,0,0,0,2,5,5,7,2,0,0,0,0,64,32768,0,952,756,0,0,0,0,0,0,0,0,0,0,0,0,64,0,0,912,0,0,0,0,64,0,0,0,0,0,0,0,0,26624
334,1100,0,0,0,0,2,5,5,7,2,0,0,0,0,64,32768,14,920,732,0,0,0,0,0,0,0,0,0,0,0,0,64,0,0,880,0,0,0,0,64,0,0,0,0,0,0,0,0,26688
335,1000,0,0,0,0,2,5,5,7,2,0,0,0,0,64,32768,0,952,756,0,0,0,0,0,0,0,0,0,0,0,0,64,0,0,912,0,0,0,0,64,0,0,0,0,0,0,0,0,26624
335,1100,0,0,0,0,2,5,5,7,2,0,0,0,0,64,32768,14,920,732,0,0,0,0,0,0,0,0,0,0,0,0,64,0,0,880,0,0,0,0,64,0,0,0,0,0,0,0,0,26688
336,1000,0,0,0,0,2,5,5,7,2,0,0,0,0,64,32768,0,952,756,0,0,0,0,0,0,0,0,0,0,0,0,64,0,0,912,0,0,0,0,64,0,0,0,0,0,0,0,0,26624
336,1100,0,0,0,0,2,5,5,7,2,0,0,0,0,64,32768,14,920,732,0,0,0,0,0,0,0,0,0,0,0,0,64,0,0,880,0,0,0,0,64,0,0,0,0,0,0,0,0,26688
337,1000,0,0,0,0,2,5,5,7,2,0,0,0,0,64,32768,0,952,756,0,0,0,0,0,0,0,0,0,0,0,0,64,0,0,912,0,0,0,0,64,0,0,0,0,0,0,0,0,26624
337,1100,0,0,0,0,2,5,5,7,2,0,0,0,0,64,32768,14,920,732,0,0,0,0,0,0,0,0,0,0,0,0,64,0,0,880,0,0,0,0,64,0,0,0,0,0,0,0,0,26688
338,1000,0,0,0,0,2,5,5,7,2,0,0,0,0,64,32768,0,952,756,0,0,0,0,0,0,0,0,0,0,0,0,64,0,0,912,0,0,0,0,64,0,0,0,0,0,0,0,0,26624
338,1100,0,0,0,0,2,5,5,7,2,0,0,0,0,64,32768,14,920,732,0,0,0,0,0,0,0,0,0,0,0,0,64,0,0,880,0,0,0,0,64,0,0,0,0,0,0,0,0,26688
339,1000,0,0,0,0,2,5,5,7,2,0,0,0,0,64,32768,0,952,756,0,0,0,0,0,0,0,0,0,0,0,0,64,0,0,912,0,0,0,0,64,0,0,0,0,0,0,0,0,26624
339,1100,0,0,0,0,2,5,5,7,2,0,0,0,0,64,32768,14,920,732,0,0,0,0,0,0,0,0,0,0,0,0,64,0,0,880,0,0,0,0,64,0,0,0,0,0,0,0,0,26688
340,1000,0,0,0,0,2,5,5,7,2,0,0,0,0,64,32768,0,952,756,0,0,0,0,0,0,0,0,0,0,0,0,64,0,0,912,0,0,0,0,64,0,0,0,0,0,0,0,0,26624
340,1100,0,0,0,0,2,5,5,7,2,0,0,0,0,64,32768,14,920,732,0,0,0,0,0,0,0,0,0,0,0,0,64,0,0,880,0,0,0,0,64,0,0,0,0,0,0,0,0,26688
341,1000,0,0,0,0,2,5,5,7,2,0,0,0,0,64,32768,0,952,756,0,0,0,0,0,0,0,0,0,0,0,0,64,0,0,912,0,0,0,0,64,0,0,0,0,0,0,0,0,26624
341,1100,0,0,0,0,2,5,5,7,2,0,0,0,0,64,32768,14,920,732,0,0,0,0,0,0,0,0,0,0,0,0,64,0,0,880,0,0,0,0,64,0,0,0,0,0,0,0,0,26688
342,1000,0,0,0,0,2,5,5,7,2,0,0,0,0,64,32768,0,952,756,0,0,0,0,0,0,0,0,0,0,0,0,64,0,0,912,0,0,0,0,64,0,0,0,0,0,0,0,0,26624
342,1100,0,0,0,0,2,5,5,7,2,0,0,0,0,64,32768,14,920,732,0,0,0,0,0,0,0,0,0,0,0,0,64,0,0,880,0,0,0,0,64,0,0,0,0,0,0,0,0,26688
343,1000,0,0,0,0,2,5,5,7,2,0,0,0,0,64,32768,0,952,756,0,0,0,0,0,0,0,0,0,0,0,0,64,0,0,912,0,0,0,0,64,0,0,0,0,0,0,0,0,26624
343,1100,0,0,0,0,2,5,5,7,2,0,0,0,0,64,32768,14,920,732,0,0,0,0,0,0,0,0,0,0,0,0,64,0,0,880,0,0,0,0,64,0,0,0,0,0,0,0,0,26688
344,1000,0,0,0,0,2,5,5,7,2,0,0,0,0,64,32768,0,952,756,0,0,0,0,0,0,0,0,0,0,0,0,64,0,0,912,0,0,0,0,64,0,0,0,0,0,0,0,0,26624
344,1100,0,0,0,0,2,5,5,7,2,0,0,0,0,64,32768,14,920,732,0,0,0,0,0,0,0,0,0,0,0,0,64,0,0,880,0,0,0,0,64,0,0,0,0,0,0,0,0,26688
345,1000,0,0,0,0,2,5,5,7,2,0,0,0,0,64,32768,0,952,756,0,0,0,0,0,0,0,0,0,0,0,0,64,0,0,912,0,0,0,0,64,0,0,0,0,0,0,0,0,26624
345,1100,0,0,0,0,2,5,5,7,2,0,0,0,0,64,32768,14,920,732,0,0,0,0,0,0,0,0,0,0,0,0,64,0,0,880,0,0,0,0,64,0,0,0,0,0,0,0,0,26688
346,1000,0,0,0,0,2,5,5,7,2,0,0,0,0,64,32768,0,952,756,0,0,0,0,0,0,0,0,0,0,0,0,64,0,0,912,0,0,0,0,64,0,0,0,0,0,0,0,0,26624
346,1100,0,0,0,0,2,5,5,7,2,0,0,0,0,64,32768,14,920,732,0,0,0,0,0,0,0,0,0,0,0,0,64,0,0,880,0,0,0,0,64,0,0,0,0,0,0,0,0,26688
347,1000,0,0,0,0,2,5,5,7,2,0,0,0,0,64,32768,0,952,756,0,0,0,0,0,0,0,0,0,0,0,0,64,0,0,912,0,0,0,0,64,0,0,0,0,0,0,0,0,26624
347,1100,0,0,0,0,2,5,5,7,2,0,0,0,0,64,32768,14,920,732,0,0,0,0,0,0,0,0,0,0,0,0,64,0,0,880,0,0,0,0,64,0,0,0,0,0,0,0,0,26688
348,1000,0,0,0,0,2,5,5,7,2,0,0,0,0,64,32768,0,952,756,0,0,0,0,0,0,0,0,0,0,0,0,64,0,0,912,0,0,0,0,64,0,0,0,0,0,0,0,0,26624
348,1100,0,0,0,0,2,5,5,7,2,0,0,0,0,64,32768,14,920,732,0,0,0,0,0,0,0,0,0,0,0,0,64,0,0,880,0,0,0,0,64,0,0,0,0,0,0,0,0,26688
349,1000,0,0,0,0,2,5,5,7,2,0,0,0,0,64,32768,0,952,756,0,0,0,0,0,0,0,0,0,0,0,0,64,0,0,912,0,0,0,0,64,0,0,0,0,0,0,0,0,26624
349,1100,0,0,0,0,2,5,5,7,2,0,0,0,0,64,32768,14,920,732,0,0,0,0,0,0,0,0,0,0,0,0,64,0,0,880,0,0,0,0,64,0,0,0,0,0,0,0,0,26688
350,1000,0,0,0,0,2,5,5,7,2,0,0,0,0,64,32768,0,952,756,0,0,0,0,0,0,0,0,0,0,0,0,64,0,0,912,0,0,0,0,64,0,0,0,0,0,0,0,0,26624
350,1100,0,0,0,0,2,5,5,7,2,0,0,0,0,64,32768,14,920,732,0,0,0,0,0,0,0,0,0,0,0,0,64,0,0,880,0,0,0,0,64,0,0,0,0,0,0,0,0,26688
351,1000,0,0,0,0,2,5,5,7,2,0,0,0,0,64,32768,0,952,756,0,0,0,0,0,0,0,0,0,0,0,0,64,0,0,912,0,0,0,0,64,0,0,0,0,0,0,0,0,26624
351,1100,0,0,0,0,2,5,5,7,2,0,0,0,0,64,32768,14,920,732,0,0,0,0,0,0,0,0,0,0,0,0,64,0,0,880,0,0,0,0,64,0,0,0,0,0,0,0,0,26688
352,1000,0,0,0,0,2,5,5,7,2,0,0,0,0,64,32768,0,952,756,0,0,0,0,0,0,0,0,0,0,0,0,64,0,0,912,0,0,0,0,64,0,0,0,0,0,0,0,0,26624
352,1100,0,0,0,0,2,5,5,7,2,0,0,0,0,64,32768,14,920,732,0,0,0,0,0,0,0,0,0,0,0,0,64,0,0,880,0,0,0,0,64,0,0,0,0,0,0,0,0,26688
353,1000,0,0,0,0,2,5,5,7,2,0,0,0,0,64,32768,0,952,756,0,0,0,0,0,0,0,0,0,0,0,0,64,0,0,912,0,0,0,0,64,0,0,0,0,0,0,0,0,26624
353,1100,0,0,0,0,2,5,5,7,2,0,0,0,0,64,32768,14,920,732,0,0,0,0,0,0,0,0,0,0,0,0,64,0,0,880,0,0,0,0,64,0,0,0,0,0,0,0,0,26688
354,1000,0,0,0,0,2,5,5,7,2,0,0,0,0,64,32768,0,952,756,0,0,0,0,0,0,0,0,0,0,0,0,64,0,0,912,0,0,0,0,64,0,0,0,0,0,0,0,0,26624
354,1100,0,0,0,0,2,5,5,7,2,0,0,0,0,64,32768,14,920,732,0,0,0,0,0,0,0,0,0,0,0,0,64,0,0,880,0,0,0,0,64,0,0,0,0,0,0,0,0,26688
355,1000,0,0,0,0,2,5,5,7,2,0,0,0,0,64,32768,0,952,756,0,0,0,0,0,0,0,0,0,0,0,0,64,0,0,912,0,0,0,0,64,0,0,0,0,0,0,0,0,26624
355,1100,0,0,0,0,2,5,5,7,2,0,0,0,0,64,32768,14,920,732,0,0,0,0,0,0,0,0,0,0,0,0,64,0,0,880,0,0,0,0,64,0,0,0,0,0,0,0,0,26688
356,1000,0,0,0,0,2,5,5,7,2,0,0,0,0,64,32768,0,952,756,0,0,0,0,0,0,0,0,0,0,0,0,64,0,0,912,0,0,0,0,64,0,0,0,0,0,0,0,0,26624
356,1100,0,0,0,0,2,5,5,7,2,0,0,0,0,64,32768,14,920,732,0,0,0,0,0,0,0,0,0,0,0,0,64,0,0,880,0,0,0,0,64,0,0,0,0,0,0,0,0,26688
357,1000,0,0,0,0,2,5,5,7,2,0,0,0,0,64,32768,0,952,756,0,0,0,0,0,0,0,0,0,0,0,0,64,0,0,912,0,0,0,0,64,0,0,0,0,0,0,0,0,26624
357,1100,0,0,0,0,2,5,5,7,2,0,0,0,0,64,32768,14,920,732,0,0,0,0,0,0,0,0,0,0,0,0,64,0,0,880,0,0,0,0,64,0,0,0,0,0,0,0,0,26688
358,1000,0,0,0,0,2,5,5,7,2,0,0,0,0,64,32768,0,952,756,0,0,0,0,0,0,0,0,0,0,0,0,64,0,0,912,0,0,0,0,64,0,0,0,0,0,0,0,0,26624
358,1100,0,0,0,0,2,5,5,7,2,0,0,0,0,64,32768,14,920,732,0,0,0,0,0,0,0,0,0,0,0,0,64,0,0,880,0,0,0,0,64,0,0,0,0,0,0,0,0,26688
359,1000,0,0,0,0,2,5,5,7,2,0,0,0,0,64,32768,0,952,756,0,0,0,0,0,0,0,0,0,0,0,0,64,0,0,912,0,0,0,0,64,0,0,0,0,0,0,0,0,26624
359,1100,0,0,0,0,2,5,5,7,2,0,0,0,0,64,32768,14,920,732,0,0,0,0,0,0,0,0,0,0,0,0,64,0,0,880,0,0,0,0,64,0,0,0,0,0,0,0,0,26688
360,1000,0,0,0,0,2,5,5,7,2,0,0,0,0,64,32768,0,952,756,0,0,0,0,0,0,0,0,0,0,0,0,64,0,0,912,0,0,0,0,64,0,0,0,0,0,0,0,0,26624
360,1100,0,0,0,0,2,5,5,7,2,0,0,0,0,64,32768,14,920,732,0,0,0,0,0,0,0,0,0,0,0,0,64,0,0,880,0,0,0,0,64,0,0,0,0,0,0,0,0,26688
361,1000,0,0,0,0,2,5,5,7,2,0,0,0,0,64,32768,0,952,756,0,0,0,0,0,0,0,0,0,0,0,0,64,0,0,912,0,0,0,0,64,0,0,0,0,0,0,0,0,26624
361,1100,0,0,0,0,2,5,5,7,2,0,0,0,0,64,32768,14,920,732,0,0,0,0,0,0,0,0,0,0,0,0,64,0,0,880,0,0,0,0,64,0,0,0,0,0,0,0,0,26688
362,1000,0,0,0,0,2,5,5,7,2,0,0,0,0,64,32768,0,952,756,0,0,0,0,0,0,0,0,0,0,0,0,64,0,0,912,0,0,0,0,64,0,0,0,0,0,0,0,0,26624
362,1100,0,0,0,0,2,5,5,7,2,0,0,0,0,64,32768,14,920,732,0,0,0,0,0,0,0,0,0,0,0,0,64,0,0,880,0,0,0,0,64,0,0,0,0,0,0,0,0,26688
363,1000,0,0,0,0,2,5,5,7,2,0,0,0,0,64,32768,0,952,756,0,0,0,0,0,0,0,0,0,0,0,0,64,0,0,912,0,0,0,0,64,0,0,0,0,0,0,0,0,26624
363,1100,0,0,0,0,2,5,5,7,2,0,0,0,0,64,32768,14,920,732,0,0,0,0,0,0,0,0,0,0,0,0,64,0,0,880,0,0,0,0,64,0,0,0,0,0,0,0,0,26688
364,1000,0,0,0,0,2,5,5,7,2,0,0,0,0,64,32768,0,952,756,0,0,0,0,0,0,0,0,0,0,0,0,64,0,0,912,0,0,0,0,64,0,0,0,0,0,0,0,0,26624
364,1100,0,0,0,0,2,5,5,7,2,0,0,0,0,64,32768,14,920,732,0,0,0,0,0,0,0,0,0,0,0,0,64,0,0,880,0,0,0,0,64,0,0,0,0,0,0,0,0,26688
365,1000,0,0,0,0,2,5,5,7,2,0,0,0,0,64,32768,0,952,756,0,0,0,0,0,0,0,0,0,0,0,0,64,0,0,912,0,0,0,0,64,0,0,0,0,0,0,0,0,26624
365,1100,0,0,0,0,2,5,5,7,2,0,0,0,0,64,32768,14,920,732,0,0,0,0,0,0,0,0,0,0,0,0,64,0,0,880,0,0,0,0,64,0,0,0,0,0,0,0,0,26688
366,1000,0,0,0,0,2,5,5,7,2,0,0,0,0,64,32768,0,952,756,0,0,0,0,0,0,0,0,0,0,0,0,64,0,0,912,0,0,0,0,64,0,0,0,0,0,0,0,0,26624
366,1100,0,0,0,0,2,5,5,7,2,0,0,0,0,64,32768,14,920,732,0,0,0,0,0,0,0,0,0,0,0,0,64,0,0,880,0,0,0,0,64,0,0,0,0,0,0,0,0,26688
367,1000,0,0,0,0,2,5,5,7,2,0,0,0,0,64,32768,0,952,756,0,0,0,0,0,0,0,0,0,0,0,0,64,0,0,912,0,0,0,0,64,0,0,0,0,0,0,0,0,26624
367,1100,0,0,0,0,2,5,5,7,2,0,0,0,0,64,32768,14,920,732,0,0,0,0,0,0,0,0,0,0,0,0,64,0,0,880,0,0,0,0,64,0,0,0,0,0,0,0,0,26688
368,1000,0,0,0,0,2,5,5,7,2,0,0,0,0,64,32768,0,952,756,0,0,0,0,0,0,0,0,0,0,0,0,64,0,0,912,0,0,0,0,64,0,0,0,0,0,0,0,0,26624
368,1100,0,0,0,0,2,5,5,7,2,0,0,0,0,64,32768,14,920,732,0,0,0,0,0,0,0,0,0,0,0,0,64,0,0,880,0,0,0,0,64,0,0,0,0,0,0,0,0,26688
369,1000,0,0,0,0,2,5,5,7,2,0,0,0,0,64,32768,0,952,756,0,0,0,0,0,0,0,0,0,0,0,0,64,0,0,912,0,0,0,0,64,0,0,0,0,0,0,0,0,26624
369,1100,0,0,0,0,2,5,5,7,2,0,0,0,0,64,32768,14,920,732,0,0,0,0,0,0,0,0,0,0,0,0,64,0,0,880,0,0,0,0,64,0,0,0,0,0,0,0,0,26688
370,1000,0,0,0,0,2,5,5,7,2,0,0,0,0,64,32768,0,952,756,0,0,0,0,0,0,0,0,0,0,0,0,64,0,0,912,0,0,0,0,64,0,0,0,0,0,0,0,0,26624
370,1100,0,0,0,0,2,5,5,7,2,0,0,0,0,64,32768,14,920,732,0,0,0,0,0,0,0,0,0,0,0,0,64,0,0,880,0,0,0,0,64,0,0,0,0,0,0,0,0,26688
371,1000,0,0,0,0,2,5,5,7,2,0,0,0,0,64,32768,0,952,756,0,0,0,0,0,0,0,0,0,0,0,0,64,0,0,912,0,0,0,0,64,0,0,0,0,0,0,0,0,26624
371,1100,0,0,0,0,2,5,5,7,2,0,0,0,0,64,32768,14,920,732,0,0,0,0,0,0,0,0,0,0,0,0,64,0,0,880,0,0,0,0,64,0,0,0,0,0,0,0,0,26688
372,1000,0,0,0,0,2,5,5,7,2,0,0,0,0,64,32768,0,952,756,0,0,0,0,0,0,0,0,0,0,0,0,64,0,0,912,0,0,0,0,64,0,0,0,0,0,0,0,0,26624
372,1100,0,0,0,0,2,5,5,7,2,0,0,0,0,64,32768,14,920,732,0,0,0,0,0,0,0,0,0,0,0,0,64,0,0,880,0,0,0,0,64,0,0,0,0,0,0,0,0,26688
373,1000,0,0,0,0,2,5,5,7,2,0,0,0,0,64,32768,0,952,756,0,0,0,0,0,0,0,0,0,0,0,0,64,0,0,912,0,0,0,0,64,0,0,0,0,0,0,0,0,26624
373,1100,0,0,0,0,2,5,5,7,2,0,0,0,0,64,32768,14,920,732,0,0,0,0,0,0,0,0,0,0,0,0,64,0,0,880,0,0,0,0,64,0,0,0,0,0,0,0,0,26688
374,1000,0,0,0,0,2,5,5,7,2,0,0,0,0,64,32768,0,952,756,0,0,0,0,0,0,0,0,0,0,0,0,64,0,0,912,0,0,0,0,64,0,0,0,0,0,0,0,0,26624
374,1100,0,0,0,0,2,5,5,7,2,0,0,0,0,64,32768,14,920,732,0,0,0,0,0,0,0,0,0,0,0,0,64,0,0,880,0,0,0,0,64,0,0,0,0,0,0,0,0,26688
375,1000,0,0,0,0,2,5,5,7,2,0,0,0,0,64,32768,0,952,756,0,0,0,0,0,0,0,0,0,0,0,0,64,0,0,912,0,0,0,0,64,0,0,0,0,0,0,0,0,26624
375,1100,0,0,0,0,2,5,5,7,2,0,0,0,0,64,32768,14,920,732,0,0,0,0,0,0,0,0,0,0,0,0,64,0,0,880,0,0,0,0,64,0,0,0,0,0,0,0,0,26688
376,1000,0,0,0,0,2,5,5,7,2,0,0,0,0,64,32768,0,952,756,0,0,0,0,0,0,0,0,0,0,0,0,64,0,0,912,0,0,0,0,64,0,0,0,0,0,0,0,0,26624
376,1100,0,0,0,0,2,5,5,7,2,0,0,0,0,64,32768,14,920,732,0,0,0,0,0,0,0,0,0,0,0,0,64,0,0,880,0,0,0,0,64,0,0,0,0,0,0,0,0,26688
377,1000,0,0,0,0,2,5,5,7,2,0,0,0,0,64,32768,0,952,756,0,0,0,0,0,0,0,0,0,0,0,0,64,0,0,912,0,0,0,0,64,0,0,0,0,0,0,0,0,26624
377,1100,0,0,0,0,2,5,5,7,2,0,0,0,0,64,32768,14,920,732,0,0,0,0,0,0,0,0,0,0,0,0,64,0,0,880,0,0,0,0,64,0,0,0,0,0,0,0,0,26688
378,1000,0,0,0,0,2,5,5,7,2,0,0,0,0,64,32768,0,952,756,0,0,0,0,0,0,0,0,0,0,0,0,64,0,0,912,0,0,0,0,64,0,0,0,0,0,0,0,0,26624
378,1100,0,0,0,0,2,5,5,7,2,0,0,0,0,64,32768,14,920,732,0,0,0,0,0,0,0,0,0,0,0,0,64,0,0,880,0,0,0,0,64,0,0,0,0,0,0,0,0,26688
379,1000,0,0,0,0,2,5,5,7,2,0,0,0,0,64,32768,0,952,756,0,0,0,0,0,0,0,0,0,0,0,0,64,0,0,912,0,0,0,0,64,0,0,0,0,0,0,0,0,26624
379,1100,0,0,0,0,2,5,5,7,2,0,0,0,0,64,32768,14,920,732,0,0,0,0,0,0,0,0,0,0,0,0,64,0,0,880,0,0,0,0,64,0,0,0,0,0,0,0,0,26688
380,1000,0,0,0,0,2,5,5,7,2,0,0,0,0,64,32768,0,952,756,0,0,0,0,0,0,0,0,0,0,0,0,64,0,0,912,0,0,0,0,64,0,0,0,0,0,0,0,0,26624
380,1100,0,0,0,0,2,5,5,7,2,0,0,0,0,64,32768,14,920,732,0,0,0,0,0,0,0,0,0,0,0,0,64,0,0,880,0,0,0,0,64,0,0,0,0,0,0,0,0,26688
381,1000,0,0,0,0,2,5,5,7,2,0,0,0,0,64,32768,0,952,756,0,0,0,0,0,0,0,0,0,0,0,0,64,0,0,912,0,0,0,0,64,0,0,0,0,0,0,0,0,26624
381,1100,0,0,0,0,2,5,5,7,2,0,0,0,0,64,32768,14,920,732,0,0,0,0,0,0,0,0,0,0,0,0,64,0,0,880,0,0,0,0,64,0,0,0,0,0,0,0,0,26688
382,1000,0,0,0,0,2,5,5,7,2,0,0,0,0,64,32768,0,952,756,0,0,0,0,0,0,0,0,0,0,0,0,64,0,0,912,0,0,0,0,64,0,0,0,0,0,0,0,0,26624
382,1100,0,0,0,0,2,5,5,7,2,0,0,0,0,64,32768,14,920,732,0,0,0,0,0,0,0,0,0,0,0,0,64,0,0,880,0,0,0,0,64,0,0,0,0,0,0,0,0,26688
383,1000,0,0,0,0,2,5,5,7,2,0,0,0,0,64,32768,0,952,756,0,0,0,0,0,0,0,0,0,0,0,0,64,0,0,912,0,0,0,0,64,0,0,0,0,0,0,0,0,26624
383,1100,0,0,0,0,2,5,5,7,2,0,0,0,0,64,32768,14,920,732,0,0,0,0,0,0,0,0,0,0,0,0,64,0,0,880,0,0,0,0,64,0,0,0,0,0,0,0,0,26688
384,1000,0,0,0,0,2,5,5,7,2,0,0,0,0,64,32768,0,952,756,0,0,0,0,0,0,0,0,0,0,0,0,64,0,0,912,0,0,0,0,64,0,0,0,0,0,0,0,0,26624
384,1100,0,0,0,0,2,5,5,7,2,0,0,0,0,64,32768,14,920,732,0,0,0,0,0,0,0,0,0,0,0,0,64,0,0,880,0,0,0,0,64,0,0,0,0,0,0,0,0,26688
385,1000,0,0,0,0,2,5,5,7,2,0,0,0,0,64,32768,0,952,756,0,0,0,0,0,0,0,0,0,0,0,0,64,0,0,912,0,0,0,0,64,0,0,0,0,0,0,0,0,26624
385,1100,0,0,0,0,2,5,5,7,2,0,0,0,0,64,32768,14,920,732,0,0,0,0,0,0,0,0,0,0,0,0,64,0,0,880,0,0,0,0,64,0,0,0,0,0,0,0,0,26688
386,1000,0,0,0,0,2,5,5,7,2,0,0,0,0,64,32768,0,952,756,0,0,0,0,0,0,0,0,0,0,0,0,64,0,0,912,0,0,0,0,64,0,0,0,0,0,0,0,0,26624
386,1100,0,0,0,0,2,5,5,7,2,0,0,0,0,64,32768,14,920,732,0,0,0,0,0,0,0,0,0,0,0,0,64,0,0,880,0,0,0,0,64,0,0,0,0,0,0,0,0,26688
387,1000,0,0,0,0,2,5,5,7,2,0,0,0,0,64,32768,0,952,756,0,0,0,0,0,0,0,0,0,0,0,0,64,0,0,912,0,0,0,0,64,0,0,0,0,0,0,0,0,26624
387,1100,0,0,0,0,2,5,5,7,2,0,0,0,0,64,32768,14,920,732,0,0,0,0,0,0,0,0,0,0,0,0,64,0,0,880,0,0,0,0,64,0,0,0,0,0,0,0,0,26688
388,1000,0,0,0,0,2,5,5,7,2,0,0,0,0,64,32768,0,952,756,0,0,0,0,0,0,0,0,0,0,0,0,64,0,0,912,0,0,0,0,64,0,0,0,0,0,0,0,0,26624
388,1100,0,0,0,0,2,5,5,7,2,0,0,0,0,64,32768,14,920,732,0,0,0,0,0,0,0,0,0,0,0,0,64,0,0,880,0,0,0,0,64,0,0,0,0,0,0,0,0,26688
389,1000,0,0,0,0,2,5,5,7,2,0,0,0,0,64,32768,0,952,756,0,0,0,0,0,0,0,0,0,0,0,0,64,0,0,912,0,0,0,0,64,0,0,0,0,0,0,0,0,26624
389,1100,0,0,0,0,2,5,5,7,2,0,0,0,0,64,32768,14,920,732,0,0,0,0,0,0,0,0,0,0,0,0,64,0,0,880,0,0,0,0,64,0,0,0,0,0,0,0,0,26688
390,1000,0,0,0,0,2,5,5,7,2,0,0,0,0,64,32768,0,952,756,0,0,0,0,0,0,0,0,0,0,0,0,64,0,0,912,0,0,0,0,64,0,0,0,0,0,0,0,0,26624
390,1100,0,0,0,0,2,5,5,7,2,0,0,0,0,64,32768,14,920,732,0,0,0,0,0,0,0,0,0,0,0,0,64,0,0,880,0,0,0,0,64,0,0,0,0,0,0,0,0,26688
391,1000,0,0,0,0,2,5,5,7,2,0,0,0,0,64,32768,0,952,756,0,0,0,0,0,0,0,0,0,0,0,0,64,0,0,912,0,0,0,0,64,0,0,0,0,0,0,0,0,26624
391,1100,0,0,0,0,2,5,5,7,2,0,0,0,0,64,32768,14,920,732,0,0,0,0,0,0,0,0,0,0,0,0,64,0,0,880,0,0,0,0,64,0,0,0,0,0,0,0,0,26688
392,1000,0,0,0,0,2,5,5,7,2,0,0,0,0,64,32768,0,952,756,0,0,0,0,0,0,0,0,0,0,0,0,64,0,0,912,0,0,0,0,64,0,0,0,0,0,0,0,0,26624
392,1100,0,0,0,0,2,5,5,7,2,0,0,0,0,64,32768,14,920,732,0,0,0,0,0,0,0,0,0,0,0,0,64,0,0,880,0,0,0,0,64,0,0,0,0,0,0,0,0,26688
393,1000,0,0,0,0,2,5,5,7,2,0,0,0,0,64,32768,0,952,756,0,0,0,0,0,0,0,0,0,0,0,0,64,0,0,912,0,0,0,0,64,0,0,0,0,0,0,0,0,26624
393,1100,0,0,0,0,2,5,5,7,2,0,0,0,0,64,32768,14,920,732,0,0,0,0,0,0,0,0,0,0,0,0,64,0,0,880,0,0,0,0,64,0,0,0,0,0,0,0,0,26688
394,1000,0,0,0,0,2,5,5,7,2,0,0,0,0,64,32768,0,952,756,0,0,0,0,0,0,0,0,0,0,0,0,64,0,0,912,0,0,0,0,64,0,0,0,0,0,0,0,0,26624
394,1100,0,0,0,0,2,5,5,7,2,0,0,0,0,64,32768,14,920,732,0,0,0,0,0,0,0,0,0,0,0,0,64,0,0,880,0,0,0,0,64,0,0,0,0,0,0,0,0,26688
395,1000,0,0,0,0,2,5,5,7,2,0,0,0,0,64,32768,0,952,756,0,0,0,0,0,0,0,0,0,0,0,0,64,0,0,912,0,0,0,0,64,0,0,0,0,0,0,0,0,26624
395,1100,0,0,0,0,2,5,5,7,2,0,0,0,0,64,32768,14,920,732,0,0,0,0,0,0,0,0,0,0,0,0,64,0,0,880,0,0,0,0,64,0,0,0,0,0,0,0,0,26688
396,1000,0,0,0,0,2,5,5,7,2,0,0,0,0,64,32768,0,952,756,0,0,0,0,0,0,0,0,0,0,0,0,64,0,0,912,0,0,0,0,64,0,0,0,0,0,0,0,0,26624
396,1100,0,0,0,0,2,5,5,7,2,0,0,0,0,64,32768,14,920,732,0,0,0,0,0,0,0,0,0,0,0,0,64,0,0,880,0,0,0,0,64,0,0,0,0,0,0,0,0,26688
397,1000,0,0,0,0,2,5,5,7,2,0,0,0,0,64,32768,0,952,756,0,0,0,0,0,0,0,0,0,0,0,0,64,0,0,912,0,0,0,0,64,0,0,0,0,0,0,0,0,26624
397,1100,0,0,0,0,2,5,5,7,2,0,0,0,0,64,32768,14,920,732,0,0,0,0,0,0,0,0,0,0,0,0,64,0,0,880,0,0,0,0,64,0,0,0,0,0,0,0,0,26688
398,1000,0,0,0,0,2,5,5,7,2,0,0,0,0,64,32768,0,952,756,0,0,0,0,0,0,0,0,0,0,0,0,64,0,0,912,0,0,0,0,64,0,0,0,0,0,0,0,0,26624
398,1100,0,0,0,0,2,5,5,7,2,0,0,0,0,64,32768,14,920,732,0,0,0,0,0,0,0,0,0,0,0,0,64,0,0,880,0,0,0,0,64,0,0,0,0,0,0,0,0,26688
399,1000,0,0,0,0,2,5,5,7,2,0,0,0,0,64,32768,0,952,756,0,0,0,0,0,0,0,0,0,0,0,0,64,0,0,912,0,0,0,0,64,0,0,0,0,0,0,0,0,26624
399,1100,0,0,0,0,2,5,5,7,2,0,0,0,0,64,32768,14,920,732,0,0,0,0,0,0,0,0,0,0,0,0,64,0,0,880,0,0,0,0,64,0,0,0,0,0,0,0,0,26688
400,1000,0,0,0,0,2,5,5,7,2,0,0,0,0,64,32768,0,952,756,0,0,0,0,0,0,0,0,0,0,0,0,64,0,0,912,0,0,0,0,64,0,0,0,0,0,0,0,0,26624
400,1100,0,0,0,0,2,5,5,7,2,0,0,0,0,64,32768,14,920,732,0,0,0,0,0,0,0,0,0,0,0,0,64,0,0,880,0,0,0,0,64,0,0,0,0,0,0,0,0,26688
401,1000,0,0,0,0,2,5,5,7,2,0,0,0,0,64,32768,0,952,756,0,0,0,0,0,0,0,0,0,0,0,0,64,0,0,912,0,0,0,0,64,0,0,0,0,0,0,0,0,26624
401,1100,0,0,0,0,2,5,5,7,2,0,0,0,0,64,32768,14,920,732,0,0,0,0,0,0,0,0,0,0,0,0,64,0,0,880,0,0,0,0,64,0,0,0,0,0,0,0,0,26688
402,1000,0,0,0,0,2,5,5,7,2,0,0,0,0,64,32768,0,952,756,0,0,0,0,0,0,0,0,0,0,0,0,64,0,0,912,0,0,0,0,64,0,0,0,0,0,0,0,0,26624
402,1100,0,0,0,0,2,5,5,7,2,0,0,0,0,64,32768,14,920,732,0,0,0,0,0,0,0,0,0,0,0,0,64,0,0,880,0,0,0,0,64,0,0,0,0,0,0,0,0,26688
403,1000,0,0,0,0,2,5,5,7,2,0,0,0,0,64,32768,0,952,756,0,0,0,0,0,0,0,0,0,0,0,0,64,0,0,912,0,0,0,0,64,0,0,0,0,0,0,0,0,26624
403,1100,0,0,0,0,2,5,5,7,2,0,0,0,0,64,32768,14,920,732,0,0,0,0,0,0,0,0,0,0,0,0,64,0,0,880,0,0,0,0,64,0,0,0,0,0,0,0,0,26688
404,1000,0,0,0,0,2,5,5,7,2,0,0,0,0,64,32768,0,952,756,0,0,0,0,0,0,0,0,0,0,0,0,64,0,0,912,0,0,0,0,64,0,0,0,0,0,0,0,0,26624
404,1100,0,0,0,0,2,5,5,7,2,0,0,0,0,64,32768,14,920,732,0,0,0,0,0,0,0,0,0,0,0,0,64,0,0,880,0,0,0,0,64,0,0,0,0,0,0,0,0,26688
405,1000,0,0,0,0,2,5,5,7,2,0,0,0,0,64,32768,0,952,756,0,0,0,0,0,0,0,0,0,0,0,0,64,0,0,912,0,0,0,0,64,0,0,0,0,0,0,0,0,26624
405,1100,0,0,0,0,2,5,5,7,2,0,0,0,0,64,32768,14,920,732,0,0,0,0,0,0,0,0,0,0,0,0,64,0,0,880,0,0,0,0,64,0,0,0,0,0,0,0,0,26688
406,1000,0,0,0,0,2,5,5,7,2,0,0,0,0,64,32768,0,952,756,0,0,0,0,0,0,0,0,0,0,0,0,64,0,0,912,0,0,0,0,64,0,0,0,0,0,0,0,0,26624
406,1100,0,0,0,0,2,5,5,7,2,0,0,0,0,64,32768,14,920,732,0,0,0,0,0,0,0,0,0,0,0,0,64,0,0,880,0,0,0,0,64,0,0,0,0,0,0,0,0,26688
407,1000,0,0,0,0,2,5,5,7,2,0,0,0,0,64,32768,0,952,756,0,0,0,0,0,0,0,0,0,0,0,0,64,0,0,912,0,0,0,0,64,0,0,0,0,0,0,0,0,26624
407,1100,0,0,0,0,2,5,5,7,2,0,0,0,0,64,32768,14,920,732,0,0,0,0,0,0,0,0,0,0,0,0,64,0,0,880,0,0,0,0,64,0,0,0,0,0,0,0,0,26688
408,1000,0,0,0,0,2,5,5,7,2,0,0,0,0,64,32768,0,952,756,0,0,0,0,0,0,0,0,0,0,0,0,64,0,0,912,0,0,0,0,64,0,0,0,0,0,0,0,0,26624
408,1100,0,0,0,0,2,5,5,7,2,0,0,0,0,64,32768,14,920,732,0,0,0,0,0,0,0,0,0,0,0,0,64,0,0,880,0,0,0,0,64,0,0,0,0,0,0,0,0,26688
409,1000,0,0,0,0,2,5,5,7,2,0,0,0,0,64,32768,0,952,756,0,0,0,0,0,0,0,0,0,0,0,0,64,0,0,912,0,0,0,0,64,0,0,0,0,0,0,0,0,26624
409,1100,0,0,0,0,2,5,5,7,2,0,0,0,0,64,32768,14,920,732,0,0,0,0,0,0,0,0,0,0,0,0,64,0,0,880,0,0,0,0,64,0,0,0,0,0,0,0,0,26688
410,1000,0,0,0,0,2,5,5,7,2,0,0,0,0,64,32768,0,952,756,0,0,0,0,0,0,0,0,0,0,0,0,64,0,0,912,0,0,0,0,64,0,0,0,0,0,0,0,0,26624
410,1100,0,0,0,0,2,5,5,7,2,0,0,0,0,64,32768,14,920,732,0,0,0,0,0,0,0,0,0,0,0,0,64,0,0,880,0,0,0,0,64,0,0,0,0,0,0,0,0,26688
411,1000,0,0,0,0,2,5,5,7,2,0,0,0,0,64,32768,0,952,756,0,0,0,0,0,0,0,0,0,0,0,0,64,0,0,912,0,0,0,0,64,0,0,0,0,0,0,0,0,26624
411,1100,0,0,0,0,2,5,5,7,2,0,0,0,0,64,32768,14,920,732,0,0,0,0,0,0,0,0,0,0,0,0,64,0,0,880,0,0,0,0,64,0,0,0,0,0,0,0,0,26688
412,1000,0,0,0,0,2,5,5,7,2,0,0,0,0,64,32768,0,952,756,0,0,0,0,0,0,0,0,0,0,0,0,64,0,0,912,0,0,0,0,64,0,0,0,0,0,0,0,0,26624
412,1100,0,0,0,0,2,5,5,7,2,0,0,0,0,64,32768,14,920,732,0,0,0,0,0,0,0,0,0,0,0,0,64,0,0,880,0,0,0,0,64,0,0,0,0,0,0,0,0,26688
413,1000,0,0,0,0,2,5,5,7,2,0,0,0,0,64,32768,0,952,756,0,0,0,0,0,0,0,0,0,0,0,0,64,0,0,912,0,0,0,0,64,0,0,0,0,0,0,0,0,26624
413,1100,0,0,0,0,2,5,5,7,2,0,0,0,0,64,32768,14,920,732,0,0,0,0,0,0,0,0,0,0,0,0,64,0,0,880,0,0,0,0,64,0,0,0,0,0,0,0,0,26688
414,1000,0,0,0,0,2,5,5,7,2,0,0,0,0,64,32768,0,952,756,0,0,0,0,0,0,0,0,0,0,0,0,64,0,0,912,0,0,0,0,64,0,0,0,0,0,0,0,0,26624
414,1100,0,0,0,0,2,5,5,7,2,0,0,0,0,64,32768,14,920,732,0,0,0,0,0,0,0,0,0,0,0,0,64,0,0,880,0,0,0,0,64,0,0,0,0,0,0,0,0,26688
415,1000,0,0,0,0,2,5,5,7,2,0,0,0,0,64,32768,0,952,756,0,0,0,0,0,0,0,0,0,0,0,0,64,0,0,912,0,0,0,0,64,0,0,0,0,0,0,0,0,26624
415,1100,0,0,0,0,2,5,5,7,2,0,0,0,0,64,32768,14,920,732,0,0,0,0,0,0,0,0,0,0,0,0,64,0,0,880,0,0,0,0,64,0,0,0,0,0,0,0,0,26688
416,1000,0,0,0,0,2,5,5,7,2,0,0,0,0,64,32768,0,952,756,0,0,0,0,0,0,0,0,0,0,0,0,64,0,0,912,0,0,0,0,64,0,0,0,0,0,0,0,0,26624
416,1100,0,0,0,0,2,5,5,7,2,0,0,0,0,64,32768,14,920,732,0,0,0,0,0,0,0,0,0,0,0,0,64,0,0,880,0,0,0,0,64,0,0,0,0,0,0,0,0,26688
417,1000,0,0,0,0,2,5,5,7,2,0,0,0,0,64,32768,0,952,756,0,0,0,0,0,0,0,0,0,0,0,0,64,0,0,912,0,0,0,0,64,0,0,0,0,0,0,0,0,26624
417,1100,0,0,0,0,2,5,5,7,2,0,0,0,0,64,32768,14,920,732,0,0,0,0,0,0,0,0,0,0,0,0,64,0,0,880,0,0,0,0,64,0,0,0,0,0,0,0,0,26688
418,1000,0,0,0,0,2,5,5,7,2,0,0,0,0,64,32768,0,952,756,0,0,0,0,0,0,0,0,0,0,0,0,64,0,0,912,0,0,0,0,64,0,0,0,0,0,0,0,0,26624
418,1100,0,0,0,0,2,5,5,7,2,0,0,0,0,64,32768,14,920,732,0,0,0,0,0,0,0,0,0,0,0,0,64,0,0,880,0,0,0,0,64,0,0,0,0,0,0,0,0,26688
419,1000,0,0,0,0,2,5,5,7,2,0,0,0,0,64,32768,0,952,756,0,0,0,0,0,0,0,0,0,0,0,0,64,0,0,912,0,0,0,0,64,0,0,0,0,0,0,0,0,26624
419,1100,0,0,0,0,2,5,5,7,2,0,0,0,0,64,32768,14,920,732,0,0,0,0,0,0,0,0,0,0,0,0,64,0,0,880,0,0,0,0,64,0,0,0,0,0,0,0,0,26688
420,1000,0,0,0,0,2,5,5,7,2,0,0,0,0,64,32768,0,952,756,0,0,0,0,0,0,0,0,0,0,0,0,64,0,0,912,0,0,0,0,64,0,0,0,0,0,0,0,0,26624
420,1100,0,0,0,0,2,5,5,7,2,0,0,0,0,64,32768,14,920,732,0,0,0,0,0,0,0,0,0,0,0,0,64,0,0,880,0,0,0,0,64,0,0,0,0,0,0,0,0,26688
421,1000,0,0,0,0,2,5,5,7,2,0,0,0,0,64,32768,0,952,756,0,0,0,0,0,0,0,0,0,0,0,0,64,0,0,912,0,0,0,0,64,0,0,0,0,0,0,0,0,26624
421,1100,0,0,0,0,2,5,5,7,2,0,0,0,0,64,32768,14,920,732,0,0,0,0,0,0,0,0,0,0,0,0,64,0,0,880,0,0,0,0,64,0,0,0,0,0,0,0,0,26688
422,1000,0,0,0,0,2,5,5,7,2,0,0,0,0,64,32768,0,952,756,0,0,0,0,0,0,0,0,0,0,0,0,64,0,0,912,0,0,0,0,64,0,0,0,0,0,0,0,0,26624
422,1100,0,0,0,0,2,5,5,7,2,0,0,0,0,64,32768,14,920,732,0,0,0,0,0,0,0,0,0,0,0,0,64,0,0,880,0,0,0,0,64,0,0,0,0,0,0,0,0,26688
423,1000,0,0,0,0,2,5,5,7,2,0,0,0,0,64,32768,0,952,756,0,0,0,0,0,0,0,0,0,0,0,0,64,0,0,912,0,0,0,0,64,0,0,0,0,0,0,0,0,26624
423,1100,0,0,0,0,2,5,5,7,2,0,0,0,0,64,32768,14,920,732,0,0,0,0,0,0,0,0,0,0,0,0,64,0,0,880,0,0,0,0,64,0,0,0,0,0,0,0,0,26688
424,1000,0,0,0,0,2,5,5,7,2,0,0,0,0,64,32768,0,952,756,0,0,0,0,0,0,0,0,0,0,0,0,64,0,0,912,0,0,0,0,64,0,0,0,0,0,0,0,0,26624
424,1100,0,0,0,0,2,5,5,7,2,0,0,0,0,64,32768,14,920,732,0,0,0,0,0,0,0,0,0,0,0,0,64,0,0,880,0,0,0,0,64,0,0,0,0,0,0,0,0,26688
425,1000,0,0,0,0,2,5,5,7,2,0,0,0,0,64,32768,0,952,756,0,0,0,0,0,0,0,0,0,0,0,0,64,0,0,912,0,0,0,0,64,0,0,0,0,0,0,0,0,26624
425,1100,0,0,0,0,2,5,5,7,2,0,0,0,0,64,32768,14,920,732,0,0,0,0,0,0,0,0,0,0,0,0,64,0,0,880,0,0,0,0,64,0,0,0,0,0,0,0,0,26688
426,1000,0,0,0,0,2,5,5,7,2,0,0,0,0,64,32768,0,952,756,0,0,0,0,0,0,0,0,0,0,0,0,64,0,0,912,0,0,0,0,64,0,0,0,0,0,0,0,0,26624
426,1100,0,0,0,0,2,5,5,7,2,0,0,0,0,64,32768,14,920,732,0,0,0,0,0,0,0,0,0,0,0,0,64,0,0,880,0,0,0,0,64,0,0,0,0,0,0,0,0,26688
427,1000,0,0,0,0,2,5,5,7,2,0,0,0,0,64,32768,0,952,756,0,0,0,0,0,0,0,0,0,0,0,0,64,0,0,912,0,0,0,0,64,0,0,0,0,0,0,0,0,26624
427,1100,0,0,0,0,2,5,5,7,2,0,0,0,0,64,32768,14,920,732,0,0,0,0,0,0,0,0,0,0,0,0,64,0,0,880,0,0,0,0,64,0,0,0,0,0,0,0,0,26688
428,1000,0,0,0,0,2,5,5,7,2,0,0,0,0,64,32768,0,952,756,0,0,0,0,0,0,0,0,0,0,0,0,64,0,0,912,0,0,0,0,64,0,0,0,0,0,0,0,0,26624
428,1100,0,0,0,0,2,5,5,7,2,0,0,0,0,64,32768,14,920,732,0,0,0,0,0,0,0,0,0,0,0,0,64,0,0,880,0,0,0,0,64,0,0,0,0,0,0,0,0,26688
429,1000,0,0,0,0,2,5,5,7,2,0,0,0,0,64,32768,0,952,756,0,0,0,0,0,0,0,0,0,0,0,0,64,0,0,912,0,0,0,0,64,0,0,0,0,0,0,0,0,26624
429,1100,0,0,0,0,2,5,5,7,2,0,0,0,0,64,32768,14,920,732,0,0,0,0,0,0,0,0,0,0,0,0,64,0,0,880,0,0,0,0,64,0,0,0,0,0,0,0,0,26688
430,1000,0,0,0,0,2,5,5,7,2,0,0,0,0,64,32768,0,952,756,0,0,0,0,0,0,0,0,0,0,0,0,64,0,0,912,0,0,0,0,64,0,0,0,0,0,0,0,0,26624
430,1100,0,0,0,0,2,5,5,7,2,0,0,0,0,64,32768,14,920,732,0,0,0,0,0,0,0,0,0,0,0,0,64,0,0,880,0,0,0,0,64,0,0,0,0,0,0,0,0,26688
431,1000,0,0,0,0,2,5,5,7,2,0,0,0,0,64,32768,0,952,756,0,0,0,0,0,0,0,0,0,0,0,0,64,0,0,912,0,0,0,0,64,0,0,0,0,0,0,0,0,26624
431,1100,0,0,0,0,2,5,5,7,2,0,0,0,0,64,32768,14,920,732,0,0,0,0,0,0,0,0,0,0,0,0,64,0,0,880,0,0,0,0,64,0,0,0,0,0,0,0,0,26688
432,1000,0,0,0,0,2,5,5,7,2,0,0,0,0,64,32768,0,952,756,0,0,0,0,0,0,0,0,0,0,0,0,64,0,0,912,0,0,0,0,64,0,0,0,0,0,0,0,0,26624
432,1100,0,0,0,0,2,5,5,7,2,0,0,0,0,64,32768,14,920,732,0,0,0,0,0,0,0,0,0,0,0,0,64,0,0,880,0,0,0,0,64,0,0,0,0,0,0,0,0,26688
433,1000,0,0,0,0,2,5,5,7,2,0,0,0,0,64,32768,0,952,756,0,0,0,0,0,0,0,0,0,0,0,0,64,0,0,912,0,0,0,0,64,0,0,0,0,0,0,0,0,26624
433,1100,0,0,0,0,2,5,5,7,2,0,0,0,0,64,32768,14,920,732,0,0,0,0,0,0,0,0,0,0,0,0,64,0,0,880,0,0,0,0,64,0,0,0,0,0,0,0,0,26688
434,1000,0,0,0,0,2,5,5,7,2,0,0,0,0,64,32768,0,952,756,0,0,0,0,0,0,0,0,0,0,0,0,64,0,0,912,0,0,0,0,64,0,0,0,0,0,0,0,0,26624
434,1100,0,0,0,0,2,5,5,7,2,0,0,0,0,64,32768,14,920,732,0,0,0,0,0,0,0,0,0,0,0,0,64,0,0,880,0,0,0,0,64,0,0,0,0,0,0,0,0,26688
435,1000,0,0,0,0,2,5,5,7,2,0,0,0,0,64,32768,0,952,756,0,0,0,0,0,0,0,0,0,0,0,0,64,0,0,912,0,0,0,0,64,0,0,0,0,0,0,0,0,26624
435,1100,0,0,0,0,2,5,5,7,2,0,0,0,0,64,32768,14,920,732,0,0,0,0,0,0,0,0,0,0,0,0,64,0,0,880,0,0,0,0,64,0,0,0,0,0,0,0,0,26688
436,1000,0,0,0,0,2,5,5,7,2,0,0,0,0,64,32768,0,952,756,0,0,0,0,0,0,0,0,0,0,0,0,64,0,0,912,0,0,0,0,64,0,0,0,0,0,0,0,0,26624
436,1100,0,0,0,0,2,5,5,7,2,0,0,0,0,64,32768,14,920,732,0,0,0,0,0,0,0,0,0,0,0,0,64,0,0,880,0,0,0,0,64,0,0,0,0,0,0,0,0,26688
437,1000,0,0,0,0,2,5,5,7,2,0,0,0,0,64,32768,0,952,756,0,0,0,0,0,0,0,0,0,0,0,0,64,0,0,912,0,0,0,0,64,0,0,0,0,0,0,0,0,26624
437,1100,0,0,0,0,2,5,5,7,2,0,0,0,0,64,32768,14,920,732,0,0,0,0,0,0,0,0,0,0,0,0,64,0,0,880,0,0,0,0,64,0,0,0,0,0,0,0,0,26688
438,1000,0,0,0,0,2,5,5,7,2,0,0,0,0,64,32768,0,952,756,0,0,0,0,0,0,0,0,0,0,0,0,64,0,0,912,0,0,0,0,64,0,0,0,0,0,0,0,0,26624
438,1100,0,0,0,0,2,5,5,7,2,0,0,0,0,64,32768,14,920,732,0,0,0,0,0,0,0,0,0,0,0,0,64,0,0,880,0,0,0,0,64,0,0,0,0,0,0,0,0,26688
439,1000,0,0,0,0,2,5,5,7,2,0,0,0,0,64,32768,0,952,756,0,0,0,0,0,0,0,0,0,0,0,0,64,0,0,912,0,0,0,0,64,0,0,0,0,0,0,0,0,26624
439,1100,0,0,0,0,2,5,5,7,2,0,0,0,0,64,32768,14,920,732,0,0,0,0,0,0,0,0,0,0,0,0,64,0,0,880,0,0,0,0,64,0,0,0,0,0,0,0,0,26688
440,1000,0,0,0,0,2,5,5,7,2,0,0,0,0,64,32768,0,952,756,0,0,0,0,0,0,0,0,0,0,0,0,64,0,0,912,0,0,0,0,64,0,0,0,0,0,0,0,0,26624
440,1100,0,0,0,0,2,5,5,7,2,0,0,0,0,64,32768,14,920,732,0,0,0,0,0,0,0,0,0,0,0,0,64,0,0,880,0,0,0,0,64,0,0,0,0,0,0,0,0,26688
441,1000,0,0,0,0,2,5,5,7,2,0,0,0,0,64,32768,0,952,756,0,0,0,0,0,0,0,0,0,0,0,0,64,0,0,912,0,0,0,0,64,0,0,0,0,0,0,0,0,26624
441,1100,0,0,0,0,2,5,5,7,2,0,0,0,0,64,32768,14,920,732,0,0,0,0,0,0,0,0,0,0,0,0,64,0,0,880,0,0,0,0,64,0,0,0,0,0,0,0,0,26688
442,1000,0,0,0,0,2,5,5,7,2,0,0,0,0,64,32768,0,952,756,0,0,0,0,0,0,0,0,0,0,0,0,64,0,0,912,0,0,0,0,64,0,0,0,0,0,0,0,0,26624
442,1100,0,0,0,0,2,5,5,7,2,0,0,0,0,64,32768,14,920,732,0,0,0,0,0,0,0,0,0,0,0,0,64,0,0,880,0,0,0,0,64,0,0,0,0,0,0,0,0,26688
443,1000,0,0,0,0,2,5,5,7,2,0,0,0,0,64,32768,0,952,756,0,0,0,0,0,0,0,0,0,0,0,0,64,0,0,912,0,0,0,0,64,0,0,0,0,0,0,0,0,26624
443,1100,0,0,0,0,2,5,5,7,2,0,0,0,0,64,32768,14,920,732,0,0,0,0,0,0,0,0,0,0,0,0,64,0,0,880,0,0,0,0,64,0,0,0,0,0,0,0,0,26688
444,1000,0,0,0,0,2,5,5,7,2,0,0,0,0,64,32768,0,952,756,0,0,0,0,0,0,0,0,0,0,0,0,64,0,0,912,0,0,0,0,64,0,0,0,0,0,0,0,0,26624
444,1100,0,0,0,0,2,5,5,7,2,0,0,0,0,64,32768,14,920,732,0,0,0,0,0,0,0,0,0,0,0,0,64,0,0,880,0,0,0,0,64,0,0,0,0,0,0,0,0,26688
445,1000,0,0,0,0,2,5,5,7,2,0,0,0,0,64,32768,0,952,756,0,0,0,0,0,0,0,0,0,0,0,0,64,0,0,912,0,0,0,0,64,0,0,0,0,0,0,0,0,26624
445,1100,0,0,0,0,2,5,5,7,2,0,0,0,0,64,32768,14,920,732,0,0,0,0,0,0,0,0,0,0,0,0,64,0,0,880,0,0,0,0,64,0,0,0,0,0,0,0,0,26688
446,1000,0,0,0,0,2,5,5,7,2,0,0,0,0,64,32768,0,952,756,0,0,0,0,0,0,0,0,0,0,0,0,64,0,0,912,0,0,0,0,64,0,0,0,0,0,0,0,0,26624
446,1100,0,0,0,0,2,5,5,7,2,0,0,0,0,64,32768,14,920,732,0,0,0,0,0,0,0,0,0,0,0,0,64,0,0,880,0,0,0,0,64,0,0,0,0,0,0,0,0,26688
447,1000,0,0,0,0,2,5,5,7,2,0,0,0,0,64,32768,0,952,756,0,0,0,0,0,0,0,0,0,0,0,0,64,0,0,912,0,0,0,0,64,0,0,0,0,0,0,0,0,26624
447,1100,0,0,0,0,2,5,5,7,2,0,0,0,0,64,32768,14,920,732,0,0,0,0,0,0,0,0,0,0,0,0,64,0,0,880,0,0,0,0,64,0,0,0,0,0,0,0,0,26688
448,1000,0,0,0,0,2,5,5,7,2,0,0,0,0,64,32768,0,952,756,0,0,0,0,0,0,0,0,0,0,0,0,64,0,0,912,0,0,0,0,64,0,0,0,0,0,0,0,0,26624
448,1100,0,0,0,0,2,5,5,7,2,0,0,0,0,64,32768,14,920,732,0,0,0,0,0,0,0,0,0,0,0,0,64,0,0,880,0,0,0,0,64,0,0,0,0,0,0,0,0,26688
449,1000,0,0,0,0,2,5,5,7,2,0,0,0,0,64,32768,0,952,756,0,0,0,0,0,0,0,0,0,0,0,0,64,0,0,912,0,0,0,0,64,0,0,0,0,0,0,0,0,26624
449,1100,0,0,0,0,2,5,5,7,2,0,0,0,0,64,32768,14,920,732,0,0,0,0,0,0,0,0,0,0,0,0,64,0,0,880,0,0,0,0,64,0,0,0,0,0,0,0,0,26688
450,1000,0,0,0,0,2,5,5,7,2,0,0,0,0,64,32768,0,952,756,0,0,0,0,0,0,0,0,0,0,0,0,64,0,0,912,0,0,0,0,64,0,0,0,0,0,0,0,0,26624
450,1100,0,0,0,0,2,5,5,7,2,0,0,0,0,64,32768,14,920,732,0,0,0,0,0,0,0,0,0,0,0,0,64,0,0,880,0,0,0,0,64,0,0,0,0,0,0,0,0,26688
451,1000,0,0,0,0,2,5,5,7,2,0,0,0,0,64,32768,0,952,756,0,0,0,0,0,0,0,0,0,0,0,0,64,0,0,912,0,0,0,0,64,0,0,0,0,0,0,0,0,26624
451,1100,0,0,0,0,2,5,5,7,2,0,0,0,0,64,32768,14,920,732,0,0,0,0,0,0,0,0,0,0,0,0,64,0,0,880,0,0,0,0,64,0,0,0,0,0,0,0,0,26688
452,1000,0,0,0,0,2,5,5,7,2,0,0,0,0,64,32768,0,952,756,0,0,0,0,0,0,0,0,0,0,0,0,64,0,0,912,0,0,0,0,64,0,0,0,0,0,0,0,0,26624
452,1100,0,0,0,0,2,5,5,7,2,0,0,0,0,64,32768,14,920,732,0,0,0,0,0,0,0,0,0,0,0,0,64,0,0,880,0,0,0,0,64,0,0,0,0,0,0,0,0,26688
453,1000,0,0,0,0,2,5,5,7,2,0,0,0,0,64,32768,0,952,756,0,0,0,0,0,0,0,0,0,0,0,0,64,0,0,912,0,0,0,0,64,0,0,0,0,0,0,0,0,26624
453,1100,0,0,0,0,2,5,5,7,2,0,0,0,0,64,32768,14,920,732,0,0,0,0,0,0,0,0,0,0,0,0,64,0,0,880,0,0,0,0,64,0,0,0,0,0,0,0,0,26688
454,1000,0,0,0,0,2,5,5,7,2,0,0,0,0,64,32768,0,952,756,0,0,0,0,0,0,0,0,0,0,0,0,64,0,0,912,0,0,0,0,64,0,0,0,0,0,0,0,0,26624
454,1100,0,0,0,0,2,5,5,7,2,0,0,0,0,64,32768,14,920,732,0,0,0,0,0,0,0,0,0,0,0,0,64,0,0,880,0,0,0,0,64,0,0,0,0,0,0,0,0,26688
455,1000,0,0,0,0,2,5,5,7,2,0,0,0,0,64,32768,0,952,756,0,0,0,0,0,0,0,0,0,0,0,0,64,0,0,912,0,0,0,0,64,0,0,0,0,0,0,0,0,26624
455,1100,0,0,0,0,2,5,5,7,2,0,0,0,0,64,32768,14,920,732,0,0,0,0,0,0,0,0,0,0,0,0,64,0,0,880,0,0,0,0,64,0,0,0,0,0,0,0,0,26688
456,1000,0,0,0,0,2,5,5,7,2,0,0,0,0,64,32768,0,952,756,0,0,0,0,0,0,0,0,0,0,0,0,64,0,0,912,0,0,0,0,64,0,0,0,0,0,0,0,0,26624
456,1100,0,0,0,0,2,5,5,7,2,0,0,0,0,64,32768,14,920,732,0,0,0,0,0,0,0,0,0,0,0,0,64,0,0,880,0,0,0,0,64,0,0,0,0,0,0,0,0,26688
457,1000,0,0,0,0,2,5,5,7,2,0,0,0,0,64,32768,0,952,756,0,0,0,0,0,0,0,0,0,0,0,0,64,0,0,912,0,0,0,0,64,0,0,0,0,0,0,0,0,26624
457,1100,0,0,0,0,2,5,5,7,2,0,0,0,0,64,32768,14,920,732,0,0,0,0,0,0,0,0,0,0,0,0,64,0,0,880,0,0,0,0,64,0,0,0,0,0,0,0,0,26688
458,1000,0,0,0,0,2,5,5,7,2,0,0,0,0,64,32768,0,952,756,0,0,0,0,0,0,0,0,0,0,0,0,64,0,0,912,0,0,0,0,64,0,0,0,0,0,0,0,0,26624
458,1100,0,0,0,0,2,5,5,7,2,0,0,0,0,64,32768,14,920,732,0,0,0,0,0,0,0,0,0,0,0,0,64,0,0,880,0,0,0,0,64,0,0,0,0,0,0,0,0,26688
459,1000,0,0,0,0,2,5,5,7,2,0,0,0,0,64,32768,0,952,756,0,0,0,0,0,0,0,0,0,0,0,0,64,0,0,912,0,0,0,0,64,0,0,0,0,0,0,0,0,26624
459,1100,0,0,0,0,2,5,5,7,2,0,0,0,0,64,32768,14,920,732,0,0,0,0,0,0,0,0,0,0,0,0,64,0,0,880,0,0,0,0,64,0,0,0,0,0,0,0,0,26688
460,1000,0,0,0,0,2,5,5,7,2,0,0,0,0,64,32768,0,952,756,0,0,0,0,0,0,0,0,0,0,0,0,64,0,0,912,0,0,0,0,64,0,0,0,0,0,0,0,0,26624
460,1100,0,0,0,0,2,5,5,7,2,0,0,0,0,64,32768,14,920,732,0,0,0,0,0,0,0,0,0,0,0,0,64,0,0,880,0,0,0,0,64,0,0,0,0,0,0,0,0,26688
461,1000,0,0,0,0,2,5,5,7,2,0,0,0,0,64,32768,0,952,756,0,0,0,0,0,0,0,0,0,0,0,0,64,0,0,912,0,0,0,0,64,0,0,0,0,0,0,0,0,26624
461,1100,0,0,0,0,2,5,5,7,2,0,0,0,0,64,32768,14,920,732,0,0,0,0,0,0,0,0,0,0,0,0,64,0,0,880,0,0,0,0,64,0,0,0,0,0,0,0,0,26688
462,1000,0,0,0,0,2,5,5,7,2,0,0,0,0,64,32768,0,952,756,0,0,0,0,0,0,0,0,0,0,0,0,64,0,0,912,0,0,0,0,64,0,0,0,0,0,0,0,0,26624
462,1100,0,0,0,0,2,5,5,7,2,0,0,0,0,64,32768,14,920,732,0,0,0,0,0,0,0,0,0,0,0,0,64,0,0,880,0,0,0,0,64,0,0,0,0,0,0,0,0,26688
463,1000,0,0,0,0,2,5,5,7,2,0,0,0,0,64,32768,0,952,756,0,0,0,0,0,0,0,0,0,0,0,0,64,0,0,912,0,0,0,0,64,0,0,0,0,0,0,0,0,26624
463,1100,0,0,0,0,2,5,5,7,2,0,0,0,0,64,32768,14,920,732,0,0,0,0,0,0,0,0,0,0,0,0,64,0,0,880,0,0,0,0,64,0,0,0,0,0,0,0,0,26688
464,1000,0,0,0,0,2,5,5,7,2,0,0,0,0,64,32768,0,952,756,0,0,0,0,0,0,0,0,0,0,0,0,64,0,0,912,0,0,0,0,64,0,0,0,0,0,0,0,0,26624
464,1100,0,0,0,0,2,5,5,7,2,0,0,0,0,64,32768,14,920,732,0,0,0,0,0,0,0,0,0,0,0,0,64,0,0,880,0,0,0,0,64,0,0,0,0,0,0,0,0,26688
465,1000,0,0,0,0,2,5,5,7,2,0,0,0,0,64,32768,0,952,756,0,0,0,0,0,0,0,0,0,0,0,0,64,0,0,912,0,0,0,0,64,0,0,0,0,0,0,0,0,26624
465,1100,0,0,0,0,2,5,5,7,2,0,0,0,0,64,32768,14,920,732,0,0,0,0,0,0,0,0,0,0,0,0,64,0,0,880,0,0,0,0,64,0,0,0,0,0,0,0,0,26688
466,1000,0,0,0,0,2,5,5,7,2,0,0,0,0,64,32768,0,952,756,0,0,0,0,0,0,0,0,0,0,0,0,64,0,0,912,0,0,0,0,64,0,0,0,0,0,0,0,0,26624
466,1100,0,0,0,0,2,5,5,7,2,0,0,0,0,64,32768,14,920,732,0,0,0,0,0,0,0,0,0,0,0,0,64,0,0,880,0,0,0,0,64,0,0,0,0,0,0,0,0,26688
467,1000,0,0,0,0,2,5,5,7,2,0,0,0,0,64,32768,0,952,756,0,0,0,0,0,0,0,0,0,0,0,0,64,0,0,912,0,0,0,0,64,0,0,0,0,0,0,0,0,26624
467,1100,0,0,0,0,2,5,5,7,2,0,0,0,0,64,32768,14,920,732,0,0,0,0,0,0,0,0,0,0,0,0,64,0,0,880,0,0,0,0,64,0,0,0,0,0,0,0,0,26688
468,1000,0,0,0,0,2,5,5,7,2,0,0,0,0,64,32768,0,952,756,0,0,0,0,0,0,0,0,0,0,0,0,64,0,0,912,0,0,0,0,64,0,0,0,0,0,0,0,0,26624
468,1100,0,0,0,0,2,5,5,7,2,0,0,0,0,64,32768,14,920,732,0,0,0,0,0,0,0,0,0,0,0,0,64,0,0,880,0,0,0,0,64,0,0,0,0,0,0,0,0,26688
469,1000,0,0,0,0,2,5,5,7,2,0,0,0,0,64,32768,0,952,756,0,0,0,0,0,0,0,0,0,0,0,0,64,0,0,912,0,0,0,0,64,0,0,0,0,0,0,0,0,26624
469,1100,0,0,0,0,2,5,5,7,2,0,0,0,0,64,32768,14,920,732,0,0,0,0,0,0,0,0,0,0,0,0,64,0,0,880,0,0,0,0,64,0,0,0,0,0,0,0,0,26688
470,1000,0,0,0,0,2,5,5,7,2,0,0,0,0,64,32768,0,952,756,0,0,0,0,0,0,0,0,0,0,0,0,64,0,0,912,0,0,0,0,64,0,0,0,0,0,0,0,0,26624
470,1100,0,0,0,0,2,5,5,7,2,0,0,0,0,64,32768,14,920,732,0,0,0,0,0,0,0,0,0,0,0,0,64,0,0,880,0,0,0,0,64,0,0,0,0,0,0,0,0,26688
471,1000,0,0,0,0,2,5,5,7,2,0,0,0,0,64,32768,0,952,756,0,0,0,0,0,0,0,0,0,0,0,0,64,0,0,912,0,0,0,0,64,0,0,0,0,0,0,0,0,26624
471,1100,0,0,0,0,2,5,5,7,2,0,0,0,0,64,32768,14,920,732,0,0,0,0,0,0,0,0,0,0,0,0,64,0,0,880,0,0,0,0,64,0,0,0,0,0,0,0,0,26688
472,1000,0,0,0,0,2,5,5,7,2,0,0,0,0,64,32768,0,952,756,0,0,0,0,0,0,0,0,0,0,0,0,64,0,0,912,0,0,0,0,64,0,0,0,0,0,0,0,0,26624
472,1100,0,0,0,0,2,5,5,7,2,0,0,0,0,64,32768,14,920,732,0,0,0,0,0,0,0,0,0,0,0,0,64,0,0,880,0,0,0,0,64,0,0,0,0,0,0,0,0,26688
473,1000,0,0,0,0,2,5,5,7,2,0,0,0,0,64,32768,0,952,756,0,0,0,0,0,0,0,0,0,0,0,0,64,0,0,912,0,0,0,0,64,0,0,0,0,0,0,0,0,26624
473,1100,0,0,0,0,2,5,5,7,2,0,0,0,0,64,32768,14,920,732,0,0,0,0,0,0,0,0,0,0,0,0,64,0,0,880,0,0,0,0,64,0,0,0,0,0,0,0,0,26688
474,1000,0,0,0,0,2,5,5,7,2,0,0,0,0,64,32768,0,952,756,0,0,0,0,0,0,0,0,0,0,0,0,64,0,0,912,0,0,0,0,64,0,0,0,0,0,0,0,0,26624
474,1100,0,0,0,0,2,5,5,7,2,0,0,0,0,64,32768,14,920,732,0,0,0,0,0,0,0,0,0,0,0,0,64,0,0,880,0,0,0,0,64,0,0,0,0,0,0,0,0,26688
475,1000,0,0,0,0,2,5,5,7,2,0,0,0,0,64,32768,0,952,756,0,0,0,0,0,0,0,0,0,0,0,0,64,0,0,912,0,0,0,0,64,0,0,0,0,0,0,0,0,26624
475,1100,0,0,0,0,2,5,5,7,2,0,0,0,0,64,32768,14,920,732,0,0,0,0,0,0,0,0,0,0,0,0,64,0,0,880,0,0,0,0,64,0,0,0,0,0,0,0,0,26688
476,1000,0,0,0,0,2,5,5,7,2,0,0,0,0,64,32768,0,952,756,0,0,0,0,0,0,0,0,0,0,0,0,64,0,0,912,0,0,0,0,64,0,0,0,0,0,0,0,0,26624
476,1100,0,0,0,0,2,5,5,7,2,0,0,0,0,64,32768,14,920,732,0,0,0,0,0,0,0,0,0,0,0,0,64,0,0,880,0,0,0,0,64,0,0,0,0,0,0,0,0,26688
477,1000,0,0,0,0,2,5,5,7,2,0,0,0,0,64,32768,0,952,756,0,0,0,0,0,0,0,0,0,0,0,0,64,0,0,912,0,0,0,0,64,0,0,0,0,0,0,0,0,26624
477,1100,0,0,0,0,2,5,5,7,2,0,0,0,0,64,32768,14,920,732,0,0,0,0,0,0,0,0,0,0,0,0,64,0,0,880,0,0,0,0,64,0,0,0,0,0,0,0,0,26688
478,1000,0,0,0,0,2,5,5,7,2,0,0,0,0,64,32768,0,952,756,0,0,0,0,0,0,0,0,0,0,0,0,64,0,0,912,0,0,0,0,64,0,0,0,0,0,0,0,0,26624
478,1100,0,0,0,0,2,5,5,7,2,0,0,0,0,64,32768,14,920,732,0,0,0,0,0,0,0,0,0,0,0,0,64,0,0,880,0,0,0,0,64,0,0,0,0,0,0,0,0,26688
479,1000,0,0,0,0,2,5,5,7,2,0,0,0,0,64,32768,0,952,756,0,0,0,0,0,0,0,0,0,0,0,0,64,0,0,912,0,0,0,0,64,0,0,0,0,0,0,0,0,26624
479,1100,0,0,0,0,2,5,5,7,2,0,0,0,0,64,32768,14,920,732,0,0,0,0,0,0,0,0,0,0,0,0,64,0,0,880,0,0,0,0,64,0,0,0,0,0,0,0,0,26688
480,1000,0,0,0,0,2,5,5,7,2,0,0,0,0,64,32768,0,952,756,0,0,0,0,0,0,0,0,0,0,0,0,64,0,0,912,0,0,0,0,64,0,0,0,0,0,0,0,0,26624
480,1100,0,0,0,0,2,5,5,7,2,0,0,0,0,64,32768,14,920,732,0,0,0,0,0,0,0,0,0,0,0,0,64,0,0,880,0,0,0,0,64,0,0,0,0,0,0,0,0,26688
481,1000,0,0,0,0,2,5,5,7,2,0,0,0,0,64,32768,0,952,756,0,0,0,0,0,0,0,0,0,0,0,0,64,0,0,912,0,0,0,0,64,0,0,0,0,0,0,0,0,26624
481,1100,0,0,0,0,2,5,5,7,2,0,0,0,0,64,32768,14,920,732,0,0,0,0,0,0,0,0,0,0,0,0,64,0,0,880,0,0,0,0,64,0,0,0,0,0,0,0,0,26688
482,1000,0,0,0,0,2,5,5,7,2,0,0,0,0,64,32768,0,952,756,0,0,0,0,0,0,0,0,0,0,0,0,64,0,0,912,0,0,0,0,64,0,0,0,0,0,0,0,0,26624
482,1100,0,0,0,0,2,5,5,7,2,0,0,0,0,64,32768,14,920,732,0,0,0,0,0,0,0,0,0,0,0,0,64,0,0,880,0,0,0,0,64,0,0,0,0,0,0,0,0,26688
483,1000,0,0,0,0,2,5,5,7,2,0,0,0,0,64,32768,0,952,756,0,0,0,0,0,0,0,0,0,0,0,0,64,0,0,912,0,0,0,0,64,0,0,0,0,0,0,0,0,26624
483,1100,0,0,0,0,2,5,5,7,2,0,0,0,0,64,32768,14,920,732,0,0,0,0,0,0,0,0,0,0,0,0,64,0,0,880,0,0,0,0,64,0,0,0,0,0,0,0,0,26688
484,1000,0,0,0,0,2,5,5,7,2,0,0,0,0,64,32768,0,952,756,0,0,0,0,0,0,0,0,0,0,0,0,64,0,0,912,0,0,0,0,64,0,0,0,0,0,0,0,0,26624
484,1100,0,0,0,0,2,5,5,7,2,0,0,0,0,64,32768,14,920,732,0,0,0,0,0,0,0,0,0,0,0,0,64,0,0,880,0,0,0,0,64,0,0,0,0,0,0,0,0,26688
485,1000,0,0,0,0,2,5,5,7,2,0,0,0,0,64,32768,0,952,756,0,0,0,0,0,0,0,0,0,0,0,0,64,0,0,912,0,0,0,0,64,0,0,0,0,0,0,0,0,26624
485,1100,0,0,0,0,2,5,5,7,2,0,0,0,0,64,32768,14,920,732,0,0,0,0,0,0,0,0,0,0,0,0,64,0,0,880,0,0,0,0,64,0,0,0,0,0,0,0,0,26688
486,1000,0,0,0,0,2,5,5,7,2,0,0,0,0,64,32768,0,952,756,0,0,0,0,0,0,0,0,0,0,0,0,64,0,0,912,0,0,0,0,64,0,0,0,0,0,0,0,0,26624
486,1100,0,0,0,0,2,5,5,7,2,0,0,0,0,64,32768,14,920,732,0,0,0,0,0,0,0,0,0,0,0,0,64,0,0,880,0,0,0,0,64,0,0,0,0,0,0,0,0,26688
487,1000,0,0,0,0,2,5,5,7,2,0,0,0,0,64,32768,0,952,756,0,0,0,0,0,0,0,0,0,0,0,0,64,0,0,912,0,0,0,0,64,0,0,0,0,0,0,0,0,26624
487,1100,0,0,0,0,2,5,5,7,2,0,0,0,0,64,32768,14,920,732,0,0,0,0,0,0,0,0,0,0,0,0,64,0,0,880,0,0,0,0,64,0,0,0,0,0,0,0,0,26688
488,1000,0,0,0,0,2,5,5,7,2,0,0,0,0,64,32768,0,952,756,0,0,0,0,0,0,0,0,0,0,0,0,64,0,0,912,0,0,0,0,64,0,0,0,0,0,0,0,0,26624
488,1100,0,0,0,0,2,5,5,7,2,0,0,0,0,64,32768,14,920,732,0,0,0,0,0,0,0,0,0,0,0,0,64,0,0,880,0,0,0,0,64,0,0,0,0,0,0,0,0,26688
489,1000,0,0,0,0,2,5,5,7,2,0,0,0,0,64,32768,0,952,756,0,0,0,0,0,0,0,0,0,0,0,0,64,0,0,912,0,0,0,0,64,0,0,0,0,0,0,0,0,26624
489,1100,0,0,0,0,2,5,5,7,2,0,0,0,0,64,32768,14,920,732,0,0,0,0,0,0,0,0,0,0,0,0,64,0,0,880,0,0,0,0,64,0,0,0,0,0,0,0,0,26688
490,1000,0,0,0,0,2,5,5,7,2,0,0,0,0,64,32768,0,952,756,0,0,0,0,0,0,0,0,0,0,0,0,64,0,0,912,0,0,0,0,64,0,0,0,0,0,0,0,0,26624
490,1100,0,0,0,0,2,5,5,7,2,0,0,0,0,64,32768,14,920,732,0,0,0,0,0,0,0,0,0,0,0,0,64,0,0,880,0,0,0,0,64,0,0,0,0,0,0,0,0,26688
491,1000,0,0,0,0,2,5,5,7,2,0,0,0,0,64,32768,0,952,756,0,0,0,0,0,0,0,0,0,0,0,0,64,0,0,912,0,0,0,0,64,0,0,0,0,0,0,0,0,26624
491,1100,0,0,0,0,2,5,5,7,2,0,0,0,0,64,32768,14,920,732,0,0,0,0,0,0,0,0,0,0,0,0,64,0,0,880,0,0,0,0,64,0,0,0,0,0,0,0,0,26688
492,1000,0,0,0,0,2,5,5,7,2,0,0,0,0,64,32768,0,952,756,0,0,0,0,0,0,0,0,0,0,0,0,64,0,0,912,0,0,0,0,64,0,0,0,0,0,0,0,0,26624
492,1100,0,0,0,0,2,5,5,7,2,0,0,0,0,64,32768,14,920,732,0,0,0,0,0,0,0,0,0,0,0,0,64,0,0,880,0,0,0,0,64,0,0,0,0,0,0,0,0,26688
493,1000,0,0,0,0,2,5,5,7,2,0,0,0,0,64,32768,0,952,756,0,0,0,0,0,0,0,0,0,0,0,0,64,0,0,912,0,0,0,0,64,0,0,0,0,0,0,0,0,26624
493,1100,0,0,0,0,2,5,5,7,2,0,0,0,0,64,32768,14,920,732,0,0,0,0,0,0,0,0,0,0,0,0,64,0,0,880,0,0,0,0,64,0,0,0,0,0,0,0,0,26688
494,1000,0,0,0,0,2,5,5,7,2,0,0,0,0,64,32768,0,952,756,0,0,0,0,0,0,0,0,0,0,0,0,64,0,0,912,0,0,0,0,64,0,0,0,0,0,0,0,0,26624
494,1100,0,0,0,0,2,5,5,7,2,0,0,0,0,64,32768,14,920,732,0,0,0,0,0,0,0,0,0,0,0,0,64,0,0,880,0,0,0,0,64,0,0,0,0,0,0,0,0,26688
495,1000,0,0,0,0,2,5,5,7,2,0,0,0,0,64,32768,0,952,756,0,0,0,0,0,0,0,0,0,0,0,0,64,0,0,912,0,0,0,0,64,0,0,0,0,0,0,0,0,26624
495,1100,0,0,0,0,2,5,5,7,2,0,0,0,0,64,32768,14,920,732,0,0,0,0,0,0,0,0,0,0,0,0,64,0,0,880,0,0,0,0,64,0,0,0,0,0,0,0,0,26688
496,1000,0,0,0,0,2,5,5,7,2,0,0,0,0,64,32768,0,952,756,0,0,0,0,0,0,0,0,0,0,0,0,64,0,0,912,0,0,0,0,64,0,0,0,0,0,0,0,0,26624
496,1100,0,0,0,0,2,5,5,7,2,0,0,0,0,64,32768,14,920,732,0,0,0,0,0,0,0,0,0,0,0,0,64,0,0,880,0,0,0,0,64,0,0,0,0,0,0,0,0,26688
497,1000,0,0,0,0,2,5,5,7,2,0,0,0,0,64,32768,0,952,756,0,0,0,0,0,0,0,0,0,0,0,0,64,0,0,912,0,0,0,0,64,0,0,0,0,0,0,0,0,26624
497,1100,0,0,0,0,2,5,5,7,2,0,0,0,0,64,32768,14,920,732,0,0,0,0,0,0,0,0,0,0,0,0,64,0,0,880,0,0,0,0,64,0,0,0,0,0,0,0,0,26688
498,1000,0,0,0,0,2,5,5,7,2,0,0,0,0,64,32768,0,952,756,0,0,0,0,0,0,0,0,0,0,0,0,64,0,0,912,0,0,0,0,64,0,0,0,0,0,0,0,0,26624
498,1100,0,0,0,0,2,5,5,7,2,0,0,0,0,64,32768,14,920,732,0,0,0,0,0,0,0,0,0,0,0,0,64,0,0,880,0,0,0,0,64,0,0,0,0,0,0,0,0,26688
499,1000,0,0,0,0,2,5,5,7,2,0,0,0,0,64,32768,0,952,756,0,0,0,0,0,0,0,0,0,0,0,0,64,0,0,912,0,0,0,0,64,0,0,0,0,0,0,0,0,26624
499,1100,0,0,0,0,2,5,5,7,2,0,0,0,0,64,32768,14,920,732,0,0,0,0,0,0,0,0,0,0,0,0,64,0,0,880,0,0,0,0,64,0,0,0,0,0,0,0,0,26688
500,1000,0,0,0,0,2,5,5,7,2,0,0,0,0,64,32768,0,952,756,0,0,0,0,0,0,0,0,0,0,0,0,64,0,0,912,0,0,0,0,64,0,0,0,0,0,0,0,0,26624
500,1100,0,0,0,0,2,5,5,7,2,0,0,0,0,64,32768,14,920,732,0,0,0,0,0,0,0,0,0,0,0,0,64,0,0,880,0,0,0,0,64,0,0,0,0,0,0,0,0,26688
501,1000,0,0,0,0,2,5,5,7,2,0,0,0,0,64,32768,0,952,756,0,0,0,0,0,0,0,0,0,0,0,0,64,0,0,912,0,0,0,0,64,0,0,0,0,0,0,0,0,26624
501,1100,0,0,0,0,2,5,5,7,2,0,0,0,0,64,32768,14,920,732,0,0,0,0,0,0,0,0,0,0,0,0,64,0,0,880,0,0,0,0,64,0,0,0,0,0,0,0,0,26688
502,1000,0,0,0,0,2,5,5,7,2,0,0,0,0,64,32768,0,952,756,0,0,0,0,0,0,0,0,0,0,0,0,64,0,0,912,0,0,0,0,64,0,0,0,0,0,0,0,0,26624
502,1100,0,0,0,0,2,5,5,7,2,0,0,0,0,64,32768,14,920,732,0,0,0,0,0,0,0,0,0,0,0,0,64,0,0,880,0,0,0,0,64,0,0,0,0,0,0,0,0,26688
503,1000,0,0,0,0,2,5,5,7,2,0,0,0,0,64,32768,0,952,756,0,0,0,0,0,0,0,0,0,0,0,0,64,0,0,912,0,0,0,0,64,0,0,0,0,0,0,0,0,26624
503,1100,0,0,0,0,2,5,5,7,2,0,0,0,0,64,32768,14,920,732,0,0,0,0,0,0,0,0,0,0,0,0,64,0,0,880,0,0,0,0,64,0,0,0,0,0,0,0,0,26688
504,1000,0,0,0,0,2,5,5,7,2,0,0,0,0,64,32768,0,952,756,0,0,0,0,0,0,0,0,0,0,0,0,64,0,0,912,0,0,0,0,64,0,0,0,0,0,0,0,0,26624
504,1100,0,0,0,0,2,5,5,7,2,0,0,0,0,64,32768,14,920,732,0,0,0,0,0,0,0,0,0,0,0,0,64,0,0,880,0,0,0,0,64,0,0,0,0,0,0,0,0,26688
505,1000,0,0,0,0,2,5,5,7,2,0,0,0,0,64,32768,0,952,756,0,0,0,0,0,0,0,0,0,0,0,0,64,0,0,912,0,0,0,0,64,0,0,0,0,0,0,0,0,26624
505,1100,0,0,0,0,2,5,5,7,2,0,0,0,0,64,32768,14,920,732,0,0,0,0,0,0,0,0,0,0,0,0,64,0,0,880,0,0,0,0,64,0,0,0,0,0,0,0,0,26688
506,1000,0,0,0,0,2,5,5,7,2,0,0,0,0,64,32768,0,952,756,0,0,32,0,0,0,0,0,0,0,0,0,64,0,0,912,0,0,0,952,64,0,0,0,0,0,0,0,65532,26624
506,1100,0,0,0,0,2,5,5,7,2,0,0,0,0,64,32768,14,920,732,0,0,32,0,0,0,0,0,0,0,0,0,64,0,0,880,512,32768,0,920,64,0,0,0,0,0,0,0,4,26688
507,1000,0,0,0,0,2,5,5,7,2,0,0,0,0,64,32768,0,952,756,0,0,32,0,0,0,0,0,0,0,0,0,64,0,0,912,0,0,0,952,64,0,0,0,0,0,0,0,65532,26624
507,1100,0,0,0,0,2,5,5,7,2,0,0,0,65533,64,32768,14,920,732,0,0,32,0,0,0,0,0,0,0,0,0,64,0,0,880,512,32768,0,920,64,0,0,0,4,0,0,0,4,26688
508,1000,0,0,0,0,2,5,5,7,2,0,0,0,0,64,32768,0,952,756,0,0,32,0,0,0,0,0,0,0,0,0,64,0,0,912,0,0,0,952,64,0,0,0,0,0,0,0,65532,26624
508,1100,0,0,0,0,2,5,5,7,2,0,64768,0,65529,64,32768,14,920,731,0,0,32,0,0,0,0,0,0,0,0,0,64,0,0,880,512,32768,0,920,64,0,0,0,8,0,0,0,4,26688
509,1000,0,0,0,0,2,5,5,7,2,0,0,0,0,64,32768,0,952,756,0,0,32,0,0,0,0,0,0,0,0,0,64,0,0,912,0,0,0,952,64,0,0,0,0,0,0,0,65532,26624
509,1100,0,0,0,0,2,5,5,7,2,0,62976,0,65525,64,32768,14,920,731,0,0,32,0,0,0,0,0,0,0,0,0,64,0,0,880,512,32768,0,920,64,0,0,0,12,0,0,0,4,26688
510,1000,0,0,0,0,2,5,5,7,2,0,0,0,0,64,32768,0,952,756,0,0,32,0,0,0,0,0,0,0,0,0,64,0,0,912,0,0,0,952,64,0,0,0,0,0,0,0,65532,26624
510,1100,0,0,0,0,2,5,5,7,2,0,60160,0,65521,64,32768,14,920,731,0,0,32,0,0,0,0,0,0,0,0,0,64,0,0,880,512,32768,0,920,64,0,0,0,16,0,0,0,4,26688
511,1000,0,0,0,0,2,5,5,7,2,0,0,0,0,64,32768,0,952,756,0,0,32,0,0,0,0,0,0,0,0,0,64,0,0,912,0,0,0,952,64,0,0,0,0,0,0,0,65532,26624
511,1100,0,0,0,0,2,5,5,7,2,0,56320,0,65517,64,32768,14,920,731,0,0,32,0,0,0,0,0,0,0,0,0,64,0,0,880,512,32768,0,920,64,0,0,0,20,0,0,0,4,26688
512,1000,0,0,0,0,2,5,5,7,2,0,0,0,0,64,32768,0,952,756,0,0,32,0,0,0,0,0,0,0,0,0,64,0,0,912,0,0,0,952,64,0,0,0,0,0,0,0,65532,26624
512,1100,0,0,0,0,2,5,5,7,2,0,51456,0,65513,64,32768,14,920,731,0,0,32,0,0,0,0,0,0,0,0,0,64,0,0,880,512,32768,0,920,64,0,0,0,24,0,0,0,4,26688
513,1000,0,0,0,0,2,5,5,7,2,0,0,0,0,64,32768,0,952,756,0,0,32,0,0,0,0,0,0,0,0,0,64,0,0,912,256,0,0,952,64,0,0,0,0,0,0,0,65532,26624
513,1100,0,0,0,0,2,5,5,7,2,0,45568,0,65509,64,32768,14,920,731,0,0,32,0,0,0,0,0,0,0,0,0,64,0,0,880,512,32768,0,920,64,0,0,0,28,0,0,0,4,26688
514,1000,0,0,0,0,2,5,5,7,2,0,0,0,0,64,32768,0,952,756,0,0,32,0,0,0,0,0,0,0,0,0,64,0,0,912,256,0,0,952,64,0,0,0,0,0,0,0,65532,26624
514,1100,0,0,0,0,2,5,5,7,2,0,38656,0,65505,64,32768,14,920,731,0,0,32,0,0,0,0,0,0,0,0,0,64,0,0,880,1024,32768,0,920,64,0,0,0,32,0,0,0,4,26688
515,1000,0,0,0,0,2,5,5,7,2,0,0,0,0,64,32768,0,952,756,0,0,32,0,0,0,0,0,0,0,0,0,64,0,0,912,256,0,0,952,64,0,0,0,0,0,0,0,65532,26624
515,1100,0,0,0,0,2,5,5,7,2,0,30720,0,65501,64,32768,14,920,731,0,0,32,0,0,0,0,0,0,0,0,0,64,0,0,880,1024,32768,0,920,64,0,0,0,36,0,0,0,4,26688
516,1000,0,0,0,0,2,5,5,7,2,0,0,0,0,64,32768,0,952,756,0,0,32,0,0,0,0,0,0,0,0,0,64,0,0,912,256,0,0,952,64,0,0,0,0,0,0,0,65532,26624
516,1100,0,0,0,0,2,5,5,7,2,0,21760,0,65497,64,32768,14,920,731,0,0,32,0,0,0,0,0,0,0,0,0,64,0,0,880,1024,32768,0,920,64,0,0,0,40,0,0,0,4,26688
517,1000,0,0,0,0,2,5,5,7,2,0,0,0,0,64,32768,0,952,756,0,0,32,0,0,0,0,0,0,0,0,0,64,0,0,912,256,0,0,952,64,0,0,0,0,0,0,0,65532,26624
517,1100,0,0,0,0,2,5,5,7,2,0,11776,0,65493,64,32768,14,920,731,0,0,32,0,0,0,0,0,0,0,0,0,64,0,0,880,1024,32768,0,920,64,0,0,0,44,0,0,0,4,26688
518,1000,0,0,0,0,2,5,5,7,2,0,0,0,0,64,32768,0,952,756,0,0,32,0,0,0,0,0,0,0,0,0,64,0,0,912,256,0,0,952,64,0,0,0,0,0,0,0,65532,26624
518,1100,0,0,0,0,2,5,5,7,2,0,768,0,65489,64,32768,14,920,731,0,0,32,0,0,0,0,0,0,0,0,0,64,0,0,880,1024,32768,0,920,64,0,0,0,48,0,0,0,4,26688
519,1000,0,0,0,0,2,5,5,7,2,0,0,0,0,64,32768,0,952,756,0,0,32,0,0,0,0,0,0,0,0,0,64,0,0,912,256,0,0,952,64,0,0,0,0,0,0,0,65532,26624
519,1100,0,0,0,0,2,5,5,7,2,0,54272,0,65485,64,32768,14,920,730,0,0,32,0,0,0,0,0,0,0,0,0,64,0,0,880,1024,32768,0,920,64,0,0,0,52,0,0,0,4,26688
520,1000,0,0,0,0,2,5,5,7,2,0,0,0,0,64,32768,0,952,756,0,0,32,0,0,0,0,0,0,0,0,0,64,0,0,912,256,0,0,952,64,0,0,0,0,0,0,0,65532,26624
520,1100,0,0,0,0,2,5,5,7,2,0,41216,0,65481,64,32768,14,920,730,0,0,32,0,0,0,0,0,0,0,0,0,64,0,0,880,1024,32768,0,920,64,0,0,0,56,0,0,0,4,26688
521,1000,0,0,0,0,2,5,5,7,2,0,0,0,0,64,32768,0,952,756,0,0,32,0,0,0,0,0,0,0,0,0,64,0,0,912,256,0,0,952,64,0,0,0,0,0,0,0,65532,26624
521,1100,0,0,0,0,2,5,5,7,2,0,27136,0,65477,64,32768,14,920,730,0,0,32,0,0,0,0,0,0,0,0,0,64,0,0,880,1024,32768,0,920,64,0,0,0,60,0,0,0,4,26688
522,1000,0,0,0,0,2,5,5,7,2,0,0,0,0,64,32768,0,952,756,0,0,32,0,0,0,0,0,0,0,0,0,64,0,0,912,256,0,0,952,64,0,0,0,0,0,0,0,65532,26624
522,1100,0,0,0,0,2,5,5,7,2,0,12032,0,65473,64,32768,14,920,730,0,0,32,0,0,0,0,0,0,0,0,0,64,0,0,880,1536,32768,0,920,64,0,0,0,64,0,0,0,12,26688
523,1000,0,0,0,0,2,5,5,7,2,0,0,0,0,64,32768,0,952,756,0,0,32,0,0,0,0,0,0,0,0,0,64,0,0,912,256,0,0,952,64,0,0,0,0,0,0,0,65532,26624
523,1100,0,0,0,0,2,5,5,7,2,0,61440,0,65461,64,32768,14,920,729,0,0,32,0,0,0,0,0,0,0,0,0,64,0,0,880,1536,32768,0,920,64,0,0,0,76,0,0,0,12,26688
524,1000,0,0,0,0,2,5,5,7,2,0,0,0,0,64,32768,0,952,756,0,0,32,0,0,0,0,0,0,0,0,0,64,0,0,912,256,0,0,952,64,0,0,0,0,0,0,0,65532,26624
524,1100,0,0,0,0,2,5,5,7,2,0,42240,0,65449,64,32768,14,920,729,0,0,32,0,0,0,0,0,0,0,0,0,64,0,0,880,1536,32768,0,920,64,0,0,0,88,0,0,0,12,26688
525,1000,0,0,0,0,2,5,5,7,2,0,0,0,0,64,32768,0,952,756,0,0,32,0,0,0,0,0,0,0,0,0,64,0,0,912,256,0,0,952,64,0,0,0,0,0,0,0,65532,26624
525,1100,0,0,0,0,2,5,5,7,2,0,19968,0,65437,64,32768,14,920,729,0,0,32,0,0,0,0,0,0,0,0,0,64,0,0,880,1536,32768,0,920,64,0,0,0,100,0,0,0,12,26688
526,1000,0,0,0,0,2,5,5,7,2,0,0,0,0,64,32768,0,952,756,0,0,32,0,0,0,0,0,0,0,0,0,64,0,0,912,256,0,0,952,64,0,0,0,0,0,0,0,65532,26624
526,1100,0,0,0,0,2,5,5,7,2,0,60160,0,65425,64,32768,14,920,728,0,0,32,0,0,0,0,0,0,0,0,0,64,0,0,880,1536,32768,0,920,64,0,0,0,112,0,0,0,12,26688
527,1000,0,0,0,0,2,5,5,7,2,0,0,0,0,64,32768,0,952,756,0,0,32,0,0,0,0,0,0,0,0,0,64,0,0,912,256,0,0,952,64,0,0,0,0,0,0,0,65532,26624
527,1100,0,0,0,0,2,5,5,7,2,0,31744,0,65413,64,32768,14,920,728,0,0,32,0,0,0,0,0,0,0,0,0,64,0,0,880,1536,32768,0,920,64,0,0,0,124,0,0,0,12,26688
528,1000,0,0,0,0,2,5,5,7,2,0,0,0,0,64,32768,0,952,756,0,0,32,0,0,0,0,0,0,0,0,0,64,0,0,912,256,0,0,952,64,0,0,0,0,0,0,0,65532,26624
528,1100,0,0,0,0,2,5,5,7,2,0,256,0,65401,64,32768,14,920,728,0,0,32,0,0,0,0,0,0,0,0,0,64,0,0,880,1536,32768,0,920,64,0,0,0,136,0,0,0,15,26688
529,1000,0,0,0,0,2,5,5,7,2,0,0,0,0,64,32768,0,952,756,0,0,32,0,0,0,0,0,0,0,0,0,64,0,0,912,256,0,0,952,64,0,0,0,0,0,0,0,65532,26624
529,1100,0,0,0,0,2,5,5,7,2,0,31232,0,65386,64,32768,14,920,727,0,0,32,0,0,0,0,0,0,0,0,0,64,0,0,880,1536,32768,0,920,64,0,0,0,151,0,0,61440,15,26688
530,1000,0,0,0,0,2,5,5,7,2,0,0,0,0,64,32768,0,952,756,0,0,32,0,0,0,0,0,0,0,0,0,64,0,0,912,256,0,0,952,64,0,0,0,0,0,0,0,65532,26624
530,1100,0,0,0,0,2,5,5,7,2,0,58368,0,65370,64,32768,14,920,726,0,0,32,0,0,0,0,0,0,0,0,0,64,0,0,880,2048,32768,0,920,64,0,0,0,167,0,0,57344,15,26688
531,1000,0,512,0,0,2,5,5,7,2,0,0,0,0,64,32768,0,952,756,0,0,32,0,0,0,0,0,0,0,0,0,64,0,0,912,256,0,0,952,64,0,0,0,0,0,0,0,65532,26624
531,1100,0,512,0,0,2,5,5,7,2,0,15872,0,65354,64,32768,14,920,726,0,0,32,0,0,0,0,0,0,0,0,0,64,0,65448,880,2048,33282,0,920,64,0,0,0,183,0,0,53248,15,26688
532,1000,0,0,0,0,2,5,5,7,2,0,0,0,0,64,32768,0,952,756,0,0,32,0,0,0,0,0,0,0,0,0,64,0,0,912,256,0,0,952,64,0,0,0,0,0,0,0,65532,26624
532,1100,0,0,0,0,2,5,5,7,2,0,34816,0,65338,64,32768,14,920,725,0,0,32,65525,0,0,65525,65525,0,0,0,0,64,0,65360,880,2048,33280,0,920,64,0,0,0,199,0,0,49152,15,26688
533,1000,0,0,0,0,2,5,5,7,2,0,0,0,0,64,32768,0,952,756,0,0,32,0,0,0,0,0,0,0,0,0,64,0,0,912,256,0,0,952,64,0,0,0,0,0,0,0,65532,26624
533,1100,0,0,0,0,2,5,5,7,2,0,49664,65535,65322,64,32768,14,920,724,0,0,32,65503,0,0,65503,65503,0,0,0,0,64,0,65272,880,2048,33280,0,920,64,0,0,0,215,0,0,45056,15,26688
534,1000,0,0,0,0,2,5,5,7,2,0,0,0,0,64,32768,0,952,756,0,0,32,0,0,0,0,0,0,0,0,0,64,0,0,912,256,0,0,952,64,0,0,0,0,0,0,0,65532,26624
534,1100,0,0,0,0,2,5,5,7,2,65280,60416,65535,65306,64,32768,14,919,723,0,0,32,65470,0,0,65470,65470,0,0,0,0,64,0,65184,880,2048,33280,0,920,64,0,0,0,231,0,0,40960,15,26688
535,1000,0,0,0,0,2,5,5,7,2,0,0,0,0,64,32768,0,952,756,0,0,32,0,0,0,0,0,0,0,0,0,64,0,0,912,256,0,0,952,64,0,0,0,0,0,0,0,65532,26624
535,1100,0,0,0,0,2,5,5,7,2,65024,1536,65534,65290,64,32768,14,919,723,0,0,32,65426,0,0,65426,65426,0,0,0,0,64,0,65096,880,2048,33280,0,920,64,0,0,0,247,0,0,36864,15,26688
536,1000,0,0,0,0,2,5,5,7,2,0,0,0,0,64,32768,0,952,756,0,0,32,0,0,0,0,0,0,0,0,0,64,0,0,912,256,0,0,952,64,0,0,0,0,0,0,0,65532,26624
536,1100,0,0,0,0,2,5,5,7,2,64512,4096,65533,65274,64,32768,14,919,722,0,0,32,65371,0,0,65371,65371,0,0,0,0,64,0,65008,880,2048,33280,0,920,64,0,0,0,263,0,0,32768,12,26688
537,1000,0,0,0,0,2,5,5,7,2,0,0,0,0,64,32768,0,952,756,0,0,32,0,0,0,0,0,0,0,0,0,64,0,0,912,256,0,0,952,64,0,0,0,0,0,0,0,65532,26624
537,1100,0,0,0,0,2,5,5,7,2,63744,2560,65531,65262,64,32768,14,919,721,0,0,32,65305,0,0,65305,65305,0,0,0,0,64,0,64920,880,2048,33280,0,920,64,0,0,0,275,0,0,32768,12,26688
538,1000,0,0,0,0,2,5,5,7,2,0,0,0,0,64,32768,0,952,756,0,0,32,0,0,0,0,0,0,0,0,0,64,0,0,912,256,32768,0,952,64,0,0,0,0,0,0,0,2,26624
538,1100,0,0,0,0,2,5,5,7,2,62464,63488,65529,65250,64,32768,14,919,719,0,0,32,65228,0,0,65228,65228,0,0,0,0,64,0,64832,880,2560,33280,0,920,64,0,0,0,287,0,0,32768,12,26688
539,1000,0,0,0,0,2,5,5,7,2,0,0,0,65535,64,32768,0,952,756,0,0,32,0,0,0,0,0,0,0,0,0,64,0,0,912,256,32768,0,952,64,0,0,0,2,0,0,0,2,26624
539,1100,0,0,0,0,2,5,5,7,2,60672,55808,65527,65238,64,32768,14,919,718,0,0,32,65140,0,0,65140,65140,0,0,0,0,64,0,64744,880,2560,33280,0,920,64,0,0,0,299,0,0,32768,12,26688
540,1000,0,0,0,0,2,5,5,7,2,0,65280,0,65533,64,32768,0,952,755,0,0,32,0,0,0,0,0,0,0,0,0,64,0,0,912,256,32768,0,952,64,0,0,0,4,0,0,0,2,26624
540,1100,0,0,0,0,2,5,5,7,2,58368,45056,65524,65226,64,32768,14,919,717,0,0,32,65041,0,0,65041,65041,0,0,0,0,64,0,64656,880,2560,33280,0,920,64,0,0,0,311,0,0,32768,12,26688
541,1000,0,0,0,0,2,5,5,7,2,0,64512,0,65531,64,32768,0,952,755,0,0,32,0,0,0,0,0,0,0,0,0,64,0,0,912,256,32768,0,952,64,0,0,0,6,0,0,0,2,26624
541,1100,0,0,0,0,2,5,5,7,2,55296,31232,65520,65214,64,32768,14,919,716,0,0,32,64931,0,0,64931,64931,0,0,0,0,64,0,64568,880,2560,33280,0,920,64,0,0,0,323,0,0,32768,12,26688
542,1000,0,0,0,0,2,5,5,7,2,0,63232,0,65529,64,32768,0,952,755,0,0,32,0,0,0,0,0,0,0,0,0,64,0,0,912,256,32768,0,952,64,0,0,0,8,0,0,0,2,26624
542,1100,0,0,0,0,2,5,5,7,2,51200,14336,65516,65202,64,32768,14,919,715,0,0,32,64810,0,0,64810,64810,0,0,0,0,64,0,64480,880,2560,33280,0,920,64,0,0,0,335,0,0,32768,12,26688
543,1000,0,0,0,0,2,5,5,7,2,0,61440,0,65527,64,32768,0,952,755,0,0,32,0,0,0,0,0,0,0,0,0,64,0,0,912,256,32768,0,952,64,0,0,0,10,0,0,0,2,26624
543,1100,0,0,0,0,2,5,5,7,2,46080,59904,65511,65190,64,32768,14,919,713,0,0,32,64678,0,0,64678,64678,0,0,0,0,64,0,64392,880,2560,33280,0,920,64,0,0,0,347,0,0,32768,12,26688
544,1000,0,0,0,0,2,5,5,7,2,0,59136,0,65525,64,32768,0,952,755,0,0,32,0,0,0,0,0,0,0,0,0,64,0,0,912,256,32768,0,952,64,0,0,0,12,0,0,0,2,26624
544,1100,0,0,0,0,2,5,5,7,2,39680,36864,65506,65179,64,32768,14,919,712,0,0,32,64535,0,0,64535,64535,0,0,0,0,64,0,64304,880,2560,33280,0,920,64,0,0,0,359,0,0,32768,12,26688
545,1000,0,0,0,0,2,5,5,7,2,0,56320,0,65523,64,32768,0,952,755,0,0,32,0,0,0,0,0,0,0,0,0,64,0,0,912,768,32768,0,952,64,0,0,0,14,0,0,0,2,26624
545,1100,0,0,0,0,2,5,5,7,2,32000,11008,65500,65167,64,32768,14,919,711,0,0,32,64381,0,0,64381,64381,0,0,0,0,64,0,64216,880,2560,33280,0,920,64,0,0,0,371,0,0,32768,12,26688
546,1000,0,0,0,0,2,5,5,7,2,0,52992,0,65521,64,32768,0,952,755,0,0,32,0,0,0,0,0,0,0,0,0,64,0,0,912,768,32768,0,952,64,0,0,0,16,0,0,0,2,26624
546,1100,0,0,0,0,2,5,5,7,2,22784,47616,65493,65156,64,32768,14,919,709,0,0,32,64216,0,0,64216,64216,0,0,0,0,64,0,64128,880,3072,33280,0,920,64,0,0,0,383,0,0,32768,12,26688
547,1000,0,0,0,0,2,5,5,7,2,0,49152,0,65519,64,32768,0,952,755,0,0,32,0,0,0,0,0,0,0,0,0,64,0,0,912,768,32768,0,952,64,0,0,0,18,0,0,0,2,26624
547,1100,0,0,0,0,2,5,5,7,2,11776,15872,65486,65145,64,32768,14,919,708,0,0,32,64040,0,0,64040,64040,0,0,0,0,64,0,64040,880,3072,33280,0,920,64,0,0,0,395,0,0,32768,12,26688
548,1000,0,0,0,0,2,5,5,7,2,0,44800,0,65517,64,32768,0,952,755,0,0,32,0,0,0,0,0,0,0,0,0,64,0,0,912,768,32768,0,952,64,0,0,0,20,0,0,0,2,26624
548,1100,0,0,0,0,2,5,5,7,2,64512,46848,65477,65134,64,32768,14,918,706,0,0,32,63853,0,0,63853,63853,0,0,0,0,64,0,63952,880,3072,33280,0,920,64,0,0,0,407,0,0,32768,12,26688
549,1000,0,0,0,0,2,5,5,7,2,0,39936,0,65515,64,32768,0,952,755,0,0,32,0,0,0,0,0,0,0,0,0,64,0,0,912,768,32768,0,952,64,0,0,0,22,0,0,0,2,26624
549,1100,0,0,0,0,2,5,5,7,2,49408,9472,65468,65123,64,32768,14,918,705,0,0,32,63655,0,0,63655,63655,0,0,0,0,64,0,63864,880,3072,33280,0,920,64,0,0,0,419,0,0,32768,12,26688
550,1000,0,0,0,0,2,5,5,7,2,0,34560,0,65513,64,32768,0,952,755,0,0,32,0,0,0,0,0,0,0,0,0,64,0,0,912,768,32768,0,952,64,0,0,0,24,0,0,0,2,26624
550,1100,0,0,0,0,2,5,5,7,2,32000,34816,65458,65112,64,32768,14,918,703,0,0,32,63446,0,0,63446,63446,0,0,0,0,64,0,63992,880,3072,32768,0,920,64,0,0,0,431,0,0,32768,12,26688
551,1000,0,0,0,0,2,5,5,7,2,0,28672,0,65511,64,32768,0,952,755,0,0,32,0,0,0,0,0,0,0,0,0,64,0,0,912,768,32768,0,952,64,0,0,0,26,0,0,0,2,26624
551,1100,0,0,0,0,2,5,5,7,2,12032,57344,65447,65102,64,32768,14,918,701,0,0,32,63253,0,0,63253,63253,0,0,0,0,64,0,64120,880,3072,32768,0,920,64,0,0,0,443,0,0,32768,12,26688
552,1000,0,0,0,0,2,5,5,7,2,0,22272,0,65509,64,32768,0,952,755,0,0,32,0,0,0,0,0,0,0,0,0,64,0,0,912,768,32768,0,952,64,0,0,0,28,0,0,0,2,26624
552,1100,0,0,0,0,2,5,5,7,2,54784,11776,65437,65092,64,32768,14,917,700,0,0,32,63076,0,0,63076,63076,0,0,0,0,64,0,64248,880,3072,32768,0,920,64,0,0,0,455,0,0,32768,8,26688
553,1000,0,0,0,0,2,5,5,7,2,0,15360,0,65507,64,32768,0,952,755,0,0,32,0,0,0,0,0,0,0,0,0,64,0,0,912,1280,32768,0,952,64,0,0,0,30,0,0,0,2,26624
553,1100,0,0,0,0,2,5,5,7,2,29440,29184,65427,65086,64,32768,14,917,698,0,0,32,62915,0,0,62915,62915,0,0,0,0,64,0,64376,880,3072,32768,0,920,64,0,0,0,463,0,0,32768,8,26688
554,1000,0,0,0,0,2,5,5,7,2,0,7936,0,65505,64,32768,0,952,755,0,0,32,0,0,0,0,0,0,0,0,0,64,0,0,912,1280,32768,0,952,64,0,0,0,32,0,0,0,2,26624
554,1100,0,0,0,0,2,5,5,7,2,1536,45056,65418,65080,64,32768,14,917,696,0,0,32,62770,0,0,62770,62770,0,0,0,0,64,0,64504,880,3584,32768,0,920,64,0,0,0,471,0,0,32768,8,26688
555,1000,0,0,0,0,2,5,5,7,2,0,0,0,65503,64,32768,0,952,755,0,0,32,0,0,0,0,0,0,0,0,0,64,0,0,912,1280,32768,0,952,64,0,0,0,34,0,0,0,2,26624
555,1100,0,0,0,0,2,5,5,7,2,36864,59392,65410,65074,64,32768,14,916,694,0,0,32,62641,0,0,62641,62641,0,0,0,0,64,0,64632,880,3584,32768,0,920,64,0,0,0,479,0,0,32768,8,26688
556,1000,0,0,0,0,2,5,5,7,2,0,57088,0,65501,64,32768,0,952,754,0,0,32,0,0,0,0,0,0,0,0,0,64,0,0,912,1280,32768,0,952,64,0,0,0,36,0,0,0,2,26624
556,1100,0,0,0,0,2,5,5,7,2,4608,6656,65402,65068,64,32768,14,916,693,0,0,32,62528,0,0,62528,62528,0,0,0,0,64,0,64760,880,3584,32768,0,920,64,0,0,0,487,0,0,32768,8,26688
557,1000,0,256,0,0,2,5,5,7,2,0,48128,0,65499,64,32768,0,952,754,0,0,32,0,0,0,0,0,0,0,0,0,64,0,0,912,1280,32768,0,952,64,0,0,0,38,0,0,0,2,26624
557,1100,0,256,0,0,2,5,5,7,2,35840,17920,65395,65062,64,32768,14,915,691,0,0,32,62431,0,0,62431,62431,0,0,0,0,64,0,64912,880,3584,33025,0,920,64,0,0,0,495,0,0,32768,8,26688
558,1000,0,0,0,0,2,5,5,7,2,0,38656,0,65497,64,32768,0,952,754,0,0,32,0,0,0,0,0,0,0,0,0,64,0,0,912,1280,32768,0,952,64,0,0,0,40,0,0,0,2,26624
558,1100,0,0,0,0,2,5,5,7,2,65280,27648,65388,65056,64,32768,14,914,689,0,0,32,62353,0,0,62353,62353,0,0,0,0,64,0,65064,880,3584,33024,0,920,64,0,0,0,503,0,0,32768,8,26688
559,1000,0,0,0,0,2,5,5,7,2,0,28672,0,65495,64,32768,0,952,754,0,0,32,0,0,0,0,0,0,0,0,0,64,0,0,912,1280,32768,0,952,64,0,0,0,42,0,0,0,2,26624
559,1100,0,0,0,0,2,5,5,7,2,27392,35840,65382,65049,64,32768,14,914,687,0,0,32,62294,0,0,62294,62294,0,0,0,0,64,0,65216,880,3584,33024,0,920,64,0,0,0,511,0,0,32768,8,26688
560,1000,0,0,0,0,2,5,5,7,2,0,18176,0,65493,64,32768,0,952,754,0,0,32,0,0,0,0,0,0,0,0,0,64,0,0,912,1280,32768,0,952,64,0,0,0,44,0,0,0,2,26624
560,1100,0,0,0,0,2,5,5,7,2,53504,42240,65377,65042,64,32768,14,913,685,0,0,32,62254,0,0,62254,62254,0,0,0,0,64,0,65368,880,3584,33024,0,920,64,0,0,0,519,0,0,32768,8,26688
561,1000,0,0,0,0,2,5,5,7,2,0,7168,0,65491,64,32768,0,952,754,0,0,32,0,0,0,0,0,0,0,0,0,64,0,0,912,1792,32768,0,952,64,0,0,0,46,0,0,0,2,26624
561,1100,0,0,0,0,2,5,5,7,2,12800,46848,65372,65035,64,32768,14,913,683,0,0,32,62233,0,0,62233,62233,0,0,0,0,64,0,65520,880,3584,33024,0,920,64,0,0,0,527,0,0,32768,8,26688
562,1000,0,0,0,0,2,5,5,7,2,0,61184,0,65489,64,32768,0,952,753,0,0,32,0,0,0,0,0,0,0,0,0,64,0,0,912,1792,32768,0,952,64,0,0,0,48,0,0,0,2,26624
562,1100,0,0,0,0,2,5,5,7,2,36352,49664,65369,65028,64,32768,14,912,681,0,0,32,62231,0,0,62231,62231,0,0,0,0,64,0,136,880,4096,33024,0,920,64,0,0,0,535,0,0,32768,8,26688
563,1000,0,0,0,0,2,5,5,7,2,0,49152,0,65487,64,32768,0,952,753,0,0,32,0,0,0,0,0,0,0,0,0,64,0,0,912,1792,32768,0,952,64,0,0,0,50,0,0,0,2,26624
563,1100,0,0,0,0,2,5,5,7,2,59136,50688,65366,65020,64,32768,14,911,679,0,0,32,62248,0,0,62248,62248,0,0,0,0,64,0,224,880,4096,33024,0,920,64,0,0,0,543,0,0,32768,8,26688
564,1000,0,0,0,0,2,5,5,7,2,0,36608,0,65485,64,32768,0,952,753,0,0,32,0,0,0,0,0,0,0,0,0,64,0,0,912,1792,32768,0,952,64,0,0,0,52,0,0,0,2,26624
564,1100,0,0,0,0,2,5,5,7,2,15616,49664,65365,65013,64,32768,14,911,677,0,0,32,62276,0,0,62276,62276,0,0,0,0,64,0,312,880,4096,33024,0,920,64,0,0,0,551,0,0,32768,8,26688
565,1000,0,0,0,0,2,5,5,7,2,0,23552,0,65483,64,32768,0,952,753,0,0,32,0,0,0,0,0,0,0,0,0,64,0,0,912,1792,32768,0,952,64,0,0,0,54,0,0,0,2,26624
565,1100,0,0,0,0,2,5,5,7,2,37376,46848,65364,65004,64,32768,14,910,675,0,0,32,62315,0,0,62315,62315,0,0,0,0,64,0,400,880,4096,33024,0,920,64,0,0,0,559,0,0,32768,8,26688
566,1000,0,0,0,0,2,5,5,7,2,0,9984,0,65481,64,32768,0,952,753,0,0,32,0,0,0,0,0,0,0,0,0,64,0,0,912,1792,32768,0,952,64,0,0,0,56,0,0,0,2,26624
566,1100,0,0,0,0,2,5,5,7,2,58880,41728,65363,64996,64,32768,14,909,673,0,0,32,62365,0,0,62365,62365,0,0,0,0,64,0,488,880,4096,256,0,920,64,0,0,0,567,0,0,32768,65528,26688
567,1000,0,0,0,0,2,5,5,7,2,0,61440,0,65479,64,32768,0,952,752,0,0,32,0,0,0,0,0,0,0,0,0,64,0,0,912,1792,32768,0,952,64,0,0,0,58,0,0,0,2,26624
567,1100,0,0,0,0,2,5,5,7,2,14592,34560,65368,65003,64,32768,14,909,671,0,0,32,62426,0,0,62426,62426,0,0,0,0,64,0,576,880,4096,256,0,920,64,0,0,0,559,0,0,32768,65528,26688
568,1000,0,0,0,0,2,5,5,7,2,0,46848,0,65477,64,32768,0,952,752,0,0,32,0,0,0,0,0,0,0,0,0,64,0,0,912,1792,32768,0,952,64,0,0,0,60,0,0,0,2,26624
568,1100,0,0,0,0,2,5,5,7,2,37120,29184,65374,65010,64,32768,14,908,669,0,0,32,62498,0,0,62498,62498,0,0,0,0,64,0,664,880,4096,256,0,920,64,0,0,0,551,0,0,32768,65528,26688
569,1000,0,0,0,0,2,5,5,7,2,0,31744,0,65475,64,32768,0,952,752,0,0,32,0,0,0,0,0,0,0,0,0,64,0,0,912,2304,32768,0,952,64,0,0,0,62,0,0,0,2,26624
569,1100,0,0,0,0,2,5,5,7,2,61184,25600,65380,65016,64,32768,14,907,667,0,0,32,62581,0,0,62581,62581,0,0,0,0,64,0,752,880,4096,256,0,920,64,0,0,0,543,0,0,32768,65528,26688
570,1000,0,0,0,0,2,5,5,7,2,0,16128,0,65473,64,32768,0,952,752,0,0,32,0,0,0,0,0,0,0,0,0,64,0,0,912,2304,32768,0,952,64,0,0,0,64,0,0,0,6,26624
570,1100,0,0,0,0,2,5,5,7,2,21248,23552,65386,65023,64,32768,14,907,665,0,0,32,62675,0,0,62675,62675,0,0,0,0,64,0,840,880,3456,256,0,920,64,0,0,0,535,0,0,32768,65528,26688
571,1000,0,0,0,0,2,5,5,7,2,0,0,0,65467,64,32768,0,952,752,0,0,32,0,0,0,0,0,0,0,0,0,64,0,0,912,2304,32768,0,952,64,0,0,0,70,0,0,0,6,26624
571,1100,0,0,0,0,2,5,5,7,2,48384,23296,65393,65029,64,32768,14,906,663,0,0,32,62780,0,0,62780,62780,0,0,0,0,64,0,928,880,3456,256,0,920,64,0,0,0,527,0,0,32768,65528,26688
572,1000,0,0,0,0,2,5,5,7,2,0,47872,0,65461,64,32768,0,952,751,0,0,32,0,0,0,0,0,0,0,0,0,64,0,0,912,2304,32768,0,952,64,0,0,0,76,0,0,0,6,26624
572,1100,0,0,0,0,2,5,5,7,2,11776,24576,65400,65035,64,32768,14,906,661,0,0,32,62896,0,0,62896,62896,0,0,0,0,64,0,1016,880,3456,33024,0,920,64,0,0,0,519,0,0,32768,8,26688
573,1000,0,0,0,0,2,5,5,7,2,0,28672,0,65455,64,32768,0,952,751,0,0,32,0,0,0,0,0,0,0,0,0,64,0,0,912,2304,32768,0,952,64,0,0,0,82,0,0,0,6,26624
573,1100,0,0,0,0,2,5,5,7,2,42496,27392,65404,65026,64,32768,14,905,659,0,0,32,63023,0,0,63023,63023,0,0,0,0,64,0,1104,880,3456,33024,0,920,64,0,0,0,527,0,0,32768,8,26688
574,1000,0,0,0,0,2,5,5,7,2,0,7936,0,65449,64,32768,0,952,751,0,0,32,0,0,0,0,0,0,0,0,0,64,0,0,912,2304,32768,0,952,64,0,0,0,88,0,0,0,6,26624
574,1100,0,0,0,0,2,5,5,7,2,8704,27904,65408,65017,64,32768,14,905,657,0,0,32,63161,0,0,63161,63161,0,0,0,0,64,0,1192,880,3456,33024,0,920,64,0,0,0,535,0,0,32768,8,26688
575,1000,0,0,0,0,2,5,5,7,2,0,51200,0,65443,64,32768,0,952,750,0,0,32,0,0,0,0,0,0,0,0,0,64,0,0,912,2304,32768,0,952,64,0,0,0,94,0,0,0,6,26624
575,1100,0,0,0,0,2,5,5,7,2,41472,26112,65413,65008,64,32768,14,904,655,0,0,32,63310,0,0,63310,63310,0,0,0,0,64,0,1280,880,3456,33024,0,920,64,0,0,0,543,0,0,32768,8,26688
576,1000,0,0,0,0,2,5,5,7,2,0,27392,0,65437,64,32768,0,952,750,0,0,32,0,0,0,0,0,0,0,0,0,64,0,0,912,2304,32768,0,952,64,0,0,0,100,0,0,0,6,26624
576,1100,0,0,0,0,2,5,5,7,2,9984,22016,65419,64998,64,32768,14,904,653,0,0,32,63470,0,0,63470,63470,0,0,0,0,64,0,1368,880,3456,33024,0,920,64,0,0,0,551,0,0,32768,8,26688
577,1000,0,0,0,0,2,5,5,7,2,0,2048,0,65431,64,32768,0,952,750,0,0,32,0,0,0,0,0,0,0,0,0,64,0,0,912,2816,32768,0,952,64,0,0,0,106,0,0,0,6,26624
577,1100,0,0,0,0,2,5,5,7,2,45568,15360,65426,64988,64,32768,14,903,651,0,0,32,63641,0,0,63641,63641,0,0,0,0,64,0,1456,880,3456,33024,0,920,64,0,0,0,559,0,0,32768,8,26688
578,1000,0,0,0,0,2,5,5,7,2,0,40704,0,65425,64,32768,0,952,749,0,0,32,0,0,0,0,0,0,0,0,0,64,0,0,912,2816,32768,0,952,64,0,0,0,112,0,0,0,6,26624
578,1100,0,0,0,0,2,5,5,7,2,17408,6144,65433,64979,64,32768,14,903,649,0,0,32,63823,0,0,63823,63823,0,0,0,0,64,0,1544,880,3968,33024,0,920,64,0,0,0,567,0,0,32768,8,26688
579,1000,0,0,0,0,2,5,5,7,2,0,12288,0,65419,64,32768,0,952,749,0,0,32,0,0,0,0,0,0,0,0,0,64,0,0,912,2816,32768,0,952,64,0,0,0,118,0,0,0,6,26624
579,1100,0,0,0,0,2,5,5,7,2,56576,60160,65441,64969,64,32768,14,902,646,0,0,32,64016,0,0,64016,64016,0,0,0,0,64,0,1632,880,3968,33024,0,920,64,0,0,0,575,0,0,32768,8,26688
580,1000,0,0,0,0,2,5,5,7,2,0,47872,0,65413,64,32768,0,952,748,0,0,32,0,0,0,0,0,0,0,0,0,64,0,0,912,2816,32768,0,952,64,0,0,0,124,0,0,0,6,26624
580,1100,0,0,0,0,2,5,5,7,2,32256,46080,65451,64960,64,32768,14,902,644,0,0,32,64220,0,0,64220,64220,0,0,0,0,64,0,1720,880,3968,33024,0,920,64,0,0,0,583,0,0,32768,4,26688
581,1000,0,0,0,0,2,5,5,7,2,0,16384,0,65407,64,32768,0,952,748,0,0,32,0,0,0,0,0,0,0,0,0,64,0,0,912,2816,32768,0,952,64,0,0,0,130,0,0,0,4,26624
581,1100,0,0,0,0,2,5,5,7,2,10496,29696,65462,64954,64,32768,14,902,642,0,0,32,64435,0,0,64435,64435,0,0,0,0,64,0,1808,880,3968,33024,0,920,64,0,0,0,587,0,0,32768,4,26688
582,1000,0,0,0,0,2,5,5,7,2,0,48896,0,65403,64,32768,0,952,747,0,0,32,0,0,0,0,0,0,0,0,0,64,0,0,912,2816,32768,0,952,64,0,0,0,134,0,0,0,4,26624
582,1100,0,0,0,0,2,5,5,7,2,57088,11776,65473,64949,64,32768,14,901,640,0,0,32,64661,0,0,64661,64661,0,0,0,0,64,0,1896,880,3968,33024,0,920,64,0,0,0,591,0,0,32768,4,26688
583,1000,0,0,0,0,2,5,5,7,2,0,14848,0,65399,64,32768,0,952,747,0,0,32,0,0,0,0,0,0,0,0,0,64,0,0,912,2816,32768,0,952,64,0,0,0,138,0,0,0,4,26624
583,1100,0,0,0,0,2,5,5,7,2,40960,58112,65486,64944,64,32768,14,901,637,0,0,32,64898,0,0,64898,64898,0,0,0,0,64,0,1984,880,3968,33024,0,920,64,0,0,0,595,0,0,32768,4,26688
584,1000,0,0,0,0,2,5,5,7,2,0,45312,0,65395,64,32768,0,952,746,0,0,32,0,0,0,0,0,0,0,0,0,64,0,0,912,2816,32768,0,952,64,0,0,0,142,0,0,0,4,26624
584,1100,0,0,0,0,2,5,5,7,2,28160,37632,65499,64939,64,32768,14,901,635,0,0,32,65146,0,0,65146,65146,0,0,0,0,64,0,1856,880,3968,32768,0,920,64,0,0,0,599,0,0,32768,4,26688
585,1000,0,0,0,0,2,5,5,7,2,0,9216,0,65391,64,32768,0,952,746,0,0,32,0,0,0,0,0,0,0,0,0,64,0,0,912,3328,32768,0,952,64,0,0,0,146,0,0,0,4,26624
585,1100,0,0,0,0,2,5,5,7,2,18688,15872,65513,64934,64,32768,14,901,633,0,0,32,65378,0,0,65378,65378,0,0,0,0,64,0,1728,880,3968,32768,0,920,64,0,0,0,603,0,0,32768,4,26688
586,1000,0,0,0,0,2,5,5,7,2,0,37632,0,65387,64,32768,0,952,745,0,0,32,0,0,0,0,0,0,0,0,0,64,0,0,912,3328,32768,0,952,64,0,0,0,150,0,0,0,4,26624
586,1100,0,0,0,0,2,5,5,7,2,12800,58368,65526,64930,64,32768,14,901,630,0,0,32,58,0,0,58,58,0,0,0,0,64,0,1600,880,4480,32768,0,920,64,0,0,0,607,0,0,32768,4,26688
587,1000,0,0,0,0,2,5,5,7,2,0,65024,0,65383,64,32768,0,952,744,0,0,32,0,0,0,0,0,0,0,0,0,64,0,0,912,3328,32768,0,952,64,0,0,0,154,0,0,0,4,26624
587,1100,0,0,0,0,2,5,5,7,2,10240,34304,3,64926,64,32768,14,901,628,0,0,32,258,0,0,258,258,0,0,0,0,64,0,1472,880,4480,32768,0,920,64,0,0,0,611,0,0,32768,4,26688
588,1000,0,0,0,0,2,5,5,7,2,0,25856,0,65379,64,32768,0,952,744,0,0,32,0,0,0,0,0,0,0,0,0,64,0,0,912,3328,32768,0,952,64,0,0,0,158,0,0,0,4,26624
588,1100,0,0,0,0,2,5,5,7,2,11008,9216,15,64922,64,32768,14,901,626,0,0,32,442,0,0,442,442,0,0,0,0,64,0,1344,880,4480,32768,0,920,64,0,0,0,615,0,0,32768,4,26688
589,1000,0,0,0,0,2,5,5,7,2,0,51200,0,65375,64,32768,0,952,743,0,0,32,0,0,0,0,0,0,0,0,0,64,0,0,912,3328,32768,0,952,64,0,0,0,162,0,0,0,4,26624
589,1100,0,0,0,0,2,5,5,7,2,14848,48640,26,64918,64,32768,14,901,623,0,0,32,610,0,0,610,610,0,0,0,0,64,0,1216,880,4480,32768,0,920,64,0,0,0,619,0,0,32768,4,26688
590,1000,0,512,0,0,2,5,5,7,2,0,9984,0,65371,64,32768,0,952,743,0,0,32,0,0,0,0,0,0,0,0,0,64,0,0,912,3328,32768,0,952,64,0,0,0,166,0,0,0,4,26624
590,1100,0,512,0,0,2,5,5,7,2,21504,21504,36,64915,64,32768,14,901,621,0,0,32,762,0,0,762,762,0,0,0,0,64,0,1064,880,4480,33282,0,920,64,0,0,0,623,0,0,32768,4,26688
591,1000,0,0,0,0,2,5,5,7,2,0,33280,0,65367,64,32768,0,952,742,0,0,32,0,0,0,0,0,0,0,0,0,64,0,0,912,3328,32768,0,952,64,0,0,0,170,0,0,0,4,26624
591,1100,0,0,0,0,2,5,5,7,2,30720,59136,45,64911,64,32768,14,901,618,0,0,32,895,0,0,895,895,0,0,0,0,64,0,912,880,4480,33280,0,920,64,0,0,0,627,0,0,32768,4,26688
592,1000,0,0,0,0,2,5,5,7,2,0,55552,0,65363,64,32768,0,952,741,0,0,32,0,0,0,0,0,0,0,0,0,64,0,0,912,3328,32768,0,952,64,0,0,0,174,0,0,0,4,26624
592,1100,0,0,0,0,2,5,5,7,2,42240,30208,54,64908,64,32768,14,901,616,0,0,32,1009,0,0,1009,1009,0,0,0,0,64,0,760,880,4480,33280,0,920,64,0,0,0,631,0,0,32768,4,26688
593,1000,0,0,0,0,2,5,5,7,2,0,11264,0,65359,64,32768,0,952,741,0,0,32,0,0,0,0,0,0,0,0,0,64,0,0,912,3840,32768,0,952,64,0,0,0,178,0,0,0,4,26624
593,1100,0,0,0,0,2,5,5,7,2,56064,512,61,64904,64,32768,14,901,614,0,0,32,1104,0,0,1104,1104,0,0,0,0,64,0,608,880,4480,33280,0,920,64,0,0,0,635,0,0,32768,4,26688
594,1000,0,0,0,0,2,5,5,7,2,0,31488,0,65355,64,32768,0,952,740,0,0,32,0,0,0,0,0,0,0,0,0,64,0,0,912,3840,32768,0,952,64,0,0,0,182,0,0,0,4,26624
594,1100,0,0,0,0,2,5,5,7,2,6144,35328,67,64901,64,32768,14,902,611,0,0,32,1180,0,0,1180,1180,0,0,0,0,64,0,456,880,4992,33280,0,920,64,0,0,0,639,0,0,32768,4,26688
595,1000,0,0,0,0,2,5,5,7,2,0,50688,0,65351,64,32768,0,952,739,0,0,32,0,0,0,0,0,0,0,0,0,64,0,0,912,3840,32768,0,952,64,0,0,0,186,0,0,0,4,26624
595,1100,0,0,0,0,2,5,5,7,2,23296,3840,72,64898,64,32768,14,902,609,0,0,32,1237,0,0,1237,1237,0,0,0,0,64,0,304,880,4992,33280,0,920,64,0,0,0,643,0,0,32768,4,26688
596,1000,0,0,0,0,2,5,5,7,2,0,3328,0,65347,64,32768,0,952,739,0,0,32,0,0,0,0,0,0,0,0,0,64,0,0,912,3840,32768,0,952,64,0,0,0,190,0,0,0,4,26624
596,1100,0,0,0,0,2,5,5,7,2,41728,37120,76,64894,64,32768,14,902,606,0,0,32,1275,0,0,1275,1275,0,0,0,0,64,0,152,880,4992,33280,0,920,64,0,0,0,647,0,0,32768,4,26688
597,1000,0,0,0,0,2,5,5,7,2,0,20480,0,65343,64,32768,0,952,738,0,0,32,0,0,0,0,0,0,0,0,0,64,0,0,912,3840,32768,0,952,64,0,0,0,194,0,0,0,8,26624
597,1100,0,0,0,0,2,5,5,7,2,61184,3840,79,64890,64,32768,14,902,604,0,0,32,1294,0,0,1294,1294,0,0,0,0,64,0,0,880,4992,33280,0,920,64,0,0,0,651,0,0,32768,4,26688
598,1000,0,0,0,0,2,5,5,7,2,0,36608,0,65335,64,32768,0,952,737,0,0,32,0,0,0,0,0,0,0,0,0,64,0,0,912,3840,32768,0,952,64,0,0,0,202,0,0,0,8,26624
598,1100,0,0,0,0,2,5,5,7,2,15872,35072,81,64887,64,32768,14,903,601,0,0,32,1294,0,0,1294,1294,0,0,0,0,64,0,65448,880,4992,33280,0,920,64,0,0,0,655,0,0,32768,4,26688
599,1000,0,0,0,0,2,5,5,7,2,0,50688,0,65327,64,32768,0,952,736,0,0,32,0,0,0,0,0,0,0,0,0,64,0,0,912,3840,32768,0,952,64,0,0,0,210,0,0,0,8,26624
599,1100,0,0,0,0,2,5,5,7,2,36608,0,81,64883,64,32768,14,903,599,0,0,32,1283,0,0,1283,1283,0,0,0,0,64,0,65360,880,4992,33280,0,920,64,0,0,0,659,0,0,32768,4,26688
600,1000,0,0,0,0,2,5,5,7,2,0,62720,0,65319,64,32768,0,952,735,0,0,32,0,0,0,0,0,0,0,0,0,64,0,0,912,3840,32768,0,952,64,0,0,0,218,0,0,0,8,26624
600,1100,0,0,0,0,2,5,5,7,2,57344,29440,81,64879,64,32768,14,903,596,0,0,32,1261,0,0,1261,1261,0,0,0,0,64,0,65272,880,4992,33280,0,920,64,0,0,0,663,0,0,32768,4,26688
601,1000,0,0,0,0,2,5,5,7,2,0,7168,0,65311,64,32768,0,952,735,0,0,32,0,0,0,0,0,0,0,0,0,64,0,0,912,4352,32768,0,952,64,0,0,0,226,0,0,0,8,26624
601,1100,0,0,0,0,2,5,5,7,2,12544,57856,80,64874,64,32768,14,904,593,0,0,32,1228,0,0,1228,1228,0,0,0,0,64,0,65184,880,4992,33280,0,920,64,0,0,0,667,0,0,32768,4,26688
602,1000,0,0,0,0,2,5,5,7,2,0,15104,0,65303,64,32768,0,952,734,0,0,32,0,0,0,0,0,0,0,0,0,64,0,0,912,4352,32768,0,952,64,0,0,0,234,0,0,0,8,26624
602,1100,0,0,0,0,2,5,5,7,2,33024,19456,78,64870,64,32768,14,904,591,0,0,32,1184,0,0,1184,1184,0,0,0,0,64,0,65096,880,5504,33280,0,920,64,0,0,0,671,0,0,32768,4,26688
603,1000,0,0,0,0,2,5,5,7,2,0,20992,0,65295,64,32768,0,952,733,0,0,32,0,0,0,0,0,0,0,0,0,64,0,0,912,4352,32768,0,952,64,0,0,0,242,0,0,0,8,26624
603,1100,0,0,0,0,2,5,5,7,2,52992,45568,76,64866,64,32768,14,904,588,0,0,32,1129,0,0,1129,1129,0,0,0,0,64,0,65008,880,5504,33280,0,920,64,0,0,0,675,0,0,32768,4,26688
604,1000,0,0,0,0,2,5,5,7,2,0,24832,0,65287,64,32768,0,952,732,0,0,32,0,0,0,0,0,0,0,0,0,64,0,0,912,4352,32768,0,952,64,0,0,0,250,0,0,0,8,26624
604,1100,0,0,0,0,2,5,5,7,2,6912,5120,73,64861,64,32768,14,905,586,0,0,32,1063,0,0,1063,1063,0,0,0,0,64,0,64920,880,5504,33280,0,920,64,0,0,0,679,0,0,32768,4,26688
605,1000,0,0,0,0,2,5,5,7,2,0,26624,0,65279,64,32768,0,952,731,0,0,32,0,0,0,0,0,0,0,0,0,64,0,0,912,4352,32768,0,952,64,0,0,0,258,0,0,0,12,26624
605,1100,0,0,0,0,2,5,5,7,2,25600,28928,69,64857,64,32768,14,905,583,0,0,32,986,0,0,986,986,0,0,0,0,64,0,64832,880,5504,33280,0,920,64,0,0,0,683,0,0,32768,4,26688
606,1000,0,0,0,0,2,5,5,7,2,0,26368,0,65267,64,32768,0,952,730,0,0,32,0,0,0,0,0,0,0,0,0,64,0,0,912,4352,32768,0,952,64,0,0,0,270,0,0,0,12,26624
606,1100,0,0,0,0,2,5,5,7,2,43264,51712,64,64852,64,32768,14,905,580,0,0,32,898,0,0,898,898,0,0,0,0,64,0,64744,880,5504,33280,0,920,64,0,0,0,687,0,0,32768,4,26688
607,1000,0,0,0,0,2,5,5,7,2,0,23040,0,65255,64,32768,0,952,729,0,0,32,0,0,0,0,0,0,0,0,0,64,0,0,912,4352,32768,0,952,64,0,0,0,282,0,0,0,12,26624
607,1100,0,0,0,0,2,5,5,7,2,59648,7680,59,64848,64,32768,14,905,578,0,0,32,799,0,0,799,799,0,0,0,0,64,0,64656,880,5504,33280,0,920,64,0,0,0,691,0,0,32768,4,26688
608,1000,0,0,0,0,2,5,5,7,2,0,16640,0,65243,64,32768,0,952,728,0,0,32,0,0,0,0,0,0,0,0,0,64,0,0,912,4352,32768,0,952,64,0,0,0,294,0,0,0,12,26624
608,1100,0,0,0,0,2,5,5,7,2,9216,28160,53,64844,64,32768,14,906,575,0,0,32,689,0,0,689,689,0,0,0,0,64,0,64568,880,5504,33280,0,920,64,0,0,0,695,0,0,32768,4,26688
609,1000,0,0,0,0,2,5,5,7,2,0,7168,0,65231,64,32768,0,952,727,0,0,32,0,0,0,0,0,0,0,0,0,64,0,0,912,4864,32768,0,952,64,0,0,0,306,0,0,0,12,26624
609,1100,0,0,0,0,2,5,5,7,2,22784,47616,46,64839,64,32768,14,906,572,0,0,32,568,0,0,568,568,0,0,0,0,64,0,64480,880,5504,33280,0,920,64,0,0,0,699,0,0,32768,4,26688
610,1000,0,0,0,0,2,5,5,7,2,0,60160,0,65219,64,32768,0,952,725,0,0,32,0,0,0,0,0,0,0,0,0,64,0,0,912,4864,32768,0,952,64,0,0,0,318,0,0,0,12,26624
610,1100,0,0,0,0,2,5,5,7,2,34560,256,38,64835,64,32768,14,906,570,0,0,32,436,0,0,436,436,0,0,0,0,64,0,64608,880,6016,32768,0,920,64,0,0,0,703,0,0,32768,4,26688
611,1000,0,0,0,0,2,5,5,7,2,0,44544,0,65207,64,32768,0,952,724,0,0,32,0,0,0,0,0,0,0,0,0,64,0,0,912,4864,32768,0,952,64,0,0,0,330,0,0,0,12,26624
611,1100,0,0,0,0,2,5,5,7,2,44288,17408,29,64830,64,32768,14,906,567,0,0,32,320,0,0,320,320,0,0,0,0,64,0,64736,880,6016,32768,0,920,64,0,0,0,707,0,0,32768,2,26688
612,1000,0,0,0,0,2,5,5,7,2,0,25856,0,65195,64,32768,0,952,723,0,0,32,0,0,0,0,0,0,0,0,0,64,0,0,912,4864,32768,0,952,64,0,0,0,342,0,0,0,12,26624
612,1100,0,0,0,0,2,5,5,7,2,51712,33280,21,64828,64,32768,14,906,564,0,0,32,220,0,0,220,220,0,0,0,0,64,0,64864,880,6016,32768,0,920,64,0,0,0,709,0,0,32768,2,26688
613,1000,0,0,0,0,2,5,5,7,2,0,4096,0,65183,64,32768,0,952,722,0,0,32,0,0,0,0,0,0,0,0,0,64,0,0,912,4864,32768,0,952,64,0,0,0,354,0,0,0,12,26624
613,1100,0,0,0,0,2,5,5,7,2,57088,48640,14,64826,64,32768,14,906,561,0,0,32,136,0,0,136,136,0,0,0,0,64,0,64992,880,6016,32768,0,920,64,0,0,0,711,0,0,32768,2,26688
614,1000,0,0,0,0,2,5,5,7,2,0,44800,0,65171,64,32768,0,952,720,0,0,32,0,0,0,0,0,0,0,0,0,64,0,0,912,4864,32768,0,952,64,0,0,0,366,0,0,0,12,26624
614,1100,0,0,0,0,2,5,5,7,2,60672,63488,9,64824,64,32768,14,906,558,0,0,32,68,0,0,68,68,0,0,0,0,64,0,65120,880,6016,32768,0,920,64,0,0,0,713,0,0,32768,2,26688
615,1000,0,0,0,0,2,5,5,7,2,0,16896,0,65159,64,32768,0,952,719,0,0,32,0,0,0,0,0,0,0,0,0,64,0,0,912,4864,32768,0,952,64,0,0,0,378,0,0,0,12,26624
615,1100,0,0,0,0,2,5,5,7,2,62976,12288,4,64822,64,32768,14,906,556,0,0,32,16,0,0,16,16,0,0,0,0,64,0,65248,880,6016,32768,0,920,64,0,0,0,715,0,0,32768,2,26688
616,1000,0,0,0,0,2,5,5,7,2,0,51456,0,65147,64,32768,0,952,717,0,0,32,0,0,0,0,0,0,0,0,0,64,0,0,912,4864,32768,0,952,64,0,0,0,390,0,0,0,12,26624
616,1100,0,0,0,0,2,5,5,7,2,64000,26112,1,64820,64,32768,14,906,553,0,0,32,65516,0,0,65516,65516,0,0,0,0,64,0,65376,880,6016,32768,0,920,64,0,0,0,717,0,0,32768,2,26688
617,1000,0,512,0,0,2,5,5,7,2,0,17408,0,65135,64,32768,0,952,716,0,0,32,0,0,0,0,0,0,0,0,0,64,0,0,912,5376,32768,0,952,64,0,0,0,402,0,0,0,12,26624
617,1100,0,512,0,0,2,5,5,7,2,64256,39424,65534,64818,64,32768,14,906,550,0,0,32,65496,0,0,65496,65496,0,0,0,0,64,0,65288,880,6016,33282,0,920,64,0,0,0,719,0,0,32768,2,26688
618,1000,0,0,0,0,2,5,5,7,2,0,45824,0,65123,64,32768,0,952,714,0,0,32,0,0,0,0,0,0,0,0,0,64,0,0,912,5376,32768,0,952,64,0,0,0,414,0,0,0,12,26624
618,1100,0,0,0,0,2,5,5,7,2,63744,52224,65533,64816,64,32768,14,906,547,0,0,32,65465,0,0,65465,65465,0,0,0,0,64,0,65200,880,6528,33280,0,920,64,0,0,0,721,0,0,32768,2,26688
619,1000,0,0,0,0,2,5,5,7,2,0,5632,0,65111,64,32768,0,952,713,0,0,32,0,0,0,0,0,0,0,0,0,64,0,0,912,5376,32768,0,952,64,0,0,0,426,0,0,0,12,26624
619,1100,0,0,0,0,2,5,5,7,2,62976,64512,65531,64814,64,32768,14,906,544,0,0,32,65423,0,0,65423,65423,0,0,0,0,64,0,65112,880,6528,33280,0,920,64,0,0,0,723,0,0,32768,2,26688
620,1000,0,0,0,0,2,5,5,7,2,0,27904,0,65099,64,32768,0,952,711,0,0,32,0,0,0,0,0,0,0,0,0,64,0,0,912,5376,32768,0,952,64,0,0,0,438,0,0,0,12,26624
620,1100,0,0,0,0,2,5,5,7,2,61696,10752,65528,64812,64,32768,14,906,542,0,0,32,65370,0,0,65370,65370,0,0,0,0,64,0,65024,880,6528,33280,0,920,64,0,0,0,725,0,0,32768,2,26688
621,1000,0,0,0,0,2,5,5,7,2,0,47104,0,65087,64,32768,0,952,709,0,0,32,0,0,0,0,0,0,0,0,0,64,0,0,912,5376,32768,0,952,64,0,0,0,450,0,0,0,8,26624
621,1100,0,0,0,0,2,5,5,7,2,59648,22016,65524,64810,64,32768,14,906,539,0,0,32,65306,0,0,65306,65306,0,0,0,0,64,0,64936,880,6528,33280,0,920,64,0,0,0,727,0,0,32768,2,26688
622,1000,0,0,0,0,2,5,5,7,2,0,63232,0,65079,64,32768,0,952,707,0,0,32,0,0,0,0,0,0,0,0,0,64,0,0,912,5376,32768,0,952,64,0,0,0,458,0,0,0,8,26624
622,1100,0,0,0,0,2,5,5,7,2,56576,32768,65519,64808,64,32768,14,906,536,0,0,32,65231,0,0,65231,65231,0,0,0,0,64,0,64848,880,6528,33280,0,920,64,0,0,0,729,0,0,32768,2,26688
623,1000,0,0,0,0,2,5,5,7,2,0,11776,0,65071,64,32768,0,952,706,0,0,32,0,0,0,0,0,0,0,0,0,64,0,0,912,5376,32768,0,952,64,0,0,0,466,0,0,0,8,26624
623,1100,0,0,0,0,2,5,5,7,2,52224,43008,65514,64806,64,32768,14,906,533,0,0,32,65145,0,0,65145,65145,0,0,0,0,64,0,64760,880,6528,33280,0,920,64,0,0,0,731,0,0,32768,2,26688
624,1000,0,0,0,0,2,5,5,7,2,0,23808,0,65063,64,32768,0,952,704,0,0,32,0,0,0,0,0,0,0,0,0,64,0,0,912,5376,32768,0,952,64,0,0,0,474,0,0,0,8,26624
624,1100,0,0,0,0,2,5,5,7,2,46592,52736,65508,64804,64,32768,14,906,530,0,0,32,65048,0,0,65048,65048,0,0,0,0,64,0,64888,880,6528,32768,0,920,64,0,0,0,733,0,0,32768,2,26688
625,1000,0,0,0,0,2,5,5,7,2,0,33792,0,65055,64,32768,0,952,702,0,0,32,0,0,0,0,0,0,0,0,0,64,0,0,912,5888,32768,0,952,64,0,0,0,482,0,0,0,8,26624
625,1100,0,0,0,0,2,5,5,7,2,39424,61952,65501,64802,64,32768,14,906,527,0,0,32,64967,0,0,64967,64967,0,0,0,0,64,0,65016,880,6528,32768,0,920,64,0,0,0,735,0,0,32768,2,26688
626,1000,0,0,0,0,2,5,5,7,2,0,41728,0,65047,64,32768,0,952,700,0,0,32,0,0,0,0,0,0,0,0,0,64,0,0,912,5888,32768,0,952,64,0,0,0,490,0,0,0,8,26624
626,1100,0,0,0,0,2,5,5,7,2,30464,5120,65495,64801,64,32768,14,906,525,0,0,32,64902,0,0,64902,64902,0,0,0,0,64,0,65144,880,7040,32768,0,920,64,0,0,0,737,0,0,32768,2,26688
627,1000,0,0,0,0,2,5,5,7,2,0,47616,0,65039,64,32768,0,952,698,0,0,32,0,0,0,0,0,0,0,0,0,64,0,0,912,5888,32768,0,952,64,0,0,0,498,0,0,0,8,26624
627,1100,0,0,0,0,2,5,5,7,2,19968,13568,65491,64799,64,32768,14,906,522,0,0,32,64853,0,0,64853,64853,0,0,0,0,64,0,65272,880,7040,32768,0,920,64,0,0,0,739,0,0,32768,2,26688
628,1000,0,0,0,0,2,5,5,7,2,0,51456,0,65031,64,32768,0,952,696,0,0,32,0,0,0,0,0,0,0,0,0,64,0,0,912,5888,32768,0,952,64,0,0,0,506,0,0,0,8,26624
628,1100,0,0,0,0,2,5,5,7,2,8448,21504,65487,64797,64,32768,14,906,519,0,0,32,64820,0,0,64820,64820,0,0,0,0,64,0,65400,880,7040,32768,0,920,64,0,0,0,741,0,0,32768,2,26688
629,1000,0,512,0,0,2,5,5,7,2,0,53248,0,65023,64,32768,0,952,694,0,0,32,0,0,0,0,0,0,0,0,0,64,0,0,912,5888,32768,0,952,64,0,0,0,514,0,0,0,8,26624
629,1100,0,512,0,0,2,5,5,7,2,61440,28928,65485,64795,64,32768,14,905,516,0,0,32,64803,0,0,64803,64803,0,0,0,0,64,0,65312,880,7040,33282,0,920,64,0,0,0,743,0,0,32768,2,26688
630,1000,0,0,0,0,2,5,5,7,2,0,52992,0,65015,64,32768,0,952,692,0,0,32,0,0,0,0,0,0,0,0,0,64,0,0,912,5888,32768,0,952,64,0,0,0,522,0,0,0,8,26624
630,1100,0,0,0,0,2,5,5,7,2,48384,35840,65483,64793,64,32768,14,905,513,0,0,32,64775,0,0,64775,64775,0,0,0,0,64,0,65224,880,7040,33280,0,920,64,0,0,0,745,0,0,32768,2,26688
631,1000,0,0,0,0,2,5,5,7,2,0,50688,0,65007,64,32768,0,952,690,0,0,32,0,0,0,0,0,0,0,0,0,64,0,0,912,5888,32768,0,952,64,0,0,0,530,0,0,0,8,26624
631,1100,0,0,0,0,2,5,5,7,2,34816,42240,65481,64791,64,32768,14,905,510,0,0,32,64736,0,0,64736,64736,0,0,0,0,64,0,65136,880,7040,33280,0,920,64,0,0,0,747,0,0,32768,2,26688
632,1000,0,0,0,0,2,5,5,7,2,0,46336,0,64999,64,32768,0,952,688,0,0,32,0,0,0,0,0,0,0,0,0,64,0,0,912,5888,32768,0,952,64,0,0,0,538,0,0,0,8,26624
632,1100,0,0,0,0,2,5,5,7,2,20736,48128,65478,64790,64,32768,14,905,507,0,0,32,64686,0,0,64686,64686,0,0,0,0,64,0,65048,880,7040,33280,0,920,64,0,0,0,749,0,0,32768,2,26688
633,1000,0,0,0,0,2,5,5,7,2,0,39936,0,64991,64,32768,0,952,686,0,0,32,0,0,0,0,0,0,0,0,0,64,0,0,912,6400,32768,0,952,64,0,0,0,546,0,0,0,8,26624
633,1100,0,0,0,0,2,5,5,7,2,5888,53760,65474,64788,64,32768,14,905,504,0,0,32,64625,0,0,64625,64625,0,0,0,0,64,0,64960,880,7040,33280,0,920,64,0,0,0,751,0,0,32768,2,26688
634,1000,0,0,0,0,2,5,5,7,2,0,31488,0,64983,64,32768,0,952,684,0,0,32,0,0,0,0,0,0,0,0,0,64,0,0,912,6400,32768,0,952,64,0,0,0,554,0,0,0,8,26624
634,1100,0,0,0,0,2,5,5,7,2,55552,58880,65470,64786,64,32768,14,904,501,0,0,32,64553,0,0,64553,64553,0,0,0,0,64,0,64872,880,7552,33280,0,920,64,0,0,0,753,0,0,32768,2,26688
635,1000,0,0,0,0,2,5,5,7,2,0,20992,0,64975,64,32768,0,952,682,0,0,32,0,0,0,0,0,0,0,0,0,64,0,0,912,6400,32768,0,952,64,0,0,0,562,0,0,0,8,26624
635,1100,0,0,0,0,2,5,5,7,2,38656,63488,65464,64785,64,32768,14,904,498,0,0,32,64470,0,0,64470,64470,0,0,0,0,64,0,64784,880,7552,33280,0,920,64,0,0,0,755,0,0,32768,2,26688
636,1000,0,0,0,0,2,5,5,7,2,0,8448,0,64967,64,32768,0,952,680,0,0,32,0,0,0,0,0,0,0,0,0,64,0,0,912,6400,32768,0,952,64,0,0,0,570,0,0,0,8,26624
636,1100,0,0,0,0,2,5,5,7,2,20224,2304,65458,64783,64,32768,14,904,496,0,0,32,64376,0,0,64376,64376,0,0,0,0,64,0,64696,880,7552,33280,0,920,64,0,0,0,757,0,0,32768,2,26688
637,1000,0,0,0,0,2,5,5,7,2,0,59392,0,64959,64,32768,0,952,677,0,0,32,0,0,0,0,0,0,0,0,0,64,0,0,912,6400,32768,0,952,64,0,0,0,578,0,0,0,4,26624
637,1100,0,0,0,0,2,5,5,7,2,256,6144,65451,64782,64,32768,14,904,493,0,0,32,64271,0,0,64271,64271,0,0,0,0,64,0,64608,880,7552,33280,0,920,64,0,0,0,759,0,0,32768,2,26688
638,1000,0,0,0,0,2,5,5,7,2,0,42752,0,64955,64,32768,0,952,675,0,0,32,0,0,0,0,0,0,0,0,0,64,0,0,912,6400,32768,0,952,64,0,0,0,582,0,0,0,4,26624
638,1100,0,0,0,0,2,5,5,7,2,44032,9728,65443,64781,64,32768,14,903,490,0,0,32,64155,0,0,64155,64155,0,0,0,0,64,0,64520,880,7552,33280,0,920,64,0,0,0,761,0,0,32768,2,26688
639,1000,0,0,0,0,2,5,5,7,2,0,25088,0,64951,64,32768,0,952,673,0,0,32,0,0,0,0,0,0,0,0,0,64,0,0,912,6400,32768,0,952,64,0,0,0,586,0,0,0,4,26624
639,1100,0,0,0,0,2,5,5,7,2,20224,13056,65435,64780,64,32768,14,903,487,0,0,32,64028,0,0,64028,64028,0,0,0,0,64,0,64432,880,7552,33280,0,920,64,0,0,0,763,0,0,32768,2,26688
640,1000,0,0,0,0,2,5,5,7,2,0,6400,0,64947,64,32768,0,952,671,0,0,32,0,0,0,0,0,0,0,0,0,64,0,0,912,6400,32768,0,952,64,0,0,0,590,0,0,0,4,26624
640,1100,0,0,0,0,2,5,5,7,2,59904,16128,65425,64779,64,32768,14,902,484,0,0,32,63890,0,0,63890,63890,0,0,0,0,64,0,64344,880,7552,33280,0,920,64,0,0,0,765,0,0,32768,2,26688
641,1000,0,0,0,0,2,5,5,7,2,0,52224,0,64943,64,32768,0,952,668,0,0,32,0,0,0,0,0,0,0,0,0,64,0,0,912,6912,32768,0,952,64,0,0,0,594,0,0,0,4,26624
641,1100,0,0,0,0,2,5,5,7,2,31488,18944,65415,64779,64,32768,14,902,481,0,0,32,63741,0,0,63741,63741,0,0,0,0,64,0,64256,880,7552,33280,0,920,64,0,0,0,767,0,0,32768,2,26688
642,1000,0,0,0,0,2,5,5,7,2,0,31488,0,64939,64,32768,0,952,666,0,0,32,0,0,0,0,0,0,0,0,0,64,0,0,912,6912,32768,0,952,64,0,0,0,598,0,0,0,4,26624
642,1100,0,0,0,0,2,5,5,7,2,512,21760,65404,64779,64,32768,14,902,478,0,0,32,63581,0,0,63581,63581,0,0,0,0,64,0,64168,880,8064,33280,0,920,64,0,0,0,769,0,0,32768,0,26688
643,1000,0,0,0,0,2,5,5,7,2,0,9728,0,64935,64,32768,0,952,664,0,0,32,0,0,0,0,0,0,0,0,0,64,0,0,912,6912,32768,0,952,64,0,0,0,602,0,0,0,4,26624
643,1100,0,0,0,0,2,5,5,7,2,32256,24576,65392,64780,64,32768,14,901,475,0,0,32,63410,0,0,63410,63410,0,0,0,0,64,0,64080,880,8064,33280,0,920,64,0,0,0,770,0,0,0,0,26688
644,1000,0,0,0,0,2,5,5,7,2,0,52480,0,64931,64,32768,0,952,661,0,0,32,0,0,0,0,0,0,0,0,0,64,0,0,912,6912,32768,0,952,64,0,0,0,606,0,0,0,4,26624
644,1100,0,0,0,0,2,5,5,7,2,60928,27648,65380,64782,64,32768,14,900,472,0,0,32,63228,0,0,63228,63228,0,0,0,0,64,0,63992,880,8064,33280,0,920,64,0,0,0,770,0,0,32768,0,26688
645,1000,0,0,0,0,2,5,5,7,2,0,28672,0,64927,64,32768,0,952,659,0,0,32,0,0,0,0,0,0,0,0,0,64,0,0,912,6912,32768,0,952,64,0,0,0,610,0,0,0,4,26624
645,1100,0,0,0,0,2,5,5,7,2,20992,31232,65366,64784,64,32768,14,900,469,0,0,32,63035,0,0,63035,63035,0,0,0,0,64,0,63904,880,8064,33280,0,920,64,0,0,0,771,0,0,0,0,26688
646,1000,0,0,0,0,2,5,5,7,2,0,3840,0,64923,64,32768,0,952,657,0,0,32,0,0,0,0,0,0,0,0,0,64,0,0,912,6912,32768,0,952,64,0,0,0,614,0,0,0,4,26624
646,1100,0,0,0,0,2,5,5,7,2,43008,35328,65352,64787,64,32768,14,899,466,0,0,32,62831,0,0,62831,62831,0,0,0,0,64,0,63816,880,8064,33280,0,920,64,0,0,0,771,0,0,32768,0,26688
647,1000,0,0,0,0,2,5,5,7,2,0,43520,0,64919,64,32768,0,952,654,0,0,32,0,0,0,0,0,0,0,0,0,64,0,0,912,6912,32768,0,952,64,0,0,0,618,0,0,0,4,26624
647,1100,0,0,0,0,2,5,5,7,2,61440,40192,65338,64790,64,32768,14,898,463,0,0,32,62616,0,0,62616,62616,0,0,0,0,64,0,63728,880,8064,33280,0,920,64,0,0,0,772,0,0,0,0,26688
648,1000,0,0,0,0,2,5,5,7,2,0,16640,0,64915,64,32768,0,952,652,0,0,32,0,0,0,0,0,0,0,0,0,64,0,0,912,6912,32768,0,952,64,0,0,0,622,0,0,0,4,26624
648,1100,0,0,0,0,2,5,5,7,2,10752,45824,65322,64794,64,32768,14,898,460,0,0,32,62390,0,0,62390,62390,0,0,0,0,64,0,63640,880,8064,33280,0,920,64,0,0,0,772,0,0,32768,0,26688
649,1000,0,0,0,0,2,5,5,7,2,0,54272,0,64911,64,32768,0,952,649,0,0,32,0,0,0,0,0,0,0,0,0,64,0,0,912,7424,32768,0,952,64,0,0,0,626,0,0,0,4,26624
649,1100,0,0,0,0,2,5,5,7,2,21504,52480,65306,64798,64,32768,14,897,457,0,0,32,62153,0,0,62153,62153,0,0,0,0,64,0,63552,880,8064,33280,0,920,64,0,0,0,773,0,0,0,0,26688
650,1000,0,0,0,0,2,5,5,7,2,0,25344,0,64907,64,32768,0,952,647,0,0,32,0,0,0,0,0,0,0,0,0,64,0,0,912,7424,32768,0,952,64,0,0,0,630,0,0,0,4,26624
650,1100,0,0,0,0,2,5,5,7,2,28160,60160,65289,64804,64,32768,14,896,454,0,0,32,61905,0,0,61905,61905,0,0,0,0,64,0,63464,880,8576,33280,0,920,64,0,0,0,773,0,0,32768,0,26688
651,1000,0,0,0,0,2,5,5,7,2,0,60928,0,64903,64,32768,0,952,644,0,0,32,0,0,0,0,0,0,0,0,0,64,0,0,912,7424,32768,0,952,64,0,0,0,634,0,0,0,4,26624
651,1100,0,0,0,0,2,5,5,7,2,30464,3840,65271,64809,64,32768,14,895,452,0,0,32,61646,0,0,61646,61646,0,0,0,0,64,0,63376,880,8576,33280,0,920,64,0,0,0,774,0,0,0,0,26688
652,1000,0,0,0,0,2,5,5,7,2,0,29952,0,64899,64,32768,0,952,642,0,0,32,0,0,0,0,0,0,0,0,0,64,0,0,912,7424,32768,0,952,64,0,0,0,638,0,0,0,4,26624
652,1100,0,0,0,0,2,5,5,7,2,28160,14336,65253,64816,64,32768,14,894,449,0,0,32,61376,0,0,61376,61376,0,0,0,0,64,0,63288,880,8576,33280,0,920,64,0,0,0,774,0,0,32768,0,26688
653,1000,0,0,0,0,2,5,5,7,2,0,63488,0,64895,64,32768,0,952,639,0,0,32,0,0,0,0,0,0,0,0,0,64,0,0,912,7424,32768,0,952,64,0,0,0,642,0,0,0,2,26624
653,1100,0,0,0,0,2,5,5,7,2,21248,26624,65235,64822,64,32768,14,893,446,0,0,32,61095,0,0,61095,61095,0,0,0,0,64,0,63200,880,8576,33280,0,920,64,0,0,0,775,0,0,0,0,26688
654,1000,0,0,0,0,2,5,5,7,2,0,30464,0,64893,64,32768,0,952,637,0,0,32,0,0,0,0,0,0,0,0,0,64,0,0,912,7424,32768,0,952,64,0,0,0,644,0,0,0,2,26624
654,1100,0,0,0,0,2,5,5,7,2,9728,40448,65215,64831,64,32768,14,892,443,0,0,32,60803,0,0,60803,60803,0,0,0,0,64,0,63112,880,8576,512,0,920,64,0,0,0,775,0,0,32768,65526,26688
655,1000,0,0,0,0,2,5,5,7,2,0,62464,0,64891,64,32768,0,952,634,0,0,32,0,0,0,0,0,0,0,0,0,64,0,0,912,7424,32768,0,952,64,0,0,0,646,0,0,0,2,26624
655,1100,0,0,0,0,2,5,5,7,2,58624,56576,65200,64848,64,32768,14,890,440,0,0,32,60500,0,0,60500,60500,0,0,0,0,64,0,63024,880,8576,512,0,920,64,0,0,0,766,0,0,0,65528,26688
656,1000,0,0,0,0,2,5,5,7,2,0,28416,0,64889,64,32768,0,952,632,0,0,32,0,0,0,0,0,0,0,0,0,64,0,0,912,7424,32768,0,952,64,0,0,0,648,0,0,0,2,26624
656,1100,0,0,0,0,2,5,5,7,2,38144,11520,65184,64865,64,32768,14,889,438,0,0,32,60186,0,0,60186,60186,0,0,0,0,64,0,63083,880,8576,512,0,920,64,0,0,0,758,0,0,32768,65528,26688
657,1000,0,0,0,0,2,5,5,7,2,0,59392,0,64887,64,32768,0,952,629,0,0,32,0,0,0,0,0,0,0,0,0,64,0,0,912,7936,32768,0,952,64,0,0,0,650,0,0,0,2,26624
657,1100,0,0,0,0,2,5,5,7,2,13568,36352,65167,64882,64,32768,14,888,435,0,0,32,59879,0,0,59879,59879,0,0,0,0,64,0,63083,880,8576,512,0,920,64,0,0,0,751,0,0,0,65528,26688
658,1000,0,0,0,0,2,5,5,7,2,0,24320,0,64885,64,32768,0,952,627,0,0,32,0,0,0,0,0,0,0,0,0,64,0,0,912,7936,32768,0,952,64,0,0,0,652,0,0,0,2,26624
658,1100,0,0,0,0,2,5,5,7,2,50176,0,65152,64900,64,32768,14,886,433,0,0,32,59572,0,0,59572,59572,0,0,0,0,64,0,63083,880,7936,512,0,920,64,0,0,0,743,0,0,32768,65528,26688
659,1000,0,0,0,0,2,5,5,7,2,0,54272,0,64883,64,32768,0,952,624,0,0,32,0,0,0,0,0,0,0,0,0,64,0,0,912,7936,32768,0,952,64,0,0,0,654,0,0,0,2,26624
659,1100,0,0,0,0,2,5,5,7,2,17408,33792,65137,64918,64,32768,14,885,430,0,0,32,59265,0,0,59265,59265,0,0,0,0,64,0,63083,880,7936,33280,0,920,64,0,0,0,736,0,0,0,2,26688
660,1000,0,0,0,0,2,5,5,7,2,0,18176,0,64881,64,32768,0,952,622,0,0,32,0,0,0,0,0,0,0,0,0,64,0,0,912,7936,32768,0,952,64,0,0,0,656,0,0,0,2,26624
660,1100,0,0,0,0,2,5,5,7,2,46336,6656,65118,64928,64,32768,14,883,428,0,0,32,58958,0,0,58958,58958,0,0,0,0,64,0,63083,880,7936,33280,0,920,64,0,0,0,738,0,0,0,2,26688
661,1000,0,0,0,0,2,5,5,7,2,0,47104,0,64879,64,32768,0,952,619,0,0,32,0,0,0,0,0,0,0,0,0,64,0,0,912,7936,32768,0,952,64,0,0,0,658,0,0,0,2,26624
661,1100,0,0,0,0,2,5,5,7,2,4864,47616,65099,64939,64,32768,14,882,425,0,0,32,58651,0,0,58651,58651,0,0,0,0,64,0,63083,880,7936,33280,0,920,64,0,0,0,740,0,0,0,2,26688
662,1000,0,0,0,0,2,5,5,7,2,0,9984,0,64877,64,32768,0,952,617,0,0,32,0,0,0,0,0,0,0,0,0,64,0,0,912,7936,32768,0,952,64,0,0,0,660,0,0,0,2,26624
662,1100,0,0,0,0,2,5,5,7,2,24064,25856,65080,64950,64,32768,14,880,423,0,0,32,58344,0,0,58344,58344,0,0,0,0,64,0,63083,880,7936,33280,0,920,64,0,0,0,742,0,0,0,2,26688
663,1000,0,0,0,0,2,5,5,7,2,0,37888,0,64875,64,32768,0,952,614,0,0,32,0,0,0,0,0,0,0,0,0,64,0,0,912,7936,32768,0,952,64,0,0,0,662,0,0,0,2,26624
663,1100,0,0,0,0,2,5,5,7,2,38400,6912,65062,64962,64,32768,14,878,421,0,0,32,58037,0,0,58037,58037,0,0,0,0,64,0,63083,880,7936,33280,0,920,64,0,0,0,744,0,0,0,2,26688
664,1000,0,0,0,0,2,5,5,7,2,0,65280,0,64873,64,32768,0,952,611,0,0,32,0,0,0,0,0,0,0,0,0,64,0,0,912,7936,32768,0,952,64,0,0,0,664,0,0,0,2,26624
664,1100,0,0,0,0,2,5,5,7,2,48128,56576,65044,64975,64,32768,14,876,418,0,0,32,57730,0,0,57730,57730,0,0,0,0,64,0,63083,880,7936,33280,0,920,64,0,0,0,746,0,0,0,2,26688
665,1000,512,0,0,0,2,5,5,7,2,0,26624,0,64871,64,32768,0,952,609,0,0,32,0,0,0,0,0,0,0,0,0,64,0,65432,912,8448,33282,0,952,64,0,0,0,666,0,0,0,2,26624
665,1100,512,0,0,0,2,5,5,7,2,53248,44032,65027,64988,64,32768,14,874,416,0,0,32,57423,0,0,57423,57423,0,0,0,0,64,0,63083,880,7936,33280,0,920,64,0,0,0,748,0,0,0,2,26688
666,1000,0,0,0,0,2,5,5,7,2,0,52992,0,64869,64,32768,0,952,606,0,0,32,65523,0,0,65523,65523,0,0,0,0,64,0,65328,912,8448,33280,0,952,64,0,0,0,668,0,0,0,2,26624
666,1100,0,0,0,0,2,5,5,7,2,54016,34816,65009,65002,64,32768,14,872,414,0,0,32,57116,0,0,57116,57116,0,0,0,0,64,0,63083,880,7296,512,0,920,64,0,0,0,750,0,0,0,65528,26688
667,1000,0,0,0,0,2,5,5,7,2,0,13312,65535,64867,64,32768,0,952,604,0,0,32,65497,0,0,65497,65497,0,0,0,0,64,0,65224,912,8448,33280,0,952,64,0,0,0,670,0,0,0,2,26624
667,1100,0,0,0,0,2,5,5,7,2,50176,29184,64999,65023,64,32768,14,870,412,0,0,32,56809,0,0,56809,56809,0,0,0,0,64,0,63083,880,7296,512,0,920,64,0,0,0,742,0,0,0,65528,26688
668,1000,0,0,0,0,2,5,5,7,2,65280,38656,65533,64865,64,32768,0,951,601,0,0,32,65458,0,0,65458,65458,0,0,0,0,64,0,65120,912,8448,33280,0,952,64,0,0,0,672,0,0,0,2,26624
668,1100,0,0,0,0,2,5,5,7,2,43776,28928,64991,65045,64,32768,14,868,410,0,0,32,56502,0,0,56502,56502,0,0,0,0,64,0,63083,880,7296,512,0,920,64,0,0,0,734,0,0,0,65528,26688
669,1000,0,0,0,0,2,5,5,7,2,64512,63488,65530,64863,64,32768,0,951,598,0,0,32,65406,0,0,65406,65406,0,0,0,0,64,0,65016,912,8448,33280,0,952,64,0,0,0,674,0,0,0,2,26624
669,1100,0,0,0,0,2,5,5,7,2,35328,34304,64982,65066,64,32768,14,866,408,0,0,32,56195,0,0,56195,56195,0,0,0,0,64,0,63083,880,7296,512,0,920,64,0,0,0,726,0,0,0,65528,26688
670,1000,0,0,0,0,2,5,5,7,2,62976,22272,65527,64861,64,32768,0,951,596,0,0,32,65341,0,0,65341,65341,0,0,0,0,64,0,64912,912,8448,33280,0,952,64,0,0,0,676,0,0,0,2,26624
670,1100,0,0,0,0,2,5,5,7,2,24576,45056,64975,65088,64,32768,14,864,406,0,0,32,55888,0,0,55888,55888,0,0,0,0,64,0,63083,880,7296,512,0,920,64,0,0,0,718,0,0,0,65528,26688
671,1000,0,0,0,0,2,5,5,7,2,60672,46080,65523,64859,64,32768,0,951,593,0,0,32,65263,0,0,65263,65263,0,0,0,0,64,0,64808,912,8448,33280,0,952,64,0,0,0,678,0,0,0,2,26624
671,1100,0,0,0,0,2,5,5,7,2,12032,61440,64968,65109,64,32768,14,862,404,0,0,32,55581,0,0,55581,55581,0,0,0,0,64,0,63211,880,7296,0,0,920,64,0,0,0,710,0,0,0,65528,26688
672,1000,0,0,0,0,2,5,5,7,2,57344,3840,65518,64857,64,32768,0,951,591,0,0,32,65172,0,0,65172,65172,0,0,0,0,64,0,64704,912,8448,33280,0,952,64,0,0,0,680,0,0,0,2,26624
672,1100,0,0,0,0,2,5,5,7,2,63232,17664,64963,65131,64,32768,14,859,403,0,0,32,55290,0,0,55290,55290,0,0,0,0,64,0,63339,880,7296,32768,0,920,64,0,0,0,702,0,0,0,4,26688
673,1000,0,0,0,0,2,5,5,7,2,52736,26624,65512,64855,64,32768,0,951,588,0,0,32,65068,0,0,65068,65068,0,0,0,0,64,0,64600,912,8512,33280,0,952,64,0,0,0,682,0,0,0,2,26624
673,1100,0,0,0,0,2,5,5,7,2,47616,45056,64948,65145,64,32768,14,857,401,0,0,32,55015,0,0,55015,55015,0,0,0,0,64,0,63467,880,7296,32768,0,920,64,0,0,0,706,0,0,0,2,26688
674,1000,0,0,0,0,2,5,5,7,2,46592,48896,65505,64853,64,32768,0,951,585,0,0,32,64951,0,0,64951,64951,0,0,0,0,64,0,64496,912,8512,33280,0,952,64,0,0,0,684,0,0,0,2,26624
674,1100,0,0,0,0,2,5,5,7,2,28160,10496,64936,65159,64,32768,14,855,400,0,0,32,54756,0,0,54756,54756,0,0,0,0,64,0,63595,880,7808,32768,0,920,64,0,0,0,708,0,0,0,2,26688
675,1000,0,0,0,0,2,5,5,7,2,38656,5120,65497,64852,64,32768,0,951,583,0,0,32,64821,0,0,64821,64821,0,0,0,0,64,0,64392,912,8512,33280,0,952,64,0,0,0,686,0,0,0,2,26624
675,1100,0,0,0,0,2,5,5,7,2,5632,45056,64926,65173,64,32768,14,853,398,0,0,32,54513,0,0,54513,54513,0,0,0,0,64,0,63723,880,7808,32768,0,920,64,0,0,0,710,0,0,0,2,26688
676,1000,0,0,0,0,2,5,5,7,2,28672,26624,65488,64850,64,32768,0,951,580,0,0,32,64678,0,0,64678,64678,0,0,0,0,64,0,64288,912,8512,33280,0,952,64,0,0,0,688,0,0,0,2,26624
676,1100,0,0,0,0,2,5,5,7,2,46080,17664,64915,65186,64,32768,14,850,397,0,0,32,54286,0,0,54286,54286,0,0,0,0,64,0,63851,880,7808,32768,0,920,64,0,0,0,712,0,0,0,2,26688
677,1000,0,256,0,0,2,5,5,7,2,16384,47616,65479,64849,64,32768,0,951,577,0,0,32,64522,0,0,64522,64522,0,0,0,0,64,0,64184,912,8512,33280,0,952,64,0,0,0,690,0,0,0,2,26624
677,1100,0,256,0,0,2,5,5,7,2,18176,59136,64906,65199,64,32768,14,848,395,0,0,32,54075,0,0,54075,54075,0,0,0,0,64,0,64003,880,7808,33025,0,920,64,0,0,0,714,0,0,0,2,26688
678,1000,0,0,0,0,2,5,5,7,2,1792,2816,65468,64848,64,32768,0,951,575,0,0,32,64353,0,0,64353,64353,0,0,0,0,64,0,64080,912,8512,33280,0,952,64,0,0,0,692,0,0,0,2,26624
678,1100,0,0,0,0,2,5,5,7,2,53504,38400,64898,65211,64,32768,14,845,394,0,0,32,53883,0,0,53883,53883,0,0,0,0,64,0,64155,880,7808,33024,0,920,64,0,0,0,716,0,0,0,2,26688
679,1000,0,0,0,0,2,5,5,7,2,49920,23296,65457,64847,64,32768,0,950,572,0,0,32,64171,0,0,64171,64171,0,0,0,0,64,0,63976,912,8512,33280,0,952,64,0,0,0,694,0,0,0,2,26624
679,1100,0,0,0,0,2,5,5,7,2,21248,20736,64890,65222,64,32768,14,843,393,0,0,32,53710,0,0,53710,53710,0,0,0,0,64,0,64307,880,7808,33024,0,920,64,0,0,0,718,0,0,0,2,26688
680,1000,0,0,0,0,2,5,5,7,2,29696,43520,65445,64846,64,32768,0,950,569,0,0,32,63976,0,0,63976,63976,0,0,0,0,64,0,63872,912,8512,33280,0,952,64,0,0,0,696,0,0,0,2,26624
680,1100,0,0,0,0,2,5,5,7,2,52480,5888,64883,65232,64,32768,14,840,392,0,0,32,53556,0,0,53556,53556,0,0,0,0,64,0,64459,880,7808,33024,0,920,64,0,0,0,720,0,0,0,2,26688
681,1000,0,0,0,0,2,5,5,7,2,6400,63488,65432,64846,64,32768,0,950,566,0,0,32,63768,0,0,63768,63768,0,0,0,0,64,0,63768,912,8576,33280,0,952,64,0,0,0,698,0,0,0,2,26624
681,1100,0,0,0,0,2,5,5,7,2,16384,59136,64877,65241,64,32768,14,838,390,0,0,32,53421,0,0,53421,53421,0,0,0,0,64,0,64611,880,7808,33024,0,920,64,0,0,0,722,0,0,0,2,26688
682,1000,0,0,0,0,2,5,5,7,2,45312,17920,65417,64846,64,32768,0,949,564,0,0,32,63547,0,0,63547,63547,0,0,0,0,64,0,63664,912,8576,33280,0,952,64,0,0,0,700,0,0,0,2,26624
682,1100,0,0,0,0,2,5,5,7,2,44288,49152,64871,65248,64,32768,14,835,389,0,0,32,53305,0,0,53305,53305,0,0,0,0,64,0,64763,880,8320,33024,0,920,64,0,0,0,724,0,0,0,2,26688
683,1000,0,0,0,0,2,5,5,7,2,14848,37888,65402,64847,64,32768,0,949,561,0,0,32,63313,0,0,63313,63313,0,0,0,0,64,0,63560,912,8576,33280,0,952,64,0,0,0,702,0,0,0,2,26624
683,1100,0,0,0,0,2,5,5,7,2,5120,40960,64866,65255,64,32768,14,833,388,0,0,32,53208,0,0,53208,53208,0,0,0,0,64,0,64915,880,8320,33024,0,920,64,0,0,0,726,0,0,0,2,26688
684,1000,0,0,0,0,2,5,5,7,2,46080,58112,65387,64848,64,32768,0,948,558,0,0,32,63066,0,0,63066,63066,0,0,0,0,64,0,63672,912,8576,32768,0,952,64,0,0,0,704,0,0,0,1,26624
684,1100,0,0,0,0,2,5,5,7,2,30208,34560,64862,65260,64,32768,14,830,387,0,0,32,53130,0,0,53130,53130,0,0,0,0,64,0,65067,880,8320,33024,0,920,64,0,0,0,728,0,0,0,2,26688
685,1000,0,0,0,0,2,5,5,7,2,7936,13056,65370,64851,64,32768,0,948,556,0,0,32,62833,0,0,62833,62833,0,0,0,0,64,0,63784,912,8576,32768,0,952,64,0,0,0,705,0,0,32768,1,26624
685,1100,0,0,0,0,2,5,5,7,2,54272,29440,64858,65265,64,32768,14,827,386,0,0,32,53071,0,0,53071,53071,0,0,0,0,64,0,65219,880,8320,33024,0,920,64,0,0,0,730,0,0,0,2,26688
686,1000,0,0,0,0,2,5,5,7,2,30976,34304,65354,64853,64,32768,0,947,553,0,0,32,62614,0,0,62614,62614,0,0,0,0,64,0,63896,912,8576,32768,0,952,64,0,0,0,707,0,0,0,1,26624
686,1100,0,0,0,0,2,5,5,7,2,11776,25600,64854,65268,64,32768,14,825,385,0,0,32,53031,0,0,53031,53031,0,0,0,0,64,0,65371,880,8320,33024,0,920,64,0,0,0,732,0,0,0,2,26688
687,1000,0,0,0,0,2,5,5,7,2,49920,56064,65340,64856,64,32768,0,946,550,0,0,32,62409,0,0,62409,62409,0,0,0,0,64,0,64008,912,8576,32768,0,952,64,0,0,0,708,0,0,32768,1,26624
687,1100,0,0,0,0,2,5,5,7,2,33792,22528,64852,65270,64,32768,14,822,384,0,0,32,53010,0,0,53010,53010,0,0,0,0,64,0,65523,880,8320,33024,0,920,64,0,0,0,734,0,0,0,2,26688
688,1000,0,0,0,0,2,5,5,7,2,65280,13056,65326,64858,64,32768,0,945,548,0,0,32,62218,0,0,62218,62218,0,0,0,0,64,0,64120,912,8576,32768,0,952,64,0,0,0,710,0,0,0,1,26624
688,1100,0,0,0,0,2,5,5,7,2,55296,19968,64849,65270,64,32768,14,819,383,0,0,32,53008,0,0,53008,53008,0,0,0,0,64,0,139,880,8320,33024,0,920,64,0,0,0,736,0,0,0,2,26688
689,1000,0,0,0,0,2,5,5,7,2,11520,36096,65313,64861,64,32768,0,945,545,0,0,32,62041,0,0,62041,62041,0,0,0,0,64,0,64232,912,8640,32768,0,952,64,0,0,0,711,0,0,32768,1,26624
689,1100,0,0,0,0,2,5,5,7,2,10496,17408,64847,65270,64,32768,14,817,382,0,0,32,53025,0,0,53025,53025,0,0,0,0,64,0,227,880,8320,33024,0,920,64,0,0,0,738,0,0,0,2,26688
690,1000,0,0,0,0,2,5,5,7,2,19968,59904,65301,64863,64,32768,0,944,542,0,0,32,61878,0,0,61878,61878,0,0,0,0,64,0,64344,912,8640,32768,0,952,64,0,0,0,713,0,0,0,1,26624
690,1100,0,0,0,0,2,5,5,7,2,30720,14848,64846,65268,64,32768,14,814,381,0,0,32,53053,0,0,53053,53053,0,0,0,0,64,0,315,880,8384,33024,0,920,64,0,0,0,740,0,0,0,2,26688
691,1000,0,0,0,0,2,5,5,7,2,25344,18688,65290,64866,64,32768,0,943,540,0,0,32,61729,0,0,61729,61729,0,0,0,0,64,0,64456,912,8640,32768,0,952,64,0,0,0,714,0,0,32768,1,26624
691,1100,0,0,0,0,2,5,5,7,2,50688,11776,64845,65265,64,32768,14,811,380,0,0,32,53092,0,0,53092,53092,0,0,0,0,64,0,403,880,8384,33024,0,920,64,0,0,0,742,0,0,0,2,26688
692,1000,0,0,0,0,2,5,5,7,2,27904,43776,65280,64868,64,32768,0,942,537,0,0,32,61594,0,0,61594,61594,0,0,0,0,64,0,64568,912,8640,32768,0,952,64,0,0,0,716,0,0,0,1,26624
692,1100,0,0,0,0,2,5,5,7,2,4864,7936,64844,65262,64,32768,14,809,379,0,0,32,53142,0,0,53142,53142,0,0,0,0,64,0,491,880,8384,33024,0,920,64,0,0,0,744,0,0,0,2,26688
693,1000,0,0,0,0,2,5,5,7,2,27904,3840,65271,64870,64,32768,0,941,535,0,0,32,61473,0,0,61473,61473,0,0,0,0,64,0,64680,912,8640,32768,0,952,64,0,0,0,717,0,0,32768,1,26624
693,1100,0,0,0,0,2,5,5,7,2,24320,3328,64843,65258,64,32768,14,806,378,0,0,32,53203,0,0,53203,53203,0,0,0,0,64,0,579,880,8384,33024,0,920,64,0,0,0,746,0,0,0,2,26688
694,1000,0,0,0,0,2,5,5,7,2,25600,29952,65262,64871,64,32768,0,940,532,0,0,32,61366,0,0,61366,61366,0,0,0,0,64,0,64792,912,8640,32768,0,952,64,0,0,0,719,0,0,0,1,26624
694,1100,0,0,0,0,2,5,5,7,2,43520,63232,64843,65253,64,32768,14,803,376,0,0,32,53275,0,0,53275,53275,0,0,0,0,64,0,667,880,8384,33024,0,920,64,0,0,0,748,0,0,0,2,26688
695,1000,0,0,0,0,2,5,5,7,2,20992,56320,65255,64873,64,32768,0,939,529,0,0,32,61273,0,0,61273,61273,0,0,0,0,64,0,64904,912,8640,32768,0,952,64,0,0,0,720,0,0,32768,1,26624
695,1100,0,0,0,0,2,5,5,7,2,62720,56320,64843,65248,64,32768,14,800,375,0,0,32,53358,0,0,53358,53358,0,0,0,0,64,0,755,880,8384,33024,0,920,64,0,0,0,750,0,0,0,2,26688
696,1000,0,0,0,0,2,5,5,7,2,14592,17664,65249,64874,64,32768,0,938,527,0,0,32,61194,0,0,61194,61194,0,0,0,0,64,0,65016,912,8640,32768,0,952,64,0,0,0,722,0,0,0,1,26624
696,1100,0,0,0,0,2,5,5,7,2,16384,48128,64844,65241,64,32768,14,798,374,0,0,32,53452,0,0,53452,53452,0,0,0,0,64,0,843,880,8384,33024,0,920,64,0,0,0,752,0,0,0,2,26688
697,1000,0,0,0,0,2,5,5,7,2,6656,44800,65243,64875,64,32768,0,937,524,0,0,32,61129,0,0,61129,61129,0,0,0,0,64,0,65128,912,8704,32768,0,952,64,0,0,0,723,0,0,32768,1,26624
697,1100,0,0,0,0,2,5,5,7,2,35840,38144,64845,65234,64,32768,14,795,373,0,0,32,53557,0,0,53557,53557,0,0,0,0,64,0,931,880,8384,33024,0,920,64,0,0,0,754,0,0,0,2,26688
698,1000,0,0,0,0,2,5,5,7,2,62720,6656,65238,64875,64,32768,0,935,522,0,0,32,61078,0,0,61078,61078,0,0,0,0,64,0,65240,912,8704,32768,0,952,64,0,0,0,725,0,0,0,1,26624
698,1100,0,0,0,0,2,5,5,7,2,55552,26368,64846,65227,64,32768,14,792,372,0,0,32,53673,0,0,53673,53673,0,0,0,0,64,0,1019,880,8448,33024,0,920,64,0,0,0,756,0,0,0,2,26688
699,1000,0,0,0,0,2,5,5,7,2,51968,34048,65235,64876,64,32768,0,934,519,0,0,32,61041,0,0,61041,61041,0,0,0,0,64,0,65352,912,8704,32768,0,952,64,0,0,0,726,0,0,32768,1,26624
699,1100,0,0,0,0,2,5,5,7,2,9984,12800,64848,65218,64,32768,14,790,371,0,0,32,53800,0,0,53800,53800,0,0,0,0,64,0,1107,880,8448,33024,0,920,64,0,0,0,758,0,0,0,2,26688
700,1000,0,0,0,0,2,5,5,7,2,40448,61696,65231,64875,64,32768,0,933,516,0,0,32,61018,0,0,61018,61018,0,0,0,0,64,0,65464,912,8704,32768,0,952,64,0,0,0,728,0,0,0,1,26624
700,1100,0,0,0,0,2,5,5,7,2,30464,62464,64850,65209,64,32768,14,787,369,0,0,32,53938,0,0,53938,53938,0,0,0,0,64,0,1195,880,8448,33024,0,920,64,0,0,0,760,0,0,0,2,26688
701,1000,0,0,0,0,2,5,5,7,2,27904,23552,65230,64875,64,32768,0,932,514,0,0,32,61009,0,0,61009,61009,0,0,0,0,64,0,0,912,8704,32768,0,952,64,0,0,0,729,0,0,32768,1,26624
701,1100,0,0,0,0,2,5,5,7,2,51456,44288,64852,65199,64,32768,14,784,368,0,0,32,54087,0,0,54087,54087,0,0,0,0,64,0,1067,880,8448,32768,0,920,64,0,0,0,762,0,0,0,2,26688
702,1000,0,0,0,0,2,5,5,7,2,15104,50944,65228,64873,64,32768,0,931,511,0,0,32,61009,0,0,61009,61009,0,0,0,0,64,0,0,912,8704,32768,0,952,64,0,0,0,731,0,0,0,1,26624
702,1100,0,0,0,0,2,5,5,7,2,7424,23552,64855,65188,64,32768,14,782,367,0,0,32,54220,0,0,54220,54220,0,0,0,0,64,0,939,880,8448,32768,0,920,64,0,0,0,764,0,0,0,2,26688
703,1000,0,0,0,0,2,5,5,7,2,1792,12288,65228,64872,64,32768,0,930,509,0,0,32,61009,0,0,61009,61009,0,0,0,0,64,0,0,912,8704,32768,0,952,64,0,0,0,732,0,0,32768,1,26624
703,1100,0,0,0,0,2,5,5,7,2,29696,0,64858,65179,64,32768,14,779,366,0,0,32,54337,0,0,54337,54337,0,0,0,0,64,0,811,880,8448,32768,0,920,64,0,0,0,766,0,0,0,2,26688
704,1000,0,0,0,0,2,5,5,7,2,54016,38912,65227,64870,64,32768,0,928,506,0,0,32,61009,0,0,61009,61009,0,0,0,0,64,0,0,912,8704,32768,0,952,64,0,0,0,734,0,0,0,1,26624
704,1100,0,0,0,0,2,5,5,7,2,52736,39680,64860,65170,64,32768,14,776,364,0,0,32,54438,0,0,54438,54438,0,0,0,0,64,0,683,880,8448,32768,0,920,64,0,0,0,768,0,0,0,0,26688
705,1000,0,0,0,0,2,5,5,7,2,40448,65024,65226,64870,64,32768,0,927,503,0,0,32,61009,0,0,61009,61009,0,0,0,0,64,0,0,912,8768,32768,0,952,64,0,0,0,735,0,0,32768,1,26624
705,1100,0,0,0,0,2,5,5,7,2,10752,11520,64864,65164,64,32768,14,774,363,0,0,32,54523,0,0,54523,54523,0,0,0,0,64,0,555,880,8448,32768,0,920,64,0,0,0,768,0,0,32768,0,26688
706,1000,0,0,0,0,2,5,5,7,2,26624,25600,65226,64868,64,32768,0,926,501,0,0,32,61009,0,0,61009,61009,0,0,0,0,64,0,0,912,8768,32768,0,952,64,0,0,0,737,0,0,0,1,26624
706,1100,0,0,0,0,2,5,5,7,2,35328,47360,64866,65158,64,32768,14,771,361,0,0,32,54592,0,0,54592,54592,0,0,0,0,64,0,427,880,8512,32768,0,920,64,0,0,0,769,0,0,0,0,26688
707,1000,0,0,0,0,2,5,5,7,2,12800,51200,65225,64867,64,32768,0,925,498,0,0,32,61009,0,0,61009,61009,0,0,0,0,64,0,0,912,8768,32768,0,952,64,0,0,0,738,0,0,32768,1,26624
707,1100,0,0,0,0,2,5,5,7,2,60416,16128,64869,65153,64,32768,14,768,360,0,0,32,54645,0,0,54645,54645,0,0,0,0,64,0,299,880,8512,32768,0,920,64,0,0,0,769,0,0,32768,0,26688
708,1000,0,0,0,0,2,5,5,7,2,64256,11008,65224,64865,64,32768,0,923,496,0,0,32,61009,0,0,61009,61009,0,0,0,0,64,0,0,912,8768,32768,0,952,64,0,0,0,740,0,0,0,1,26624
708,1100,0,0,0,0,2,5,5,7,2,20736,49152,64870,65149,64,32768,14,766,358,0,0,32,54682,0,0,54682,54682,0,0,0,0,64,0,171,880,8512,32768,0,920,64,0,0,0,770,0,0,0,0,26688
709,1000,0,512,0,0,2,5,5,7,2,49920,35840,65224,64864,64,32768,0,922,493,0,0,32,61009,0,0,61009,61009,0,0,0,0,64,0,0,912,8768,32768,0,952,64,0,0,0,741,0,0,32768,1,26624
709,1100,0,512,0,0,2,5,5,7,2,46848,15616,64871,65147,64,32768,14,763,357,0,0,32,54703,0,0,54703,54703,0,0,0,0,64,0,19,880,8512,33282,0,920,64,0,0,0,770,0,0,32768,0,26688
710,1000,0,0,0,0,2,5,5,7,2,35584,60416,65223,64862,64,32768,0,921,490,0,0,32,61009,0,0,61009,61009,0,0,0,0,64,0,0,912,8768,32768,0,952,64,0,0,0,743,0,0,0,1,26624
710,1100,0,0,0,0,2,5,5,7,2,7680,47104,64871,65145,64,32768,14,761,355,0,0,32,54705,0,0,54705,54705,0,0,0,0,64,0,65403,880,8512,33280,0,920,64,0,0,0,771,0,0,0,0,26688
711,1000,0,0,0,0,2,5,5,7,2,20992,18944,65223,64861,64,32768,0,920,488,0,0,32,61009,0,0,61009,61009,0,0,0,0,64,0,0,912,8768,32768,0,952,64,0,0,0,744,0,0,32768,1,26624
711,1100,0,0,0,0,2,5,5,7,2,34048,12544,64871,65145,64,32768,14,758,354,0,0,32,54688,0,0,54688,54688,0,0,0,0,64,0,65315,880,8512,33280,0,920,64,0,0,0,771,0,0,32768,0,26688
712,1000,0,0,0,0,2,5,5,7,2,6400,42752,65222,64860,64,32768,0,919,485,0,0,32,61009,0,0,61009,61009,0,0,0,0,64,0,0,912,8768,32768,0,952,64,0,0,0,746,0,0,0,1,26624
712,1100,0,0,0,0,2,5,5,7,2,60416,43520,64870,65146,64,32768,14,755,352,0,0,32,54660,0,0,54660,54660,0,0,0,0,64,0,65227,880,8512,33280,0,920,64,0,0,0,772,0,0,0,0,26688
713,1000,512,0,0,0,2,5,5,7,2,57088,768,65221,64859,64,32768,0,917,483,0,0,32,61009,0,0,61009,61009,0,0,0,0,64,0,65432,912,8832,33282,0,952,64,0,0,0,747,0,0,32768,1,26624
713,1100,512,0,0,0,2,5,5,7,2,20992,9216,64869,65147,64,32768,14,753,351,0,0,32,54621,0,0,54621,54621,0,0,0,0,64,0,65139,880,8512,33280,0,920,64,0,0,0,772,0,0,32768,0,26688
714,1000,0,0,0,0,2,5,5,7,2,41984,24064,65221,64857,64,32768,0,916,480,0,0,32,60996,0,0,60996,60996,0,0,0,0,64,0,65328,912,8832,33280,0,952,64,0,0,0,749,0,0,0,1,26624
714,1100,0,0,0,0,2,5,5,7,2,46848,40704,64866,65149,64,32768,14,750,349,0,0,32,54571,0,0,54571,54571,0,0,0,0,64,0,65051,880,8576,33280,0,920,64,0,0,0,773,0,0,0,0,26688
715,1000,0,0,0,0,2,5,5,7,2,26880,46848,65219,64856,64,32768,0,915,477,0,0,32,60970,0,0,60970,60970,0,0,0,0,64,0,65224,912,8832,33280,0,952,64,0,0,0,750,0,0,32768,1,26624
715,1100,0,0,0,0,2,5,5,7,2,6400,7168,64864,65153,64,32768,14,748,348,0,0,32,54510,0,0,54510,54510,0,0,0,0,64,0,64963,880,8576,33280,0,920,64,0,0,0,773,0,0,32768,0,26688
716,1000,0,0,0,0,2,5,5,7,2,11264,3840,65217,64855,64,32768,0,914,475,0,0,32,60931,0,0,60931,60931,0,0,0,0,64,0,65120,912,8832,33280,0,952,64,0,0,0,752,0,0,0,1,26624
716,1100,0,0,0,0,2,5,5,7,2,30976,40192,64861,65156,64,32768,14,745,346,0,0,32,54438,0,0,54438,54438,0,0,0,0,64,0,65091,880,8576,32768,0,920,64,0,0,0,774,0,0,0,0,26688
717,1000,0,0,0,0,2,5,5,7,2,60672,26112,65214,64855,64,32768,0,912,472,0,0,32,60879,0,0,60879,60879,0,0,0,0,64,0,65016,912,8832,33280,0,952,64,0,0,0,753,0,0,32768,1,26624
717,1100,0,0,0,0,2,5,5,7,2,54784,8448,64859,65161,64,32768,14,742,345,0,0,32,54382,0,0,54382,54382,0,0,0,0,64,0,65219,880,8576,32768,0,920,64,0,0,0,774,0,0,32768,0,26688
718,1000,0,0,0,0,2,5,5,7,2,43776,48384,65210,64856,64,32768,0,911,469,0,0,32,60814,0,0,60814,60814,0,0,0,0,64,0,64912,912,8832,33280,0,952,64,0,0,0,755,0,0,0,1,26624
718,1100,0,0,0,0,2,5,5,7,2,12544,43520,64856,65164,64,32768,14,740,343,0,0,32,54342,0,0,54342,54342,0,0,0,0,64,0,65347,880,8576,32768,0,920,64,0,0,0,775,0,0,0,0,26688
719,1000,0,0,0,0,2,5,5,7,2,25856,5376,65205,64857,64,32768,0,910,467,0,0,32,60736,0,0,60736,60736,0,0,0,0,64,0,64808,912,8832,33280,0,952,64,0,0,0,756,0,0,32768,1,26624
719,1100,0,0,0,0,2,5,5,7,2,35072,13824,64854,65167,64,32768,14,737,342,0,0,32,54318,0,0,54318,54318,0,0,0,0,64,0,65475,880,8576,32768,0,920,64,0,0,0,775,0,0,32768,0,26688
720,1000,0,0,0,0,2,5,5,7,2,6656,28160,65199,64857,64,32768,0,909,464,0,0,32,60645,0,0,60645,60645,0,0,0,0,64,0,64704,912,8832,33280,0,952,64,0,0,0,758,0,0,0,1,26624
720,1100,0,0,0,0,2,5,5,7,2,57088,50432,64853,65168,64,32768,14,734,340,0,0,32,54310,0,0,54310,54310,0,0,0,0,64,0,0,880,8576,32768,0,920,64,0,0,0,776,0,0,0,0,26688
721,1000,0,0,0,0,2,5,5,7,2,51456,50944,65193,64859,64,32768,0,907,461,0,0,32,60541,0,0,60541,60541,0,0,0,0,64,0,64600,912,8896,33280,0,952,64,0,0,0,759,0,0,32768,1,26624
721,1100,0,0,0,0,2,5,5,7,2,13312,21760,64852,65168,64,32768,14,732,339,0,0,32,54310,0,0,54310,54310,0,0,0,0,64,0,0,880,8576,32768,0,920,64,0,0,0,776,0,0,32768,0,26688
722,1000,0,0,0,0,2,5,5,7,2,29184,8704,65185,64861,64,32768,0,906,459,0,0,32,60424,0,0,60424,60424,0,0,0,0,64,0,64496,912,8896,33280,0,952,64,0,0,0,761,0,0,0,1,26624
722,1100,0,0,0,0,2,5,5,7,2,34816,58624,64851,65168,64,32768,14,729,337,0,0,32,54310,0,0,54310,54310,0,0,0,0,64,0,0,880,8640,32768,0,920,64,0,0,0,777,0,0,0,0,26688
723,1000,0,0,0,0,2,5,5,7,2,4864,32512,65177,64864,64,32768,0,905,456,0,0,32,60294,0,0,60294,60294,0,0,0,0,64,0,64392,912,8896,33280,0,952,64,0,0,0,762,0,0,32768,1,26624
723,1100,0,0,0,0,2,5,5,7,2,56064,29952,64851,65168,64,32768,14,726,336,0,0,32,54310,0,0,54310,54310,0,0,0,0,64,0,0,880,8640,32768,0,920,64,0,0,0,777,0,0,32768,0,26688
724,1000,0,0,0,0,2,5,5,7,2,44032,57088,65168,64867,64,32768,0,903,453,0,0,32,60151,0,0,60151,60151,0,0,0,0,64,0,64288,912,8896,33280,0,952,64,0,0,0,764,0,0,0,1,26624
724,1100,0,0,0,0,2,5,5,7,2,11776,1280,64851,65167,64,32768,14,724,335,0,0,32,54310,0,0,54310,54310,0,0,0,0,64,0,0,880,8640,32768,0,920,64,0,0,0,778,0,0,0,0,26688
725,1000,0,0,0,0,2,5,5,7,2,15360,16896,65158,64871,64,32768,0,902,451,0,0,32,59995,0,0,59995,59995,0,0,0,0,64,0,64184,912,8896,33280,0,952,64,0,0,0,765,0,0,32768,1,26624
725,1100,0,0,0,0,2,5,5,7,2,33024,37888,64851,65167,64,32768,14,721,333,0,0,32,54310,0,0,54310,54310,0,0,0,0,64,0,0,880,8640,32768,0,920,64,0,0,0,778,0,0,32768,0,26688
726,1000,0,0,0,0,2,5,5,7,2,49664,43264,65147,64875,64,32768,0,900,448,0,0,32,59826,0,0,59826,59826,0,0,0,0,64,0,64080,912,8896,33280,0,952,64,0,0,0,767,0,0,0,1,26624
726,1100,0,0,0,0,2,5,5,7,2,54272,8960,64850,65167,64,32768,14,718,332,0,0,32,54310,0,0,54310,54310,0,0,0,0,64,0,0,880,8640,32768,0,920,64,0,0,0,779,0,0,0,0,26688
727,1000,0,0,0,0,2,5,5,7,2,15616,5120,65136,64881,64,32768,0,899,446,0,0,32,59644,0,0,59644,59644,0,0,0,0,64,0,63976,912,8896,33280,0,952,64,0,0,0,768,0,0,32768,1,26624
727,1100,0,0,0,0,2,5,5,7,2,9728,45568,64850,65167,64,32768,14,716,330,0,0,32,54310,0,0,54310,54310,0,0,0,0,64,0,0,880,8640,32768,0,920,64,0,0,0,779,0,0,32768,0,26688
728,1000,0,0,0,0,2,5,5,7,2,44288,34048,65124,64887,64,32768,0,897,443,0,0,32,59449,0,0,59449,59449,0,0,0,0,64,0,63872,912,8896,33280,0,952,64,0,0,0,769,0,0,32768,1,26624
728,1100,0,0,0,0,2,5,5,7,2,30720,16640,64849,65166,64,32768,14,713,329,0,0,32,54310,0,0,54310,54310,0,0,0,0,64,0,0,880,8640,32768,0,920,64,0,0,0,780,0,0,0,0,26688
729,1000,0,0,0,0,2,5,5,7,2,4352,64512,65111,64894,64,32768,0,896,440,0,0,32,59241,0,0,59241,59241,0,0,0,0,64,0,63768,912,8960,33280,0,952,64,0,0,0,770,0,0,32768,1,26624
729,1100,0,0,0,0,2,5,5,7,2,51456,52992,64849,65166,64,32768,14,710,327,0,0,32,54310,0,0,54310,54310,0,0,0,0,64,0,0,880,8640,32768,0,920,64,0,0,0,780,0,0,32768,0,26688
730,1000,0,0,0,0,2,5,5,7,2,26624,31232,65098,64902,64,32768,0,894,438,0,0,32,59020,0,0,59020,59020,0,0,0,0,64,0,63664,912,8960,33280,0,952,64,0,0,0,771,0,0,32768,1,26624
730,1100,0,0,0,0,2,5,5,7,2,6656,23808,64848,65166,64,32768,14,708,326,0,0,32,54310,0,0,54310,54310,0,0,0,0,64,0,0,880,8704,32768,0,920,64,0,0,0,781,0,0,0,0,26688
731,1000,0,0,0,0,2,5,5,7,2,45568,0,65084,64910,64,32768,0,892,436,0,0,32,58786,0,0,58786,58786,0,0,0,0,64,0,63560,912,8960,33280,0,952,64,0,0,0,772,0,0,32768,1,26624
731,1100,0,0,0,0,2,5,5,7,2,27136,60160,64848,65166,64,32768,14,705,324,0,0,32,54310,0,0,54310,54310,0,0,0,0,64,0,0,880,8704,32768,0,920,64,0,0,0,781,0,0,32768,0,26688
732,1000,0,0,0,0,2,5,5,7,2,60928,36352,65069,64920,64,32768,0,890,433,0,0,32,58539,0,0,58539,58539,0,0,0,0,64,0,63456,912,8960,33280,0,952,64,0,0,0,773,0,0,32768,1,26624
732,1100,0,0,0,0,2,5,5,7,2,47616,30976,64847,65165,64,32768,14,702,323,0,0,32,54310,0,0,54310,54310,0,0,0,0,64,0,0,880,8704,32768,0,920,64,0,0,0,782,0,0,0,0,26688
733,1000,0,0,0,0,2,5,5,7,2,6912,9728,65054,64930,64,32768,0,889,431,0,0,32,58279,0,0,58279,58279,0,0,0,0,64,0,63568,912,8960,32768,0,952,64,0,0,0,774,0,0,32768,1,26624
733,1100,0,0,0,0,2,5,5,7,2,2304,1536,64847,65165,64,32768,14,700,322,0,0,32,54310,0,0,54310,54310,0,0,0,0,64,0,0,880,8704,32768,0,920,64,0,0,0,782,0,0,32768,0,26688
734,1000,0,0,0,0,2,5,5,7,2,14592,51200,65039,64942,64,32768,0,887,428,0,0,32,58033,0,0,58033,58033,0,0,0,0,64,0,63680,912,8960,32768,0,952,64,0,0,0,775,0,0,32768,1,26624
734,1100,0,0,0,0,2,5,5,7,2,22528,37632,64846,65165,64,32768,14,697,320,0,0,32,54310,0,0,54310,54310,0,0,0,0,64,0,0,880,8704,32768,0,920,64,0,0,0,783,0,0,0,0,26688
735,1000,0,0,0,0,2,5,5,7,2,18432,30208,65024,64953,64,32768,0,885,426,0,0,32,57801,0,0,57801,57801,0,0,0,0,64,0,63792,912,8960,32768,0,952,64,0,0,0,776,0,0,32768,1,26624
735,1100,0,0,0,0,2,5,5,7,2,42496,8192,64846,65165,64,32768,14,694,319,0,0,32,54310,0,0,54310,54310,0,0,0,0,64,0,0,880,8704,32768,0,920,64,0,0,0,783,0,0,32768,0,26688
736,1000,0,0,0,0,2,5,5,7,2,18432,12032,65011,64964,64,32768,0,883,424,0,0,32,57583,0,0,57583,57583,0,0,0,0,64,0,63904,912,8960,32768,0,952,64,0,0,0,777,0,0,32768,1,26624
736,1100,0,0,0,0,2,5,5,7,2,62464,44288,64845,65164,64,32768,14,691,317,0,0,32,54310,0,0,54310,54310,0,0,0,0,64,0,0,880,8704,32768,0,920,64,0,0,0,784,0,0,0,0,26688
737,1000,0,0,0,0,2,5,5,7,2,15104,62208,64998,64974,64,32768,0,881,421,0,0,32,57379,0,0,57379,57379,0,0,0,0,64,0,64016,912,9024,32768,0,952,64,0,0,0,778,0,0,32768,1,26624
737,1100,0,0,0,0,2,5,5,7,2,16640,14592,64845,65164,64,32768,14,689,316,0,0,32,54310,0,0,54310,54310,0,0,0,0,64,0,0,880,8704,32768,0,920,64,0,0,0,784,0,0,32768,0,26688
738,1000,0,0,0,0,2,5,5,7,2,8448,49408,64986,64984,64,32768,0,879,419,0,0,32,57189,0,0,57189,57189,0,0,0,0,64,0,64128,912,9024,32768,0,952,64,0,0,0,779,0,0,32768,1,26624
738,1100,0,0,0,0,2,5,5,7,2,36352,50432,64844,65164,64,32768,14,686,314,0,0,32,54310,0,0,54310,54310,0,0,0,0,64,0,0,880,8768,32768,0,920,64,0,0,0,785,0,0,0,0,26688
739,1000,0,0,0,0,2,5,5,7,2,64256,39168,64976,64993,64,32768,0,876,417,0,0,32,57013,0,0,57013,57013,0,0,0,0,64,0,64240,912,9024,32768,0,952,64,0,0,0,780,0,0,32768,1,26624
739,1100,0,0,0,0,2,5,5,7,2,55808,20736,64844,65164,64,32768,14,683,313,0,0,32,54310,0,0,54310,54310,0,0,0,0,64,0,0,880,8768,32768,0,920,64,0,0,0,785,0,0,32768,0,26688
740,1000,0,0,0,0,2,5,5,7,2,51968,31232,64966,65002,64,32768,0,874,415,0,0,32,56851,0,0,56851,56851,0,0,0,0,64,0,64352,912,9024,32768,0,952,64,0,0,0,781,0,0,32768,1,26624
740,1100,0,0,0,0,2,5,5,7,2,9728,56576,64844,65163,64,32768,14,681,311,0,0,32,54310,0,0,54310,54310,0,0,0,0,64,0,0,880,8768,32768,0,920,64,0,0,0,786,0,0,0,0,26688
741,1000,0,0,0,0,2,5,5,7,2,37120,25600,64957,65010,64,32768,0,872,413,0,0,32,56703,0,0,56703,56703,0,0,0,0,64,0,64464,912,9024,32768,0,952,64,0,0,0,782,0,0,32768,1,26624
741,1100,0,0,0,0,2,5,5,7,2,29184,26624,64844,65163,64,32768,14,678,310,0,0,32,54310,0,0,54310,54310,0,0,0,0,64,0,0,880,8768,32768,0,920,64,0,0,0,786,0,0,32768,0,26688
742,1000,0,0,0,0,2,5,5,7,2,19968,22016,64949,65018,64,32768,0,870,411,0,0,32,56569,0,0,56569,56569,0,0,0,0,64,0,64576,912,9024,32768,0,952,64,0,0,0,783,0,0,32768,1,26624
742,1100,0,0,0,0,2,5,5,7,2,48640,62208,64843,65163,64,32768,14,675,308,0,0,32,54310,0,0,54310,54310,0,0,0,0,64,0,0,880,8768,32768,0,920,64,0,0,0,787,0,0,0,0,26688
743,1000,0,0,0,0,2,5,5,7,2,768,20480,64942,65025,64,32768,0,868,409,0,0,32,56449,0,0,56449,56449,0,0,0,0,64,0,64688,912,9024,32768,0,952,64,0,0,0,784,0,0,32768,1,26624
743,1100,0,0,0,0,2,5,5,7,2,2304,32256,64843,65163,64,32768,14,673,307,0,0,32,54310,0,0,54310,54310,0,0,0,0,64,0,0,880,8768,32768,0,920,64,0,0,0,787,0,0,32768,0,26688
744,1000,0,0,0,0,2,5,5,7,2,45312,20736,64935,65031,64,32768,0,865,407,0,0,32,56343,0,0,56343,56343,0,0,0,0,64,0,64800,912,9024,32768,0,952,64,0,0,0,785,0,0,32768,1,26624
744,1100,0,0,0,0,2,5,5,7,2,21504,2304,64842,65162,64,32768,14,670,306,0,0,32,54310,0,0,54310,54310,0,0,0,0,64,0,0,880,8768,32768,0,920,64,0,0,0,788,0,0,0,0,26688
745,1000,0,0,0,0,2,5,5,7,2,22528,22528,64929,65036,64,32768,0,863,405,0,0,32,56251,0,0,56251,56251,0,0,0,0,64,0,64912,912,9088,32768,0,952,64,0,0,0,786,0,0,32768,1,26624
745,1100,0,0,0,0,2,5,5,7,2,40448,37632,64842,65162,64,32768,14,667,304,0,0,32,54310,0,0,54310,54310,0,0,0,0,64,0,0,880,8768,32768,0,920,64,0,0,0,788,0,0,32768,0,26688
746,1000,0,0,0,0,2,5,5,7,2,63744,25600,64924,65041,64,32768,0,860,403,0,0,32,56173,0,0,56173,56173,0,0,0,0,64,0,65024,912,9088,32768,0,952,64,0,0,0,787,0,0,32768,1,26624
746,1100,0,0,0,0,2,5,5,7,2,59392,7424,64841,65162,64,32768,14,664,303,0,0,32,54310,0,0,54310,54310,0,0,0,0,64,0,0,880,8832,32768,0,920,64,0,0,0,789,0,0,0,0,26688
747,1000,0,0,0,0,2,5,5,7,2,38144,29952,64919,65045,64,32768,0,858,401,0,0,32,56109,0,0,56109,56109,0,0,0,0,64,0,65136,912,9088,32768,0,952,64,0,0,0,788,0,0,32768,1,26624
747,1100,0,0,0,0,2,5,5,7,2,12544,42752,64841,65162,64,32768,14,662,301,0,0,32,54310,0,0,54310,54310,0,0,0,0,64,0,0,880,8832,32768,0,920,64,0,0,0,789,0,0,32768,0,26688
748,1000,0,0,0,0,2,5,5,7,2,11264,35328,64916,65048,64,32768,0,856,399,0,0,32,56059,0,0,56059,56059,0,0,0,0,64,0,65248,912,9088,32768,0,952,64,0,0,0,789,0,0,32768,1,26624
748,1100,0,0,0,0,2,5,5,7,2,31232,12544,64840,65161,64,32768,14,659,300,0,0,32,54310,0,0,54310,54310,0,0,0,0,64,0,0,880,8832,32768,0,920,64,0,0,0,790,0,0,0,0,26688
749,1000,0,0,0,0,2,5,5,7,2,49152,41472,64913,65051,64,32768,0,853,397,0,0,32,56023,0,0,56023,56023,0,0,0,0,64,0,65360,912,9088,32768,0,952,64,0,0,0,790,0,0,32768,1,26624
749,1100,0,0,0,0,2,5,5,7,2,49664,47616,64840,65161,64,32768,14,656,298,0,0,32,54310,0,0,54310,54310,0,0,0,0,64,0,0,880,8832,32768,0,920,64,0,0,0,790,0,0,32768,0,26688
750,1000,0,0,0,0,2,5,5,7,2,20736,48384,64910,65052,64,32768,0,851,395,0,0,32,56001,0,0,56001,56001,0,0,0,0,64,0,65472,912,9088,32768,0,952,64,0,0,0,791,0,0,32768,1,26624
750,1100,0,0,0,0,2,5,5,7,2,2560,17152,64839,65161,64,32768,14,654,297,0,0,32,54310,0,0,54310,54310,0,0,0,0,64,0,0,880,8832,32768,0,920,64,0,0,0,791,0,0,0,0,26688
751,1000,512,0,0,0,2,5,5,7,2,57088,55552,64908,65053,64,32768,0,848,393,0,0,32,55993,0,0,55993,55993,0,0,0,0,64,0,65368,912,9088,33282,0,952,64,0,0,0,792,0,0,32768,1,26624
751,1100,512,0,0,0,2,5,5,7,2,20736,52224,64839,65161,64,32768,14,651,295,0,0,32,54310,0,0,54310,54310,0,0,0,0,64,0,0,880,8832,32768,0,920,64,0,0,0,791,0,0,32768,0,26688
752,1000,0,0,0,0,2,5,5,7,2,27392,62976,64907,65053,64,32768,0,846,391,0,0,32,55972,0,0,55972,55972,0,0,0,0,64,0,65264,912,9088,33280,0,952,64,0,0,0,793,0,0,32768,1,26624
752,1100,0,0,0,0,2,5,5,7,2,38912,21760,64838,65161,64,32768,14,648,294,0,0,32,54310,0,0,54310,54310,0,0,0,0,64,0,0,880,8832,32768,0,920,64,0,0,0,792,0,0,0,0,26688
753,1000,0,0,0,0,2,5,5,7,2,62976,4864,64905,65054,64,32768,0,843,390,0,0,32,55938,0,0,55938,55938,0,0,0,0,64,0,65160,912,9152,33280,0,952,64,0,0,0,794,0,0,32768,1,26624
753,1100,0,0,0,0,2,5,5,7,2,56832,56832,64838,65161,64,32768,14,645,292,0,0,32,54310,0,0,54310,54310,0,0,0,0,64,0,0,880,8832,32768,0,920,64,0,0,0,792,0,0,32768,0,26688
754,1000,0,0,0,0,2,5,5,7,2,32512,12544,64903,65055,64,32768,0,841,388,0,0,32,55891,0,0,55891,55891,0,0,0,0,64,0,65056,912,9152,33280,0,952,64,0,0,0,795,0,0,32768,1,26624
754,1100,0,0,0,0,2,5,5,7,2,9216,26368,64837,65160,64,32768,14,643,291,0,0,32,54310,0,0,54310,54310,0,0,0,0,64,0,0,880,8896,32768,0,920,64,0,0,0,793,0,0,0,0,26688
755,1000,0,0,0,0,2,5,5,7,2,1536,20480,64900,65057,64,32768,0,839,386,0,0,32,55831,0,0,55831,55831,0,0,0,0,64,0,64952,912,9152,33280,0,952,64,0,0,0,796,0,0,32768,1,26624
755,1100,0,0,0,0,2,5,5,7,2,26880,61184,64837,65160,64,32768,14,640,289,0,0,32,54310,0,0,54310,54310,0,0,0,0,64,0,0,880,8896,32768,0,920,64,0,0,0,793,0,0,32768,0,26688
756,1000,0,0,0,0,2,5,5,7,2,35328,28928,64896,65060,64,32768,0,836,384,0,0,32,55758,0,0,55758,55758,0,0,0,0,64,0,64848,912,9152,33280,0,952,64,0,0,0,797,0,0,32768,1,26624
756,1100,0,0,0,0,2,5,5,7,2,44544,30464,64836,65160,64,32768,14,637,288,0,0,32,54310,0,0,54310,54310,0,0,0,0,64,0,0,880,8896,32768,0,920,64,0,0,0,794,0,0,0,0,26688
757,1000,0,0,0,0,2,5,5,7,2,2560,38144,64892,65064,64,32768,0,834,382,0,0,32,55672,0,0,55672,55672,0,0,0,0,64,0,64744,912,9152,33280,0,952,64,0,0,0,798,0,0,32768,1,26624
757,1100,0,0,0,0,2,5,5,7,2,61952,65280,64836,65160,64,32768,14,634,286,0,0,32,54310,0,0,54310,54310,0,0,0,0,64,0,0,880,8896,32768,0,920,64,0,0,0,794,0,0,32768,0,26688
758,1000,0,0,0,0,2,5,5,7,2,34304,48384,64888,65069,64,32768,0,831,380,0,0,32,55573,0,0,55573,55573,0,0,0,0,64,0,64640,912,9152,33280,0,952,64,0,0,0,799,0,0,32768,1,26624
758,1100,0,0,0,0,2,5,5,7,2,13824,34560,64836,65159,64,32768,14,632,285,0,0,32,54310,0,0,54310,54310,0,0,0,0,64,0,0,880,8896,32768,0,920,64,0,0,0,795,0,0,0,0,26688
759,1000,0,0,0,0,2,5,5,7,2,65024,59904,64882,65074,64,32768,0,828,378,0,0,32,55461,0,0,55461,55461,0,0,0,0,64,0,64539,912,9152,33280,0,952,64,0,0,0,800,0,0,32768,1,26624
759,1100,0,0,0,0,2,5,5,7,2,31232,3584,64836,65159,64,32768,14,629,284,0,0,32,54310,0,0,54310,54310,0,0,0,0,64,0,0,880,8896,32768,0,920,64,0,0,0,795,0,0,32768,0,26688
760,1000,0,0,0,0,2,5,5,7,2,28672,7168,64877,65081,64,32768,0,826,377,0,0,32,55336,0,0,55336,55336,0,0,0,0,64,0,64654,912,9152,32768,0,952,64,0,0,0,801,0,0,32768,1,26624
760,1100,0,0,0,0,2,5,5,7,2,48640,38144,64835,65159,64,32768,14,626,282,0,0,32,54310,0,0,54310,54310,0,0,0,0,64,0,0,880,8896,32768,0,920,64,0,0,0,796,0,0,0,0,26688
761,1000,0,0,0,0,2,5,5,7,2,56576,21760,64870,65088,64,32768,0,823,375,0,0,32,55225,0,0,55225,55225,0,0,0,0,64,0,64769,912,9216,32768,0,952,64,0,0,0,802,0,0,32768,1,26624
761,1100,0,0,0,0,2,5,5,7,2,256,7168,64835,65159,64,32768,14,624,281,0,0,32,54310,0,0,54310,54310,0,0,0,0,64,0,0,880,8896,32768,0,920,64,0,0,0,796,0,0,32768,0,26688
762,1000,0,0,0,0,2,5,5,7,2,17152,38144,64865,65095,64,32768,0,821,373,0,0,32,55129,0,0,55129,55129,0,0,0,0,64,0,64883,912,9216,32768,0,952,64,0,0,0,803,0,0,32768,1,26624
762,1100,0,0,0,0,2,5,5,7,2,17408,41728,64834,65158,64,32768,14,621,279,0,0,32,54310,0,0,54310,54310,0,0,0,0,64,0,0,880,8960,32768,0,920,64,0,0,0,797,0,0,0,0,26688
763,1000,0,0,0,0,2,5,5,7,2,41984,56320,64860,65101,64,32768,0,818,371,0,0,32,55047,0,0,55047,55047,0,0,0,0,64,0,64997,912,9216,32768,0,952,64,0,0,0,804,0,0,32768,1,26624
763,1100,0,0,0,0,2,5,5,7,2,34304,10496,64834,65158,64,32768,14,618,278,0,0,32,54310,0,0,54310,54310,0,0,0,0,64,0,0,880,8960,32768,0,920,64,0,0,0,797,0,0,32768,0,26688
764,1000,0,0,0,0,2,5,5,7,2,0,10496,64856,65105,64,32768,0,816,370,0,0,32,54979,0,0,54979,54979,0,0,0,0,64,0,65110,912,9216,32768,0,952,64,0,0,0,805,0,0,32768,1,26624
764,1100,0,0,0,0,2,5,5,7,2,51200,44800,64833,65158,64,32768,14,615,276,0,0,32,54310,0,0,54310,54310,0,0,0,0,64,0,0,880,8960,32768,0,920,64,0,0,0,798,0,0,0,0,26688
765,1000,0,0,0,0,2,5,5,7,2,22528,31232,64852,65109,64,32768,0,813,368,0,0,32,54925,0,0,54925,54925,0,0,0,0,64,0,65223,912,9216,32768,0,952,64,0,0,0,806,0,0,32768,1,26624
765,1100,0,0,0,0,2,5,5,7,2,2304,13568,64833,65158,64,32768,14,613,275,0,0,32,54310,0,0,54310,54310,0,0,0,0,64,0,0,880,8960,32768,0,920,64,0,0,0,798,0,0,32768,0,26688
766,1000,0,0,0,0,2,5,5,7,2,44032,52992,64849,65112,64,32768,0,810,366,0,0,32,54885,0,0,54885,54885,0,0,0,0,64,0,65335,912,9216,32768,0,952,64,0,0,0,807,0,0,32768,1,26624
766,1100,0,0,0,0,2,5,5,7,2,18944,47872,64832,65157,64,32768,14,610,273,0,0,32,54310,0,0,54310,54310,0,0,0,0,64,0,0,880,8960,32768,0,920,64,0,0,0,799,0,0,0,0,26688
767,1000,0,0,0,0,2,5,5,7,2,64768,9984,64846,65114,64,32768,0,807,365,0,0,32,54859,0,0,54859,54859,0,0,0,0,64,0,65447,912,9216,32768,0,952,64,0,0,0,808,0,0,32768,1,26624
767,1100,0,0,0,0,2,5,5,7,2,35328,16384,64832,65157,64,32768,14,607,272,0,0,32,54310,0,0,54310,54310,0,0,0,0,64,0,0,880,8960,32768,0,920,64,0,0,0,799,0,0,32768,0,26688
768,1000,0,0,0,0,2,5,5,7,2,19200,33024,64845,65116,64,32768,0,805,363,0,0,32,54847,0,0,54847,54847,0,0,0,0,64,0,0,912,9216,32768,0,952,64,0,0,0,809,0,0,32768,1,26624
768,1100,0,0,0,0,2,5,5,7,2,51712,50432,64831,65157,64,32768,14,604,270,0,0,32,54310,0,0,54310,54310,0,0,0,0,64,0,0,880,8960,32768,0,920,64,0,0,0,800,0,0,0,0,26688
769,1000,0,0,0,0,2,5,5,7,2,38912,56576,64843,65116,64,32768,0,802,361,0,0,32,54847,0,0,54847,54847,0,0,0,0,64,0,0,912,9280,32768,0,952,64,0,0,0,810,0,0,32768,1,26624
769,1100,0,0,0,0,2,5,5,7,2,2304,18944,64831,65157,64,32768,14,602,269,0,0,32,54310,0,0,54310,54310,0,0,0,0,64,0,0,880,8960,32768,0,920,64,0,0,0,800,0,0,32768,0,26688
770,1000,0,0,0,0,2,5,5,7,2,58112,14592,64842,65115,64,32768,0,799,360,0,0,32,54847,0,0,54847,54847,0,0,0,0,64,0,0,912,9280,32768,0,952,64,0,0,0,811,0,0,32768,1,26624
770,1100,0,0,0,0,2,5,5,7,2,18432,52992,64830,65156,64,32768,14,599,267,0,0,32,54310,0,0,54310,54310,0,0,0,0,64,0,0,880,9024,32768,0,920,64,0,0,0,801,0,0,0,0,26688
771,1000,0,0,0,0,2,5,5,7,2,11520,37888,64841,65115,64,32768,0,797,358,0,0,32,54847,0,0,54847,54847,0,0,0,0,64,0,0,912,9280,32768,0,952,64,0,0,0,812,0,0,32768,1,26624
771,1100,0,0,0,0,2,5,5,7,2,34304,21248,64830,65156,64,32768,14,596,266,0,0,32,54310,0,0,54310,54310,0,0,0,0,64,0,0,880,9024,32768,0,920,64,0,0,0,801,0,0,32768,0,26688
772,1000,0,0,0,0,2,5,5,7,2,30208,61184,64841,65114,64,32768,0,794,356,0,0,32,54847,0,0,54847,54847,0,0,0,0,64,0,0,912,9280,32768,0,952,64,0,0,0,813,0,0,32768,1,26624
772,1100,0,0,0,0,2,5,5,7,2,50176,55040,64829,65156,64,32768,14,593,264,0,0,32,54310,0,0,54310,54310,0,0,0,0,64,0,0,880,9024,32768,0,920,64,0,0,0,802,0,0,0,0,26688
773,1000,0,0,0,0,2,5,5,7,2,48896,18688,64840,65114,64,32768,0,791,355,0,0,32,54847,0,0,54847,54847,0,0,0,0,64,0,0,912,9280,32768,0,952,64,0,0,0,814,0,0,32768,1,26624
773,1100,0,0,0,0,2,5,5,7,2,256,23296,64829,65156,26,32768,14,591,263,0,0,32,54310,0,0,54310,54310,0,0,0,0,26,0,0,880,9024,32768,0,920,64,0,0,0,802,0,0,32768,0,26688
774,1000,0,0,0,0,2,5,6,7,2,1792,41728,64839,65113,64,32768,0,789,353,0,0,32,54847,0,0,54847,54847,0,0,0,0,64,0,0,912,9280,32768,0,952,64,0,0,0,815,0,0,32768,1,26624
774,1100,0,0,0,0,2,5,6,7,2,15872,57088,64829,65155,26,32768,14,588,261,0,0,32,54310,0,0,54310,54310,0,0,0,0,26,0,0,880,9024,32768,0,928,64,0,0,0,803,0,0,0,0,26688
775,1000,0,0,0,0,2,5,6,7,2,19968,64512,64838,65113,64,32768,0,786,351,0,0,32,54847,0,0,54847,54847,0,0,0,0,64,0,0,912,9280,32768,0,952,64,0,0,0,816,0,0,32768,1,26624
775,1100,0,0,0,0,2,5,6,7,2,31488,25088,64829,65155,64,32768,14,585,260,0,0,32,54310,0,0,54310,54310,0,0,0,0,64,0,0,880,9024,32768,0,928,64,0,0,0,803,0,0,32768,0,26688
776,1000,0,0,0,0,2,5,6,7,2,37888,21760,64837,65112,64,32768,0,783,350,0,0,32,54847,0,0,54847,54847,0,0,0,0,64,0,0,912,9280,32768,0,952,64,0,0,0,817,0,0,32768,1,26624
776,1100,0,0,0,0,2,5,6,7,2,47104,58624,64828,65155,64,32768,14,582,258,0,0,32,54310,0,0,54310,54310,0,0,0,0,64,0,0,880,9024,32768,0,928,64,0,0,0,804,0,0,0,0,26688
777,1000,0,0,0,0,2,5,6,7,2,55552,44288,64836,65112,64,32768,0,780,348,0,0,32,54847,0,0,54847,54847,0,0,0,0,64,0,0,912,9344,32768,0,952,64,0,0,0,818,0,0,32768,1,26624
777,1100,0,0,0,0,2,5,6,7,2,62464,26624,64828,65155,64,32768,14,579,257,0,0,32,54310,0,0,54310,54310,0,0,0,0,64,0,0,880,9024,32768,0,928,64,0,0,0,804,0,0,32768,0,26688
778,1000,0,512,0,0,2,5,6,7,2,7424,1280,64835,65111,64,32768,0,778,347,0,0,32,54847,0,0,54847,54847,0,0,0,0,64,0,0,912,9344,32768,0,952,64,0,0,0,819,0,0,32768,1,26624
778,1100,0,512,0,0,2,5,6,7,2,12288,60160,64827,65154,64,32768,14,577,255,0,0,32,54310,0,0,54310,54310,0,0,0,0,64,0,65448,880,9088,33282,0,928,64,0,0,0,805,0,0,0,0,26688
779,1000,0,0,0,0,2,5,6,7,2,24576,23552,64835,65111,64,32768,0,775,345,0,0,32,54847,0,0,54847,54847,0,0,0,0,64,0,0,912,9344,32768,0,952,64,0,0,0,820,0,0,32768,1,26624
779,1100,0,0,0,0,2,5,6,7,2,27392,27904,64827,65154,64,32768,14,574,254,0,0,32,54299,0,0,54299,54299,0,0,0,0,64,0,65360,880,9088,33280,0,928,64,0,0,0,805,0,0,32768,0,26688
780,1000,0,0,0,0,2,5,6,7,2,41728,45824,64834,65110,64,32768,0,772,343,0,0,32,54847,0,0,54847,54847,0,0,0,0,64,0,0,912,9344,32768,0,952,64,0,0,0,821,0,0,32768,1,26624
780,1100,0,0,0,0,2,5,6,7,2,42496,61184,64826,65155,64,32768,14,571,252,0,0,32,54277,0,0,54277,54277,0,0,0,0,64,0,65273,880,9088,33280,0,928,64,0,0,0,806,0,0,0,0,26688
781,1000,0,0,0,0,2,5,6,7,2,58624,2304,64833,65110,64,32768,0,769,342,0,0,32,54847,0,0,54847,54847,0,0,0,0,64,0,0,912,9344,32768,0,952,64,0,0,0,822,0,0,32768,1,26624
781,1100,0,0,0,0,2,5,6,7,2,57344,29184,64825,65156,64,32768,14,568,251,0,0,32,54244,0,0,54244,54244,0,0,0,0,64,0,65186,880,9088,33280,0,928,64,0,0,0,806,0,0,32768,0,26688
782,1000,0,0,0,0,2,5,6,7,2,9728,24320,64832,65109,64,32768,0,767,340,0,0,32,54847,0,0,54847,54847,0,0,0,0,64,0,0,912,9344,32768,0,952,64,0,0,0,823,0,0,32768,1,26624
782,1100,0,0,0,0,2,5,6,7,2,6400,62976,64823,65158,64,32768,14,566,249,0,0,32,54200,0,0,54200,54200,0,0,0,0,64,0,65099,880,9088,33280,0,928,64,0,0,0,807,0,0,0,0,26688
783,1000,0,0,0,0,2,5,6,7,2,26112,46080,64831,65109,64,32768,0,764,338,0,0,32,54847,0,0,54847,54847,0,0,0,0,64,0,0,912,9344,32768,0,952,64,0,0,0,824,0,0,32768,1,26624
783,1100,0,0,0,0,2,5,6,7,2,20480,31744,64821,65161,64,32768,14,563,248,0,0,32,54145,0,0,54145,54145,0,0,0,0,64,0,65013,880,9088,33280,0,928,64,0,0,0,807,0,0,32768,0,26688
784,1000,0,0,0,0,2,5,6,7,2,42240,2304,64830,65108,64,32768,0,761,337,0,0,32,54847,0,0,54847,54847,0,0,0,0,64,0,0,912,9344,32768,0,952,64,0,0,0,825,0,0,32768,1,26624
784,1100,0,0,0,0,2,5,6,7,2,34048,1280,64818,65164,64,32768,14,560,247,0,0,32,54079,0,0,54079,54079,0,0,0,0,64,0,64927,880,9088,33280,0,928,64,0,0,0,808,0,0,0,0,26688
785,1000,0,0,0,0,2,5,6,7,2,58112,23808,64829,65107,64,32768,0,758,335,0,0,32,54847,0,0,54847,54847,0,0,0,0,64,0,0,912,9408,32768,0,952,64,0,0,0,826,0,0,32768,1,26624
785,1100,0,0,0,0,2,5,6,7,2,46848,37120,64816,65169,64,32768,14,557,245,0,0,32,54002,0,0,54002,54002,0,0,0,0,64,0,64841,880,9088,33280,0,928,64,0,0,0,808,0,0,32768,0,26688
786,1000,0,0,0,0,2,5,6,7,2,8192,45056,64829,65107,64,32768,0,756,333,0,0,32,54847,0,0,54847,54847,0,0,0,0,64,0,0,912,9408,32768,0,952,64,0,0,0,827,0,0,32768,1,26624
786,1100,0,0,0,0,2,5,6,7,2,59136,8704,64812,65174,64,32768,14,554,244,0,0,32,53915,0,0,53915,53915,0,0,0,0,64,0,64756,880,9152,33280,0,928,64,0,0,0,809,0,0,0,0,26688
787,1000,0,0,0,0,2,5,6,7,2,23808,768,64828,65106,64,32768,0,753,332,0,0,32,54847,0,0,54847,54847,0,0,0,0,64,0,0,912,9408,32768,0,952,64,0,0,0,828,0,0,32768,1,26624
787,1100,0,0,0,0,2,5,6,7,2,4864,47104,64809,65180,64,32768,14,552,242,0,0,32,53817,0,0,53817,53817,0,0,0,0,64,0,64671,880,9152,33280,0,928,64,0,0,0,809,0,0,32768,0,26688
788,1000,0,0,0,0,2,5,6,7,2,39168,21760,64827,65106,64,32768,0,750,330,0,0,32,54847,0,0,54847,54847,0,0,0,0,64,0,0,912,9408,32768,0,952,64,0,0,0,829,0,0,32768,1,26624
788,1100,0,0,0,0,2,5,6,7,2,15360,21504,64805,65186,64,32768,14,549,241,0,0,32,53708,0,0,53708,53708,0,0,0,0,64,0,64801,880,9152,32768,0,928,64,0,0,0,810,0,0,0,0,26688
789,1000,0,0,0,0,2,5,6,7,2,54272,42752,64826,65105,64,32768,0,747,328,0,0,32,54847,0,0,54847,54847,0,0,0,0,64,0,0,912,9408,32768,0,952,64,0,0,0,830,0,0,32768,1,26624
789,1100,0,0,0,0,2,5,6,7,2,24832,62976,64802,65194,64,32768,14,546,239,0,0,32,53616,0,0,53616,53616,0,0,0,0,64,0,64931,880,9152,32768,0,928,64,0,0,0,810,0,0,32768,0,26688
790,1000,0,0,0,0,2,5,6,7,2,3584,63488,64825,65105,64,32768,0,745,326,0,0,32,54847,0,0,54847,54847,0,0,0,0,64,0,0,912,9408,32768,0,952,64,0,0,0,831,0,0,32768,1,26624
790,1100,0,0,0,0,2,5,6,7,2,33536,40960,64798,65200,64,32768,14,543,238,0,0,32,53540,0,0,53540,53540,0,0,0,0,64,0,65060,880,9152,32768,0,928,64,0,0,0,811,0,0,0,0,26688
791,1000,0,0,0,0,2,5,6,7,2,18176,18688,64824,65104,64,32768,0,742,325,0,0,32,54847,0,0,54847,54847,0,0,0,0,64,0,0,912,9408,32768,0,952,64,0,0,0,832,0,0,32768,0,26624
791,1100,0,0,0,0,2,5,6,7,2,41216,20480,64795,65205,64,32768,14,540,237,0,0,32,53480,0,0,53480,53480,0,0,0,0,64,0,65189,880,9152,32768,0,928,64,0,0,0,811,0,0,32768,0,26688
792,1000,0,0,0,0,2,5,6,7,2,32512,39168,64824,65104,64,32768,0,739,323,0,0,32,54847,0,0,54847,54847,0,0,0,0,64,0,0,912,9408,32768,0,952,64,0,0,0,833,0,0,0,0,26624
792,1100,0,0,0,0,2,5,6,7,2,48128,1280,64792,65209,64,32768,14,537,236,0,0,32,53436,0,0,53436,53436,0,0,0,0,64,0,65317,880,9152,32768,0,928,64,0,0,0,812,0,0,0,0,26688
793,1000,0,0,0,0,2,5,6,7,2,46848,59648,64824,65104,64,32768,0,736,321,0,0,32,54847,0,0,54847,54847,0,0,0,0,64,0,0,912,9472,32768,0,952,64,0,0,0,833,0,0,32768,0,26624
793,1100,0,0,0,0,2,5,6,7,2,54272,48640,64791,65212,64,32768,14,534,234,0,0,32,53408,0,0,53408,53408,0,0,0,0,64,0,65445,880,9152,32768,0,928,64,0,0,0,812,0,0,32768,0,26688
794,1000,0,0,0,0,2,5,6,7,2,61184,14592,64823,65103,64,32768,0,733,320,0,0,32,54847,0,0,54847,54847,0,0,0,0,64,0,0,912,9472,32768,0,952,64,0,0,0,834,0,0,0,0,26624
794,1100,0,0,0,0,2,5,6,7,2,60160,31232,64789,65214,64,32768,14,531,233,0,0,32,53396,0,0,53396,53396,0,0,0,0,64,0,0,880,9216,32768,0,928,64,0,0,0,813,0,0,0,0,26688
795,1000,0,0,0,0,2,5,6,7,2,9728,34816,64823,65103,64,32768,0,731,318,0,0,32,54847,0,0,54847,54847,0,0,0,0,64,0,0,912,9472,32768,0,952,64,0,0,0,834,0,0,32768,0,26624
795,1100,0,0,0,0,2,5,6,7,2,0,14336,64789,65215,64,32768,14,529,232,0,0,32,53396,0,0,53396,53396,0,0,0,0,64,0,0,880,9216,32768,0,928,64,0,0,0,813,0,0,32768,0,26688
796,1000,0,0,0,0,2,5,6,7,2,23808,55040,64822,65103,64,32768,0,728,316,0,0,32,54847,0,0,54847,54847,0,0,0,0,64,0,0,912,9472,32768,0,952,64,0,0,0,835,0,0,0,0,26624
796,1100,0,0,0,0,2,5,6,7,2,5376,63232,64788,65214,64,32768,14,526,230,0,0,32,53396,0,0,53396,53396,0,0,0,0,64,0,0,880,9216,32768,0,928,64,0,0,0,814,0,0,0,0,26688
797,1000,0,0,0,0,2,5,6,7,2,37632,9728,64822,65103,64,32768,0,725,315,0,0,32,54847,0,0,54847,54847,0,0,0,0,64,0,0,912,9472,32768,0,952,64,0,0,0,835,0,0,32768,0,26624
797,1100,0,0,0,0,2,5,6,7,2,10496,46336,64788,65214,64,32768,14,523,229,0,0,32,53396,0,0,53396,53396,0,0,0,0,64,0,0,880,9216,32768,0,928,64,0,0,0,814,0,0,32768,0,26688
798,1000,0,0,0,0,2,5,6,7,2,51456,29952,64821,65102,64,32768,0,722,313,0,0,32,54847,0,0,54847,54847,0,0,0,0,64,0,0,912,9472,32768,0,952,64,0,0,0,836,0,0,0,0,26624
798,1100,0,0,0,0,2,5,6,7,2,15616,29440,64787,65214,64,32768,14,520,228,0,0,32,53396,0,0,53396,53396,0,0,0,0,64,0,0,880,9216,32768,0,928,64,0,0,0,815,0,0,0,0,26688
799,1000,0,0,0,0,2,5,6,7,2,65024,49920,64821,65102,64,32768,0,719,311,0,0,32,54847,0,0,54847,54847,0,0,0,0,64,0,0,912,9472,32768,0,952,64,0,0,0,836,0,0,32768,0,26624
799,1100,0,0,0,0,2,5,6,7,2,20480,12544,64787,65214,64,32768,14,517,227,0,0,32,53396,0,0,53396,53396,0,0,0,0,64,0,0,880,9216,32768,0,928,64,0,0,0,815,0,0,32768,0,26688
800,1000,0,0,0,0,2,5,6,7,2,13056,4352,64820,65102,64,32768,0,717,310,0,0,32,54847,0,0,54847,54847,0,0,0,0,64,0,0,912,9472,32768,0,952,64,0,0,0,837,0,0,0,0,26624
800,1100,0,0,0,0,2,5,6,7,2,25344,61184,64786,65214,64,32768,14,514,225,0,0,32,53396,0,0,53396,53396,0,0,0,0,64,0,0,880,9216,32768,0,928,64,0,0,0,816,0,0,0,0,26688
801,1000,0,0,0,0,2,5,6,7,2,26368,24320,64820,65102,64,32768,0,714,308,0,0,32,54847,0,0,54847,54847,0,0,0,0,64,0,0,912,9536,32768,0,952,64,0,0,0,837,0,0,32768,0,26624
801,1100,0,0,0,0,2,5,6,7,2,29952,44288,64786,65214,26,32768,14,511,224,0,0,32,53396,0,0,53396,53396,0,0,0,0,26,0,0,880,9216,32768,0,928,64,0,0,0,816,0,0,32768,0,26688
802,1000,0,0,0,0,2,5,7,7,2,39680,44288,64819,65101,64,32768,0,711,306,0,0,32,54847,0,0,54847,54847,0,0,0,0,64,0,0,912,9536,32768,0,952,64,0,0,0,838,0,0,0,0,26624
802,1100,0,0,0,0,2,5,7,7,2,34560,27392,64785,65213,26,32768,14,508,223,0,0,32,53396,0,0,53396,53396,0,0,0,0,26,0,0,880,9280,32768,0,936,64,0,0,0,817,0,0,0,0,26688
803,1000,0,0,0,0,2,5,7,7,2,52736,64000,64819,65101,64,32768,0,708,304,0,0,32,54847,0,0,54847,54847,0,0,0,0,64,0,0,912,9536,32768,0,952,64,0,0,0,838,0,0,32768,0,26624
803,1100,0,0,0,0,2,5,7,7,2,38912,10240,64785,65213,64,32768,14,505,222,0,0,32,53396,0,0,53396,53396,0,0,0,0,64,0,0,880,9280,32768,0,936,64,0,0,0,817,0,0,32768,0,26688
804,1000,0,0,0,0,2,5,7,7,2,256,18176,64818,65101,64,32768,0,706,303,0,0,32,54847,0,0,54847,54847,0,0,0,0,64,0,0,912,9536,32768,0,952,64,0,0,0,839,0,0,0,0,26624
804,1100,0,0,0,0,2,5,7,7,2,43264,58624,64784,65213,64,32768,14,502,220,0,0,32,53396,0,0,53396,53396,0,0,0,0,64,0,0,880,9280,32768,0,936,64,0,0,0,818,0,0,0,0,26688
805,1000,0,0,0,0,2,5,7,7,2,13056,37888,64818,65101,64,32768,0,703,301,0,0,32,54847,0,0,54847,54847,0,0,0,0,64,0,0,912,9536,32768,0,952,64,0,0,0,839,0,0,32768,0,26624
805,1100,0,0,0,0,2,5,7,7,2,47360,41472,64784,65213,64,32768,14,499,219,0,0,32,53396,0,0,53396,53396,0,0,0,0,64,0,0,880,9280,32768,0,936,64,0,0,0,818,0,0,32768,0,26688
806,1000,0,0,0,0,2,5,7,7,2,25856,57600,64818,65100,64,32768,0,700,299,0,0,32,54847,0,0,54847,54847,0,0,0,0,64,0,0,912,9536,32768,0,952,64,0,0,0,840,0,0,0,0,26624
806,1100,0,0,0,0,2,5,7,7,2,51456,24320,64783,65212,64,32768,14,496,218,0,0,32,53396,0,0,53396,53396,0,0,0,0,64,0,0,880,9280,32768,0,936,64,0,0,0,819,0,0,0,0,26688
807,1000,0,0,0,0,2,5,7,7,2,38656,11520,64818,65100,64,32768,0,697,298,0,0,32,54847,0,0,54847,54847,0,0,0,0,64,0,0,912,9536,32768,0,952,64,0,0,0,840,0,0,32768,0,26624
807,1100,0,0,0,0,2,5,7,7,2,55296,6912,64783,65212,64,32768,14,493,217,0,0,32,53396,0,0,53396,53396,0,0,0,0,64,0,0,880,9280,32768,0,936,64,0,0,0,819,0,0,32768,0,26688
808,1000,0,0,0,0,2,5,7,7,2,51456,30976,64817,65100,64,32768,0,694,296,0,0,32,54847,0,0,54847,54847,0,0,0,0,64,0,0,912,9536,32768,0,952,64,0,0,0,841,0,0,0,0,26624
808,1100,0,0,0,0,2,5,7,7,2,59136,55040,64782,65212,64,32768,14,490,215,0,0,32,53396,0,0,53396,53396,0,0,0,0,64,0,0,880,9280,32768,0,936,64,0,0,0,820,0,0,0,0,26688
809,1000,0,0,0,0,2,5,7,7,2,64000,50432,64817,65100,64,32768,0,691,294,0,0,32,54847,0,0,54847,54847,0,0,0,0,64,0,0,912,9600,32768,0,952,64,0,0,0,841,0,0,32768,0,26624
809,1100,0,0,0,0,2,5,7,7,2,62720,37632,64782,65212,64,32768,14,487,214,0,0,32,53396,0,0,53396,53396,0,0,0,0,64,0,0,880,9280,32768,0,936,64,0,0,0,820,0,0,32768,0,26688
810,1000,0,0,0,0,2,5,7,7,2,11008,4352,64816,65099,64,32768,0,689,293,0,0,32,54847,0,0,54847,54847,0,0,0,0,64,0,0,912,9600,32768,0,952,64,0,0,0,842,0,0,0,0,26624
810,1100,0,0,0,0,2,5,7,7,2,768,20224,64782,65212,64,32768,14,485,213,0,0,32,53396,0,0,53396,53396,0,0,0,0,64,0,0,880,9344,32768,0,936,64,0,0,0,821,0,0,0,0,26688
811,1000,0,0,0,0,2,5,7,7,2,23296,23552,64816,65099,64,32768,0,686,291,0,0,32,54847,0,0,54847,54847,0,0,0,0,64,0,0,912,9600,32768,0,952,64,0,0,0,842,0,0,32768,0,26624
811,1100,0,0,0,0,2,5,7,7,2,4352,2816,64782,65212,64,32768,14,482,212,0,0,32,53396,0,0,53396,53396,0,0,0,0,64,0,0,880,9344,32768,0,936,64,0,0,0,821,0,0,32768,0,26688
812,1000,0,256,0,0,2,5,7,7,2,35584,42752,64815,65099,64,32768,0,683,289,0,0,32,54847,0,0,54847,54847,0,0,0,0,64,0,0,912,9600,32768,0,952,64,0,0,0,843,0,0,0,0,26624
812,1100,0,256,0,0,2,5,7,7,2,7936,50944,64781,65211,64,32768,14,479,210,0,0,32,53396,0,0,53396,53396,0,0,0,0,64,0,87,880,9344,33025,0,936,64,0,0,0,822,0,0,0,0,26688
813,1000,0,0,0,0,2,5,7,7,2,47616,61952,64815,65099,64,32768,0,680,287,0,0,32,54847,0,0,54847,54847,0,0,0,0,64,0,0,912,9600,32768,0,952,64,0,0,0,843,0,0,32768,0,26624
813,1100,0,0,0,0,2,5,7,7,2,11264,33280,64781,65211,64,32768,14,476,209,0,0,32,53406,0,0,53406,53406,0,0,0,0,64,0,174,880,9344,33024,0,936,64,0,0,0,822,0,0,32768,0,26688
814,1000,0,0,0,0,2,5,7,7,2,59648,15616,64814,65098,64,32768,0,677,286,0,0,32,54847,0,0,54847,54847,0,0,0,0,64,0,0,912,9600,32768,0,952,64,0,0,0,844,0,0,0,0,26624
814,1100,0,0,0,0,2,5,7,7,2,14592,15616,64780,65210,64,32768,14,473,208,0,0,32,53427,0,0,53427,53427,0,0,0,0,64,0,260,880,9344,33024,0,936,64,0,0,0,823,0,0,0,0,26688
815,1000,0,0,0,0,2,5,7,7,2,5888,34560,64814,65098,64,32768,0,675,284,0,0,32,54847,0,0,54847,54847,0,0,0,0,64,0,0,912,9600,32768,0,952,64,0,0,0,844,0,0,32768,0,26624
815,1100,0,0,0,0,2,5,7,7,2,17664,63232,64781,65209,64,32768,14,470,206,0,0,32,53459,0,0,53459,53459,0,0,0,0,64,0,346,880,9344,33024,0,936,64,0,0,0,823,0,0,32768,0,26688
816,1000,0,0,0,0,2,5,7,7,2,17664,53504,64813,65098,64,32768,0,672,282,0,0,32,54847,0,0,54847,54847,0,0,0,0,64,0,0,912,9600,32768,0,952,64,0,0,0,845,0,0,0,0,26624
816,1100,0,0,0,0,2,5,7,7,2,20992,45056,64781,65206,64,32768,14,467,205,0,0,32,53502,0,0,53502,53502,0,0,0,0,64,0,432,880,9344,33024,0,936,64,0,0,0,824,0,0,0,0,26688
817,1000,0,0,0,0,2,5,7,7,2,29184,6912,64813,65098,64,32768,0,669,281,0,0,32,54847,0,0,54847,54847,0,0,0,0,64,0,0,912,9664,32768,0,952,64,0,0,0,845,0,0,32768,0,26624
817,1100,0,0,0,0,2,5,7,7,2,24320,26112,64782,65203,64,32768,14,464,204,0,0,32,53556,0,0,53556,53556,0,0,0,0,64,0,517,880,9344,33024,0,936,64,0,0,0,824,0,0,32768,0,26688
818,1000,0,0,0,0,2,5,7,7,2,40704,25856,64812,65097,64,32768,0,666,279,0,0,32,54847,0,0,54847,54847,0,0,0,0,64,0,0,912,9664,32768,0,952,64,0,0,0,846,0,0,0,0,26624
818,1100,0,0,0,0,2,5,7,7,2,27904,6400,64783,65198,64,32768,14,461,203,0,0,32,53620,0,0,53620,53620,0,0,0,0,64,0,387,880,9408,32768,0,936,64,0,0,0,825,0,0,0,0,26688
819,1000,0,0,0,0,2,5,7,7,2,51968,44544,64812,65097,64,32768,0,663,277,0,0,32,54847,0,0,54847,54847,0,0,0,0,64,0,0,912,9664,32768,0,952,64,0,0,0,846,0,0,32768,0,26624
819,1100,0,0,0,0,2,5,7,7,2,31744,50944,64785,65194,64,32768,14,458,201,0,0,32,53668,0,0,53668,53668,0,0,0,0,64,0,257,880,9408,32768,0,936,64,0,0,0,825,0,0,32768,0,26688
820,1000,0,0,0,0,2,5,7,7,2,63232,63232,64812,65097,64,32768,0,660,275,0,0,32,54847,0,0,54847,54847,0,0,0,0,64,0,0,912,9664,32768,0,952,64,0,0,0,847,0,0,0,0,26624
820,1100,0,0,0,0,2,5,7,7,2,36096,28928,64786,65190,64,32768,14,455,200,0,0,32,53700,0,0,53700,53700,0,0,0,0,64,0,128,880,9408,32768,0,936,64,0,0,0,826,0,0,0,0,26688
821,1000,0,0,0,0,2,5,7,7,2,8960,16384,64812,65097,64,32768,0,658,274,0,0,32,54847,0,0,54847,54847,0,0,0,0,64,0,0,912,9664,32768,0,952,64,0,0,0,847,0,0,32768,0,26624
821,1100,0,0,0,0,2,5,7,7,2,40704,5888,64787,65188,64,32768,14,452,199,0,0,32,53716,0,0,53716,53716,0,0,0,0,64,0,0,880,9408,32768,0,936,64,0,0,0,826,0,0,32768,0,26688
822,1000,0,0,0,0,2,5,7,7,2,20224,35072,64811,65096,64,32768,0,655,272,0,0,32,54847,0,0,54847,54847,0,0,0,0,64,0,0,912,9664,32768,0,952,64,0,0,0,848,0,0,0,0,26624
822,1100,0,0,0,0,2,5,7,7,2,45568,47872,64786,65186,64,32768,14,449,197,0,0,32,53716,0,0,53716,53716,0,0,0,0,64,0,0,880,9408,32768,0,936,64,0,0,0,827,0,0,0,0,26688
823,1000,0,0,0,0,2,5,7,7,2,31232,53504,64811,65096,64,32768,0,652,270,0,0,32,54847,0,0,54847,54847,0,0,0,0,64,0,0,912,9664,32768,0,952,64,0,0,0,848,0,0,32768,0,26624
823,1100,0,0,0,0,2,5,7,7,2,50176,23808,64786,65186,64,32768,14,446,196,0,0,32,53716,0,0,53716,53716,0,0,0,0,64,0,0,880,9408,32768,0,936,64,0,0,0,827,0,0,32768,0,26688
824,1000,0,0,0,0,2,5,7,7,2,42240,6400,64810,65096,64,32768,0,649,269,0,0,32,54847,0,0,54847,54847,0,0,0,0,64,0,0,912,9664,32768,0,952,64,0,0,0,849,0,0,0,0,26624
824,1100,0,0,0,0,2,5,7,7,2,54784,65280,64786,65186,64,32768,14,443,194,0,0,32,53716,0,0,53716,53716,0,0,0,0,64,0,0,880,9408,32768,0,936,64,0,0,0,828,0,0,0,0,26688
825,1000,0,0,0,0,2,5,7,7,2,52992,24832,64810,65096,64,32768,0,646,267,0,0,32,54847,0,0,54847,54847,0,0,0,0,64,0,0,912,9728,32768,0,952,64,0,0,0,849,0,0,32768,0,26624
825,1100,0,0,0,0,2,5,7,7,2,59392,41216,64786,65186,64,32768,14,440,193,0,0,32,53716,0,0,53716,53716,0,0,0,0,64,0,0,880,9408,32768,0,936,64,0,0,0,828,0,0,32768,0,26688
826,1000,0,0,0,0,2,5,7,7,2,63744,43264,64809,65095,64,32768,0,643,265,0,0,32,54847,0,0,54847,54847,0,0,0,0,64,0,0,912,9728,32768,0,952,64,0,0,0,850,0,0,0,0,26624
826,1100,0,0,0,0,2,5,7,7,2,64000,17152,64785,65185,64,32768,14,437,192,0,0,32,53716,0,0,53716,53716,0,0,0,0,64,0,0,880,9472,32768,0,936,64,0,0,0,829,0,0,0,0,26688
827,1000,0,0,0,0,2,5,7,7,2,8704,61440,64809,65095,64,32768,0,641,263,0,0,32,54847,0,0,54847,54847,0,0,0,0,64,0,0,912,9728,32768,0,952,64,0,0,0,850,0,0,32768,0,26624
827,1100,0,0,0,0,2,5,7,7,2,2816,58368,64785,65185,64,32768,14,435,190,0,0,32,53716,0,0,53716,53716,0,0,0,0,64,0,0,880,9472,32768,0,936,64,0,0,0,829,0,0,32768,0,26688
828,1000,0,0,0,0,2,5,7,7,2,19200,14080,64808,65095,64,32768,0,638,262,0,0,32,54847,0,0,54847,54847,0,0,0,0,64,0,0,912,9728,32768,0,952,64,0,0,0,851,0,0,0,0,26624
828,1100,0,0,0,0,2,5,7,7,2,7168,34048,64784,65185,64,32768,14,432,189,0,0,32,53716,0,0,53716,53716,0,0,0,0,64,0,0,880,9472,32768,0,936,64,0,0,0,830,0,0,0,0,26688
829,1000,0,0,0,0,2,5,7,7,2,29440,32256,64808,65095,64,32768,0,635,260,0,0,32,54847,0,0,54847,54847,0,0,0,0,64,0,0,912,9728,32768,0,952,64,0,0,0,851,0,0,32768,0,26624
829,1100,0,0,0,0,2,5,7,7,2,11264,9728,64784,65185,64,32768,14,429,188,0,0,32,53716,0,0,53716,53716,0,0,0,0,64,0,0,880,9472,32768,0,936,64,0,0,0,830,0,0,32768,0,26688
830,1000,0,0,0,0,2,5,7,7,2,39680,50432,64807,65094,64,32768,0,632,258,0,0,32,54847,0,0,54847,54847,0,0,0,0,64,0,0,912,9728,32768,0,952,64,0,0,0,852,0,0,0,0,26624
830,1100,0,0,0,0,2,5,7,7,2,15360,50944,64783,65184,64,32768,14,426,186,0,0,32,53716,0,0,53716,53716,0,0,0,0,64,0,0,880,9472,32768,0,936,64,0,0,0,831,0,0,0,0,26688
831,1000,0,0,0,0,2,5,7,7,2,49664,2816,64807,65094,64,32768,0,629,257,0,0,32,54847,0,0,54847,54847,0,0,0,0,64,0,0,912,9728,32768,0,952,64,0,0,0,852,0,0,32768,0,26624
831,1100,0,0,0,0,2,5,7,7,2,19200,26368,64783,65184,64,32768,14,423,185,0,0,32,53716,0,0,53716,53716,0,0,0,0,64,0,0,880,9472,32768,0,936,64,0,0,0,831,0,0,32768,0,26688
832,1000,0,0,0,0,2,5,7,7,2,59648,20736,64806,65093,64,32768,0,626,255,0,0,32,54847,0,0,54847,54847,0,0,0,0,64,0,0,912,9728,32768,0,952,64,0,0,0,853,0,0,0,0,26624
832,1100,0,0,0,0,2,5,7,7,2,23040,1792,64782,65184,64,32768,14,420,184,0,0,32,53716,0,0,53716,53716,0,0,0,0,64,0,0,880,9472,32768,0,936,64,0,0,0,832,0,0,0,0,26688
833,1000,0,0,0,0,2,5,7,7,2,3840,38400,64806,65093,64,32768,0,624,253,0,0,32,54847,0,0,54847,54847,0,0,0,0,64,0,0,912,9792,32768,0,952,64,0,0,0,853,0,0,32768,0,26624
833,1100,0,0,0,0,2,5,7,7,2,26624,42752,64782,65184,64,32768,14,417,182,0,0,32,53716,0,0,53716,53716,0,0,0,0,64,0,0,880,9472,32768,0,936,64,0,0,0,832,0,0,16384,0,26688
834,1000,0,0,0,0,2,5,7,7,2,13568,56064,64806,65093,64,32768,0,621,251,0,0,32,54847,0,0,54847,54847,0,0,0,0,64,0,0,912,9792,32768,0,952,64,0,0,0,854,0,0,0,0,26624
834,1100,0,0,0,0,2,5,7,7,2,30208,18176,64782,65184,64,32768,14,414,181,0,0,32,53716,0,0,53716,53716,0,0,0,0,64,0,0,880,9536,32768,0,936,64,0,0,0,832,0,0,32768,0,26688
835,1000,0,0,0,0,2,5,7,7,2,23296,8192,64806,65093,64,32768,0,618,250,0,0,32,54847,0,0,54847,54847,0,0,0,0,64,0,0,912,9792,32768,0,952,64,0,0,0,854,0,0,32768,0,26624
835,1100,0,0,0,0,2,5,7,7,2,33792,59136,64782,65184,64,32768,14,411,179,0,0,32,53716,0,0,53716,53716,0,0,0,0,64,0,0,880,9536,32768,0,936,64,0,0,0,832,0,0,49152,0,26688
836,1000,0,0,0,0,2,5,7,7,2,33024,25856,64805,65092,64,32768,0,615,248,0,0,32,54847,0,0,54847,54847,0,0,0,0,64,0,0,912,9792,32768,0,952,64,0,0,0,855,0,0,0,0,26624
836,1100,0,0,0,0,2,5,7,7,2,37376,34560,64781,65184,64,32768,14,408,178,0,0,32,53716,0,0,53716,53716,0,0,0,0,64,0,0,880,9536,32768,0,936,64,0,0,0,833,0,0,0,0,26688
837,1000,0,0,0,0,2,5,7,7,2,42496,43264,64805,65092,64,32768,0,612,246,0,0,32,54847,0,0,54847,54847,0,0,0,0,64,0,0,912,9792,32768,0,952,64,0,0,0,855,0,0,32768,0,26624
837,1100,0,0,0,0,2,5,7,7,2,40704,9984,64781,65184,64,32768,14,405,177,0,0,32,53716,0,0,53716,53716,0,0,0,0,64,0,0,880,9536,32768,0,936,64,0,0,0,833,0,0,16384,0,26688
838,1000,0,0,0,0,2,5,7,7,2,51968,60672,64804,65092,64,32768,0,609,244,0,0,32,54847,0,0,54847,54847,0,0,0,0,64,0,0,912,9792,32768,0,952,64,0,0,0,856,0,0,0,0,26624
838,1100,0,0,0,0,2,5,7,7,2,44032,50944,64781,65184,64,32768,14,402,175,0,0,32,53716,0,0,53716,53716,0,0,0,0,64,0,0,880,9536,32768,0,936,64,0,0,0,833,0,0,32768,0,26688
839,1000,0,0,0,0,2,6,7,7,2,61184,12544,64804,65092,26,32768,0,606,243,0,0,32,54847,0,0,54847,54847,0,0,0,0,26,0,0,912,9792,32768,0,960,64,0,0,0,856,0,0,32768,0,26624
839,1100,0,0,0,0,2,6,7,7,2,47360,26368,64781,65184,64,32768,14,399,174,0,0,32,53716,0,0,53716,53716,0,0,0,0,64,0,0,880,9536,32768,0,936,64,0,0,0,833,0,0,49152,0,26688
840,1000,0,0,0,0,2,6,7,7,2,4864,29952,64803,65091,64,32768,0,604,241,0,0,32,54847,0,0,54847,54847,0,0,0,0,64,0,0,912,9792,32768,0,960,64,0,0,0,857,0,0,0,0,26624
840,1100,0,0,0,0,2,6,7,7,2,50688,1792,64780,65183,64,32768,14,396,173,0,0,32,53716,0,0,53716,53716,0,0,0,0,64,0,0,880,9536,32768,0,936,64,0,0,0,834,0,0,0,0,26688
841,1000,0,0,0,0,2,6,7,7,2,13824,47104,64803,65091,64,32768,0,601,239,0,0,32,54847,0,0,54847,54847,0,0,0,0,64,0,0,912,9856,32768,0,960,64,0,0,0,857,0,0,32768,0,26624
841,1100,0,0,0,0,2,6,7,7,2,53760,42496,64780,65183,64,32768,14,393,171,0,0,32,53716,0,0,53716,53716,0,0,0,0,64,0,0,880,9536,32768,0,936,64,0,0,0,834,0,0,16384,0,26688
842,1000,0,0,0,0,2,6,7,7,2,22784,64256,64802,65091,64,32768,0,598,237,0,0,32,54847,0,0,54847,54847,0,0,0,0,64,0,0,912,9856,32768,0,960,64,0,0,0,858,0,0,0,0,26624
842,1100,0,0,0,0,2,6,7,7,2,56832,17664,64780,65183,64,32768,14,390,170,0,0,32,53716,0,0,53716,53716,0,0,0,0,64,0,0,880,9600,32768,0,936,64,0,0,0,834,0,0,32768,0,26688
843,1000,0,0,0,0,2,6,7,7,2,31488,15872,64802,65091,64,32768,0,595,236,0,0,32,54847,0,0,54847,54847,0,0,0,0,64,0,0,912,9856,32768,0,960,64,0,0,0,858,0,0,32768,0,26624
843,1100,0,0,0,0,2,6,7,7,2,59904,58368,64780,65183,64,32768,14,387,168,0,0,32,53716,0,0,53716,53716,0,0,0,0,64,0,0,880,9600,32768,0,936,64,0,0,0,834,0,0,49152,0,26688
844,1000,512,0,0,0,2,6,7,7,2,40192,33024,64801,65090,64,32768,0,592,234,0,0,32,54847,0,0,54847,54847,0,0,0,0,64,0,65432,912,9856,33282,0,960,64,0,0,0,859,0,0,0,0,26624
844,1100,512,0,0,0,2,6,7,7,2,62976,33536,64779,65183,64,32768,14,384,167,0,0,32,53716,0,0,53716,53716,0,0,0,0,64,0,0,880,9600,32768,0,936,64,0,0,0,835,0,0,0,0,26688
845,1000,0,0,0,0,2,7,7,7,2,48640,49920,64801,65090,26,32768,0,589,232,0,0,32,54834,0,0,54834,54834,0,0,0,0,26,0,65329,912,9856,33280,0,968,64,0,0,0,859,0,0,32768,0,26624
845,1100,0,0,0,0,2,7,7,7,2,256,8704,64779,65183,64,32768,14,382,166,0,0,32,53716,0,0,53716,53716,0,0,0,0,64,0,0,880,9600,32768,0,936,64,0,0,0,835,0,0,16384,0,26688
846,1000,0,0,0,0,2,7,7,7,2,57088,1280,64800,65091,64,32768,0,586,231,0,0,32,54808,0,0,54808,54808,0,0,0,0,64,0,65227,912,9856,33280,0,968,64,0,0,0,860,0,0,0,0,26624
846,1100,0,0,0,0,2,7,7,7,2,3072,49408,64779,65183,64,32768,14,379,164,0,0,32,53716,0,0,53716,53716,0,0,0,0,64,0,0,880,9600,32768,0,936,64,0,0,0,835,0,0,32768,0,26688
847,1000,0,0,0,0,2,7,7,7,2,65280,18432,64799,65093,64,32768,0,583,229,0,0,32,54769,0,0,54769,54769,0,0,0,0,64,0,65126,912,9856,33280,0,968,64,0,0,0,860,0,0,32768,0,26624
847,1100,0,0,0,0,2,7,7,7,2,5888,24576,64779,65183,64,32768,14,376,163,0,0,32,53716,0,0,53716,53716,0,0,0,0,64,0,0,880,9600,32768,0,936,64,0,0,0,835,0,0,49152,0,26688
848,1000,0,0,0,0,2,7,7,7,2,7680,36096,64796,65095,64,32768,0,581,227,0,0,32,54717,0,0,54717,54717,0,0,0,0,64,0,65026,912,9856,33280,0,968,64,0,0,0,861,0,0,0,0,26624
848,1100,0,0,0,0,2,7,7,7,2,8704,65280,64778,65182,64,32768,14,373,161,0,0,32,53716,0,0,53716,53716,0,0,0,0,64,0,0,880,9600,32768,0,936,64,0,0,0,836,0,0,0,0,26688
849,1000,0,0,0,0,2,7,7,7,2,14848,54272,64794,65099,64,32768,0,578,225,0,0,32,54653,0,0,54653,54653,0,0,0,0,64,0,64926,912,9920,33280,0,968,64,0,0,0,861,0,0,32768,0,26624
849,1100,0,0,0,0,2,7,7,7,2,11264,40192,64778,65182,64,32768,14,370,160,0,0,32,53716,0,0,53716,53716,0,0,0,0,64,0,0,880,9600,32768,0,936,64,0,0,0,836,0,0,16384,0,26688
850,1000,0,0,0,0,2,7,7,7,2,21504,7936,64791,65103,64,32768,0,575,224,0,0,32,54576,0,0,54576,54576,0,0,0,0,64,0,65041,912,9920,32768,0,968,64,0,0,0,862,0,0,0,0,26624
850,1100,0,0,0,0,2,7,7,7,2,13824,15104,64778,65182,64,32768,14,367,159,0,0,32,53716,0,0,53716,53716,0,0,0,0,64,0,0,880,9664,32768,0,936,64,0,0,0,836,0,0,32768,0,26688
851,1000,0,0,0,0,2,7,7,7,2,27392,28160,64787,65108,64,32768,0,572,222,0,0,32,54514,0,0,54514,54514,0,0,0,0,64,0,65155,912,9920,32768,0,968,64,0,0,0,862,0,0,32768,0,26624
851,1100,0,0,0,0,2,7,7,7,2,16384,55552,64778,65182,64,32768,14,364,157,0,0,32,53716,0,0,53716,53716,0,0,0,0,64,0,0,880,9664,32768,0,936,64,0,0,0,836,0,0,49152,0,26688
852,1000,0,0,0,0,2,7,7,7,2,32256,49664,64784,65112,64,32768,0,569,220,0,0,32,54466,0,0,54466,54466,0,0,0,0,64,0,65269,912,9920,32768,0,968,64,0,0,0,863,0,0,0,0,26624
852,1100,0,0,0,0,2,7,7,7,2,18944,30464,64777,65182,64,32768,14,361,156,0,0,32,53716,0,0,53716,53716,0,0,0,0,64,0,0,880,9664,32768,0,936,64,0,0,0,837,0,0,0,0,26688
853,1000,0,0,0,0,2,7,7,7,2,36352,6656,64782,65116,64,32768,0,566,219,0,0,32,54432,0,0,54432,54432,0,0,0,0,64,0,65382,912,9920,32768,0,968,64,0,0,0,863,0,0,32768,0,26624
853,1100,0,0,0,0,2,7,7,7,2,21248,5376,64777,65182,64,32768,14,358,155,0,0,32,53716,0,0,53716,53716,0,0,0,0,64,0,0,880,9664,32768,0,936,64,0,0,0,837,0,0,16384,0,26688
854,1000,0,0,0,0,2,7,7,7,2,39936,30208,64780,65118,64,32768,0,563,217,0,0,32,54412,0,0,54412,54412,0,0,0,0,64,0,65494,912,9920,32768,0,968,64,0,0,0,864,0,0,0,0,26624
854,1100,0,0,0,0,2,7,7,7,2,23552,45824,64777,65182,64,32768,14,355,153,0,0,32,53716,0,0,53716,53716,0,0,0,0,64,0,0,880,9664,32768,0,936,64,0,0,0,837,0,0,32768,0,26688
855,1000,0,0,0,0,2,7,7,7,2,43008,54272,64779,65119,64,32768,0,560,215,0,0,32,54406,0,0,54406,54406,0,0,0,0,64,0,0,912,9920,32768,0,968,64,0,0,0,864,0,0,32768,0,26624
855,1100,0,0,0,0,2,7,7,7,2,25856,20736,64777,65182,64,32768,14,352,152,0,0,32,53716,0,0,53716,53716,0,0,0,0,64,0,0,880,9664,32768,0,936,64,0,0,0,837,0,0,49152,0,26688
856,1000,0,0,0,0,2,7,7,7,2,45824,13056,64778,65119,64,32768,0,557,214,0,0,32,54406,0,0,54406,54406,0,0,0,0,64,0,0,912,9920,32768,0,968,64,0,0,0,865,0,0,0,0,26624
856,1100,0,0,0,0,2,7,7,7,2,28160,61184,64776,65181,64,32768,14,349,150,0,0,32,53716,0,0,53716,53716,0,0,0,0,64,0,0,880,9664,32768,0,936,64,0,0,0,838,0,0,0,0,26688
857,1000,0,0,0,0,2,7,7,7,2,48384,37376,64778,65119,64,32768,0,554,212,0,0,32,54406,0,0,54406,54406,0,0,0,0,64,0,0,912,9984,32768,0,968,64,0,0,0,865,0,0,32768,0,26624
857,1100,0,0,0,0,2,7,7,7,2,30208,35840,64776,65181,64,32768,14,346,149,0,0,32,53716,0,0,53716,53716,0,0,0,0,64,0,0,880,9664,32768,0,936,64,0,0,0,838,0,0,16384,0,26688
858,1000,0,0,0,0,2,7,7,7,2,50944,61696,64777,65118,64,32768,0,551,210,0,0,32,54406,0,0,54406,54406,0,0,0,0,64,0,0,912,9984,32768,0,968,64,0,0,0,866,0,0,0,0,26624
858,1100,0,0,0,0,2,7,7,7,2,32256,10496,64776,65181,64,32768,14,343,148,0,0,32,53716,0,0,53716,53716,0,0,0,0,64,0,0,880,9728,32768,0,936,64,0,0,0,838,0,0,32768,0,26688
859,1000,0,0,0,0,2,7,7,7,2,53248,20224,64777,65118,64,32768,0,548,209,0,0,32,54406,0,0,54406,54406,0,0,0,0,64,0,0,912,9984,32768,0,968,64,0,0,0,866,0,0,32768,0,26624
859,1100,0,0,0,0,2,7,7,7,2,34304,50688,64776,65181,64,32768,14,340,146,0,0,32,53716,0,0,53716,53716,0,0,0,0,64,0,0,880,9728,32768,0,936,64,0,0,0,838,0,0,49152,0,26688
860,1000,0,0,0,0,2,7,7,7,2,55552,44288,64776,65118,64,32768,0,545,207,0,0,32,54406,0,0,54406,54406,0,0,0,0,64,0,0,912,9984,32768,0,968,64,0,0,0,867,0,0,0,0,26624
860,1100,0,0,0,0,2,7,7,7,2,36352,25344,64776,65181,64,32768,14,337,145,0,0,32,53716,0,0,53716,53716,0,0,0,0,64,0,0,880,9728,32768,0,936,64,0,0,0,839,0,0,0,0,26688
861,1000,0,512,0,0,2,7,7,7,2,57600,2816,64776,65118,64,32768,0,542,206,0,0,32,54406,0,0,54406,54406,0,0,0,0,64,0,0,912,9984,32768,0,968,64,0,0,0,867,0,0,32768,0,26624
861,1100,0,512,0,0,2,7,7,7,2,38400,0,64776,65181,64,32768,14,334,144,0,0,32,53716,0,0,53716,53716,0,0,0,0,64,0,65448,880,9728,33282,0,936,64,0,0,0,839,0,0,16384,0,26688
862,1000,0,0,0,0,2,7,7,7,2,59648,26880,64775,65117,64,32768,0,539,204,0,0,32,54406,0,0,54406,54406,0,0,0,0,64,0,0,912,9984,32768,0,968,64,0,0,0,868,0,0,0,0,26624
862,1100,0,0,0,0,2,7,7,7,2,40448,40192,64776,65181,64,32768,14,331,142,0,0,32,53705,0,0,53705,53705,0,0,0,0,64,0,65361,880,9728,33280,0,936,64,0,0,0,839,0,0,32768,0,26688
863,1000,0,0,0,0,2,7,7,7,2,61440,50688,64775,65117,64,32768,0,536,202,0,0,32,54406,0,0,54406,54406,0,0,0,0,64,0,0,912,9984,32768,0,968,64,0,0,0,868,0,0,32768,0,26624
863,1100,0,0,0,0,2,7,7,7,2,42496,14848,64775,65182,64,32768,14,328,141,0,0,32,53683,0,0,53683,53683,0,0,0,0,64,0,65275,880,9728,33280,0,936,64,0,0,0,839,0,0,49152,0,26688
864,1000,0,0,0,0,2,7,7,7,2,63232,8960,64774,65117,64,32768,0,533,201,0,0,32,54406,0,0,54406,54406,0,0,0,0,64,0,0,912,9984,32768,0,968,64,0,0,0,869,0,0,0,0,26624
864,1100,0,0,0,0,2,7,7,7,2,44288,55296,64774,65183,64,32768,14,325,139,0,0,32,53650,0,0,53650,53650,0,0,0,0,64,0,65189,880,9728,33280,0,936,64,0,0,0,840,0,0,0,0,26688
865,1000,0,0,0,0,2,7,7,7,2,64768,32768,64774,65117,64,32768,0,530,199,0,0,32,54406,0,0,54406,54406,0,0,0,0,64,0,0,912,10048,32768,0,968,64,0,0,0,869,0,0,32768,0,26624
865,1100,0,0,0,0,2,7,7,7,2,45824,30464,64772,65185,64,32768,14,322,138,0,0,32,53606,0,0,53606,53606,0,0,0,0,64,0,65104,880,9728,33280,0,936,64,0,0,0,840,0,0,16384,0,26688
866,1000,0,16,0,0,2,7,7,7,2,768,56576,64774,65117,64,32768,0,528,197,0,0,32,54406,0,0,54406,54406,0,0,0,0,64,0,0,912,10048,32768,0,968,64,0,0,0,870,0,0,0,0,26624
866,1100,0,16,0,0,2,7,7,7,2,46848,6144,64771,65189,64,32768,14,319,137,0,0,112,53552,0,0,53552,53552,0,0,0,0,64,0,64996,880,9792,33300,1,936,80,0,0,0,840,0,0,32768,0,26688
867,1000,0,0,0,0,2,7,7,7,2,2304,14848,64774,65117,64,32768,0,525,196,0,0,32,54406,0,0,54406,54406,0,0,0,0,64,0,0,912,10048,32768,0,968,64,0,0,0,870,0,0,32768,0,26624
867,1100,0,0,0,0,2,7,7,7,2,47616,48384,64769,65192,64,34816,14,316,135,0,224,112,53484,0,2,53484,53484,0,0,0,0,64,0,64889,880,9792,33296,3,936,80,0,32768,0,840,0,0,49152,0,26688
868,1000,0,0,0,0,2,7,7,7,2,3840,38656,64773,65116,64,32768,0,522,194,0,0,32,54406,0,0,54406,54406,0,0,0,0,64,0,0,912,10048,32768,0,968,64,0,0,0,871,0,0,0,0,26624
868,1100,0,0,0,0,2,7,7,7,2,47872,25856,64766,65197,64,34816,14,313,134,198,198,112,53403,0,2,53403,53403,0,0,0,0,64,0,64782,880,9792,33296,4,936,80,0,32768,0,841,0,0,0,0,26688
869,1000,0,0,0,0,2,7,7,7,2,5120,62208,64773,65116,64,32768,0,519,192,0,0,32,54406,0,0,54406,54406,0,0,0,0,64,0,0,912,10048,32768,0,968,64,0,0,0,871,0,0,32768,0,26624
869,1100,0,0,0,0,2,7,7,7,2,47360,4608,64763,65203,64,34816,14,310,133,370,172,112,53308,0,2,53308,53308,0,0,0,0,64,0,64676,880,9792,33296,5,936,80,0,32768,0,841,0,0,16384,0,26688
870,1000,0,0,0,0,2,7,7,7,2,6400,20224,64772,65116,64,32768,0,516,191,0,0,32,54406,0,0,54406,54406,0,0,0,0,64,0,0,912,10048,32768,0,968,64,0,0,0,872,0,0,0,0,26624
870,1100,0,0,0,0,2,7,7,7,2,46080,50432,64760,65210,64,34816,14,307,131,516,146,112,53200,0,2,53200,53200,2,0,0,0,64,0,64571,880,9792,33296,6,936,80,0,32768,0,841,0,0,32768,0,26688
871,1000,0,0,0,0,2,7,7,7,2,7424,43776,64772,65116,64,32768,0,513,189,0,0,32,54406,0,0,54406,54406,0,0,0,0,64,0,0,912,10048,32768,0,968,64,0,0,0,872,0,0,32768,0,26624
871,1100,0,0,0,0,2,7,7,7,2,44032,32512,64757,65218,64,34816,14,304,130,636,120,112,53079,0,2,53079,53079,2,320,512,0,64,0,64467,880,9792,33296,7,936,80,0,32768,0,841,65312,0,49152,0,26688
872,1000,0,0,0,0,2,7,7,7,2,8448,1792,64771,65115,26,32768,0,510,188,0,0,32,54406,0,0,54406,54406,0,0,0,0,26,0,0,912,10048,32768,0,968,64,0,0,0,873,0,0,0,0,26624
872,1100,0,0,0,0,2,7,7,7,2,41216,16640,64752,65227,64,34816,14,301,129,730,94,112,52433,0,2,53265,52945,2,640,1024,0,64,0,64364,880,9792,33296,8,936,80,0,32768,0,842,65088,0,0,0,26688
873,1000,0,0,0,0,2,8,7,7,2,9216,25088,64771,65115,26,32768,0,507,186,0,0,32,54406,0,0,54406,54406,0,0,0,0,26,0,0,912,10112,32768,0,976,64,0,0,0,873,0,0,32768,0,26624
873,1100,0,0,0,0,2,8,7,7,2,37120,3072,64758,65213,64,34816,14,298,128,798,68,112,51774,0,2,53438,52798,2,960,1536,0,64,0,64262,880,9792,33296,9,936,80,0,32768,0,842,64864,0,16384,0,26688
874,1000,0,0,0,0,2,8,7,7,2,9984,48384,64770,65115,64,32768,0,504,184,0,0,32,54406,0,0,54406,54406,0,0,0,0,64,0,0,912,10112,32768,0,976,64,0,0,0,874,0,0,0,0,26624
874,1100,0,0,0,0,2,8,7,7,2,34560,51456,64764,65200,64,34816,14,295,126,840,42,112,51102,0,2,53598,52638,2,1280,2048,0,64,0,64160,880,9856,33296,10,936,80,0,32768,0,842,64640,0,32768,0,26688
875,1000,0,0,0,0,2,8,7,7,2,10496,6144,64770,65115,64,32768,0,501,183,0,0,32,54406,0,0,54406,54406,0,0,0,0,64,0,0,912,10112,32768,0,976,64,0,0,0,874,0,0,32768,0,26624
875,1100,0,0,0,0,2,8,7,7,2,33536,30976,64769,65188,64,34816,14,292,125,856,16,112,50418,0,2,53746,52466,2,1600,2560,0,64,0,64059,880,9856,33296,11,936,80,0,32768,0,842,64416,0,49152,0,26688
876,1000,0,0,0,0,2,8,7,7,2,11008,29440,64769,65114,64,32768,0,498,181,0,0,32,54406,0,0,54406,54406,0,0,0,0,64,0,0,912,10112,32768,0,976,64,0,0,0,875,0,0,0,0,26624
876,1100,0,0,0,0,2,8,7,7,2,33792,7424,64773,65177,64,34816,14,289,124,846,65526,112,49721,0,2,53881,52281,2,1920,3072,0,64,0,63959,880,9856,33296,12,936,80,0,32768,0,843,64192,0,0,0,26688
877,1000,0,0,0,0,2,8,7,7,2,11264,52480,64769,65114,64,32768,0,495,179,0,0,32,54406,0,0,54406,54406,0,0,0,0,64,0,0,912,10112,32768,0,976,64,0,0,0,875,0,0,32768,0,26624
877,1100,0,0,0,0,2,8,7,7,2,35072,46592,64778,65167,64,34816,14,286,122,810,65500,112,49011,0,2,54003,52083,2,2240,3584,0,64,0,63860,880,9856,33296,13,936,80,0,32772,0,843,63968,0,16384,0,26688
878,1000,0,0,0,0,2,8,7,7,2,11520,9984,64768,65114,64,32768,0,492,178,0,0,32,54406,0,0,54406,54406,0,0,0,0,64,0,0,912,10112,32768,0,976,64,0,0,0,876,0,0,0,0,26624
878,1100,0,0,0,0,2,8,7,7,2,37632,17664,64782,65158,64,34816,14,283,121,748,65474,112,48289,0,2,54113,51873,2,2560,4096,0,64,0,63761,880,9856,33296,14,936,80,0,32772,0,843,63744,0,32768,0,26688
879,1000,0,0,0,0,2,8,7,7,2,11520,33024,64768,65114,64,32768,0,489,176,0,0,32,54406,0,0,54406,54406,0,0,0,0,64,0,0,912,10112,32768,0,976,64,0,0,0,876,0,0,32768,0,26624
879,1100,0,0,0,0,2,8,7,7,2,41216,51968,64786,65150,64,34816,14,280,119,660,65448,112,47555,0,2,54211,51651,2,2880,4608,0,64,0,63663,880,9856,33296,15,936,80,0,32772,0,843,63520,0,49152,0,26688
880,1000,0,0,0,0,2,8,7,7,2,11520,56064,64767,65113,64,32768,0,486,174,0,0,32,54406,0,0,54406,54406,0,0,0,0,64,0,0,912,10112,32768,0,976,64,0,0,0,877,0,0,0,0,26624
880,1100,0,0,0,0,2,8,7,7,2,45824,18688,64789,65143,64,34816,14,277,118,546,65422,112,46808,0,2,54296,51416,2,3200,5120,0,64,0,63566,880,9856,33296,16,936,80,0,32772,0,844,63296,0,0,0,26688
881,1000,512,0,0,0,2,8,7,7,2,11264,13312,64767,65113,64,32768,0,483,173,0,0,32,54406,0,0,54406,54406,0,0,0,0,64,0,65433,912,10176,33282,0,976,64,0,0,0,877,0,0,32768,0,26624
881,1100,512,0,0,0,2,8,7,7,2,51200,49152,64792,65137,64,34816,14,274,116,406,65396,112,46049,0,2,54369,51169,2,3520,5632,0,64,0,63470,880,9856,33296,17,936,80,0,32772,0,844,63072,0,16384,0,26688
882,1000,0,0,0,0,2,8,7,7,2,11008,36096,64767,65113,64,32768,0,480,171,0,0,32,54393,0,0,54393,54393,0,0,0,0,64,0,65331,912,10176,33280,0,976,64,0,0,0,878,0,0,0,0,26624
882,1100,0,0,0,0,2,8,7,7,2,57344,12544,64795,65132,64,34816,14,271,115,240,65370,112,45278,0,2,54430,50910,2,3840,6144,0,64,0,63375,880,9920,33296,18,936,80,0,32772,0,844,62848,0,32768,0,26688
883,1000,0,0,0,0,2,8,7,7,2,10752,58880,64766,65114,64,32768,0,477,169,0,0,32,54367,0,0,54367,54367,0,0,0,0,64,0,65230,912,10176,33280,0,976,64,0,0,0,878,0,0,32768,0,26624
883,1100,0,0,0,0,2,8,7,7,2,64256,40192,64797,65127,64,34816,14,268,113,48,65344,112,44495,0,2,54479,50639,2,4160,6656,0,64,0,63280,880,9920,33296,19,936,80,0,32804,0,844,62624,0,49152,0,26688
884,1000,0,0,0,0,2,8,7,7,2,10240,16384,64764,65115,64,32768,0,474,168,0,0,32,54328,0,0,54328,54328,0,0,0,0,64,0,65130,912,10176,33280,0,976,64,0,0,0,879,0,0,0,0,26624
884,1100,0,0,0,0,2,8,7,7,2,6144,1024,64798,65123,64,34816,14,266,112,0,0,112,43701,0,0,54517,50357,2,4480,7168,0,64,0,63186,880,9920,33296,20,936,80,0,36,0,845,62400,0,0,0,26688
885,1000,0,0,0,0,2,8,7,7,2,9216,39680,64762,65118,64,32768,0,471,166,0,0,32,54277,0,0,54277,54277,0,0,0,0,64,0,65031,912,10176,33280,0,976,64,0,0,0,879,0,0,32768,0,26624
885,1100,0,0,0,0,2,8,7,7,2,13824,26368,64800,65121,64,32768,14,263,110,0,0,112,42895,0,0,54543,50063,2,4800,7680,0,64,0,63093,880,9920,33296,22,936,80,0,36,0,845,62176,0,16384,0,26688
886,1000,0,0,0,0,2,8,7,7,2,7680,63744,64759,65121,64,32768,0,468,164,0,0,32,54213,0,0,54213,54213,0,0,0,0,64,0,64934,912,10176,33280,0,976,64,0,0,0,880,0,0,0,0,26624
886,1100,0,0,0,0,2,8,7,7,2,22016,51200,64801,65119,64,32768,14,260,108,0,0,112,42077,0,0,54557,49757,2,5120,8192,0,64,0,63000,880,9920,33296,24,936,80,0,36,0,845,61952,0,32768,0,26688
887,1000,0,0,0,0,2,8,7,7,2,5376,23040,64757,65126,64,32768,0,465,163,0,0,32,54137,0,0,54137,54137,0,0,0,0,64,0,65051,912,10176,32768,0,976,64,0,0,0,880,0,0,32768,0,26624
887,1100,0,0,0,0,2,8,7,7,2,30464,9984,64801,65118,64,32768,14,257,107,0,0,112,41248,0,0,54560,49440,2,5440,8704,0,64,0,62908,880,9920,33296,26,936,80,0,36,0,845,61728,0,49152,0,26688
888,1000,0,0,0,0,2,8,7,7,2,2560,49152,64753,65131,64,32768,0,462,161,0,0,32,54076,0,0,54076,54076,0,0,0,0,64,0,65167,912,10176,32768,0,976,64,0,0,0,881,0,0,0,0,26624
888,1100,0,0,0,0,2,8,7,7,2,38912,34048,64801,65117,64,32768,14,254,105,0,0,32,40407,0,0,54551,49111,2,5504,8416,0,64,0,63102,880,9920,33280,0,936,64,0,36,0,846,61472,0,0,0,26688
889,1000,0,0,0,0,2,8,7,7,2,64256,11008,64751,65136,64,32768,0,458,160,0,0,32,54029,0,0,54029,54029,0,0,0,0,64,0,65282,912,10240,32768,0,976,64,0,0,0,881,0,0,32768,0,26624
889,1100,0,0,0,0,2,8,7,7,2,47360,57856,64800,65118,64,32768,14,251,103,0,0,32,40390,0,0,54310,48806,2,5568,8704,0,64,0,63033,880,9920,33280,0,936,64,0,36,0,846,61216,0,16384,0,26688
890,1000,0,0,0,0,2,8,7,7,2,59904,39680,64748,65139,26,32768,0,455,158,0,0,32,53997,0,0,53997,53997,0,0,0,0,26,0,65395,912,10240,32768,0,976,64,0,0,0,882,0,0,0,0,26624
890,1100,0,0,0,0,2,8,7,7,2,55552,16384,64791,65135,64,32768,14,248,102,0,0,32,39789,0,0,54061,48493,2,5632,8416,0,64,0,63102,880,9984,33280,0,936,64,0,36,0,846,60960,0,32768,0,26688
891,1000,0,0,0,0,2,9,7,7,2,54784,3584,64747,65141,26,32768,0,452,157,0,0,32,53979,0,0,53979,53979,0,0,0,0,26,0,65507,912,10240,32768,0,984,64,0,0,0,882,0,0,32768,0,26624
891,1100,0,0,0,0,2,9,7,7,2,61440,44800,64781,65153,64,32768,14,245,100,0,0,32,39772,0,0,53820,48188,2,5696,8704,0,64,0,63033,880,9984,33280,0,936,64,0,36,0,846,60704,0,49152,0,26688
892,1000,0,0,0,0,2,9,7,7,2,49408,33536,64745,65142,64,32768,0,449,155,0,0,32,53975,0,0,53975,53975,0,0,0,0,64,0,0,912,10240,32768,0,984,64,0,0,0,883,0,0,0,0,26624
892,1100,0,0,0,0,2,9,7,7,2,64768,12288,64772,65170,64,32768,14,242,99,0,0,32,39171,0,0,53571,47875,2,5760,8416,0,64,0,63102,880,9984,33280,0,936,64,0,36,0,847,60448,0,0,0,26688
893,1000,0,0,0,0,2,9,7,7,2,43520,63744,64745,65143,64,32768,0,446,153,0,0,32,53975,0,0,53975,53975,0,0,0,0,64,0,0,912,10240,32768,0,984,64,0,0,0,883,0,0,32768,0,26624
893,1100,0,0,0,0,2,9,7,7,2,256,49664,64763,65188,64,32768,14,240,97,0,0,32,39154,0,0,53330,47570,2,5824,8704,0,64,0,63033,880,9984,33280,0,936,64,0,36,0,847,60192,0,16384,0,26688
894,1000,0,0,0,0,2,9,7,7,2,37632,28672,64744,65142,64,32768,0,443,152,0,0,32,53975,0,0,53975,53975,0,0,0,0,64,0,0,912,10240,32768,0,984,64,0,0,0,884,0,0,0,0,26624
894,1100,0,0,0,0,2,9,7,7,2,64512,26112,64755,65206,64,32768,14,236,96,0,0,32,38553,0,0,53081,47257,2,5888,8416,0,64,0,63102,880,9984,33280,0,936,64,0,36,0,847,59936,0,32768,0,26688
895,1000,0,0,0,0,2,9,7,7,2,31488,58880,64744,65142,64,32768,0,440,150,0,0,32,53975,0,0,53975,53975,0,0,0,0,64,0,0,912,10240,32768,0,984,64,0,0,0,884,0,0,32768,0,26624
895,1100,0,0,0,0,2,9,7,7,2,61184,7168,64748,65225,64,32768,14,233,95,0,0,32,38536,0,0,52840,46952,2,5952,8704,0,64,0,63033,880,9984,33280,0,936,64,0,36,0,847,59680,0,49152,0,26688
896,1000,0,0,0,0,2,9,7,7,2,25344,23552,64743,65142,64,32768,0,437,149,0,0,32,53975,0,0,53975,53975,0,0,0,0,64,0,0,912,10240,32768,0,984,64,0,0,0,885,0,0,0,0,26624
896,1100,0,0,0,0,2,9,7,7,2,56064,58624,64740,65243,64,32768,14,230,93,0,0,32,37935,0,0,52591,46639,2,6016,8416,0,64,0,63102,880,9984,33280,0,936,64,0,36,0,848,59424,0,0,0,26688
897,1000,0,0,0,0,2,9,7,7,2,18944,53760,64743,65142,64,32768,0,434,147,0,0,32,53975,0,0,53975,53975,0,0,0,0,64,0,0,912,10304,32768,0,984,64,0,0,0,885,0,0,32768,0,26624
897,1100,0,0,0,0,2,9,7,7,2,48896,49152,64733,65262,64,32768,14,227,92,0,0,32,37918,0,0,52350,46334,2,6080,8704,0,64,0,63033,880,9984,33280,0,936,64,0,36,0,848,59168,0,16384,0,26688
898,1000,0,0,0,0,2,9,7,7,2,12544,18432,64743,65141,64,32768,0,431,146,0,0,32,53975,0,0,53975,53975,0,0,0,0,64,0,0,912,10304,32768,0,984,64,0,0,0,886,0,0,0,0,26624
898,1100,0,0,0,0,2,9,7,7,2,39936,44544,64727,65281,64,32768,14,224,91,0,0,32,37317,0,0,52101,46021,2,6144,8416,0,64,0,63102,880,10048,33280,0,936,64,0,36,0,848,58912,0,32768,0,26688
899,1000,0,0,0,0,2,9,7,7,2,6144,48384,64743,65141,64,32768,0,428,144,0,0,32,53975,0,0,53975,53975,0,0,0,0,64,0,0,912,10304,32768,0,984,64,0,0,0,886,0,0,32768,0,26624
899,1100,0,0,0,0,2,9,7,7,2,29440,44800,64721,65300,64,32768,14,221,90,0,0,32,37300,0,0,51860,45716,2,6144,8704,0,64,0,63033,880,10048,33280,0,936,64,0,36,0,848,58656,0,49152,0,26688
900,1000,0,0,0,0,2,9,7,7,2,65280,12800,64742,65141,64,32768,0,424,143,0,0,32,53975,0,0,53975,53975,0,0,0,0,64,0,0,912,10304,32768,0,984,64,0,0,0,887,0,0,0,0,26624
900,1100,0,0,0,0,2,9,7,7,2,17408,49920,64715,65319,64,32768,14,218,89,0,0,32,36699,0,0,51547,45403,2,6144,8416,0,64,0,63102,880,10048,33280,0,936,64,0,36,0,849,58400,0,0,0,26688
901,1000,0,0,0,0,2,9,7,7,2,58624,42752,64742,65141,64,32768,0,421,141,0,0,32,53975,0,0,53975,53975,0,0,0,0,64,0,0,912,10304,32768,0,984,64,0,0,0,887,0,0,32768,0,26624
901,1100,0,0,0,0,2,9,7,7,2,3840,59904,64709,65343,64,32768,14,215,88,0,0,32,36682,0,0,51242,45098,2,6144,8704,0,64,0,63033,880,10048,33280,0,936,64,0,36,0,849,58144,0,16384,0,26688
902,1000,0,0,0,0,2,9,7,7,2,51968,7168,64741,65140,64,32768,0,418,140,0,0,32,53975,0,0,53975,53975,0,0,0,0,64,0,0,912,10304,32768,0,984,64,0,0,0,888,0,0,0,0,26624
902,1100,0,0,0,0,2,9,7,7,2,54272,10496,64703,65367,64,32768,14,211,88,0,0,32,36081,0,0,50929,44785,2,6144,8416,0,64,0,63102,880,10048,33280,0,936,64,0,36,0,849,57888,0,32768,0,26688
903,1000,0,0,0,0,2,9,7,7,2,45056,36864,64741,65140,64,32768,0,415,138,0,0,32,53975,0,0,53975,53975,0,0,0,0,64,0,0,912,10304,32768,0,984,64,0,0,0,888,0,0,32768,0,26624
903,1100,0,0,0,0,2,9,7,7,2,37632,32768,64699,65393,64,32768,14,208,87,0,0,32,36064,0,0,50624,44480,2,6144,8704,0,64,0,63033,880,10048,33280,0,936,64,0,36,0,849,57632,0,49152,0,26688
904,1000,0,0,0,0,2,9,7,7,2,38144,1024,64740,65140,64,32768,0,412,137,0,0,32,53975,0,0,53975,53975,0,0,0,0,64,0,0,912,10304,32768,0,984,64,0,0,0,889,0,0,0,0,26624
904,1100,0,0,0,0,2,9,7,7,2,19968,61696,64694,65417,64,32768,14,205,86,0,0,32,35463,0,0,50311,44167,2,6144,8416,0,64,0,63102,880,10048,33280,0,936,64,0,36,0,850,57376,0,0,0,26688
905,1000,0,0,0,0,2,9,7,7,2,30976,30720,64740,65140,64,32768,0,409,135,0,0,32,53975,0,0,53975,53975,0,0,0,0,64,0,0,912,10368,32768,0,984,64,0,0,0,889,0,0,32768,0,26624
905,1100,0,0,0,0,2,9,7,7,2,1024,31232,64691,65442,64,32768,14,202,86,0,0,32,35446,0,0,50006,43862,2,6144,8704,0,64,0,63033,880,10048,33280,0,936,64,0,36,0,850,57120,0,16384,0,26688
906,1000,0,0,0,0,2,9,7,7,2,23808,60416,64739,65139,64,32768,0,406,133,0,0,32,53975,0,0,53975,53975,0,0,0,0,64,0,0,912,10368,32768,0,984,64,0,0,0,890,0,0,0,0,26624
906,1100,0,0,0,0,2,9,7,7,2,46848,7168,64688,65467,64,32768,14,198,86,0,0,32,34845,0,0,49693,43549,2,6144,8416,0,64,0,63102,880,10112,33280,0,936,64,0,36,0,850,56864,0,32768,0,26688
907,1000,0,0,0,0,2,9,7,7,2,16384,24320,64739,65139,64,32768,0,403,132,0,0,32,53975,0,0,53975,53975,0,0,0,0,64,0,0,912,10368,32768,0,984,64,0,0,0,890,0,0,32768,0,26624
907,1100,0,0,0,0,2,9,7,7,2,26368,55040,64686,65492,64,32768,14,195,85,0,0,32,34828,0,0,49388,43244,2,6144,8704,0,64,0,63033,880,10112,33280,0,936,64,0,36,0,850,56608,0,49152,0,26688
908,1000,0,0,0,0,2,9,7,7,2,8960,53760,64738,65139,64,32768,0,400,130,0,0,32,53975,0,0,53975,53975,0,0,0,0,64,0,0,912,10368,32768,0,984,64,0,0,0,891,0,0,0,0,26624
908,1100,0,0,0,0,2,9,7,7,2,5376,43776,64685,65517,64,32768,14,192,85,0,0,32,34227,0,0,49075,42931,2,6144,8416,0,64,0,63102,880,10112,33280,0,936,64,0,36,0,851,56352,0,0,0,26688
909,1000,0,0,0,0,2,9,7,7,2,1280,17664,64738,65139,64,32768,0,397,129,0,0,32,53975,0,0,53975,53975,0,0,0,0,64,0,0,912,10368,32768,0,984,64,0,0,0,891,0,0,32768,0,26624
909,1100,0,0,0,0,2,9,7,7,2,49664,38912,64685,7,64,32768,14,188,85,0,0,32,34210,0,0,48770,42626,2,6144,8704,0,64,0,63033,880,10112,33280,0,936,64,0,36,0,851,56096,0,16384,0,26688
910,1000,0,0,0,0,2,9,7,7,2,59136,47104,64737,65139,64,32768,0,393,127,0,0,32,53975,0,0,53975,53975,0,0,0,0,64,0,0,912,10368,32768,0,984,64,0,0,0,892,0,0,0,0,26624
910,1100,0,0,0,0,2,9,7,7,2,28416,40704,64685,32,64,32768,14,185,85,0,0,32,33609,0,0,48457,42313,2,6144,8416,0,64,0,63102,880,10112,33280,0,936,64,0,36,0,851,55840,0,32768,0,26688
911,1000,0,0,0,0,2,9,7,7,2,51200,11008,64737,65139,64,32768,0,390,126,0,0,32,53975,0,0,53975,53975,0,0,0,0,64,0,0,912,10368,32768,0,984,64,0,0,0,892,0,0,32768,0,26624
911,1100,0,0,0,0,2,9,7,7,2,7168,48896,64686,57,64,32768,14,182,85,0,0,32,33592,0,0,48152,42008,2,6144,8704,0,64,0,63033,880,10112,33280,0,936,64,0,36,0,851,55584,0,49152,0,26688
912,1000,0,0,0,0,2,9,7,7,2,43264,40448,64736,65138,64,32768,0,387,124,0,0,32,53975,0,0,53975,53975,0,0,0,0,64,0,0,912,10368,32768,0,984,64,0,0,0,893,0,0,0,0,26624
912,1100,0,0,0,0,2,9,7,7,2,51712,63488,64687,82,64,32768,14,178,85,0,0,32,32991,0,0,47839,41695,2,6144,8416,0,64,0,63102,880,10112,33280,0,936,64,0,36,0,852,55328,0,0,0,26688
913,1000,0,0,0,0,2,9,7,7,2,35072,4096,64736,65138,64,32768,0,384,123,0,0,32,53975,0,0,53975,53975,0,0,0,0,64,0,0,912,10432,32768,0,984,64,0,0,0,893,0,0,32768,0,26624
913,1100,0,0,0,0,2,9,7,7,2,30976,18944,64690,107,64,32768,14,175,86,0,0,32,32974,0,0,47534,41390,2,6144,8704,0,64,0,63033,880,10112,33280,0,936,64,0,36,0,852,55072,0,16384,0,26688
914,1000,0,0,0,0,2,9,7,7,2,26880,33280,64735,65138,64,32768,0,381,121,0,0,32,53975,0,0,53975,53975,0,0,0,0,64,0,0,912,10432,32768,0,984,64,0,0,0,894,0,0,0,0,26624
914,1100,0,0,0,0,2,9,7,7,2,11008,46336,64694,132,64,32768,14,172,86,0,0,32,32373,0,0,47221,41077,2,6144,8416,0,64,0,63102,880,10176,33280,0,936,64,0,36,0,852,54816,0,32768,0,26688
915,1000,512,0,0,0,2,9,7,7,2,18432,62464,64735,65138,64,32768,0,378,119,0,0,32,53975,0,0,53975,53975,0,0,0,0,64,0,65433,912,10432,33282,0,984,64,0,0,0,894,0,0,32768,0,26624
915,1100,512,0,0,0,2,9,7,7,2,57600,14592,64698,157,64,32768,14,168,87,0,0,32,32356,0,0,46916,40772,2,6144,8704,0,64,0,63033,880,10176,33280,0,936,64,0,36,0,852,54560,0,49152,0,26688
916,1000,0,0,0,0,2,9,7,7,2,9984,26112,64735,65137,64,32768,0,375,118,0,0,32,53962,0,0,53962,53962,0,0,0,0,64,0,65331,912,10432,33280,0,984,64,0,0,0,895,0,0,0,0,26624
916,1100,0,0,0,0,2,9,7,7,2,39680,54784,64702,182,64,32768,14,165,87,0,0,32,31755,0,0,46603,40459,2,6144,8416,0,64,0,63102,880,10176,33280,0,936,64,0,36,0,853,54304,0,0,0,26688
917,1000,32,0,0,0,2,9,7,7,2,1536,55040,64734,65138,64,32768,0,372,116,0,0,112,53936,0,0,53936,53936,0,0,0,0,64,0,65198,912,10432,33320,1,984,80,0,0,0,895,0,0,32768,0,26624
917,1100,32,0,0,0,2,9,7,7,2,22784,35840,64708,207,64,32768,14,162,88,0,0,32,31738,0,0,46298,40154,2,6144,8704,0,64,0,63033,880,10176,33280,0,936,64,0,36,0,853,54048,0,16384,0,26688
918,1000,0,0,0,0,2,9,7,7,2,58368,18688,64732,65140,64,34816,0,368,115,0,224,112,53893,0,2,53893,53893,0,0,0,0,64,0,65069,912,10432,33312,3,984,80,0,32768,0,896,0,0,0,0,26624
918,1100,0,0,0,0,2,9,7,7,2,7424,23296,64714,231,64,32768,14,159,89,0,0,32,31137,0,0,45985,39841,2,6144,8416,0,64,0,63102,880,10176,33280,0,936,64,0,36,0,853,53792,0,32768,0,26688
919,1000,0,0,0,0,2,10,7,7,2,49152,48384,64730,65143,26,34816,0,365,113,198,198,112,53834,0,2,53834,53834,0,0,0,0,26,0,64942,912,10432,33312,4,992,80,0,32768,0,896,0,0,16384,0,26624
919,1100,0,0,0,0,2,10,7,7,2,59136,16896,64721,256,64,32768,14,155,90,0,0,32,31120,0,0,45680,39536,2,6144,8704,0,64,0,63033,880,10176,33280,0,936,64,0,36,0,853,53536,0,49152,0,26688
920,1000,0,0,0,0,2,10,7,7,2,39424,13312,64728,65148,64,34816,0,362,112,370,172,112,53759,0,2,53759,53759,0,0,0,0,64,0,64817,912,10432,33312,5,992,80,0,32768,0,896,0,0,32768,0,26624
920,1100,0,0,0,0,2,10,7,7,2,47104,16896,64728,280,64,32768,14,152,91,0,0,32,30519,0,0,45367,39223,2,6144,8416,0,64,0,63102,880,10176,33280,0,936,64,0,36,0,854,53280,0,0,0,26688
921,1000,0,0,0,0,2,10,7,7,2,29184,45056,64726,65153,64,34816,0,359,110,516,146,112,53669,0,2,53669,53669,0,0,0,0,64,0,64694,912,10496,33312,6,992,80,0,32768,0,896,0,0,49152,0,26624
921,1100,0,0,0,0,2,10,7,7,2,36864,23040,64737,304,64,32768,14,149,92,0,0,32,30502,0,0,45062,38918,2,6144,8704,0,64,0,63033,880,10176,33280,0,936,64,0,36,0,854,53024,0,16384,0,26688
922,1000,0,0,0,0,2,10,7,7,2,18432,12544,64721,65160,64,34816,0,356,109,636,120,112,53563,0,2,53563,53563,2,0,0,0,64,0,64573,912,10496,33312,7,992,80,0,32768,0,897,0,0,0,0,26624
922,1100,0,0,0,0,2,10,7,7,2,28928,35328,64746,327,64,32768,14,146,93,0,0,32,29901,0,0,44749,38605,2,6144,8416,0,64,0,63102,880,10240,33280,0,936,64,0,36,0,854,52768,0,32768,0,26688
923,1000,0,0,0,0,2,10,7,7,2,6400,47360,64717,65168,64,34816,0,353,107,730,94,112,53442,0,2,53442,53442,2,320,512,0,64,0,64454,912,10496,33312,8,992,80,0,32768,0,897,65312,0,16384,0,26624
923,1100,0,0,0,0,2,10,7,7,2,23296,53504,64756,350,64,32768,14,143,94,0,0,32,29884,0,0,44444,38300,2,6144,8704,0,64,0,63033,880,10240,33280,0,936,64,0,36,0,854,52512,0,49152,0,26688
924,1000,0,0,0,0,2,10,7,7,2,58880,18688,64713,65178,64,34816,0,349,106,798,68,112,52794,0,2,53626,53306,2,640,1024,0,64,0,64337,912,10496,33312,9,992,80,0,32768,0,897,65088,0,32768,0,26624
924,1100,0,0,0,0,2,10,7,7,2,20224,12032,64766,373,64,32768,14,140,96,0,0,32,29283,0,0,44131,37987,2,6144,8416,0,64,0,63102,880,10240,33280,0,936,64,0,36,0,855,52256,0,0,0,26688
925,1000,0,0,0,0,2,10,7,7,2,44800,58112,64720,65163,64,34816,0,346,104,840,42,112,52132,0,2,53796,53156,2,960,1536,0,64,0,64221,912,10496,33312,10,992,80,0,32768,0,897,64864,0,49152,0,26624
925,1100,0,0,0,0,2,10,7,7,2,19712,41984,64778,396,64,32768,14,137,97,0,0,32,29266,0,0,43826,37682,2,6144,8704,0,64,0,63033,880,10240,33280,0,936,64,0,36,0,855,52000,0,16384,0,26688
926,1000,0,0,0,0,2,10,7,7,2,32512,28160,64725,65150,64,34816,0,343,103,856,16,112,51455,0,2,53951,52991,2,1280,2048,0,64,0,64107,912,10496,33312,11,992,80,0,32768,0,898,64640,0,0,0,26624
926,1100,0,0,0,0,2,10,7,7,2,22272,12288,64789,418,64,32768,14,134,99,0,0,32,28665,0,0,43513,37369,2,6144,8416,0,64,0,63102,880,10240,33280,0,936,64,0,36,0,855,51744,0,32768,0,26688
927,1000,0,0,0,0,2,10,7,7,2,21504,60416,64731,65138,64,34816,0,340,101,846,65526,112,50764,0,2,54092,52812,2,1600,2560,0,64,0,63995,912,10496,33312,12,992,80,0,32768,0,898,64416,0,16384,0,26624
927,1100,0,0,0,0,2,10,7,7,2,27648,53760,64802,441,64,32768,14,131,100,0,0,32,28648,0,0,43208,37064,2,6144,8704,0,64,0,63033,880,10240,33280,0,936,64,0,36,0,855,51488,0,49152,0,26688
928,1000,0,0,0,0,2,10,7,7,2,12032,24064,64736,65127,64,34816,0,337,100,810,65500,112,50059,0,2,54219,52619,2,1920,3072,0,64,0,63885,912,10496,33312,13,992,80,0,32768,0,898,64192,0,32768,0,26624
928,1100,0,0,0,0,2,10,7,7,2,36352,35584,64815,462,64,32768,14,128,102,0,0,32,28047,0,0,42895,36751,2,6144,8416,0,64,0,63102,880,10240,33280,0,936,64,0,36,0,856,51232,0,0,0,26688
929,1000,0,0,0,0,2,10,7,7,2,3840,50432,64741,65117,64,34816,0,334,98,748,65474,112,49340,0,2,54332,52412,2,2240,3584,0,64,0,63776,912,10560,33312,14,992,80,0,32772,0,898,63968,0,49152,0,26624
929,1100,0,0,0,0,2,10,7,7,2,48384,22784,64829,484,64,32768,14,125,104,0,0,32,28030,0,0,42590,36446,2,6144,8704,0,64,0,63033,880,10240,33280,0,936,64,0,36,0,856,50976,0,16384,0,26688
930,1000,0,0,0,0,2,10,7,7,2,62464,8704,64745,65108,64,34816,0,330,97,660,65448,112,48608,0,2,54432,52192,2,2560,4096,0,64,0,63669,912,10560,33312,15,992,80,0,32772,0,899,63744,0,0,0,26624
930,1100,0,0,0,0,2,10,7,7,2,64000,15616,64843,504,64,32768,14,122,106,0,0,32,27429,0,0,42277,36133,2,6144,8416,0,64,0,63102,880,10304,33280,0,936,64,0,36,0,856,50720,0,32768,0,26688
931,1000,0,0,0,0,2,10,7,7,2,56576,30208,64749,65101,64,34816,0,327,95,546,65422,112,47862,0,2,54518,51958,2,2880,4608,0,64,0,63564,912,10560,33312,16,992,80,0,32772,0,899,63520,0,16384,0,26624
931,1100,0,0,0,0,2,10,7,7,2,17664,13568,64859,525,64,32768,14,120,108,0,0,32,27412,0,0,41972,35828,2,6144,8704,0,64,0,63033,880,10304,33280,0,936,64,0,36,0,856,50464,0,49152,0,26688
932,1000,0,0,0,0,2,10,7,7,2,51712,49920,64753,65094,64,34816,0,324,93,406,65396,112,47103,0,2,54591,51711,2,3200,5120,0,64,0,63460,912,10560,33312,17,992,80,0,32772,0,899,63296,0,32768,0,26624
932,1100,0,0,0,0,2,10,7,7,2,40960,16896,64874,545,64,32768,14,117,110,0,0,32,26811,0,0,41659,35515,2,6144,8416,0,64,0,63102,880,10304,33280,0,936,64,0,36,0,857,50208,0,0,0,26688
933,1000,0,16,0,0,2,10,7,7,2,47872,2304,64756,65089,64,34816,0,321,92,240,65370,112,46331,0,2,54651,51451,2,3520,5632,0,64,0,63358,912,10560,33312,18,992,80,0,32772,0,899,63072,0,49152,0,26624
933,1100,0,16,0,0,2,10,7,7,2,2560,25344,64890,565,64,32768,14,115,112,0,0,112,26794,0,0,41354,35210,2,5664,7904,0,64,0,63248,880,10304,32788,0,936,80,0,0,0,857,50657,0,16384,0,26688
934,1000,0,0,0,0,2,10,7,7,2,44800,18944,64758,65084,64,34816,0,318,90,48,65344,112,45546,0,2,54698,51178,2,3840,6144,0,64,0,63258,912,10560,33312,19,992,80,0,32772,0,900,62848,0,0,0,26624
934,1100,0,0,0,0,2,10,7,7,2,33792,38912,64907,583,64,34816,14,112,114,0,224,112,27020,0,2,40588,34924,2,5184,7392,0,64,0,63392,880,10304,32784,0,936,80,0,32768,0,857,51106,0,32768,0,26688
935,1000,0,0,0,0,2,10,7,7,2,42240,34304,64760,65080,64,34816,0,315,88,0,0,32,44749,0,0,54733,50893,2,3904,6432,0,64,0,63191,912,10560,33280,0,992,64,0,36,0,900,62592,0,16384,0,26624
935,1100,0,0,0,0,2,10,7,7,2,3840,57088,64951,628,64,34816,14,110,116,198,198,112,27264,0,2,39840,34656,2,4704,6880,0,64,0,63535,880,10304,32784,0,936,80,0,32768,0,857,51555,0,49152,0,26688
936,1000,0,0,0,0,2,10,7,7,2,40192,48640,64761,65078,64,32768,0,312,86,0,0,32,44167,0,0,54503,50599,2,3968,6720,0,64,0,63125,912,10560,33280,0,992,64,0,36,0,900,62336,0,32768,0,26624
936,1100,0,0,0,0,2,10,7,7,2,50688,21248,64997,669,64,34816,14,107,119,370,172,112,27525,0,2,39109,34405,2,4224,6368,0,64,0,63677,880,10304,32784,0,936,80,0,32768,0,858,52004,0,0,0,26688
937,1000,0,0,0,0,2,10,7,7,2,38400,62464,64751,65095,64,32768,0,309,84,0,0,32,43577,0,0,54265,50297,2,4032,7008,0,64,0,63060,912,10624,33280,0,992,64,0,36,0,900,62080,0,49152,0,26624
937,1100,0,0,0,0,2,10,7,7,2,43776,61440,65045,705,64,34816,14,105,121,516,146,112,27804,0,2,38396,34172,2,3744,5856,0,64,0,63818,880,10304,32784,0,936,80,0,32768,0,858,52453,0,16384,0,26688
938,1000,0,0,0,0,2,10,7,7,2,34048,15104,64741,65112,64,32768,0,306,83,0,0,32,42979,0,0,54019,49987,2,4096,7296,0,64,0,63121,912,10624,33280,0,992,64,0,36,0,901,61824,0,0,0,26624
938,1100,0,0,0,0,2,10,7,7,2,49152,45312,65095,737,64,34816,14,103,124,636,120,112,28101,0,2,37701,33957,2,3264,5344,0,64,0,63958,880,10368,32784,0,936,80,0,32768,0,858,52902,0,32768,0,26688
939,1000,0,0,0,0,2,10,7,7,2,27136,37632,64731,65131,64,32768,0,303,81,0,0,32,42389,0,0,53781,49685,2,4160,7584,0,64,0,63056,912,10624,33280,0,992,64,0,36,0,901,61568,0,16384,0,26624
939,1100,0,0,0,0,2,10,7,7,2,1792,37376,65145,764,64,34816,14,102,127,730,94,112,28415,0,2,37023,33759,2,2784,4832,0,64,0,64097,880,10368,32784,0,936,80,0,32768,0,858,53351,0,49152,0,26688
940,1000,0,0,0,0,2,10,7,7,2,17664,65024,64722,65150,64,32768,0,300,79,0,0,32,41791,0,0,53535,49375,2,4224,7872,0,64,0,63121,912,10624,33280,0,992,64,0,36,0,901,61312,0,32768,0,26624
940,1100,0,0,0,0,2,10,7,7,2,32768,36352,65195,789,64,34816,14,100,130,798,68,32,28747,0,2,36363,33579,2,2688,4544,0,64,0,64235,880,10368,32768,0,936,64,0,32768,0,859,53832,0,0,0,26688
941,1000,0,0,0,0,2,10,7,7,2,5888,31744,64713,65169,64,32768,0,297,78,0,0,32,41201,0,0,53297,49073,2,4288,8160,0,64,0,63056,912,10624,33280,0,992,64,0,36,0,901,61056,0,49152,0,26624
941,1100,0,0,0,0,2,10,7,7,2,11008,41728,65245,809,64,34816,14,99,133,840,42,32,28872,0,2,36104,33416,2,2592,4256,0,64,0,64372,880,10368,32768,0,936,64,0,32768,0,859,54313,0,16384,0,26688
942,1000,0,0,0,0,2,10,7,7,2,57344,3328,64704,65187,64,32768,0,293,77,0,0,32,40603,0,0,53051,48763,2,4352,8448,0,64,0,63121,912,10624,33280,0,992,64,0,36,0,902,60800,0,0,0,26624
942,1100,0,0,0,0,2,10,7,7,2,2048,52224,65265,816,64,34816,14,98,136,856,16,32,29014,0,2,35862,33270,2,2496,3968,0,64,0,64508,880,10368,32768,0,936,64,0,32768,0,859,54794,0,32768,0,26688
943,1000,0,0,0,0,2,10,7,7,2,40960,45056,64696,65207,64,32768,0,290,75,0,0,32,40013,0,0,52813,48461,2,4416,8160,0,64,0,63056,912,10624,33280,0,992,64,0,36,0,902,60544,0,16384,0,26624
943,1100,0,0,0,0,2,10,7,7,2,63744,64512,65284,822,64,34816,14,96,139,846,65526,32,29173,0,2,35637,33141,2,2400,3680,0,64,0,64643,880,10368,32768,0,936,64,0,32768,0,859,55275,0,49152,0,26688
944,1000,0,0,0,0,2,10,7,7,2,22528,26368,64688,65226,64,32768,0,287,74,0,0,32,39991,0,0,52567,48151,2,4480,8448,0,64,0,63121,912,10624,33280,0,992,64,0,36,0,902,60288,0,32768,0,26624
944,1100,0,0,0,0,2,10,7,7,2,64768,12800,65302,828,64,34816,14,95,143,810,65500,32,29349,0,2,35429,33029,2,2304,3392,0,64,0,64776,880,10368,32768,0,936,64,0,32768,0,860,55756,0,0,0,26688
945,1000,0,0,0,0,2,10,7,7,2,2048,12544,64681,65246,64,32768,0,284,73,0,0,32,39401,0,0,52329,47849,2,4544,8160,0,64,0,63056,912,10688,33280,0,992,64,0,36,0,902,60032,0,49152,0,26624
945,1100,0,0,0,0,2,10,7,7,2,4864,28160,65318,833,64,34816,14,95,146,748,65474,32,29542,0,2,35238,32934,2,2208,3104,0,64,0,64908,880,10368,32768,0,936,64,0,32768,0,860,56237,0,16384,0,26688
946,1000,0,0,0,0,2,10,7,7,2,45312,3840,64674,65266,64,32768,0,280,72,0,0,32,39379,0,0,52083,47539,2,4608,8448,0,64,0,63121,912,10688,33280,0,992,64,0,36,0,903,59776,0,0,0,26624
946,1100,0,0,0,0,2,10,7,7,2,14592,44800,65334,836,64,34816,14,94,149,660,65448,32,29751,0,2,35063,32855,2,2112,2816,0,64,0,65039,880,10432,32768,0,936,64,0,32768,0,860,56718,0,32768,0,26688
947,1000,0,0,0,0,2,10,7,7,2,21248,256,64668,65286,64,32768,0,277,71,0,0,32,38789,0,0,51845,47237,2,4672,8160,0,64,0,63056,912,10688,33280,0,992,64,0,36,0,903,59520,0,16384,0,26624
947,1100,0,0,0,0,2,10,7,7,2,28416,62208,65348,840,64,34816,14,93,152,546,65422,32,29976,0,2,34904,32792,2,2016,2528,0,64,0,65169,880,10432,32768,0,936,64,0,32768,0,860,57199,0,49152,0,26688
948,1000,0,0,0,0,2,10,7,7,2,61184,1792,64662,65306,64,32768,0,273,70,0,0,32,38767,0,0,51599,46927,2,4736,8448,0,64,0,63121,912,10688,33280,0,992,64,0,36,0,903,59264,0,32768,0,26624
948,1100,0,0,0,0,2,10,7,7,2,45824,15104,65360,844,64,34816,14,92,156,406,65396,32,30218,0,2,34762,32746,2,1920,2240,0,64,0,65298,880,10432,32768,0,936,64,0,32768,0,861,57680,0,0,0,26688
949,1000,0,0,0,0,2,10,7,7,2,34048,8448,64657,65327,64,32768,0,270,69,0,0,32,38177,0,0,51361,46625,2,4800,8160,0,64,0,63056,912,10688,33280,0,992,64,0,36,0,903,59008,0,49152,0,26624
949,1100,0,0,0,0,2,10,7,7,2,768,34560,65372,846,64,34816,14,92,159,240,65370,32,30476,0,2,34636,32716,2,1824,1952,0,64,0,65426,880,10432,32768,0,936,64,0,32768,0,861,58161,0,16384,0,26688
950,1000,0,0,0,0,2,10,7,7,2,5632,20480,64652,65346,64,32768,0,267,68,0,0,32,38155,0,0,51115,46315,2,4864,8448,0,64,0,63121,912,10688,33280,0,992,64,0,36,0,904,58752,0,0,0,26624
950,1100,0,0,0,0,2,10,7,7,2,24320,54528,65382,848,64,34816,14,91,162,48,65344,32,30750,0,2,34526,32702,2,1728,1664,0,64,0,0,880,10432,32768,0,936,64,0,32768,0,861,58642,0,32768,0,26688
951,1000,0,0,0,0,2,10,7,7,2,41472,37376,64647,65367,64,32768,0,263,67,0,0,32,37565,0,0,50877,46013,2,4928,8160,0,64,0,63056,912,10688,33280,0,992,64,0,36,0,904,58496,0,16384,0,26624
951,1100,0,0,0,0,2,10,7,7,2,50432,9472,65391,849,64,34816,14,90,166,0,0,32,31038,0,0,34430,32702,2,1632,1376,0,64,0,0,880,10432,32768,0,936,64,0,0,0,861,59123,0,49152,0,26688
952,1000,0,0,0,0,2,10,7,7,2,10496,59648,64644,65388,64,32768,0,260,66,0,0,32,37543,0,0,50631,45703,2,4992,8448,0,64,0,63121,912,10688,33280,0,992,64,0,36,0,904,58240,0,32768,0,26624
952,1100,0,0,0,0,2,10,7,7,2,13312,30208,65399,852,64,32768,14,90,169,0,0,32,31326,0,0,34334,32702,2,1536,1088,0,64,0,0,880,10432,32768,0,936,64,0,0,0,862,59604,0,0,0,26688
953,1000,0,0,0,0,2,10,7,7,2,44288,21760,64641,65409,64,32768,0,256,66,0,0,32,36953,0,0,50393,45401,2,5056,8160,0,64,0,63056,912,10752,33280,0,992,64,0,36,0,904,57984,0,49152,0,26624
953,1100,0,0,0,0,2,10,7,7,2,43776,51712,65407,853,64,32768,14,89,172,0,0,32,31614,0,0,34238,32702,2,1440,800,0,64,0,0,880,10432,32768,0,936,64,0,0,0,862,60085,0,16384,0,26688
954,1000,0,0,0,0,2,10,7,7,2,11776,54784,64637,65429,64,32768,0,253,65,0,0,32,36931,0,0,50147,45091,2,5120,8448,0,64,0,63121,912,10752,33280,0,992,64,0,36,0,905,57728,0,0,0,26624
954,1100,0,0,0,0,2,10,7,7,2,10752,7936,65414,854,64,32768,14,89,176,0,0,32,31902,0,0,34142,32702,2,1344,512,0,64,0,0,880,10496,32768,0,936,64,0,0,0,862,60566,0,32768,0,26688
955,1000,0,0,0,0,2,10,7,7,2,43776,27392,64635,65450,64,32768,0,249,65,0,0,32,36341,0,0,49909,44789,2,5184,8160,0,64,0,63056,912,10752,33280,0,992,64,0,36,0,905,57472,0,16384,0,26624
955,1100,0,0,0,0,2,10,7,7,2,45056,29952,65422,855,64,32768,14,88,179,0,0,32,32190,0,0,34046,32702,2,1248,224,0,64,0,0,880,10496,32768,0,936,64,0,0,0,862,61047,0,49152,0,26688
956,1000,0,0,0,0,2,10,7,7,2,9728,5376,64633,65471,64,32768,0,246,65,0,0,32,36319,0,0,49663,44479,2,5248,8448,0,64,0,63121,912,10752,33280,0,992,64,0,36,0,905,57216,0,32768,0,26624
956,1100,0,0,0,0,2,10,7,7,2,15872,52224,65430,857,64,32768,14,88,182,0,0,32,32478,0,0,33950,32702,2,1152,0,0,64,0,0,880,10496,32768,0,936,64,0,0,0,863,61528,0,0,0,26688
957,1000,0,0,0,0,2,10,7,7,2,40704,54272,64632,65492,64,32768,0,242,64,0,0,32,35729,0,0,49425,44177,2,5312,8160,0,64,0,63056,912,10752,33280,0,992,64,0,36,0,905,56960,0,49152,0,26624
957,1100,0,0,0,0,2,10,7,7,2,54272,9472,65438,858,64,32768,14,87,186,0,0,32,32702,0,0,33854,32702,2,1056,0,0,64,0,0,880,10496,32768,0,936,64,0,0,0,863,62009,0,16384,0,26688
958,1000,0,0,0,0,2,10,7,7,2,5888,43008,64630,65513,64,32768,0,239,64,0,0,32,35707,0,0,49179,43867,2,5376,8448,0,64,0,63121,912,10752,33280,0,992,64,0,36,0,906,56704,0,0,0,26624
958,1100,0,0,0,0,2,10,7,7,2,29184,32512,65446,859,64,32768,14,87,189,0,0,32,32702,0,0,33758,32702,2,960,0,0,64,0,0,880,10496,32768,0,936,64,0,0,0,863,62490,0,32768,0,26688
959,1000,0,0,0,0,2,10,7,7,2,36096,37120,64630,65534,64,32768,0,235,64,0,0,32,35117,0,0,48941,43565,2,5440,8160,0,64,0,63056,912,10752,33280,0,992,64,0,36,0,906,56448,0,16384,0,26624
959,1100,0,0,0,0,2,10,7,7,2,6144,55808,65454,860,64,32768,14,87,192,0,0,32,32702,0,0,33662,32702,2,864,0,0,64,0,0,880,10496,32768,0,936,64,0,0,0,863,62971,0,49152,0,26688
960,1000,0,0,0,0,2,10,7,7,2,768,36608,64630,19,64,32768,0,232,64,0,0,32,35095,0,0,48695,43255,2,5504,8448,0,64,0,63121,912,10752,33280,0,992,64,0,36,0,906,56192,0,32768,0,26624
960,1100,0,0,0,0,2,10,7,7,2,50688,13824,65462,861,64,32768,14,86,196,0,0,32,32702,0,0,33566,32702,2,768,0,0,64,0,0,880,10496,32768,0,936,64,0,0,0,864,63452,0,0,0,26688
961,1000,0,0,0,0,2,10,7,7,2,30976,41472,64630,40,64,32768,0,228,64,0,0,32,34505,0,0,48457,42953,2,5408,8160,0,64,0,63268,912,10816,32768,0,992,64,0,0,0,906,56673,0,49152,0,26624
961,1100,0,0,0,0,2,10,7,7,2,31744,37632,65469,862,64,32768,14,86,199,0,0,32,32702,0,0,33470,32702,2,672,0,0,64,0,0,880,10496,32768,0,936,64,0,0,0,864,63933,0,16384,0,26688
962,1000,0,0,0,0,2,10,7,7,2,61184,51712,64630,61,64,32768,0,224,64,0,0,32,34509,0,0,48077,42669,2,5312,7872,0,64,0,63413,912,10816,32768,0,992,64,0,0,0,907,57154,0,0,0,26624
962,1100,0,0,0,0,2,10,7,7,2,14592,61696,65477,863,64,32768,14,86,202,0,0,32,32702,0,0,33374,32702,2,576,0,0,64,0,0,880,10560,32768,0,936,64,0,0,0,864,64414,0,32768,0,26688
963,1000,0,256,0,0,2,10,7,7,2,25856,1792,64633,94,64,32768,0,221,65,0,0,32,34531,0,0,47715,42403,2,5216,7584,0,64,0,63556,912,10816,32768,0,992,64,0,0,0,907,57635,0,16384,0,26624
963,1100,0,256,0,0,2,10,7,7,2,65024,20480,65485,863,64,32768,14,85,206,0,0,32,32702,0,0,33278,32702,2,448,65248,0,64,0,86,880,10560,33025,0,936,64,0,0,0,864,64382,0,49152,0,26688
964,1000,0,0,0,0,2,10,7,7,2,56832,25856,64637,125,64,32768,0,217,65,0,0,32,34571,0,0,47371,42155,2,5120,7296,0,64,0,63697,912,10816,32768,0,992,64,0,0,0,907,58116,0,32768,0,26624
964,1100,0,0,0,0,2,10,7,7,2,51968,44800,65493,864,64,32768,14,85,209,0,0,32,33000,0,0,33160,32712,2,320,64960,0,64,0,171,880,10560,33024,0,936,64,0,0,0,865,64350,0,0,0,26688
965,1000,0,0,0,0,2,10,7,7,2,23296,57856,64641,155,64,32768,0,214,65,0,0,32,34629,0,0,47045,41925,2,5024,7008,0,64,0,63835,912,10816,32768,0,992,64,0,0,0,907,58597,0,49152,0,26624
965,1100,0,0,0,0,2,10,7,7,2,40960,3840,65503,865,64,32768,14,85,213,0,0,32,33309,0,0,33053,32733,2,192,64672,0,64,0,255,880,10560,33024,0,936,64,0,0,0,865,64318,0,16384,0,26688
966,1000,0,0,0,0,2,10,7,7,2,56320,32000,64646,183,64,32768,0,210,66,0,0,32,34704,0,0,46736,41712,2,4928,6720,0,64,0,63971,912,10816,32768,0,992,64,0,0,0,908,59078,0,0,0,26624
966,1100,0,0,0,0,2,10,7,7,2,32512,28672,65512,865,64,32768,14,85,216,0,0,32,33628,0,0,32956,32764,2,64,64384,0,64,0,338,880,10560,33024,0,936,64,0,0,0,865,64286,0,32768,0,26688
967,1000,0,0,0,0,2,10,7,7,2,25088,13312,64652,209,64,32768,0,207,67,0,0,32,34796,0,0,46444,41516,2,4832,6432,0,64,0,64105,912,10816,32768,0,992,64,0,0,0,908,59559,0,16384,0,26624
967,1100,0,0,0,0,2,10,7,7,2,26368,53504,65520,865,64,32768,14,85,219,0,0,32,33958,0,0,32870,32806,2,65472,64096,0,64,0,421,880,10560,33024,0,936,64,0,0,0,865,64254,0,49152,0,26688
968,1000,0,0,0,0,2,10,7,7,2,60928,1280,64658,234,64,32768,0,203,68,0,0,32,34905,0,0,46169,41337,2,4736,6144,0,64,0,64237,912,10816,32768,0,992,64,0,0,0,908,60040,0,32768,0,26624
968,1100,0,0,0,0,2,10,7,7,2,22272,12800,65527,866,64,32768,14,85,223,0,0,32,34298,0,0,32794,32858,2,65408,63808,0,64,0,503,880,10560,33024,0,936,64,0,0,0,866,64510,0,0,0,26688
969,1000,0,0,0,0,2,10,7,7,2,32768,61184,64664,257,64,32768,0,200,68,0,0,32,35030,0,0,45910,41174,2,4640,5856,0,64,0,64367,912,10880,32768,0,992,64,0,0,0,908,60521,0,49152,0,26624
969,1100,0,0,0,0,2,10,7,7,2,19968,37888,65533,866,64,32768,14,85,226,0,0,32,34648,0,0,32792,32920,2,65344,63520,0,64,0,584,880,10560,33024,0,936,64,0,0,0,866,64766,0,16384,0,26688
970,1000,0,0,0,0,2,10,7,7,2,6144,61440,64670,279,64,32768,0,197,69,0,0,32,35171,0,0,45667,41027,2,4544,5568,0,64,0,64495,912,10880,32768,0,992,64,0,0,0,909,61002,0,0,0,26624
970,1100,0,0,0,0,2,10,7,7,2,19200,62976,65533,866,64,32768,14,85,229,0,0,32,35009,0,0,32801,32993,2,65280,63232,0,64,0,664,880,10624,33024,0,936,64,0,0,0,866,65022,0,32768,0,26688
971,1000,512,0,0,0,2,10,7,7,2,46592,1792,64677,299,64,32768,0,193,71,0,0,32,35328,0,0,45440,40896,2,4608,5856,0,64,0,64408,912,10880,33282,0,992,64,0,4,0,909,60746,0,16384,0,26624
971,1100,512,0,0,0,2,10,7,7,2,18432,22528,65533,866,64,32768,14,85,233,0,0,32,35380,0,0,32820,33076,2,65216,62944,0,64,0,743,880,10624,33024,0,936,64,0,0,0,866,65278,0,49152,0,26688
972,1000,0,0,0,0,2,10,7,7,2,23296,12800,64683,317,64,32768,0,190,72,0,0,32,34899,0,0,45363,40755,2,4672,6144,0,64,0,64323,912,10880,33280,0,992,64,0,4,0,909,60490,0,32768,0,26624
972,1100,0,0,0,0,2,10,7,7,2,17664,47616,65531,867,64,32768,14,85,236,0,0,32,35760,0,0,32848,33168,2,65312,63232,0,64,0,607,880,10624,32768,0,936,64,0,0,0,867,223,0,0,0,26688
973,1000,0,0,0,0,2,10,7,7,2,1536,28416,64686,324,64,32768,0,187,73,0,0,32,34459,0,0,45275,40603,2,4736,6432,0,64,0,64239,912,10880,33280,0,992,64,0,36,0,909,60234,0,49152,0,26624
973,1100,0,0,0,0,2,10,7,7,2,16384,7424,65529,867,64,32768,14,85,240,0,0,32,35547,0,0,33019,33243,2,65408,63520,0,64,0,473,880,10624,32768,0,936,64,0,0,0,867,65278,0,16384,0,26688
974,1000,0,0,0,0,2,10,7,7,2,46080,45824,64688,331,64,32768,0,183,74,0,0,32,34008,0,0,45176,40440,2,4800,6720,0,64,0,64156,912,10880,33280,0,992,64,0,36,0,910,59978,0,0,0,26624
974,1100,0,0,0,0,2,10,7,7,2,14592,32768,65515,867,64,32768,14,85,243,0,0,32,35318,0,0,33174,33302,2,65504,63808,0,64,0,340,880,10624,32768,0,936,64,0,0,0,867,223,0,32768,0,26688
975,1000,0,0,0,0,2,10,7,7,2,25600,65024,64691,339,64,32768,0,180,75,0,0,32,33547,0,0,45067,40267,2,4864,7008,0,64,0,64075,912,10880,33280,0,992,64,0,36,0,910,59722,0,16384,0,26624
975,1100,0,0,0,0,2,10,7,7,2,9216,58112,65502,867,64,32768,14,85,246,0,0,32,35072,0,0,33312,33344,0,65504,64096,0,64,0,209,880,10624,32768,0,936,64,0,0,0,867,65278,0,49152,0,26688
976,1000,0,0,0,0,2,10,7,7,2,5888,20736,64694,348,64,32768,0,177,77,0,0,32,33076,0,0,44948,40084,2,4928,7296,0,64,0,63995,912,10880,33280,0,992,64,0,36,0,910,59466,0,32768,0,26624
976,1100,0,0,0,0,2,10,7,7,2,512,17920,65490,867,64,32768,14,85,250,0,0,32,34810,0,0,33338,33370,0,65504,64384,0,64,0,80,880,10624,32768,0,936,64,0,0,0,868,0,0,0,0,26688
977,1000,0,0,0,0,2,10,7,7,2,52480,44288,64698,357,64,32768,0,173,78,0,0,32,32595,0,0,44819,39891,2,4992,7584,0,64,0,63916,912,10944,33280,0,992,64,0,36,0,910,59210,0,49152,0,26624
977,1100,0,0,0,0,2,10,7,7,2,54272,43264,65488,867,64,32768,14,84,253,0,0,32,34532,0,0,33348,33380,0,65504,64672,0,64,0,0,880,10624,32768,0,936,64,0,0,0,868,0,0,16384,0,26688
978,1000,0,0,0,0,2,10,7,7,2,34560,4608,64702,368,64,32768,0,170,80,0,0,32,32104,0,0,44680,39688,2,5056,7872,0,64,0,63838,912,10944,33280,0,992,64,0,36,0,911,58954,0,0,0,26624
978,1100,0,0,0,0,2,10,7,7,2,41984,3072,65487,867,64,32768,14,84,257,0,0,32,34244,0,0,33348,33380,0,65504,64960,0,64,0,0,880,10688,32768,0,936,64,0,0,0,868,0,0,32768,0,26688
979,1000,0,0,0,0,2,10,7,7,2,17664,33280,64707,379,64,32768,0,167,81,0,0,32,31603,0,0,44531,39475,2,5120,8160,0,64,0,63762,912,10944,33280,0,992,64,0,36,0,911,58698,0,16384,0,26624
979,1100,0,0,0,0,2,10,7,7,2,29440,28416,65487,867,64,32768,14,84,260,0,0,32,33956,0,0,33348,33380,0,65504,65248,0,64,0,0,880,10688,32768,0,936,64,0,0,0,868,0,0,49152,0,26688
980,1000,0,0,0,0,2,10,7,7,2,2048,64768,64712,391,64,32768,0,164,82,0,0,32,31093,0,0,44373,39253,2,5184,8448,0,64,0,63687,912,10944,33280,0,992,64,0,36,0,911,58442,0,32768,0,26624
980,1100,0,0,0,0,2,10,7,7,2,16896,53760,65487,868,64,32768,14,84,263,0,0,32,33668,0,0,33348,33380,0,65504,0,0,64,0,0,880,10688,32768,0,936,64,0,0,0,869,0,0,0,0,26688
981,1000,0,0,0,0,2,10,7,7,2,53248,33792,64718,403,64,32768,0,160,84,0,0,32,30573,0,0,44205,39021,2,5248,8160,0,64,0,63613,912,10944,33280,0,992,64,0,36,0,911,58186,0,49152,0,26624
981,1100,0,0,0,0,2,10,7,7,2,4352,13824,65487,868,64,32768,14,84,267,0,0,32,33380,0,0,33348,33380,0,65504,0,0,64,0,0,880,10688,32768,0,936,64,0,0,0,869,0,0,16384,0,26688
982,1000,0,0,0,0,2,10,7,7,2,40448,5888,64724,417,64,32768,0,157,86,0,0,32,30620,0,0,44028,38780,2,5312,8448,0,64,0,63540,912,10944,33280,0,992,64,0,36,0,912,57930,0,0,0,26624
982,1100,0,0,0,0,2,10,7,7,2,57344,39424,65487,868,64,32768,14,83,270,0,0,32,33380,0,0,33348,33380,0,65504,0,0,64,0,0,880,10688,32768,0,936,64,0,0,0,869,0,0,32768,0,26688
983,1000,0,0,0,0,2,10,7,7,2,29184,47104,64731,431,64,32768,0,154,87,0,0,32,30082,0,0,43842,38530,2,5376,8160,0,64,0,63468,912,10944,33280,0,992,64,0,36,0,912,57674,0,16384,0,26624
983,1100,0,0,0,0,2,10,7,7,2,44800,65024,65487,868,64,32768,14,83,273,0,0,32,33380,0,0,33348,33380,0,65504,0,0,64,0,0,880,10688,32768,0,936,64,0,0,0,869,0,0,49152,0,26688
984,1000,0,0,0,0,2,10,7,7,2,19712,26368,64739,445,64,32768,0,151,89,0,0,32,30111,0,0,43647,38271,2,5440,8448,0,64,0,63397,912,10944,33280,0,992,64,0,36,0,912,57418,0,32768,0,26624
984,1100,0,0,0,0,2,10,7,7,2,32256,25088,65487,869,64,32768,14,83,277,0,0,32,33380,0,0,33348,33380,0,65504,0,0,64,0,0,880,10688,32768,0,936,64,0,0,0,870,0,0,0,0,26688
985,1000,0,0,0,0,2,10,7,7,2,12288,9216,64748,460,64,32768,0,148,91,0,0,32,29555,0,0,43443,38003,2,5504,8160,0,64,0,63328,912,11008,33280,0,992,64,0,36,0,912,57162,0,49152,0,26624
985,1100,0,0,0,0,2,10,7,7,2,19712,50944,65487,869,64,32768,14,83,280,0,0,32,33380,0,0,33348,33380,0,65504,0,0,64,0,0,880,10688,32768,0,936,64,0,0,0,870,0,0,16384,0,26688
986,1000,0,0,0,0,2,10,7,7,2,7168,61440,64756,476,64,32768,0,145,92,0,0,32,29567,0,0,43231,37727,2,5568,8448,0,64,0,63260,912,11008,33280,0,992,64,0,36,0,913,56906,0,0,0,26624
986,1100,0,0,0,0,2,10,7,7,2,7168,11264,65487,869,20,32768,14,83,284,0,0,32,33380,0,0,33348,33380,0,65504,0,0,20,0,0,880,10752,32768,0,936,64,0,0,0,870,0,0,32768,0,26688
987,1000,0,0,0,0,2,10,7,7,2,4096,52224,64766,491,64,32768,0,142,94,0,0,32,28994,0,0,43010,37442,2,5632,8160,0,64,0,63193,912,11008,33280,0,992,64,0,36,0,913,56650,0,16384,0,26624
987,1100,0,0,0,0,2,10,7,7,2,60160,37120,65487,869,64,32768,14,82,287,0,0,32,33380,0,0,33348,33380,0,65504,0,0,64,0,0,880,10752,32768,0,936,64,0,0,0,870,0,0,49152,0,26688
988,1000,0,0,0,0,2,10,7,7,2,3584,46848,64776,508,64,32768,0,139,96,0,0,32,28989,0,0,42781,37149,2,5696,8448,0,64,0,63127,912,11008,33280,0,992,64,0,36,0,913,56394,0,32768,0,26624
988,1100,0,0,0,0,2,10,7,7,2,47616,62976,65487,870,64,32768,14,82,290,0,0,32,33380,0,0,33348,33380,0,65504,0,0,64,0,0,880,10752,32768,0,936,64,0,0,0,871,0,0,0,0,26688
989,1000,0,0,0,0,2,10,7,7,2,5632,45824,64787,524,64,32768,0,136,98,0,0,32,28399,0,0,42543,36847,2,5760,8160,0,64,0,63062,912,11008,33280,0,992,64,0,36,0,913,56138,0,49152,0,26624
989,1100,0,0,0,0,2,10,7,7,2,35072,23552,65487,870,64,32768,14,82,294,0,0,32,33380,0,0,33348,33380,0,65504,0,0,64,0,0,880,10752,32768,0,936,64,0,0,0,871,0,0,16384,0,26688
990,1000,0,0,0,0,2,10,7,7,2,10496,48896,64799,542,64,32768,0,133,100,0,0,32,28377,0,0,42297,36537,2,5824,8448,0,64,0,63121,912,11008,33280,0,992,64,0,36,0,914,55882,0,0,0,26624
990,1100,0,0,0,0,2,10,7,7,2,22528,49664,65487,870,64,32768,14,82,297,0,0,32,33380,0,0,33348,33380,0,65504,0,0,64,0,0,880,10752,32768,0,936,64,0,0,0,871,0,0,32768,0,26688
991,1000,0,0,0,0,2,10,7,7,2,18432,56576,64812,559,64,32768,0,130,102,0,0,32,27787,0,0,42059,36235,2,5888,8160,0,64,0,63056,912,11008,33280,0,992,64,0,36,0,914,55626,0,16384,0,26624
991,1100,0,0,0,0,2,10,7,7,2,9984,10240,65487,870,64,32768,14,82,301,0,0,32,33380,0,0,33348,33380,0,65504,0,0,64,0,0,880,10752,0,0,936,64,0,0,0,871,0,0,49152,65526,26688
992,1000,0,0,0,0,2,10,7,7,2,29696,3072,64825,575,64,32768,0,127,105,0,0,32,27765,0,0,41813,35925,2,5952,8448,0,64,0,63121,912,11008,33280,0,992,64,0,36,0,914,55370,0,32768,0,26624
992,1100,0,0,0,0,2,10,7,7,2,62976,36352,65488,861,64,32768,14,81,304,0,0,32,33380,0,0,33348,33380,0,65504,0,0,64,0,0,880,10752,0,0,936,64,0,0,0,862,0,0,0,65526,26688
993,1000,0,0,0,0,2,10,7,7,2,44288,19200,64838,592,64,32768,0,124,107,0,0,32,27175,0,0,41575,35623,2,6016,8160,0,64,0,63056,912,11072,33280,0,992,64,0,36,0,914,55114,0,49152,0,26624
993,1100,0,0,0,0,2,10,7,7,2,50688,60160,65488,851,64,32768,14,81,307,0,0,32,33380,0,0,33348,33380,0,65504,0,0,64,0,0,880,10752,0,0,936,64,0,0,0,852,0,0,16384,65526,26688
994,1000,0,0,0,0,2,10,7,7,2,62208,39680,64851,608,64,32768,0,121,109,0,0,32,27153,0,0,41329,35313,2,6080,8448,0,64,0,63121,912,11072,33280,0,992,64,0,36,0,915,54858,0,0,0,26624
994,1100,0,0,0,0,2,10,7,7,2,38400,15872,65489,841,64,32768,14,81,311,0,0,32,33380,0,0,33348,33380,0,65504,0,0,64,0,0,880,10112,0,0,936,64,0,0,0,842,0,0,32768,65526,26688
995,1000,0,0,0,0,2,10,7,7,2,17920,64256,64866,624,64,32768,0,119,111,0,0,32,26563,0,0,41091,35011,2,5984,8160,0,64,0,63268,912,11072,32768,0,992,64,0,0,0,915,55339,0,16384,0,26624
995,1100,0,0,0,0,2,10,7,7,2,26368,34560,65489,831,64,32768,14,81,314,0,0,32,33380,0,0,33348,33380,0,65504,0,0,64,0,0,880,10112,0,0,936,64,0,0,0,832,0,0,49152,65526,26688
996,1000,0,0,0,0,2,10,7,7,2,43008,27392,64880,639,64,32768,0,116,114,0,0,32,26567,0,0,40711,34727,2,5888,7872,0,64,0,63413,912,11072,32768,0,992,64,0,0,0,915,55820,0,32768,0,26624
996,1100,0,0,0,0,2,10,7,7,2,14336,50688,65490,822,64,32768,14,81,317,0,0,32,33380,0,0,33348,33380,0,65504,0,0,64,0,0,880,10112,0,0,936,64,0,0,0,823,0,0,0,65526,26688
997,1000,256,0,0,0,2,10,7,7,2,6144,59904,64904,663,64,32768,0,114,116,0,0,32,26589,0,0,40349,34461,2,5760,7584,0,64,0,63595,912,11072,33025,0,992,64,0,0,0,915,55788,0,49152,0,26624
997,1100,256,0,0,0,2,10,7,7,2,2560,64512,65490,812,64,32768,14,81,320,0,0,32,33380,0,0,33348,33380,0,65504,0,0,64,0,0,880,10112,0,0,936,64,0,0,0,813,0,0,16384,65526,26688
998,1000,32,0,0,0,2,10,7,7,2,40960,33024,64927,685,64,32768,0,111,119,0,0,112,26634,0,0,39978,34218,2,5120,7072,0,64,0,63798,912,11072,33064,1,992,80,0,0,0,916,55788,0,0,0,26624
998,1100,32,0,0,0,2,10,7,7,2,56320,10240,65491,802,64,32768,14,80,324,0,0,32,33380,0,0,33348,33380,0,65504,0,0,64,0,0,880,10112,0,0,936,64,0,0,0,803,0,0,32768,65526,26688
999,1000,0,0,0,0,2,10,7,7,2,16128,11776,64951,706,64,34816,0,109,122,0,224,112,26928,0,2,39120,34000,2,4480,6560,0,64,0,63998,912,11072,33056,3,992,80,0,32768,0,916,55788,0,16384,0,26624
999,1100,0,0,0,0,2,10,7,7,2,44800,18944,65491,792,64,32768,14,80,327,0,0,32,33380,0,0,33348,33380,0,65504,0,0,64,0,0,880,10112,0,0,936,64,0,0,0,793,0,0,49152,65526,26688
1000,1000,0,0,0,0,2,10,7,7,2,62976,61440,65012,752,64,34816,0,106,124,198,198,112,27247,0,2,38287,33807,2,3840,6048,0,64,0,64195,912,11072,33056,4,992,80,0,32768,0,916,55788,0,32768,0,26624
1000,1100,0,0,0,0,2,10,7,7,2,33280,25088,65492,783,64,32768,14,80,330,0,0,32,33380,0,0,33348,33380,0,65504,0,0,64,0,0,880,10112,0,0,936,64,0,0,0,784,0,0,0,65526,26688
1001,1000,0,0,0,0,2,10,7,7,2,59904,57344,65073,791,64,34816,0,104,127,370,172,112,27591,0,2,37479,33639,2,3200,5536,0,64,0,64389,912,11136,33056,5,992,80,0,32768,0,916,55788,0,49152,0,26624
1001,1100,0,0,0,0,2,10,7,7,2,22016,28928,65492,773,64,32768,14,80,333,0,0,32,33380,0,0,33348,33380,0,65504,0,0,64,0,0,880,10112,0,0,936,64,0,0,0,774,0,0,16384,65526,26688
1002,1000,0,0,0,0,2,10,7,7,2,6912,63232,65135,826,64,34816,0,103,130,516,146,112,27959,0,2,36695,33495,2,2560,5024,0,64,0,64580,912,11136,33056,6,992,80,0,32768,0,917,55788,0,0,0,26624
1002,1100,0,0,0,0,2,10,7,7,2,10752,30208,65493,763,64,32768,14,80,336,0,0,32,33380,0,0,33348,33380,0,65504,0,0,64,0,0,880,9472,0,0,936,64,0,0,0,764,0,0,32768,65528,26688
1003,1000,0,128,0,0,2,10,7,7,2,35328,12544,65198,853,64,34816,0,101,134,636,120,112,28351,0,2,35935,33375,2,1920,4512,0,64,0,64768,912,11136,33056,7,992,80,0,32768,0,917,55788,0,16384,0,26624
1003,1100,0,128,0,0,2,10,7,7,2,65280,28928,65493,755,64,32768,14,79,339,0,0,32,33380,0,0,33348,33380,0,65504,0,0,64,0,0,880,9472,0,0,936,64,0,0,0,756,0,0,49152,65528,26688
1004,1000,0,0,0,0,2,10,7,7,2,14336,34304,65261,876,64,34816,0,100,137,730,94,112,28767,0,2,35199,33279,2,1280,4000,0,64,0,64953,912,11136,33056,8,992,80,0,32768,0,917,55788,0,32768,0,26624
1004,1100,0,0,0,0,2,10,7,7,2,54272,25600,65494,748,64,32768,14,79,342,0,0,32,33380,0,0,33348,33380,0,65504,0,0,64,0,0,880,9472,0,0,936,64,0,0,0,749,0,0,0,65528,26688
1005,1000,0,0,0,0,2,10,7,7,2,9472,61952,65324,893,64,34816,0,99,140,798,68,112,29206,0,2,34486,33206,2,640,3488,0,64,0,65135,912,11136,33056,9,992,80,0,32768,0,917,55788,0,49152,0,26624
1005,1100,0,0,0,0,2,10,7,7,2,43520,20480,65494,740,64,32768,14,79,345,0,0,32,33380,0,0,33348,33380,0,65504,0,0,64,0,0,880,9472,0,0,936,64,0,0,0,741,0,0,16384,65528,26688
1006,1000,0,0,0,0,2,10,7,7,2,20736,28416,65385,906,64,34816,0,98,144,840,42,112,29667,0,2,33795,33155,2,0,2976,0,64,0,65314,912,11136,33056,10,992,80,0,32768,0,918,55788,0,0,0,26624
1006,1100,0,0,0,0,2,10,7,7,2,32768,13312,65495,732,64,32768,14,79,348,0,0,32,33380,0,0,33348,33380,0,65504,0,0,64,0,0,880,9472,0,0,936,64,0,0,0,733,0,0,32768,65528,26688
1007,1000,0,0,0,0,2,10,7,7,2,47616,63744,65445,914,64,34816,0,97,147,856,16,112,30151,0,2,33127,33127,2,64896,2464,0,64,0,65490,912,11136,33056,11,992,80,0,32768,0,918,55788,0,16384,0,26624
1007,1100,0,0,0,0,2,10,7,7,2,22272,4096,65495,724,64,32768,14,79,351,0,0,32,33380,0,0,33348,33380,0,65504,0,0,64,0,0,880,9472,0,0,936,64,0,0,0,725,0,0,49152,65528,26688
1008,1000,0,0,0,0,2,10,7,7,2,24320,35584,65504,918,64,34816,0,97,151,846,65526,32,30657,0,2,32481,33121,2,64832,2176,0,64,0,104,912,11136,33024,0,992,64,0,32768,0,918,56044,0,32768,0,26624
1008,1100,0,0,0,0,2,10,7,7,2,11776,58368,65496,717,20,32768,14,79,353,0,0,32,33380,0,0,33348,33380,0,65504,0,0,20,0,0,880,9472,0,0,936,64,0,0,0,718,0,0,0,65528,26688
1009,1000,0,0,0,0,2,10,7,7,2,16128,8448,25,918,64,34816,0,97,155,810,65500,32,30958,0,2,32430,33134,2,64768,1888,0,64,0,204,912,11200,33024,0,992,64,0,32768,0,918,56300,0,49152,0,26624
1009,1100,0,0,0,0,2,10,7,7,2,1536,45312,65496,710,20,32768,14,79,356,0,0,32,33380,0,0,33348,33380,0,65504,0,0,20,0,0,880,9472,0,0,936,64,0,0,0,710,0,0,16384,65528,26688
1010,1000,0,0,0,0,2,10,7,7,2,22528,46848,29,919,64,34816,0,97,158,748,65474,32,31271,0,2,32391,33159,2,64704,1600,0,64,0,303,912,11200,33024,0,992,64,0,32768,0,919,56556,0,0,0,26624
1010,1100,0,0,0,0,2,10,7,7,2,56832,30464,65496,702,20,32768,14,78,359,0,0,32,33380,0,0,33348,33380,0,65504,0,0,20,0,0,880,8832,0,0,936,64,0,0,0,702,0,0,32768,65528,26688
1011,1000,0,0,0,0,2,10,7,7,2,29952,19968,33,919,64,34816,0,97,162,660,65448,32,31596,0,2,32364,33196,2,64640,1312,0,64,0,400,912,11200,33024,0,992,64,0,32768,0,919,56812,0,16384,0,26624
1011,1100,0,0,0,0,2,10,7,7,2,46592,13568,65497,694,20,32768,14,78,362,0,0,32,33380,0,0,33348,33380,0,65504,0,0,20,0,0,880,8832,0,0,936,64,0,0,0,694,0,0,49152,65528,26688
1012,1000,0,0,0,0,2,10,7,7,2,38400,58624,35,919,64,34816,0,97,165,546,65422,32,31934,0,2,32350,33246,2,64576,1024,0,64,0,496,912,11200,33024,0,992,64,0,32768,0,919,57068,0,32768,0,26624
1012,1100,0,0,0,0,2,10,7,7,2,36608,60160,65497,687,20,32768,14,78,364,0,0,32,33380,0,0,33348,33380,0,65504,0,0,20,0,0,880,8832,0,0,936,64,0,0,0,687,0,0,0,65528,26688
1013,1000,0,0,0,0,2,10,7,7,2,47360,31744,36,919,64,34816,0,97,169,406,65396,32,32284,0,2,32348,33308,2,64512,736,0,64,0,590,912,11200,33024,0,992,64,0,32768,0,919,57324,0,49152,0,26624
1013,1100,0,0,0,0,2,10,7,7,2,26624,39424,65498,679,20,32768,14,78,367,0,0,32,33380,0,0,33348,33380,0,65504,0,0,20,0,0,880,8832,0,0,936,64,0,0,0,679,0,0,16384,65528,26688
1014,1000,0,0,0,0,2,10,7,7,2,56576,4864,37,920,64,34816,0,97,173,240,65370,32,32645,0,2,32357,33381,2,64448,448,0,64,0,683,912,11200,33024,0,992,64,0,32768,0,920,57580,0,0,0,26624
1014,1100,0,0,0,0,2,10,7,7,2,16896,16640,65498,671,64,32768,14,78,370,0,0,32,33380,0,0,33348,33380,0,65504,0,0,64,0,0,880,8832,0,0,936,64,0,0,0,671,0,0,32768,65528,26688
1015,1000,0,0,0,0,2,10,7,7,2,512,43776,36,920,64,34816,0,98,176,48,65344,32,33018,0,2,32378,33466,2,64384,160,0,64,0,774,912,11200,33024,0,992,64,0,32768,0,920,57836,0,16384,0,26624
1015,1100,0,0,0,0,2,10,7,7,2,7168,57344,65499,663,64,32768,14,78,372,0,0,32,33380,0,0,33348,33380,0,65504,0,0,64,0,0,880,8832,0,0,936,64,0,0,0,663,0,0,49152,65528,26688
1016,1000,0,0,0,0,2,10,7,7,2,9728,17152,34,920,64,34816,0,98,180,0,0,32,33402,0,0,32410,33562,2,64320,65408,0,64,0,864,912,11200,33024,0,992,64,0,0,0,920,58092,0,32768,0,26624
1016,1100,0,0,0,0,2,10,7,7,2,63232,30464,65499,656,64,32768,14,77,375,0,0,32,33380,0,0,33348,33380,0,65504,0,0,64,0,0,880,8832,0,0,936,64,0,0,0,656,0,0,0,65528,26688
1017,1000,0,0,0,0,2,10,7,7,2,18432,56064,31,920,64,32768,0,98,183,0,0,32,33798,0,0,32454,33670,2,64416,0,0,64,0,740,912,11264,32768,0,992,64,0,0,0,920,58573,0,49152,0,26624
1017,1100,0,0,0,0,2,10,7,7,2,53760,1792,65499,648,64,32768,14,77,378,0,0,32,33380,0,0,33348,33380,0,65504,0,0,64,0,0,880,8832,0,0,936,64,0,0,0,648,0,0,16384,65528,26688
1018,1000,0,0,0,0,2,10,7,7,2,26368,29440,27,921,64,32768,0,98,187,0,0,32,33762,0,0,32642,33762,2,64512,0,0,64,0,618,912,11264,32768,0,992,64,0,0,0,921,59054,0,0,0,26624
1018,1100,0,0,0,0,2,10,7,7,2,44288,36608,65500,640,64,32768,14,77,380,0,0,32,33380,0,0,33348,33380,0,65504,0,0,64,0,0,880,8192,0,0,936,64,0,0,0,640,0,0,32768,65528,26688
1019,1000,0,0,0,0,2,10,7,7,2,33280,3072,11,921,64,32768,0,98,191,0,0,32,33839,0,0,32815,33839,2,64608,0,0,64,0,498,912,11264,32768,0,992,64,0,0,0,921,59535,0,16384,0,26624
1019,1100,0,0,0,0,2,10,7,7,2,35072,3840,65500,632,64,32768,14,77,383,0,0,32,33380,0,0,33348,33380,0,65504,0,0,64,0,0,880,8192,32768,0,936,64,0,0,0,632,0,0,49152,4,26688
1020,1000,0,0,0,0,2,10,7,7,2,36096,42240,65531,921,64,32768,0,98,194,0,0,32,33901,0,0,32973,33901,2,64704,0,0,64,0,379,912,11264,32768,0,992,64,0,0,0,921,60016,0,32768,0,26624
1020,1100,0,0,0,0,2,10,7,7,2,25856,34560,65500,636,64,32768,14,77,385,0,0,32,33380,0,0,33348,33380,0,65504,0,0,64,0,0,880,8192,32768,0,936,64,0,0,0,636,0,0,49152,4,26688
1021,1000,0,0,0,0,2,10,7,7,2,34816,15872,65517,921,64,32768,0,98,198,0,0,32,33948,0,0,33116,33948,2,64800,0,0,64,0,262,912,11264,32768,0,992,64,0,0,0,921,60497,0,49152,0,26624
1021,1100,0,0,0,0,2,10,7,7,2,16640,768,65500,640,64,32768,14,77,388,0,0,32,33380,0,0,33348,33380,0,65504,0,0,64,0,0,880,8192,32768,0,936,64,0,0,0,640,0,0,49152,4,26688
1022,1000,0,0,0,0,2,10,7,7,2,29952,55040,65505,922,64,32768,0,98,201,0,0,32,33980,0,0,33244,33980,2,64896,0,0,64,0,147,912,11264,32768,0,992,64,0,0,0,922,60978,0,0,0,26624
1022,1100,0,0,0,0,2,10,7,7,2,7424,33536,65500,644,64,32768,14,77,390,0,0,32,33380,0,0,33348,33380,0,65504,0,0,64,0,0,880,8192,32768,0,936,64,0,0,0,644,0,0,49152,4,26688
1023,1000,0,0,0,0,2,10,7,7,2,22016,28928,65493,922,64,32768,0,98,205,0,0,32,33998,0,0,33358,33998,2,64992,0,0,64,0,34,912,11264,32768,0,992,64,0,0,0,922,61459,0,16384,0,26624
1023,1100,0,0,0,0,2,10,7,7,2,63744,1792,65499,648,20,32768,14,76,393,0,0,32,33380,0,0,33348,33380,0,65504,0,0,20,0,0,880,8192,32768,0,936,64,0,0,0,648,0,0,49152,4,26688
1024,1000,0,0,0,0,2,10,7,7,2,11008,2816,65483,921,64,32768,0,98,209,0,0,32,34002,0,0,33458,34002,2,65088,0,0,64,0,0,912,11264,32768,0,992,64,0,0,0,922,61940,0,32768,0,26624
1024,1100,0,0,0,0,2,10,7,7,2,54272,36608,65499,652,20,32768,14,76,395,0,0,32,33380,0,0,33348,33380,0,65504,0,0,20,0,0,880,8192,32768,0,936,64,0,0,0,652,0,0,49152,4,26688
1025,1000,0,0,0,0,2,10,7,7,2,62976,41984,65475,921,64,32768,0,97,212,0,0,32,34002,0,0,33554,34002,2,65184,0,0,64,0,0,912,11328,32768,0,992,64,0,0,0,922,62421,0,49152,0,26624
1025,1100,0,0,0,0,2,10,7,7,2,44800,6912,65499,656,20,32768,14,76,398,0,0,32,33380,0,0,33348,33380,0,65504,0,0,20,0,0,880,8192,32768,0,936,64,0,0,0,656,0,0,49152,4,26688
1026,1000,0,0,0,0,2,10,7,7,2,47360,15616,65466,921,64,32768,0,97,216,0,0,32,34002,0,0,33650,34002,2,65280,0,0,64,0,0,912,11328,32768,0,992,64,0,0,0,923,62902,0,0,0,26624
1026,1100,0,0,0,0,2,10,7,7,2,35328,43776,65499,660,20,32768,14,76,400,0,0,32,33380,0,0,33348,33380,0,65504,0,0,20,0,0,880,8256,32768,0,936,64,0,0,0,660,0,0,49152,4,26688
1027,1000,0,0,0,0,2,10,7,7,2,29440,54784,65458,920,64,32768,0,97,219,0,0,32,34002,0,0,33746,34002,2,65376,0,0,64,0,0,912,11328,32768,0,992,64,0,0,0,923,63383,0,16384,0,26624
1027,1100,0,0,0,0,2,10,7,7,2,25856,16128,65499,664,20,32768,14,76,403,0,0,32,33380,0,0,33348,33380,0,65504,0,0,20,0,0,880,8256,32768,0,936,64,0,0,0,664,0,0,49152,4,26688
1028,1000,0,0,0,0,2,10,7,7,2,9472,28160,65449,919,64,32768,0,97,223,0,0,32,34002,0,0,33842,34002,2,65472,0,0,64,0,0,912,11328,32768,0,992,64,0,0,0,923,63864,0,32768,0,26624
1028,1100,0,0,0,0,2,10,7,7,2,16384,55040,65498,668,20,32768,14,76,405,0,0,32,33380,0,0,33348,33380,0,65504,0,0,20,0,0,880,8256,32768,0,936,64,0,0,0,668,0,0,49152,4,26688
1029,1000,512,0,0,0,2,10,7,7,2,52736,1280,65441,919,64,32768,0,96,227,0,0,32,34002,0,0,33938,34002,2,64,288,0,64,0,65433,912,11328,33282,0,992,64,0,0,0,923,63896,0,49152,0,26624
1029,1100,512,0,0,0,2,10,7,7,2,6656,29440,65498,672,20,32768,14,76,408,0,0,32,33380,0,0,33348,33380,0,65504,0,0,20,0,0,880,8256,32768,0,936,64,0,0,0,672,0,0,49152,4,26688
1030,1000,0,0,0,0,2,10,7,7,2,28416,39936,65432,919,64,32768,0,96,230,0,0,32,33701,0,0,34053,33989,2,128,576,0,64,0,65332,912,11328,33280,0,992,64,0,0,0,924,63640,0,0,0,26624
1030,1100,0,0,0,0,2,10,7,7,2,62464,4864,65498,676,64,32768,14,75,411,0,0,32,33380,0,0,33348,33380,0,65504,0,0,64,0,0,880,8256,32768,0,936,64,0,0,0,676,0,0,49152,4,26688
1031,1000,0,0,0,0,2,10,7,7,2,1792,13056,65422,918,64,32768,0,96,234,0,0,32,33387,0,0,34091,33963,2,192,864,0,64,0,65232,912,11328,33280,0,992,64,0,0,0,924,63384,0,16384,0,26624
1031,1100,0,0,0,0,2,10,7,7,2,52736,46848,65498,680,64,32768,14,75,413,0,0,32,33380,0,0,33348,33380,0,65504,0,0,64,0,0,880,8256,32768,0,936,64,0,0,0,680,0,0,49152,4,26688
1032,1000,0,0,0,0,2,10,7,7,2,38144,51456,65419,917,64,32768,0,95,237,0,0,32,33061,0,0,34117,33925,2,256,1152,0,64,0,65134,912,11328,33280,0,992,64,0,0,0,924,63128,0,32768,0,26624
1032,1100,0,0,0,0,2,10,7,7,2,43008,24320,65497,684,64,32768,14,75,416,0,0,32,33380,0,0,33348,33380,0,65504,0,0,64,0,0,880,8256,32768,0,936,64,0,0,0,684,0,0,49152,4,26688
1033,1000,0,0,0,0,2,10,7,7,2,8192,24064,65416,917,64,32768,0,95,241,0,0,32,32722,0,0,34130,33874,2,320,1440,0,64,0,65037,912,11392,33280,0,992,64,0,0,0,924,62872,0,49152,0,26624
1033,1100,0,0,0,0,2,10,7,7,2,33024,2816,65497,688,64,32768,14,75,419,0,0,32,33380,0,0,33348,33380,0,65504,0,0,64,0,0,880,8256,32768,0,936,64,0,0,0,688,0,0,49152,4,26688
1034,1000,0,0,0,0,2,10,7,7,2,43008,62208,65415,918,64,32768,0,94,244,0,0,32,32371,0,0,34131,33811,2,384,1728,0,64,0,64942,912,11392,33280,0,992,64,0,0,0,925,62616,0,0,0,26624
1034,1100,0,0,0,0,2,10,7,7,2,23040,47872,65497,692,64,32768,14,75,421,0,0,32,33380,0,0,33348,33380,0,65504,0,0,64,0,0,880,8320,32768,0,936,64,0,0,0,692,0,0,49152,4,26688
1035,1000,0,0,0,0,2,10,7,7,2,12032,35072,65415,918,64,32768,0,94,248,0,0,32,32008,0,0,34120,33736,2,448,2016,0,64,0,64848,912,11392,33280,0,992,64,0,0,0,925,62360,0,16384,0,26624
1035,1100,0,0,0,0,2,10,7,7,2,13056,28416,65497,696,64,32768,14,75,424,0,0,32,33380,0,0,33348,33380,0,65504,0,0,64,0,0,880,8320,32768,0,936,64,0,0,0,696,0,0,49152,4,26688
1036,1000,0,0,0,0,2,10,7,7,2,46592,7936,65416,918,64,32768,0,93,252,0,0,32,31634,0,0,34098,33650,2,512,2304,0,64,0,64756,912,11392,33280,0,992,64,0,0,0,925,62104,0,32768,0,26624
1036,1100,0,0,0,0,2,10,7,7,2,3072,9984,65497,700,64,32768,14,75,427,0,0,32,33380,0,0,33348,33380,0,65504,0,0,64,0,0,880,8320,32768,0,936,64,0,0,0,700,0,0,49152,4,26688
1037,1000,0,0,0,0,2,10,7,7,2,15872,46336,65418,918,64,32768,0,93,255,0,0,32,31248,0,0,34064,33552,2,576,2592,0,64,0,64665,912,11392,33280,0,992,64,0,0,0,925,61848,0,49152,0,26624
1037,1100,0,0,0,0,2,10,7,7,2,58624,58112,65496,704,64,32768,14,74,429,0,0,32,33380,0,0,33348,33380,0,65504,0,0,64,0,0,880,8320,32768,0,936,64,0,0,0,704,0,0,49152,2,26688
1038,1000,0,0,0,0,2,10,7,7,2,51200,19200,65421,920,64,32768,0,92,259,0,0,32,30851,0,0,34019,33443,2,640,2880,0,64,0,64576,912,11392,33280,0,992,64,0,0,0,926,61592,0,0,0,26624
1038,1100,0,0,0,0,2,10,7,7,2,48384,41728,65496,706,64,32768,14,74,432,0,0,32,33380,0,0,33348,33380,0,65504,0,0,64,0,0,880,8320,32768,0,936,64,0,0,0,706,0,0,49152,2,26688
1039,1000,0,0,0,0,2,10,7,7,2,21760,58112,65425,920,64,32768,0,92,262,0,0,32,30443,0,0,33963,33323,2,704,3168,0,64,0,64488,912,11392,33280,0,992,64,0,0,0,926,61336,0,16384,0,26624
1039,1100,0,0,0,0,2,10,7,7,2,38144,25856,65496,708,64,32768,14,74,435,0,0,32,33380,0,0,33348,33380,0,65504,0,0,64,0,0,880,8320,0,0,936,64,0,0,0,708,0,0,49152,65528,26688
1040,1000,0,0,0,0,2,10,7,7,2,58880,31488,65430,920,64,32768,0,91,266,0,0,32,30024,0,0,33896,33192,2,768,3456,0,64,0,64402,912,11392,33280,0,992,64,0,4,0,926,61080,0,32768,0,26624
1040,1100,0,0,0,0,2,10,7,7,2,27904,10496,65497,700,64,32768,14,74,438,0,0,32,33380,0,0,33348,33380,0,65504,0,0,64,0,0,880,8320,0,0,936,64,0,0,0,700,0,0,49152,65528,26688
1041,1000,0,0,0,0,2,10,7,7,2,31744,4864,65436,921,64,32768,0,91,270,0,0,32,29594,0,0,33818,33050,2,832,3744,0,64,0,64317,912,11456,33280,0,992,64,0,4,0,926,60824,0,49152,0,26624
1041,1100,0,0,0,0,2,10,7,7,2,17920,58624,65497,692,64,32768,14,74,440,0,0,32,33380,0,0,33348,33380,0,65504,0,0,64,0,0,880,8320,0,0,936,64,0,0,0,692,0,0,49152,65528,26688
1042,1000,0,0,0,0,2,10,7,7,2,6144,44032,65442,923,64,32768,0,91,273,0,0,32,29153,0,0,33729,32897,2,896,4032,0,64,0,64233,912,11456,33280,0,992,64,0,4,0,927,60568,0,0,0,26624
1042,1100,0,0,0,0,2,10,7,7,2,7936,39168,65497,684,64,32768,14,74,443,0,0,32,33380,0,0,33348,33380,0,65504,0,0,64,0,0,880,7680,0,0,936,64,0,0,0,684,0,0,49152,65528,26688
1043,1000,0,0,0,0,2,10,7,7,2,47616,18176,65450,924,64,32768,0,90,277,0,0,32,28702,0,0,33630,32734,2,960,4320,0,64,0,64150,912,11456,33280,0,992,64,0,4,0,927,60312,0,16384,0,26624
1043,1100,0,0,0,0,2,10,7,7,2,63488,17664,65498,676,64,32768,14,73,446,0,0,32,33380,0,0,33348,33380,0,65504,0,0,64,0,0,880,7680,0,0,936,64,0,0,0,676,0,0,49152,65528,26688
1044,1000,0,0,0,0,2,10,7,7,2,25600,58112,65459,924,64,32768,0,90,280,0,0,32,28240,0,0,33520,32560,2,864,4032,0,64,0,64281,912,11456,32768,0,992,64,0,0,0,927,60793,0,32768,0,26624
1044,1100,0,0,0,0,2,10,7,7,2,53760,59648,65498,668,64,32768,14,73,448,0,0,32,33380,0,0,33348,33380,0,65504,0,0,64,0,0,880,7680,0,0,936,64,0,0,0,668,0,0,49152,65528,26688
1045,1000,0,0,0,0,2,10,7,7,2,5888,32512,65469,925,64,32768,0,90,284,0,0,32,28371,0,0,33267,32403,2,768,3744,0,64,0,64410,912,11456,32768,0,992,64,0,0,0,927,61274,0,49152,0,26624
1045,1100,0,0,0,0,2,10,7,7,2,44032,34048,65499,660,64,32768,14,73,451,0,0,32,33380,0,0,33348,33380,0,65504,0,0,64,0,0,880,7680,0,0,936,64,0,0,0,660,0,0,49152,65528,26688
1046,1000,0,0,0,0,2,10,7,7,2,54272,7168,65491,927,64,32768,0,89,288,0,0,32,28518,0,0,33030,32262,2,672,3456,0,64,0,64541,912,11456,32768,0,992,64,0,0,0,928,61755,0,0,0,26624
1046,1100,0,0,0,0,2,10,7,7,2,34560,6400,65499,652,64,32768,14,73,454,0,0,32,33380,0,0,33348,33380,0,65504,0,0,64,0,0,880,7680,0,0,936,64,0,0,0,652,0,0,49152,65528,26688
1047,1000,0,0,0,0,2,10,7,7,2,42752,47872,65512,928,64,32768,0,89,291,0,0,32,28681,0,0,32809,32137,2,576,3168,0,64,0,64670,912,11456,32768,0,992,64,0,0,0,928,62236,0,16384,0,26624
1047,1100,0,0,0,0,2,10,7,7,2,25088,42240,65500,644,64,32768,14,73,456,0,0,32,33380,0,0,33348,33380,0,65504,0,0,64,0,0,880,7680,0,0,936,64,0,0,0,644,0,0,49152,65528,26688
1048,1000,0,0,0,0,2,10,7,7,2,36608,23296,65532,928,64,32768,0,89,295,0,0,32,28860,0,0,32604,32028,2,480,2880,0,64,0,64796,912,11456,32768,0,992,64,0,0,0,928,62717,0,32768,0,26624
1048,1100,0,0,0,0,2,10,7,7,2,15872,10496,65500,636,64,32768,14,73,459,0,0,32,33380,0,0,33348,33380,0,65504,0,0,64,0,0,880,7680,0,0,936,64,0,0,0,636,0,0,49152,65528,26688
1049,1000,0,0,0,0,2,10,7,7,2,35584,64256,14,928,64,32768,0,89,298,0,0,32,29055,0,0,32415,31935,2,384,2592,0,64,0,64920,912,11520,32768,0,992,64,0,0,0,928,63198,0,49152,0,26624
1049,1100,0,0,0,0,2,10,7,7,2,6656,42240,65501,628,64,32768,14,73,461,0,0,32,33380,0,0,33348,33380,0,65504,0,0,64,0,0,880,7680,0,0,936,64,0,0,0,628,0,0,49152,65528,26688
1050,1000,0,0,0,0,2,10,7,7,2,39168,39680,31,929,64,32768,0,89,302,0,0,32,29266,0,0,32242,31858,2,288,2304,0,64,0,65041,912,11520,32768,0,992,64,0,0,0,929,63679,0,0,0,26624
1050,1100,0,0,0,0,2,10,7,7,2,63232,6400,65501,620,64,32768,14,72,464,0,0,32,33380,0,0,33348,33380,0,65504,0,0,64,0,0,880,7040,0,0,936,64,0,0,0,620,0,0,49152,65528,26688
1051,1000,0,0,0,0,2,10,7,7,2,47104,15360,46,929,64,32768,0,89,306,0,0,32,29492,0,0,32084,31796,2,192,2016,0,64,0,65160,912,11520,32768,0,992,64,0,0,0,929,64160,0,16384,0,26624
1051,1100,0,0,0,0,2,10,7,7,2,54272,34048,65501,612,64,32768,14,72,466,0,0,32,33380,0,0,33348,33380,0,65504,0,0,64,0,0,880,7040,0,0,936,64,0,0,0,612,0,0,49152,65528,26688
1052,1000,0,0,0,0,2,10,7,7,2,58880,56576,60,928,64,32768,0,89,309,0,0,32,29733,0,0,31941,31749,2,96,1728,0,64,0,65277,912,11520,32768,0,992,64,0,0,0,929,64641,0,32768,0,26624
1052,1100,0,0,0,0,2,10,7,7,2,45312,59648,65502,604,64,32768,14,72,468,0,0,32,33380,0,0,33348,33380,0,65504,0,0,64,0,0,880,7040,32768,0,936,64,0,0,0,604,0,0,49152,4,26688
1053,1000,0,0,0,0,2,10,7,7,2,8704,32000,73,927,64,32768,0,90,313,0,0,32,29988,0,0,31812,31716,2,0,1440,0,64,0,65391,912,11520,32768,0,992,64,0,0,0,929,65122,0,49152,0,26624
1053,1100,0,0,0,0,2,10,7,7,2,36608,17664,65502,608,64,32768,14,72,471,0,0,32,33380,0,0,33348,33380,0,65504,0,0,64,0,0,880,7040,32768,0,936,64,0,0,0,608,0,0,49152,4,26688
1054,1000,0,0,0,0,2,10,7,7,2,27392,7168,85,927,64,32768,0,90,317,0,0,32,30257,0,0,31697,31697,0,0,1152,0,64,0,65503,912,11520,32768,0,992,64,0,0,0,930,67,0,0,0,26624
1054,1100,0,0,0,0,2,10,7,7,2,27904,42240,65501,612,64,32768,14,72,473,0,0,32,33380,0,0,33348,33380,0,65504,0,0,64,0,0,880,7040,32768,0,936,64,0,0,0,612,0,0,49152,4,26688
1055,1000,0,0,0,0,2,10,7,7,2,49152,47872,95,926,64,32768,0,90,320,0,0,32,30540,0,0,31692,31692,2,0,1152,0,64,0,0,912,11520,32768,0,992,64,0,0,0,930,0,0,16384,0,26624
1055,1100,0,0,0,0,2,10,7,7,2,18944,2304,65501,616,64,32768,14,72,476,0,0,32,33380,0,0,33348,33380,0,65504,0,0,64,0,0,880,7040,32768,0,936,64,0,0,0,616,0,0,49152,4,26688
1056,1000,256,0,0,0,2,10,7,7,2,7936,22784,95,926,64,32768,0,91,324,0,0,32,30540,0,0,31692,31692,2,65408,864,0,64,0,101,912,11520,33025,0,992,64,0,0,0,930,65504,0,32768,0,26624
1056,1100,256,0,0,0,2,10,7,7,2,9984,28928,65501,620,64,32768,14,72,478,0,0,32,33380,0,0,33348,33380,0,65504,0,0,64,0,0,880,7040,32768,0,936,64,0,0,0,620,0,0,49152,4,26688
1057,1000,0,0,0,0,2,10,7,7,2,32256,63232,95,926,64,32768,0,91,327,0,0,32,30840,0,0,31576,31704,2,65344,576,0,64,0,200,912,11584,33024,0,992,64,0,0,0,930,224,0,49152,0,26624
1057,1100,0,0,0,0,2,10,7,7,2,1024,56576,65501,624,64,32768,14,72,480,0,0,32,33380,0,0,33348,33380,0,65504,0,0,64,0,0,880,7040,32768,0,936,64,0,0,0,624,0,0,49152,4,26688
1058,1000,0,0,0,0,2,10,7,7,2,56576,38144,106,925,64,32768,0,91,331,0,0,32,31153,0,0,31537,31729,2,65280,288,0,64,0,298,912,11584,33024,0,992,64,0,0,0,931,480,0,0,0,26624
1058,1100,0,0,0,0,2,10,7,7,2,57600,19712,65501,628,64,32768,14,71,483,0,0,32,33380,0,0,33348,33380,0,65504,0,0,64,0,0,880,7552,32768,0,936,64,0,0,0,628,0,0,49152,4,26688
1059,1000,0,0,0,0,2,10,7,7,2,18176,12800,109,925,64,32768,0,92,335,0,0,32,31478,0,0,31510,31766,2,65216,0,0,64,0,394,912,11584,33024,0,992,64,0,0,0,931,736,0,16384,0,26624
1059,1100,0,0,0,0,2,10,7,7,2,48640,49408,65500,632,64,32768,14,71,485,0,0,32,33380,0,0,33348,33380,0,65504,0,0,64,0,0,880,7552,32768,0,936,64,0,0,0,632,0,0,49152,4,26688
1060,1000,0,0,0,0,2,10,7,7,2,46080,52992,111,925,64,32768,0,92,338,0,0,32,31815,0,0,31495,31815,2,65152,65248,0,64,0,488,912,11584,33024,0,992,64,0,0,0,931,992,0,32768,0,26624
1060,1100,0,0,0,0,2,10,7,7,2,39424,14592,65500,636,64,32768,14,71,488,0,0,32,33380,0,0,33348,33380,0,65504,0,0,64,0,0,880,7552,32768,0,936,64,0,0,0,636,0,0,49152,4,26688
1061,1000,0,0,0,0,2,10,7,7,2,8960,27648,113,925,64,32768,0,93,342,0,0,32,32164,0,0,31492,31876,2,65088,64960,0,64,0,580,912,11584,33024,0,992,64,0,0,0,931,1248,0,49152,0,26624
1061,1100,0,0,0,0,2,10,7,7,2,30208,46336,65500,640,64,32768,14,71,490,0,0,32,33380,0,0,33348,33380,0,65504,0,0,64,0,0,880,7552,32768,0,936,64,0,0,0,640,0,0,49152,4,26688
1062,1000,0,0,0,0,2,10,7,7,2,37888,2304,113,926,64,32768,0,93,346,0,0,32,32524,0,0,31500,31948,2,65024,64672,0,64,0,670,912,11584,33024,0,992,64,0,0,0,932,1504,0,0,0,26624
1062,1100,0,0,0,0,2,10,7,7,2,20992,13568,65500,644,64,32768,14,71,493,0,0,32,33380,0,0,33348,33380,0,65504,0,0,64,0,0,880,7552,32768,0,936,64,0,0,0,644,0,0,49152,4,26688
1063,1000,0,512,0,0,2,10,7,7,2,1280,42752,113,926,64,32768,0,94,349,0,0,32,32895,0,0,31519,32031,2,64960,64384,0,64,0,758,912,11584,33024,0,992,64,0,0,0,932,1760,0,16384,0,26624
1063,1100,0,512,0,0,2,10,7,7,2,11776,47360,65499,648,64,32768,14,71,495,0,0,32,33380,0,0,33348,33380,0,65504,0,0,64,0,65448,880,7552,33282,0,936,64,0,0,0,648,0,0,49152,4,26688
1064,1000,0,0,0,0,2,10,7,7,2,30208,17664,111,926,64,32768,0,94,353,0,0,32,33277,0,0,31549,32125,2,64896,64096,0,64,0,845,912,11584,33024,0,992,64,0,0,0,932,2016,0,32768,0,26624
1064,1100,0,0,0,0,2,10,7,7,2,2304,16640,65499,652,64,32768,14,71,498,0,0,32,33369,0,0,33337,33369,0,65504,0,0,64,0,65360,880,7552,33280,0,936,64,0,0,0,652,0,0,49152,4,26688
1065,1000,0,0,0,0,2,10,7,7,2,58624,58112,108,926,64,32768,0,94,356,0,0,32,33670,0,0,31590,32230,2,64992,64384,0,64,0,718,912,11648,32768,0,992,64,0,0,0,932,1535,0,49152,0,26624
1065,1100,0,0,0,0,2,10,7,7,2,58368,52480,65500,656,64,32768,14,70,500,0,0,32,33347,0,0,33315,33347,0,65504,0,0,64,0,65272,880,7552,33280,0,936,64,0,0,0,656,0,0,49152,4,26688
1066,1000,0,0,0,0,2,10,7,7,2,20736,33024,105,928,64,32768,0,95,360,0,0,32,33471,0,0,31775,32319,2,65088,64672,0,64,0,594,912,11648,32768,0,992,64,0,0,0,933,1054,0,0,0,26624
1066,1100,0,0,0,0,2,10,7,7,2,49152,23808,65501,660,64,32768,14,70,503,0,0,32,33314,0,0,33282,33314,0,65504,0,0,64,0,65184,880,8064,33280,0,936,64,0,0,0,660,0,0,49152,4,26688
1067,1000,0,0,0,0,2,10,7,7,2,47616,8448,88,929,64,32768,0,95,364,0,0,32,33257,0,0,31945,32393,2,65184,64960,0,64,0,472,912,11648,32768,0,992,64,0,0,0,933,573,0,16384,0,26624
1067,1100,0,0,0,0,2,10,7,7,2,40192,61696,65503,664,64,32768,14,70,505,0,0,32,33270,0,0,33238,33270,0,65504,0,0,64,0,65096,880,8064,33280,0,936,64,0,0,0,664,0,0,49152,4,26688
1068,1000,0,0,0,0,2,10,7,7,2,4608,49664,73,931,64,32768,0,96,367,0,0,32,33028,0,0,32100,32452,2,65280,65248,0,64,0,352,912,11648,32768,0,992,64,0,0,0,933,92,0,32768,0,26624
1068,1100,0,0,0,0,2,10,7,7,2,31744,35072,65505,668,64,32768,14,70,508,0,0,32,33215,0,0,33183,33215,0,65504,0,0,64,0,65008,880,8064,33280,0,936,64,0,0,0,668,0,0,49152,4,26688
1069,1000,0,0,0,0,2,10,7,7,2,23296,25856,59,932,20,32768,0,96,371,0,0,32,32784,0,0,32240,32496,2,65376,0,0,20,0,235,912,11648,32768,0,992,64,0,0,0,933,65147,0,49152,0,26624
1069,1100,0,0,0,0,2,10,7,7,2,23808,9472,65509,672,64,32768,14,70,511,0,0,32,33149,0,0,33117,33149,0,65504,0,0,64,0,64920,880,8064,33280,0,936,64,0,0,0,672,0,0,49152,4,26688
1070,1000,0,0,0,0,2,10,7,7,2,38400,2304,47,934,64,32768,0,96,375,0,0,32,32525,0,0,32365,32525,2,65472,0,0,64,0,120,912,11648,32768,0,992,64,0,0,0,934,92,0,0,0,26624
1070,1100,0,0,0,0,2,10,7,7,2,16896,50432,65513,676,64,32768,14,70,513,0,0,32,33072,0,0,33040,33072,0,65504,0,0,64,0,64832,880,8064,33280,0,936,64,0,0,0,676,0,0,49152,4,26688
1071,1000,0,0,0,0,2,10,7,7,2,50432,44800,36,934,64,32768,0,96,378,0,0,32,32540,0,0,32476,32540,0,65472,0,0,64,0,7,912,11648,32768,0,992,64,0,0,0,934,65147,0,16384,0,26624
1071,1100,0,0,0,0,2,10,7,7,2,11008,26880,65518,680,64,32768,14,70,516,0,0,32,32984,0,0,32952,32984,0,65504,0,0,64,0,64744,880,8064,33280,0,936,64,0,0,0,680,0,0,49152,4,26688
1072,1000,0,0,0,0,2,10,7,7,2,59648,21760,26,934,64,32768,0,96,382,0,0,32,32540,0,0,32476,32540,2,65472,0,0,64,0,0,912,11648,32768,0,992,64,0,0,0,934,0,0,32768,0,26624
1072,1100,0,0,0,0,2,10,7,7,2,6400,4352,65523,684,64,32768,14,70,519,0,0,32,32885,0,0,32853,32885,0,65504,0,0,64,0,64656,880,8064,33280,0,936,64,0,0,0,684,0,0,49152,4,26688
1073,1000,256,0,0,0,2,10,7,7,2,768,64256,26,934,64,32768,0,97,385,0,0,32,32540,0,0,32476,32540,2,65408,65248,0,64,0,101,912,11712,33025,0,992,64,0,0,0,934,256,0,49152,0,26624
1073,1100,256,0,0,0,2,10,7,7,2,3072,48384,65530,688,64,32768,14,70,521,0,0,32,32775,0,0,32743,32775,0,65504,0,0,64,0,64784,880,8064,32768,0,936,64,0,0,0,688,0,0,49152,4,26688
1074,1000,0,0,0,0,2,10,7,7,2,7424,41216,26,935,64,32768,0,97,389,0,0,32,32840,0,0,32424,32552,2,65344,64960,0,64,0,200,912,11712,33024,0,992,64,0,0,0,935,512,0,0,0,26624
1074,1100,0,0,0,0,2,10,7,7,2,1536,27904,1,692,64,32768,14,70,524,0,0,32,32681,0,0,32649,32681,0,65504,0,0,64,0,64912,880,8576,32768,0,936,64,0,0,0,692,0,0,49152,4,26688
1075,1000,0,0,0,0,2,10,7,7,2,14080,18432,30,935,64,32768,0,97,393,0,0,32,33153,0,0,32385,32577,2,65280,64672,0,64,0,298,912,11712,33024,0,992,64,0,0,0,935,768,0,16384,0,26624
1075,1100,0,0,0,0,2,10,7,7,2,1792,8448,7,696,64,32768,14,70,527,0,0,32,32603,0,0,32571,32603,0,65504,0,0,64,0,65040,880,8576,32768,0,936,64,0,0,0,696,0,0,49152,4,26688
1076,1000,0,0,0,0,2,10,7,7,2,21760,61184,34,935,64,32768,0,97,396,0,0,32,33478,0,0,32358,32614,2,65216,64384,0,64,0,394,912,11712,33024,0,992,64,0,0,0,935,1024,0,32768,0,26624
1076,1100,0,0,0,0,2,10,7,7,2,3584,55552,13,700,64,32768,14,70,529,0,0,32,32541,0,0,32509,32541,0,65504,0,0,64,0,65168,880,8576,32768,0,936,64,0,0,0,700,0,0,49152,4,26688
1077,1000,0,0,0,0,2,10,7,7,2,30464,38400,36,935,64,32768,0,97,400,0,0,32,33815,0,0,32343,32663,2,65152,64096,0,64,0,488,912,11712,33024,0,992,64,0,0,0,935,1280,0,49152,0,26624
1077,1100,0,0,0,0,2,10,7,7,2,6912,38144,17,704,64,32768,14,70,532,0,0,32,32495,0,0,32463,32495,0,65504,0,0,64,0,65296,880,8576,32768,0,936,64,0,0,0,704,0,0,49152,2,26688
1078,1000,0,0,0,0,2,10,7,7,2,39680,15616,38,936,64,32768,0,97,404,0,0,32,34164,0,0,32340,32724,2,65088,63808,0,64,0,580,912,11712,33024,0,992,64,0,0,0,936,1536,0,0,0,26624
1078,1100,0,0,0,0,2,10,7,7,2,11264,21760,20,706,64,32768,14,70,535,0,0,32,32465,0,0,32433,32465,0,65504,0,0,64,0,65424,880,8576,32768,0,936,64,0,0,0,706,0,0,49152,2,26688
1079,1000,0,0,0,0,2,10,7,7,2,49408,58624,38,936,64,32768,0,97,407,0,0,32,34524,0,0,32348,32796,2,65024,63520,0,64,0,670,912,11712,33024,0,992,64,0,0,0,936,1792,0,16384,0,26624
1079,1100,0,0,0,0,2,10,7,7,2,16384,5888,22,708,64,32768,14,70,538,0,0,32,32451,0,0,32419,32451,0,65504,0,0,64,0,0,880,8576,32768,0,936,64,0,0,0,708,0,0,49152,2,26688
1080,1000,0,0,0,0,2,10,7,7,2,59136,36096,37,936,64,32768,0,97,411,0,0,32,34895,0,0,32367,32879,2,64960,63232,0,64,0,758,912,11712,33024,0,992,64,0,0,0,936,2048,0,32768,0,26624
1080,1100,0,0,0,0,2,10,7,7,2,22016,56064,23,710,64,32768,14,70,540,0,0,32,32451,0,0,32419,32451,0,65504,0,0,64,0,0,880,8576,32768,0,936,64,0,0,0,710,0,0,49152,2,26688
1081,1000,0,0,0,0,2,10,7,7,2,3072,13568,35,936,64,32768,0,98,415,0,0,32,35277,0,0,32397,32973,2,64896,62944,0,64,0,845,912,11776,33024,0,992,64,0,0,0,936,2304,0,49152,0,26624
1081,1100,0,0,0,0,2,10,7,7,2,27904,41216,23,712,64,32768,14,70,543,0,0,32,32451,0,0,32419,32451,0,65504,0,0,64,0,0,880,8576,32768,0,936,64,0,0,0,712,0,0,49152,2,26688
1082,1000,0,0,0,0,2,10,7,7,2,12032,56576,33,937,64,32768,0,98,418,0,0,32,35670,0,0,32438,33078,2,64992,63232,0,64,0,718,912,11776,32768,0,992,64,0,0,0,937,1823,0,0,0,26624
1082,1100,0,0,0,0,2,10,7,7,2,33792,26880,23,714,64,32768,14,70,546,0,0,32,32451,0,0,32419,32451,0,65504,0,0,64,0,0,880,8640,32768,0,936,64,0,0,0,714,0,0,49152,2,26688
1083,1000,0,0,0,0,2,10,7,7,2,20480,34304,29,937,64,32768,0,98,422,0,0,32,35471,0,0,32623,33167,2,65088,63520,0,64,0,594,912,11776,32768,0,992,64,0,0,0,937,1342,0,16384,0,26624
1083,1100,0,0,0,0,2,10,7,7,2,39680,13056,23,716,64,32768,14,70,549,0,0,32,32451,0,0,32419,32451,0,65504,0,0,64,0,0,880,8640,32768,0,936,64,0,0,0,716,0,0,49152,2,26688
1084,1000,0,0,0,0,2,10,7,7,2,27904,12032,13,937,64,32768,0,98,426,0,0,32,35257,0,0,32793,33241,2,65184,63808,0,64,0,472,912,11776,32768,0,992,64,0,0,0,937,861,0,32768,0,26624
1084,1100,0,0,0,0,2,10,7,7,2,45568,65280,23,718,64,32768,14,70,551,0,0,32,32451,0,0,32419,32451,0,65504,0,0,64,0,0,880,8640,32768,0,936,64,0,0,0,718,0,0,49152,2,26688
1085,1000,0,0,0,0,2,10,7,7,2,31232,55296,65533,937,64,32768,0,98,429,0,0,32,35028,0,0,32948,33300,2,65280,64096,0,64,0,352,912,11776,32768,0,992,64,0,0,0,937,380,0,49152,0,26624
1085,1100,0,0,0,0,2,10,7,7,2,51456,52480,24,720,64,32768,14,70,554,0,0,32,32451,0,0,32419,32451,0,65504,0,0,64,0,0,880,8640,32768,0,936,64,0,0,0,720,0,0,49152,2,26688
1086,1000,0,0,0,0,2,10,7,7,2,30464,33024,65519,938,64,32768,0,98,433,0,0,32,34784,0,0,33088,33344,2,65376,64384,0,64,0,235,912,11776,32768,0,992,64,0,0,0,938,65435,0,0,0,26624
1086,1100,0,0,0,0,2,10,7,7,2,57600,40192,24,722,64,32768,14,70,557,0,0,32,32451,0,0,32419,32451,0,65504,0,0,64,0,0,880,8640,32768,0,936,64,0,0,0,722,0,0,49152,2,26688
1087,1000,0,0,0,0,2,10,7,7,2,26112,11008,65507,938,64,32768,0,98,437,0,0,32,34525,0,0,33213,33373,2,65472,64672,0,64,0,120,912,11776,32768,0,992,64,0,0,0,938,380,0,16384,0,26624
1087,1100,0,0,0,0,2,10,7,7,2,63744,28416,24,724,64,32768,14,70,560,0,0,32,32451,0,0,32419,32451,0,65504,0,0,64,0,0,880,8640,32768,0,936,64,0,0,0,724,0,0,49152,2,26688
1088,1000,0,0,0,0,2,10,7,7,2,18688,54528,65496,938,64,32768,0,98,440,0,0,32,34252,0,0,33324,33388,0,65472,64960,0,64,0,7,912,11776,32768,0,992,64,0,0,0,938,65435,0,32768,0,26624
1088,1100,0,0,0,0,2,10,7,7,2,4352,17152,24,726,64,32768,14,71,563,0,0,32,32451,0,0,32419,32451,0,65504,0,0,64,0,0,880,8640,32768,0,936,64,0,0,0,726,0,0,49152,2,26688
1089,1000,0,0,0,0,2,10,7,7,2,8448,32512,65486,937,64,32768,0,98,444,0,0,32,33964,0,0,33324,33388,2,65472,64960,0,64,0,0,912,11840,32768,0,992,64,0,0,0,938,0,0,49152,0,26624
1089,1100,0,0,0,0,2,10,7,7,2,10496,6400,24,728,64,32768,14,71,566,0,0,32,32451,0,0,32419,32451,0,65504,0,0,64,0,0,880,8640,32768,0,936,64,0,0,0,728,0,0,49152,2,26688
1090,1000,0,0,0,0,2,10,7,7,2,61184,10240,65485,938,64,32768,0,97,448,0,0,32,33964,0,0,33324,33388,0,65472,65248,0,64,0,0,912,11840,32768,0,992,64,0,0,0,939,65055,0,0,0,26624
1090,1100,0,0,0,0,2,10,7,7,2,16640,61696,24,730,64,32768,14,71,568,0,0,32,32451,0,0,32419,32451,0,65504,0,0,64,0,0,880,8704,32768,0,936,64,0,0,0,730,0,0,49152,2,26688
1091,1000,0,0,0,0,2,10,7,7,2,48128,53760,65485,938,64,32768,0,97,451,0,0,32,33676,0,0,33324,33388,2,65472,65248,0,64,0,0,912,11840,32768,0,992,64,0,0,0,939,0,0,16384,0,26624
1091,1100,0,0,0,0,2,10,7,7,2,22784,51968,24,732,64,32768,14,71,571,0,0,32,32451,0,0,32419,32451,0,65504,0,0,64,0,0,880,8704,32768,0,936,64,0,0,0,732,0,0,49152,2,26688
1092,1000,0,512,0,0,2,10,7,7,2,35072,31744,65485,938,64,32768,0,97,455,0,0,32,33676,0,0,33324,33388,0,65472,0,0,64,0,0,912,11840,32768,0,992,64,0,0,0,939,65055,0,32768,0,26624
1092,1100,0,512,0,0,2,10,7,7,2,28928,42752,24,734,64,32768,14,71,574,0,0,32,32451,0,0,32419,32451,0,65504,0,0,64,0,65448,880,8704,33282,0,936,64,0,0,0,734,0,0,49152,2,26688
1093,1000,0,0,0,0,2,10,7,7,2,22016,9728,65485,938,64,32768,0,97,459,0,0,32,33388,0,0,33324,33388,2,65472,0,0,64,0,0,912,11840,32768,0,992,64,0,0,0,939,0,0,49152,0,26624
1093,1100,0,0,0,0,2,10,7,7,2,35072,34048,24,736,64,32768,14,71,577,0,0,32,32440,0,0,32408,32440,0,65504,0,0,64,0,65360,880,8704,33280,0,936,64,0,0,0,736,0,0,49152,2,26688
1094,1000,0,0,0,0,2,10,7,7,2,8960,53248,65485,939,64,32768,0,97,462,0,0,32,33388,0,0,33324,33388,0,65472,0,0,64,0,0,912,11840,32768,0,992,64,0,0,0,940,65055,0,0,0,26624
1094,1100,0,0,0,0,2,10,7,7,2,41216,25856,25,738,64,32768,14,71,580,0,0,32,32418,0,0,32386,32418,0,65504,0,0,64,0,65272,880,8704,33280,0,936,64,0,0,0,738,0,0,49152,2,26688
1095,1000,0,0,0,0,2,10,7,7,2,61440,31488,65485,939,64,32768,0,96,466,0,0,32,33388,0,0,33324,33388,2,65472,0,0,64,0,0,912,11840,32768,0,992,64,0,0,0,940,0,0,16384,0,26624
1095,1100,0,0,0,0,2,10,7,7,2,47616,18176,27,740,64,32768,14,71,583,0,0,32,32385,0,0,32353,32385,0,65504,0,0,64,0,65184,880,8704,33280,0,936,64,0,0,0,740,0,0,49152,2,26688
1096,1000,0,0,0,0,2,10,7,7,2,48384,9728,65485,939,64,32768,0,96,470,0,0,32,33388,0,0,33324,33388,0,65472,0,0,64,0,0,912,11840,32768,0,992,64,0,0,0,940,65055,0,32768,0,26624
1096,1100,0,0,0,0,2,10,7,7,2,54528,11008,29,742,64,32768,14,71,586,0,0,32,32341,0,0,32309,32341,0,65504,0,0,64,0,65096,880,8704,33280,0,936,64,0,0,0,742,0,0,49152,2,26688
1097,1000,0,0,0,0,2,10,7,7,2,35328,53504,65485,939,64,32768,0,96,473,0,0,32,33388,0,0,33324,33388,2,65472,0,0,64,0,0,912,11904,32768,0,992,64,0,0,0,940,0,0,49152,0,26624
1097,1100,0,0,0,0,2,10,7,7,2,61952,4352,32,744,64,32768,14,71,589,0,0,32,32286,0,0,32254,32286,0,65504,0,0,64,0,65008,880,8704,33280,0,936,64,0,0,0,744,0,0,49152,2,26688
1098,1000,544,0,0,0,2,10,7,7,2,22272,31744,65485,940,64,32768,0,96,477,0,0,112,33388,0,0,33324,33388,2,576,512,0,64,0,65402,912,11904,33322,1,992,80,0,0,0,941,2,0,0,0,26624
1098,1100,544,0,0,0,2,10,7,7,2,4608,63744,36,746,64,32768,14,72,591,0,0,32,32220,0,0,32188,32220,0,65504,0,0,64,0,64920,880,8768,33280,0,936,64,0,0,0,746,0,0,49152,2,26688
1099,1000,0,0,0,0,2,10,7,7,2,9216,10240,65485,940,64,34816,0,96,481,0,224,112,32859,0,2,33947,33371,2,896,1024,0,64,0,65271,912,11904,33312,3,992,80,0,32768,0,941,65314,0,16384,0,26624
1099,1100,0,0,0,0,2,10,7,7,2,13824,58112,41,747,64,32768,14,72,594,0,0,32,32143,0,0,32111,32143,0,65504,0,0,64,0,64832,880,8768,33280,0,936,64,0,0,0,748,0,0,49152,2,26688
1100,1000,0,0,0,0,2,10,7,7,2,61696,54272,65429,935,64,34816,0,95,484,198,198,112,32313,0,2,34233,33337,2,1216,1536,0,64,0,65142,912,11904,33312,4,992,80,0,32768,0,941,65090,0,32768,0,26624
1100,1100,0,0,0,0,2,10,7,7,2,24320,52736,47,749,64,32768,14,72,597,0,0,32,32055,0,0,32023,32055,0,65504,0,0,64,0,64744,880,8768,512,0,936,64,0,0,0,750,0,0,49152,65528,26688
1101,1000,0,0,0,0,2,10,7,7,2,34304,31488,65404,932,64,34816,0,95,488,370,172,112,31751,0,2,34503,33287,2,1536,2048,0,64,0,65016,912,11904,33312,5,992,80,0,32768,0,941,64866,0,49152,0,26624
1101,1100,0,0,0,0,2,10,7,7,2,36352,47872,52,741,64,32768,14,72,600,0,0,32,31956,0,0,31924,31956,0,65504,0,0,64,0,64656,880,8768,512,0,936,64,0,0,0,742,0,0,49152,65528,26688
1102,1000,0,0,0,0,2,10,7,7,2,512,7936,65380,929,64,34816,0,95,492,516,146,112,31174,0,2,34758,33222,2,1856,2560,0,64,0,64892,912,11904,33312,6,992,80,0,32768,0,942,64642,0,0,0,26624
1102,1100,0,0,0,0,2,10,7,7,2,49664,40960,59,732,64,32768,14,72,603,0,0,32,31846,0,0,31814,31846,0,65504,0,0,64,0,64568,880,8768,512,0,936,64,0,0,0,734,0,0,49152,65528,26688
1103,1000,0,0,0,0,2,10,7,7,2,26112,49152,65357,925,64,34816,0,94,495,636,120,112,30581,0,2,34997,33141,2,2176,3072,0,64,0,64771,912,11904,33312,7,992,80,0,32768,0,942,64418,0,16384,0,26624
1103,1100,0,0,0,0,2,10,7,7,2,64768,31744,66,723,64,32768,14,72,606,0,0,32,31725,0,0,31693,31725,0,65504,0,0,64,0,64480,880,8768,512,0,936,64,0,0,0,726,0,0,49152,65528,26688
1104,1000,0,0,0,0,2,10,7,7,2,45824,23808,65336,921,64,34816,0,93,499,730,94,112,29973,0,2,35221,33045,2,2496,3584,0,64,0,64652,912,11904,33312,8,992,80,0,32772,0,942,64194,0,32768,0,26624
1104,1100,0,0,0,0,2,10,7,7,2,16128,20224,73,715,64,32768,14,73,609,0,0,32,31593,0,0,31561,31593,0,65504,0,0,64,0,64392,880,8768,512,0,936,64,0,0,0,718,0,0,49152,65528,26688
1105,1000,0,0,0,0,2,10,7,7,2,60160,62976,65316,917,64,34816,0,92,502,798,68,112,29350,0,2,35430,32934,2,2816,4096,0,64,0,64535,912,11968,33312,9,992,80,0,32772,0,942,63970,0,49152,0,26624
1105,1100,0,0,0,0,2,10,7,7,2,34816,6656,81,706,64,32768,14,73,612,0,0,32,31450,0,0,31418,31450,0,65504,0,0,64,0,64304,880,8768,512,0,936,64,0,0,0,710,0,0,49152,65528,26688
1106,1000,0,0,0,0,2,10,7,7,2,3840,35584,65297,913,64,34816,0,92,506,840,42,112,28712,0,2,35624,32808,2,3136,4608,0,64,0,64421,912,11968,33312,10,992,80,0,32772,0,943,63746,0,0,0,26624
1106,1100,0,0,0,0,2,10,7,7,2,55552,56320,90,697,64,32768,14,73,614,0,0,32,31296,0,0,31264,31296,0,65504,0,0,64,0,64216,880,8128,512,0,936,64,0,0,0,702,0,0,49152,65528,26688
1107,1000,0,0,0,0,2,10,7,7,2,8192,7168,65280,909,64,34816,0,91,510,856,16,112,28060,0,2,35804,32668,2,3456,5120,0,64,0,64309,912,11968,33312,11,992,80,0,32772,0,943,63522,0,16384,0,26624
1107,1100,0,0,0,0,2,10,7,7,2,13056,38144,99,687,64,32768,14,74,617,0,0,32,31131,0,0,31099,31131,0,65504,0,0,64,0,64128,880,8128,33280,0,936,64,0,0,0,694,0,0,49152,4,26688
1108,1000,0,0,0,0,2,10,7,7,2,8192,43264,65265,904,64,34816,0,90,513,846,65526,112,27394,0,2,35970,32514,2,3776,5632,0,64,0,64199,912,11968,33312,12,992,80,0,32772,0,943,63298,0,32768,0,26624
1108,1100,0,0,0,0,2,10,7,7,2,38400,17408,111,690,64,32768,14,74,620,0,0,32,30955,0,0,30923,30955,0,65504,0,0,64,0,64040,880,8128,33280,0,936,64,0,0,0,698,0,0,49152,4,26688
1109,1000,0,0,0,0,2,10,7,7,2,4352,12544,65251,899,64,34816,0,89,517,810,65500,112,26714,0,2,36122,32346,2,4096,6144,0,64,0,64091,912,11968,33312,13,992,80,0,32772,0,943,63074,0,49152,0,26624
1109,1100,0,0,0,0,2,10,7,7,2,1280,62976,123,692,64,32768,14,75,622,0,0,32,30768,0,0,30736,30768,0,65504,0,0,64,0,63952,880,8128,33280,0,936,64,0,0,0,702,0,0,49152,4,26688
1110,1000,0,0,0,0,2,10,7,7,2,62464,46080,65237,896,64,34816,0,87,520,748,65474,112,26021,0,2,36261,32165,2,4416,6656,0,64,0,63985,912,11968,33312,14,992,80,0,32804,0,944,62850,0,0,0,26624
1110,1100,0,0,0,0,2,10,7,7,2,32768,43520,136,693,64,32768,14,75,625,0,0,32,30570,0,0,30538,30570,0,65504,0,0,64,0,63864,880,8128,33280,0,936,64,0,0,0,706,0,0,49152,2,26688
1111,1000,0,0,0,0,2,10,7,7,2,51456,13312,65225,892,64,34816,0,86,524,660,65448,112,25315,0,2,36387,31971,2,4736,7168,0,64,0,63881,912,11968,33312,15,992,80,0,32804,0,944,62626,0,16384,0,26624
1111,1100,0,0,0,0,2,10,7,7,2,2048,24320,150,692,64,32768,14,76,628,0,0,32,30361,0,0,30329,30361,0,65504,0,0,64,0,63776,880,8128,33280,0,936,64,0,0,0,708,0,0,49152,2,26688
1112,1000,0,0,0,0,2,10,7,7,2,37376,45056,65214,888,64,34816,0,85,527,546,65422,112,24596,0,2,36500,31764,2,5056,7680,0,64,0,63779,912,11968,33312,16,992,80,0,32804,0,944,62402,0,32768,0,26624
1112,1100,0,0,0,0,2,10,7,7,2,40448,4864,164,691,64,32768,14,76,631,0,0,32,30141,0,0,30109,30141,0,65504,0,0,64,0,63688,880,8128,33280,0,936,64,0,0,0,710,0,0,49152,2,26688
1113,1000,0,0,0,0,2,10,7,7,2,20480,10240,65205,885,64,34816,0,84,531,406,65396,112,23864,0,2,36600,31544,2,5376,8192,0,64,0,63679,912,12032,33312,17,992,80,0,32804,0,944,62178,0,49152,0,26624
1113,1100,0,0,0,0,2,10,7,7,2,16896,50688,179,690,64,32768,14,77,633,0,0,32,29910,0,0,29878,29910,0,65504,0,0,64,0,63600,880,8128,512,0,936,64,0,0,0,712,0,0,49152,65528,26688
1114,1000,0,0,0,0,2,10,7,7,2,1280,40192,65196,882,64,34816,0,83,534,240,65370,32,23119,0,2,36687,31311,2,5440,8480,0,64,0,63613,912,12032,33280,0,992,64,0,32804,0,945,61922,0,0,0,26624
1114,1100,0,0,0,0,2,10,7,7,2,62720,30720,192,678,64,32768,14,77,636,0,0,32,29668,0,0,29636,29668,0,65504,0,0,64,0,63512,880,7488,512,0,936,64,0,0,0,704,0,0,49152,65528,26688
1115,1000,0,0,0,0,2,10,7,7,2,45312,3840,65189,880,64,34816,0,81,538,48,65344,32,22590,0,2,36510,31070,2,5504,8192,0,64,0,63548,912,12032,33280,0,992,64,0,32804,0,945,61666,0,16384,0,26624
1115,1100,0,0,0,0,2,10,7,7,2,46336,7680,205,665,64,32768,14,78,639,0,0,32,29415,0,0,29383,29415,0,65504,0,0,64,0,63424,880,7488,512,0,936,64,0,0,0,696,0,0,49152,65528,26688
1116,1000,0,0,0,0,2,10,7,7,2,22016,32512,65204,885,64,34816,0,80,541,0,0,32,22629,0,0,36325,30821,2,5568,8480,0,64,0,63484,912,12032,33280,0,992,64,0,36,0,945,61410,0,32768,0,26624
1116,1100,0,0,0,0,2,10,7,7,2,33280,46848,219,653,64,32768,14,79,641,0,0,32,29151,0,0,29119,29151,0,65504,0,0,64,0,63336,880,7488,512,0,936,64,0,0,0,688,0,0,49152,65528,26688
1117,1000,0,0,0,0,2,10,7,7,2,2560,62464,65219,891,64,32768,0,79,544,0,0,32,22084,0,0,36132,30564,2,5632,8192,0,64,0,63422,912,12032,33280,0,992,64,0,36,0,945,61154,0,49152,0,26624
1117,1100,0,0,0,0,2,10,7,7,2,23808,17408,233,639,64,32768,14,80,644,0,0,32,28876,0,0,28844,28876,0,65504,0,0,64,0,63248,880,7488,512,0,936,64,0,0,0,680,0,0,49152,65528,26688
1118,1000,0,0,0,0,2,10,7,7,2,52480,28416,65236,898,64,32768,0,77,548,0,0,32,22107,0,0,35931,30299,2,5696,8480,0,64,0,63361,912,12032,33280,0,992,64,0,36,0,946,60898,0,0,0,26624
1118,1100,0,0,0,0,2,10,7,7,2,17920,49920,246,626,64,32768,14,81,646,0,0,32,28590,0,0,28558,28590,0,65504,0,0,64,0,63160,880,7488,512,0,936,64,0,0,0,672,0,0,49152,65528,26688
1119,1000,0,0,0,0,2,10,7,7,2,41216,61696,65253,903,64,32768,0,76,551,0,0,32,21547,0,0,35723,30027,2,5760,8192,0,64,0,63301,912,12032,33280,0,992,64,0,36,0,946,60642,0,16384,0,26624
1119,1100,0,0,0,0,2,10,7,7,2,15360,13568,260,611,64,32768,14,82,649,0,0,32,28293,0,0,28261,28293,0,65504,0,0,64,0,63072,880,7488,512,0,936,64,0,0,0,664,0,0,49152,65528,26688
1120,1000,0,0,0,0,2,10,7,7,2,34304,30720,65271,909,64,32768,0,75,555,0,0,32,21555,0,0,35507,29747,2,5824,8480,0,64,0,63242,912,12032,33280,0,992,64,0,36,0,946,60386,0,32768,0,26624
1120,1100,0,0,0,0,2,10,7,7,2,16384,38912,274,596,64,32768,14,83,651,0,0,32,27985,0,0,27953,27985,0,65504,0,0,64,0,63083,880,7488,512,0,936,64,0,0,0,656,0,0,49152,65528,26688
1121,1000,0,0,0,0,2,10,7,7,2,32000,1280,65290,914,64,32768,0,74,559,0,0,32,20980,0,0,35284,29460,2,5888,8192,0,64,0,63184,912,12096,33280,0,992,64,0,36,0,946,60130,0,49152,0,26624
1121,1100,0,0,0,0,2,10,7,7,2,20992,60416,288,581,64,32768,14,84,653,0,0,32,27678,0,0,27646,27678,0,65504,0,0,64,0,63083,880,7488,33280,0,936,64,0,0,0,648,0,0,49152,4,26688
1122,1000,0,0,0,0,2,10,7,7,2,34560,38656,65309,920,64,32768,0,73,562,0,0,32,20974,0,0,35054,29166,2,5952,8480,0,64,0,63127,912,12096,33280,0,992,64,0,36,0,947,59874,0,0,0,26624
1122,1100,0,0,0,0,2,10,7,7,2,29184,12544,307,576,64,32768,14,85,656,0,0,32,27371,0,0,27339,27371,0,65504,0,0,64,0,63083,880,8000,33280,0,936,64,0,0,0,652,0,0,49152,4,26688
1123,1000,0,0,0,0,2,10,7,7,2,41984,12032,65330,925,64,32768,0,72,566,0,0,32,20384,0,0,34816,28864,2,6016,8192,0,64,0,63072,912,12096,33280,0,992,64,0,36,0,947,59618,0,16384,0,26624
1123,1100,0,0,0,0,2,10,7,7,2,42240,28928,326,570,64,32768,14,86,658,0,0,32,27064,0,0,27032,27064,0,65504,0,0,64,0,63083,880,8000,33280,0,936,64,0,0,0,656,0,0,49152,4,26688
1124,1000,0,0,0,0,2,10,7,7,2,54784,52224,65351,929,64,32768,0,71,569,0,0,32,20364,0,0,34572,28556,2,6080,8480,0,64,0,63130,912,12096,33280,0,992,64,0,36,0,947,59362,0,32768,0,26624
1124,1100,0,0,0,0,2,10,7,7,2,60160,43776,344,563,64,32768,14,87,660,0,0,32,26757,0,0,26725,26757,0,65504,0,0,64,0,63083,880,8000,33280,0,936,64,0,0,0,660,0,0,49152,4,26688
1125,1000,0,0,0,0,2,10,7,7,2,7424,27904,65373,934,64,32768,0,71,573,0,0,32,19775,0,0,34335,28255,2,6144,8192,0,64,0,63075,912,12096,33280,0,992,64,0,36,0,947,59106,0,49152,0,26624
1125,1100,0,0,0,0,2,10,7,7,2,17152,56832,363,556,64,32768,14,89,662,0,0,32,26450,0,0,26418,26450,0,65504,0,0,64,0,63083,880,8000,33280,0,936,64,0,0,0,664,0,0,49152,4,26688
1126,1000,0,0,0,0,2,10,7,7,2,31232,4864,65394,938,64,32768,0,70,577,0,0,32,19755,0,0,34091,27947,2,6144,8480,0,64,0,63130,912,12096,33280,0,992,64,0,36,0,948,58850,0,0,0,26624
1126,1100,0,0,0,0,2,10,7,7,2,44544,2560,382,548,64,32768,14,90,665,0,0,32,26143,0,0,26111,26143,0,65504,0,0,64,0,63083,880,8000,33280,0,936,64,0,0,0,668,0,0,49152,4,26688
1127,1000,0,0,0,0,2,10,7,7,2,60416,48384,65416,941,64,32768,0,69,580,0,0,32,19166,0,0,33790,27646,2,6144,8192,0,64,0,63075,912,12096,33280,0,992,64,0,36,0,948,58594,0,16384,0,26624
1127,1100,0,0,0,0,2,10,7,7,2,11264,11776,400,540,64,32768,14,92,667,0,0,32,25836,0,0,25804,25836,0,65504,0,0,64,0,63083,880,8000,33280,0,936,64,0,0,0,672,0,0,49152,4,26688
1128,1000,0,0,0,0,2,10,7,7,2,29696,27136,65443,944,64,32768,0,69,584,0,0,32,19146,0,0,33482,27338,2,6144,8480,0,64,0,63130,912,12096,33280,0,992,64,0,36,0,948,58338,0,32768,0,26624
1128,1100,0,0,0,0,2,10,7,7,2,48128,18944,418,531,64,32768,14,93,669,0,0,32,25529,0,0,25497,25529,0,65504,0,0,64,0,63083,880,8000,33280,0,936,64,0,0,0,676,0,0,49152,4,26688
1129,1000,0,0,0,0,2,10,7,7,2,5888,6656,65471,946,64,32768,0,69,588,0,0,32,18557,0,0,33181,27037,2,6144,8192,0,64,0,63075,912,12160,33280,0,992,64,0,36,0,948,58082,0,49152,0,26624
1129,1100,0,0,0,0,2,10,7,7,2,24064,23808,436,522,64,32768,14,95,671,0,0,32,25222,0,0,25190,25222,0,65504,0,0,64,0,63083,880,8000,33280,0,936,64,0,0,0,680,0,0,49152,4,26688
1130,1000,0,0,0,0,2,10,7,7,2,54784,52224,65498,949,64,32768,0,68,591,0,0,32,18537,0,0,32873,26729,2,6144,8480,0,64,0,63130,912,12160,33280,0,992,64,0,36,0,949,57826,0,0,0,26624
1130,1100,0,0,0,0,2,10,7,7,2,4608,26368,454,512,64,32768,14,97,673,0,0,32,24915,0,0,24883,24915,0,65504,0,0,64,0,63083,880,8512,33280,0,936,64,0,0,0,684,0,0,49152,4,26688
1131,1000,0,0,0,0,2,10,7,7,2,45056,33024,65526,949,64,32768,0,68,595,0,0,32,17948,0,0,32572,26428,2,6144,8192,0,64,0,63075,912,12160,33280,0,992,64,0,36,0,949,57570,0,16384,0,26624
1131,1100,0,0,0,0,2,10,7,7,2,55296,26368,471,501,64,32768,14,98,675,0,0,32,24608,0,0,24576,24608,0,65504,0,0,64,0,63083,880,8512,33280,0,936,64,0,0,0,688,0,0,49152,4,26688
1132,1000,0,0,0,0,2,10,7,7,2,42496,13824,17,949,64,32768,0,68,599,0,0,32,17928,0,0,32264,26120,2,6144,8480,0,64,0,63130,912,12160,33280,0,992,64,0,36,0,949,57314,0,32768,0,26624
1132,1100,0,0,0,0,2,10,7,7,2,44800,23552,489,490,64,32768,14,100,677,0,0,32,24301,0,0,24269,24301,0,65504,0,0,64,0,63083,880,8512,33280,0,936,64,0,0,0,692,0,0,49152,4,26688
1133,1000,0,0,0,0,2,10,7,7,2,46848,60160,45,948,64,32768,0,68,602,0,0,32,17339,0,0,31963,25819,2,6144,8192,0,64,0,63075,912,12160,33280,0,992,64,0,36,0,949,57058,0,49152,0,26624
1133,1100,0,0,0,0,2,10,7,7,2,38912,17920,506,478,64,32768,14,102,679,0,0,32,23994,0,0,23962,23994,0,65504,0,0,64,0,63083,880,8512,33280,0,936,64,0,0,0,696,0,0,49152,4,26688
1134,1000,0,0,0,0,2,10,7,7,2,58368,40704,73,948,64,32768,0,68,606,0,0,32,17319,0,0,31655,25511,2,6144,8480,0,64,0,63130,912,12160,33280,0,992,64,0,36,0,950,56802,0,0,0,26624
1134,1100,0,0,0,0,2,10,7,7,2,37376,9216,523,466,64,32768,14,104,681,0,0,32,23687,0,0,23655,23687,0,65504,0,0,64,0,63083,880,8512,33280,0,936,64,0,0,0,700,0,0,49152,4,26688
1135,1000,0,0,0,0,2,10,7,7,2,11520,21248,101,945,64,32768,0,69,610,0,0,32,16730,0,0,31354,25210,2,6144,8192,0,64,0,63075,912,12160,33280,0,992,64,0,36,0,950,56546,0,16384,0,26624
1135,1100,0,0,0,0,2,10,7,7,2,40192,62976,539,452,64,32768,14,106,682,0,0,32,23380,0,0,23348,23380,0,65504,0,0,64,0,63083,880,8512,33280,0,936,64,0,0,0,704,0,0,49152,2,26688
1136,1000,0,0,0,0,2,10,7,7,2,37376,1024,128,942,64,32768,0,69,614,0,0,32,16710,0,0,31046,24902,2,6144,8480,0,64,0,63130,912,12160,33280,0,992,64,0,36,0,950,56290,0,32768,0,26624
1136,1100,0,0,0,0,2,10,7,7,2,47104,47616,554,438,64,32768,14,108,684,0,0,32,23073,0,0,23041,23073,0,65504,0,0,64,0,63083,880,8512,33280,0,936,64,0,0,0,706,0,0,49152,2,26688
1137,1000,0,0,0,0,2,10,7,7,2,4608,45568,156,938,64,32768,0,70,617,0,0,32,16121,0,0,30745,24601,2,6144,8192,0,64,0,63075,912,12224,33280,0,992,64,0,36,0,950,56034,0,49152,0,26624
1137,1100,0,0,0,0,2,10,7,7,2,57856,28672,568,422,64,32768,14,110,686,0,0,32,22766,0,0,22734,22766,0,65504,0,0,64,0,63083,880,8512,33280,0,936,64,0,0,0,708,0,0,49152,2,26688
1138,1000,0,0,0,0,2,10,7,7,2,44544,23552,183,934,64,32768,0,70,621,0,0,32,16101,0,0,30437,24293,2,6144,8480,0,64,0,63130,912,12224,33280,0,992,64,0,36,0,951,55778,0,0,0,26624
1138,1100,0,0,0,0,2,10,7,7,2,6656,5632,582,407,64,32768,14,113,688,0,0,32,22459,0,0,22427,22459,0,65504,0,0,64,0,63083,880,8576,33280,0,936,64,0,0,0,710,0,0,49152,2,26688
1139,1000,0,0,0,0,2,10,7,7,2,25856,512,210,928,64,32768,0,71,625,0,0,32,15512,0,0,30136,23992,2,6144,8192,0,64,0,63075,912,12224,33280,0,992,64,0,36,0,951,55522,0,16384,0,26624
1139,1100,0,0,0,0,2,10,7,7,2,24576,44288,595,390,64,32768,14,115,689,0,0,32,22152,0,0,22120,22152,0,65504,0,0,64,0,63083,880,8576,33280,0,936,64,0,0,0,712,0,0,49152,2,26688
1140,1000,0,0,0,0,2,10,7,7,2,14080,41472,237,922,64,32768,0,72,628,0,0,32,15492,0,0,29828,23684,2,6144,8480,0,64,0,63130,912,12224,33280,0,992,64,0,36,0,951,55266,0,32768,0,26624
1140,1100,0,0,0,0,2,10,7,7,2,45824,13056,608,374,64,32768,14,117,691,0,0,32,21845,0,0,21813,21845,0,65504,0,0,64,0,63083,880,8576,33280,0,936,64,0,0,0,714,0,0,49152,2,26688
1141,1000,0,0,0,0,2,10,7,7,2,9216,15360,264,914,64,32768,0,73,632,0,0,32,14903,0,0,29527,23383,2,6144,8192,0,64,0,63075,912,12224,33280,0,992,64,0,36,0,951,55010,0,49152,0,26624
1141,1100,0,0,0,0,2,10,7,7,2,4864,43264,621,357,64,32768,14,120,692,0,0,32,21538,0,0,21506,21538,0,65504,0,0,64,0,63083,880,8576,33280,0,936,64,0,0,0,716,0,0,49152,2,26688
1142,1000,0,0,0,0,2,10,7,7,2,11264,52736,291,907,64,32768,0,74,635,0,0,32,14883,0,0,29219,23075,2,6144,8480,0,64,0,63130,912,12224,33280,0,992,64,0,36,0,952,54754,0,0,0,26624
1142,1100,0,0,0,0,2,10,7,7,2,32768,3584,633,339,64,32768,14,122,694,0,0,32,21231,0,0,21199,21231,0,65504,0,0,64,0,63083,880,8576,33280,0,936,64,0,0,0,718,0,0,49152,2,26688
1143,1000,0,0,0,0,2,10,7,7,2,20224,22784,317,898,64,32768,0,75,639,0,0,32,14294,0,0,28918,22774,2,6144,8192,0,64,0,63075,912,12224,33280,0,992,64,0,36,0,952,54498,0,16384,0,26624
1143,1100,0,0,0,0,2,10,7,7,2,63744,24832,644,321,64,32768,14,124,695,0,0,32,20924,0,0,20892,20924,0,65504,0,0,64,0,63083,880,8576,33280,0,936,64,0,0,0,720,0,0,49152,2,26688
1144,1000,0,0,0,0,2,10,7,7,2,35840,56064,343,889,64,32768,0,76,642,0,0,32,14274,0,0,28610,22466,2,6144,8480,0,64,0,63130,912,12224,33280,0,992,64,0,36,0,952,54242,0,32768,0,26624
1144,1100,0,0,0,0,2,10,7,7,2,32000,41472,655,303,64,32768,14,127,696,0,0,32,20617,0,0,20585,20617,0,65504,0,0,64,0,63083,880,8576,33280,0,936,64,0,0,0,722,0,0,49152,2,26688
1145,1000,0,0,0,0,2,10,7,7,2,58112,21504,369,878,64,32768,0,77,646,0,0,32,13685,0,0,28309,22165,2,6144,8192,0,64,0,63075,912,12288,33280,0,992,64,0,36,0,952,53986,0,49152,0,26624
1145,1100,0,0,0,0,2,10,7,7,2,3072,53504,666,284,64,32768,14,130,697,0,0,32,20310,0,0,20278,20310,0,65504,0,0,64,0,63083,880,8576,33280,0,936,64,0,0,0,724,0,0,49152,2,26688
1146,1000,0,0,0,0,2,10,7,7,2,21504,49664,395,868,64,32768,0,79,649,0,0,32,13665,0,0,28001,21857,2,6144,8480,0,64,0,63130,912,12288,33280,0,992,64,0,36,0,953,53730,0,0,0,26624
1146,1100,0,0,0,0,2,10,7,7,2,42496,60672,675,265,64,32768,14,132,698,0,0,32,20003,0,0,19971,20003,0,65504,0,0,64,0,63083,880,8640,33280,0,936,64,0,0,0,726,0,0,49152,2,26688
1147,1000,0,0,0,0,2,10,7,7,2,57088,9728,420,856,64,32768,0,80,653,0,0,32,13076,0,0,27700,21556,2,6144,8192,0,64,0,63075,912,12288,33280,0,992,64,0,36,0,953,53474,0,16384,0,26624
1147,1100,0,0,0,0,2,10,7,7,2,18688,62976,685,246,64,32768,14,135,699,0,0,32,19696,0,0,19664,19696,0,65504,0,0,64,0,63083,880,8640,33280,0,936,64,0,0,0,728,0,0,49152,2,26688
1148,1000,0,0,0,0,2,10,7,7,2,33536,32256,445,843,64,32768,0,82,656,0,0,32,13056,0,0,27392,21248,2,6144,8480,0,64,0,63130,912,12288,33280,0,992,64,0,36,0,953,53218,0,32768,0,26624
1148,1100,0,0,0,0,2,10,7,7,2,62976,60416,694,226,64,32768,14,137,700,0,0,32,19389,0,0,19357,19389,0,65504,0,0,64,0,63083,880,8640,33280,0,936,64,0,0,0,730,0,0,49152,2,26688
1149,1000,0,0,0,0,2,10,7,7,2,16384,51456,469,830,64,32768,0,84,659,0,0,32,12467,0,0,27091,20947,2,6144,8192,0,64,0,63075,912,12288,33280,0,992,64,0,36,0,953,52962,0,49152,0,26624
1149,1100,0,0,0,0,2,10,7,7,2,44032,52736,702,206,64,32768,14,140,701,0,0,32,19082,0,0,19050,19082,0,65504,0,0,64,0,63083,880,8640,33280,0,936,64,0,0,0,732,0,0,49152,2,26688
1150,1000,0,0,0,0,2,10,7,7,2,5376,1792,494,817,64,32768,0,86,663,0,0,32,12447,0,0,26783,20639,2,6144,8480,0,64,0,63130,912,12288,33280,0,992,64,0,36,0,954,52706,0,0,0,26624
1150,1100,0,0,0,0,2,10,7,7,2,27136,39936,710,186,64,32768,14,143,702,0,0,32,18775,0,0,18743,18775,0,65504,0,0,64,0,63083,880,8640,33280,0,936,64,0,0,0,734,0,0,49152,2,26688
1151,1000,0,0,0,0,2,10,7,7,2,768,14336,517,802,64,32768,0,88,666,0,0,32,11858,0,0,26482,20338,2,6144,8192,0,64,0,63075,912,12288,33280,0,992,64,0,36,0,954,52450,0,16384,0,26624
1151,1100,0,0,0,0,2,10,7,7,2,12288,22016,717,165,64,32768,14,146,703,0,0,32,18468,0,0,18436,18468,0,65504,0,0,64,0,63083,880,8640,33280,0,936,64,0,0,0,736,0,0,49152,2,26688
1152,1000,0,0,0,0,2,10,7,7,2,2048,23040,540,786,64,32768,0,90,669,0,0,32,11838,0,0,26174,20030,2,6144,8480,0,64,0,63130,912,12288,33280,0,992,64,0,36,0,954,52194,0,32768,0,26624
1152,1100,0,0,0,0,2,10,7,7,2,64768,64256,723,145,64,32768,14,148,703,0,0,32,18161,0,0,18129,18161,0,65504,0,0,64,0,63083,880,8640,33280,0,936,64,0,0,0,738,0,0,49152,2,26688
1153,1000,0,0,0,0,2,10,7,7,2,9216,27648,563,770,64,32768,0,92,672,0,0,32,11249,0,0,25873,19729,2,6144,8192,0,64,0,63075,912,12352,33280,0,992,64,0,36,0,954,51938,0,49152,0,26624
1153,1100,0,0,0,0,2,10,7,7,2,53248,35840,729,124,64,32768,14,151,704,0,0,32,17854,0,0,17822,17854,0,65504,0,0,64,0,63083,880,8640,33280,0,936,64,0,0,0,740,0,0,49152,2,26688
1154,1000,0,0,0,0,2,10,7,7,2,22272,28160,586,754,64,32768,0,94,675,0,0,32,11229,0,0,25565,19421,2,6144,8480,0,64,0,63130,912,12352,33280,0,992,64,0,36,0,955,51682,0,0,0,26624
1154,1100,0,0,0,0,2,10,7,7,2,43264,2048,735,102,64,32768,14,154,705,0,0,32,17547,0,0,17515,17547,0,65504,0,0,64,0,63083,880,8704,33280,0,936,64,0,0,0,742,0,0,49152,2,26688
1155,1000,0,0,0,0,2,10,7,7,2,41216,24576,608,737,64,32768,0,96,678,0,0,32,10640,0,0,25264,19120,2,6144,8192,0,64,0,63075,912,12352,33280,0,992,64,0,36,0,955,51426,0,16384,0,26624
1155,1100,0,0,0,0,2,10,7,7,2,34816,28160,739,81,64,32768,14,157,705,0,0,32,17240,0,0,17208,17240,0,65504,0,0,64,0,63083,880,8704,33280,0,936,64,0,0,0,744,0,0,49152,2,26688
1156,1000,0,0,0,0,2,10,7,7,2,256,16640,629,719,64,32768,0,99,681,0,0,32,10620,0,0,24956,18812,2,6144,8480,0,64,0,63130,912,12352,33280,0,992,64,0,36,0,955,51170,0,32768,0,26624
1156,1100,0,0,0,0,2,10,7,7,2,27392,48896,743,59,64,32768,14,160,705,0,0,32,16933,0,0,16901,16933,0,65504,0,0,64,0,63083,880,8704,33280,0,936,64,0,0,0,746,0,0,49152,2,26688
1157,1000,0,0,0,0,2,10,7,7,2,30208,4096,650,700,64,32768,0,101,684,0,0,32,10031,0,0,24655,18511,2,6144,8192,0,64,0,63075,912,12352,33280,0,992,64,0,36,0,955,50914,0,49152,0,26624
1157,1100,0,0,0,0,2,10,7,7,2,20992,64000,747,38,64,32768,14,163,705,0,0,32,16626,0,0,16594,16626,0,65504,0,0,64,0,63083,880,8704,33280,0,936,64,0,0,0,748,0,0,49152,2,26688
1158,1000,0,0,0,0,2,10,7,7,2,0,52224,670,682,64,32768,0,104,686,0,0,32,10011,0,0,24347,18203,2,6144,8480,0,64,0,63130,912,12352,33280,0,992,64,0,36,0,956,50658,0,0,0,26624
1158,1100,0,0,0,0,2,10,7,7,2,15616,8192,749,16,64,32768,14,166,706,0,0,32,16319,0,0,16287,16319,0,65504,0,0,64,0,63083,880,8704,33280,0,936,64,0,0,0,750,0,0,49152,2,26688
1159,1000,0,0,0,0,2,10,7,7,2,40448,30208,690,661,64,32768,0,106,689,0,0,32,9422,0,0,24046,17902,2,6144,8192,0,64,0,63075,912,12352,33280,0,992,64,0,36,0,956,50402,0,16384,0,26624
1159,1100,0,0,0,0,2,10,7,7,2,10752,12288,751,65529,64,32768,14,169,706,0,0,32,16012,0,0,15980,16012,0,65504,0,0,64,0,63083,880,8704,33280,0,936,64,0,0,0,752,0,0,49152,2,26688
1160,1000,0,0,0,0,2,10,7,7,2,20480,2816,709,641,64,32768,0,109,692,0,0,32,9402,0,0,23738,17594,2,6144,8480,0,64,0,63130,912,12352,33280,0,992,64,0,36,0,956,50146,0,32768,0,26624
1160,1100,0,0,0,0,2,10,7,7,2,6400,10496,753,65507,64,32768,14,172,706,0,0,32,15705,0,0,15673,15705,0,65504,0,0,64,0,63083,880,8704,33280,0,936,64,0,0,0,754,0,0,49152,2,26688
1161,1000,0,0,0,0,2,10,7,7,2,5376,35840,728,620,64,32768,0,112,694,0,0,32,8813,0,0,23437,17293,2,6144,8192,0,64,0,63075,912,12416,33280,0,992,64,0,36,0,956,49890,0,49152,0,26624
1161,1100,0,0,0,0,2,10,7,7,2,2560,3072,754,65485,64,32768,14,175,706,0,0,32,15398,0,0,15366,15398,0,65504,0,0,64,0,63083,880,8704,33280,0,936,64,0,0,0,756,0,0,49152,2,26688
1162,1000,0,0,0,0,2,10,7,7,2,60672,63488,746,599,64,32768,0,114,696,0,0,32,8793,0,0,23129,16985,2,6144,8480,0,64,0,63130,912,12416,33280,0,992,64,0,36,0,957,49634,0,0,0,26624
1162,1100,0,0,0,0,2,10,7,7,2,64512,55552,754,65463,64,32768,14,177,705,0,0,32,15091,0,0,15059,15091,0,65504,0,0,64,0,63211,880,8768,32768,0,936,64,0,0,0,758,0,0,49152,2,26688
1163,1000,0,0,0,0,2,10,7,7,2,55040,20224,763,577,64,32768,0,117,699,0,0,32,8204,0,0,22828,16684,2,6144,8192,0,64,0,63075,912,12416,33280,0,992,64,0,36,0,957,49378,0,16384,0,26624
1163,1100,0,0,0,0,2,10,7,7,2,60928,36864,754,65440,64,32768,14,180,705,0,0,32,14800,0,0,14768,14800,0,65504,0,0,64,0,63339,880,8768,32768,0,936,64,0,0,0,760,0,0,49152,2,26688
1164,1000,0,0,0,0,2,10,7,7,2,53760,36864,780,555,64,32768,0,120,701,0,0,32,8184,0,0,22520,16376,2,6144,8480,0,64,0,63130,912,12416,33280,0,992,64,0,36,0,957,49122,0,32768,0,26624
1164,1100,0,0,0,0,2,10,7,7,2,57344,12288,752,65419,64,32768,14,183,705,0,0,32,14525,0,0,14493,14525,0,65504,0,0,64,0,63467,880,8768,32768,0,936,64,0,0,0,762,0,0,49152,2,26688
1165,1000,0,0,0,0,2,10,7,7,2,56832,47872,796,532,64,32768,0,123,703,0,0,32,7595,0,0,22219,16075,2,6144,8192,0,64,0,63075,912,12416,33280,0,992,64,0,36,0,957,48866,0,49152,0,26624
1165,1100,0,0,0,0,2,10,7,7,2,53248,47872,751,65399,64,32768,14,186,704,0,0,32,14266,0,0,14234,14266,0,65504,0,0,64,0,63595,880,8768,32768,0,936,64,0,0,0,764,0,0,49152,2,26688
1166,1000,0,0,0,0,2,10,7,7,2,64000,52992,812,509,64,32768,0,126,705,0,0,32,7575,0,0,21911,15767,2,6144,8480,0,64,0,63130,912,12416,33280,0,992,64,0,36,0,958,48610,0,0,0,26624
1166,1100,0,0,0,0,2,10,7,7,2,48896,12800,749,65380,64,32768,14,189,704,0,0,32,14023,0,0,13991,14023,0,65504,0,0,64,0,63723,880,8768,32768,0,936,64,0,0,0,766,0,0,49152,2,26688
1167,1000,0,0,0,0,2,10,7,7,2,9728,52224,826,485,64,32768,0,130,707,0,0,32,6986,0,0,21610,15466,2,6144,8192,0,64,0,63075,912,12416,33280,0,992,64,0,36,0,958,48354,0,16384,0,26624
1167,1100,0,0,0,0,2,10,7,7,2,44032,38400,747,65362,64,32768,14,192,703,0,0,32,13796,0,0,13764,13796,0,65504,0,0,64,0,63851,880,8768,32768,0,936,64,0,0,0,768,0,0,49152,0,26688
1168,1000,0,0,0,0,2,10,7,7,2,24576,45312,840,461,64,32768,0,133,709,0,0,32,6966,0,0,21302,15158,2,6144,8480,0,64,0,63130,912,12416,33280,0,992,64,0,36,0,958,48098,0,32768,0,26624
1168,1100,0,0,0,0,2,10,7,7,2,38656,59392,744,65345,64,32768,14,195,702,0,0,32,13585,0,0,13553,13585,0,65504,0,0,64,0,63979,880,8768,32768,0,936,64,0,0,0,769,0,0,16384,0,26688
1169,1000,0,0,0,0,2,10,7,7,2,43008,32256,853,436,64,32768,0,136,711,0,0,32,6377,0,0,21001,14857,2,6144,8192,0,64,0,63075,912,12480,33280,0,992,64,0,36,0,958,47842,0,49152,0,26624
1169,1100,0,0,0,0,2,10,7,7,2,32512,10496,741,65330,64,32768,14,198,702,0,0,32,13390,0,0,13358,13390,0,65504,0,0,64,0,64107,880,8768,32768,0,936,64,0,0,0,769,0,0,49152,0,26688
1170,1000,0,0,0,0,2,10,7,7,2,64768,12800,866,411,64,32768,0,139,713,0,0,32,6357,0,0,20693,14549,2,6144,8480,0,64,0,63130,912,12480,33280,0,992,64,0,36,0,959,47586,0,0,0,26624
1170,1100,0,0,0,0,2,10,7,7,2,25600,23296,737,65316,64,32768,14,201,701,0,0,32,13211,0,0,13179,13211,0,65504,0,0,64,0,64235,880,8832,32768,0,936,64,0,0,0,770,0,0,16384,0,26688
1171,1000,0,256,0,0,2,10,7,7,2,24320,52480,878,386,64,32768,0,143,714,0,0,32,5768,0,0,20392,14248,2,6144,8192,0,64,0,63075,912,12480,33280,0,992,64,0,36,0,959,47330,0,16384,0,26624
1171,1100,0,256,0,0,2,10,7,7,2,17664,32512,733,65304,64,32768,14,204,700,0,0,32,13048,0,0,13016,13048,0,65504,0,0,64,0,64387,880,8832,33025,0,936,64,0,0,0,770,0,0,49152,0,26688
1172,1000,0,0,0,0,2,10,7,7,2,52480,20224,889,360,64,32768,0,146,716,0,0,32,5748,0,0,20084,13940,2,6048,7904,0,64,0,63232,912,12480,32768,0,992,64,0,0,0,959,47811,0,32768,0,26624
1172,1100,0,0,0,0,2,10,7,7,2,8704,38656,731,65292,64,32768,14,207,699,0,0,32,12904,0,0,12872,12904,0,65504,0,0,64,0,64539,880,8832,33024,0,936,64,0,0,0,771,0,0,16384,0,26688
1173,1000,0,0,0,0,2,10,7,7,2,17920,46848,899,334,64,32768,0,150,717,0,0,32,5748,0,0,19700,13652,2,5952,7616,0,64,0,63386,912,12480,32768,0,992,64,0,0,0,959,48292,0,49152,0,26624
1173,1100,0,0,0,0,2,10,7,7,2,64768,41728,727,65282,64,32768,14,209,698,0,0,32,12779,0,0,12747,12779,0,65504,0,0,64,0,64691,880,8832,33024,0,936,64,0,0,0,771,0,0,49152,0,26688
1174,1000,288,0,0,0,2,10,7,7,2,51456,1280,912,301,64,32768,0,153,719,0,0,112,5767,0,0,19335,13383,2,5312,7104,0,64,0,63608,912,12480,33065,1,992,80,0,0,0,960,48291,0,0,0,26624
1174,1100,288,0,0,0,2,10,7,7,2,54272,42240,725,65273,64,32768,14,212,697,0,0,32,12673,0,0,12641,12673,0,65504,0,0,64,0,64843,880,8832,33024,0,936,64,0,0,0,772,0,0,16384,0,26688
1175,1000,0,0,0,0,2,10,7,7,2,22784,12800,921,268,64,34816,0,157,720,0,224,112,6038,0,2,18454,13142,2,4672,6592,0,64,0,63825,912,12480,33056,3,992,80,0,32768,0,960,48291,0,16384,0,26624
1175,1100,0,0,0,0,2,10,7,7,2,43264,40448,722,65265,64,32768,14,215,696,0,0,32,12586,0,0,12554,12586,0,65504,0,0,64,0,64995,880,8832,33024,0,936,64,0,0,0,772,0,0,49152,0,26688
1176,1000,0,0,0,0,2,10,7,7,2,61952,15872,941,190,64,34816,0,160,721,198,198,112,6336,0,2,17600,12928,2,4032,6080,0,64,0,64036,912,12480,33056,4,992,80,0,32768,0,960,48291,0,32768,0,26624
1176,1100,0,0,0,0,2,10,7,7,2,31488,36608,721,65259,64,32768,14,218,695,0,0,32,12518,0,0,12486,12518,0,65504,0,0,64,0,65123,880,8832,32768,0,936,64,0,0,0,773,0,0,16384,0,26688
1177,1000,0,0,0,0,2,10,7,7,2,40704,64512,953,112,64,34816,0,164,721,370,172,112,6660,0,2,16772,12740,2,3392,5568,0,64,0,64243,912,12544,33056,5,992,80,0,32768,0,960,48291,0,49152,0,26624
1177,1100,0,0,0,0,2,10,7,7,2,19456,31232,719,65254,64,32768,14,221,694,0,0,32,12466,0,0,12434,12466,0,65504,0,0,64,0,65251,880,8832,32768,0,936,64,0,0,0,773,0,0,49152,0,26688
1178,1000,0,0,0,0,2,10,7,7,2,22528,27648,960,36,64,34816,0,168,722,516,146,112,7010,0,2,15970,12578,2,2752,5056,0,64,0,64445,912,12544,33056,6,992,80,0,32768,0,961,48291,0,0,0,26624
1178,1100,0,0,0,0,2,10,7,7,2,6912,24576,719,65250,64,32768,14,224,693,0,0,32,12430,0,0,12398,12430,0,65504,0,0,64,0,65379,880,8896,32768,0,936,64,0,0,0,774,0,0,16384,0,26688
1179,1000,0,0,0,0,2,10,7,7,2,6144,36864,960,65498,64,34816,0,172,722,636,120,112,7385,0,2,15193,12441,2,2112,4544,0,64,0,64642,912,12544,33056,7,992,80,0,32768,0,961,48291,0,16384,0,26624
1179,1100,0,0,0,0,2,10,7,7,2,59904,16896,718,65248,64,32768,14,226,692,0,0,32,12410,0,0,12378,12410,0,65504,0,0,64,0,65507,880,8896,32768,0,936,64,0,0,0,774,0,0,49152,0,26688
1180,1000,0,0,0,0,2,10,7,7,2,55296,27136,954,65427,64,34816,0,175,722,730,94,112,7785,0,2,14441,12329,2,1472,4032,0,64,0,64834,912,12544,33056,8,992,80,0,32768,0,961,48291,0,32768,0,26624
1180,1100,0,0,0,0,2,10,7,7,2,47104,8704,718,65246,64,32768,14,229,691,0,0,32,12406,0,0,12374,12406,0,65504,0,0,64,0,0,880,8896,32768,0,936,64,0,0,0,775,0,0,16384,0,26688
1181,1000,0,0,0,0,2,10,7,7,2,37376,64768,944,65358,64,34816,0,179,721,798,68,32,8209,0,2,13713,12241,2,1344,3744,0,64,0,64998,912,12544,33024,0,992,64,0,32768,0,961,48259,0,49152,0,26624
1181,1100,0,0,0,0,2,10,7,7,2,34304,0,718,65246,64,32768,14,232,690,0,0,32,12406,0,0,12374,12406,0,65504,0,0,64,0,0,880,8896,32768,0,936,64,0,0,0,775,0,0,49152,0,26688
1182,1000,0,0,0,0,2,10,7,7,2,16896,19200,930,65293,64,34816,0,183,721,840,42,32,8429,0,2,13517,12173,2,1216,3456,0,64,0,65159,912,12544,33024,0,992,64,0,32768,0,962,48227,0,0,0,26624
1182,1100,0,0,0,0,2,10,7,7,2,21504,56832,719,65245,64,32768,14,235,688,0,0,32,12406,0,0,12374,12406,0,65504,0,0,64,0,0,880,8896,32768,0,936,64,0,0,0,776,0,0,16384,0,26688
1183,1000,0,0,0,0,2,10,7,7,2,58368,22528,926,65275,64,34816,0,186,720,856,16,32,8669,0,2,13341,12125,2,1088,3168,0,64,0,65316,912,12544,33024,0,992,64,0,32768,0,962,48195,0,16384,0,26624
1183,1100,0,0,0,0,2,10,7,7,2,8960,47872,719,65245,64,32768,14,238,687,0,0,32,12406,0,0,12374,12406,0,65504,0,0,64,0,0,880,8896,32768,0,936,64,0,0,0,776,0,0,49152,0,26688
1184,1000,0,0,0,0,2,10,7,7,2,33280,21248,921,65260,64,34816,0,190,719,846,65526,32,8929,0,2,13185,12097,2,960,2880,0,64,0,65469,912,12544,33024,0,992,64,0,32768,0,962,48163,0,32768,0,26624
1184,1100,0,0,0,0,2,10,7,7,2,61952,38912,720,65245,64,32768,14,240,686,0,0,32,12406,0,0,12374,12406,0,65504,0,0,64,0,0,880,8896,32768,0,936,64,0,0,0,777,0,0,16384,0,26688
1185,1000,0,0,0,0,2,10,7,7,2,6912,16128,917,65246,64,34816,0,194,718,810,65500,32,9208,0,2,13048,12088,2,832,2592,0,64,0,83,912,12608,33024,0,992,64,0,32768,0,962,48131,0,49152,0,26624
1185,1100,0,0,0,0,2,10,7,7,2,49664,29952,720,65245,64,32768,14,243,685,0,0,32,12406,0,0,12374,12406,0,65504,0,0,64,0,0,880,8896,32768,0,936,64,0,0,0,777,0,0,49152,0,26688
1186,1000,0,0,0,0,2,10,7,7,2,45056,7424,914,65234,64,34816,0,197,717,748,65474,32,9506,0,2,12930,12098,2,704,2304,0,64,0,182,912,12608,33024,0,992,64,0,32768,0,963,48099,0,0,0,26624
1186,1100,0,0,0,0,2,10,7,7,2,37376,20992,721,65245,64,32768,14,246,684,0,0,32,12406,0,0,12374,12406,0,65504,0,0,64,0,0,880,8960,32768,0,936,64,0,0,0,778,0,0,16384,0,26688
1187,1000,0,0,0,0,2,10,7,7,2,16896,61184,910,65223,64,34816,0,201,715,660,65448,32,9816,0,2,12824,12120,2,576,2016,0,64,0,279,912,12608,33024,0,992,64,0,32768,0,963,48067,0,16384,0,26624
1187,1100,0,0,0,0,2,10,7,7,2,25344,12032,721,65245,64,32768,14,249,683,0,0,32,12406,0,0,12374,12406,0,65504,0,0,64,0,0,880,8960,32768,0,936,64,0,0,0,778,0,0,49152,0,26688
1188,1000,0,0,0,0,2,10,7,7,2,53248,46592,907,65214,64,34816,0,204,714,546,65422,32,10138,0,2,12730,12154,2,448,1728,0,64,0,374,912,12608,33024,0,992,64,0,32768,0,963,48035,0,32768,0,26624
1188,1100,0,0,0,0,2,10,7,7,2,13312,3072,722,65244,64,32768,14,252,682,0,0,32,12406,0,0,12374,12406,0,65504,0,0,64,0,0,880,8960,32768,0,936,64,0,0,0,779,0,0,16384,0,26688
1189,1000,0,0,0,0,2,10,7,7,2,23296,29696,904,65206,64,34816,0,208,713,406,65396,32,10472,0,2,12648,12200,2,320,1440,0,64,0,466,912,12608,33024,0,992,64,0,32768,0,963,48003,0,49152,0,26624
1189,1100,0,0,0,0,2,10,7,7,2,1536,59392,722,65244,64,32768,14,255,680,0,0,32,12406,0,0,12374,12406,0,65504,0,0,64,0,0,880,8960,32768,0,936,64,0,0,0,779,0,0,49152,0,26688
1190,1000,0,256,0,0,2,10,7,7,2,58112,10752,902,65199,64,34816,0,211,712,240,65370,32,10818,0,2,12578,12258,2,192,1152,0,64,0,556,912,12608,33024,0,992,64,0,32768,0,964,47971,0,0,0,26624
1190,1100,0,256,0,0,2,10,7,7,2,55296,50176,723,65244,64,32768,14,257,679,0,0,32,12406,0,0,12374,12406,0,65504,0,0,64,0,88,880,8960,33025,0,936,64,0,0,0,780,0,0,16384,0,26688
1191,1000,0,0,0,0,2,10,7,7,2,26880,55552,900,65192,64,34816,0,215,710,48,65344,32,11175,0,2,12519,12327,2,96,864,0,64,0,433,912,12608,32768,0,992,64,0,32768,0,964,48452,0,16384,0,26624
1191,1100,0,0,0,0,2,10,7,7,2,43776,40960,723,65244,64,32768,14,260,678,0,0,32,12417,0,0,12385,12417,0,65504,0,0,64,0,176,880,8960,33024,0,936,64,0,0,0,780,0,0,49152,0,26688
1192,1000,0,0,0,0,2,10,7,7,2,60672,33024,898,65187,64,34816,0,218,709,0,0,32,11517,0,0,12477,12381,2,0,576,0,64,0,313,912,12608,32768,0,992,64,0,0,0,964,48933,0,32768,0,26624
1192,1100,0,0,0,0,2,10,7,7,2,32256,31744,724,65244,64,32768,14,263,677,0,0,32,12439,0,0,12407,12439,0,65504,0,0,64,0,264,880,8960,33024,0,936,64,0,0,0,781,0,0,16384,0,26688
1193,1000,0,0,0,0,2,10,7,7,2,28416,9216,897,65184,64,32768,0,222,708,0,0,32,11844,0,0,12420,12420,0,0,288,0,64,0,196,912,12672,32768,0,992,64,0,0,0,964,49414,0,49152,0,26624
1193,1100,0,0,0,0,2,10,7,7,2,20992,22528,724,65246,64,32768,14,266,676,0,0,32,12472,0,0,12440,12472,0,65504,0,0,64,0,136,880,8960,32768,0,936,64,0,0,0,781,0,0,49152,0,26688
1194,1000,0,0,0,0,2,10,7,7,2,61440,50176,896,65178,64,32768,0,225,706,0,0,32,12156,0,0,12444,12444,2,0,288,0,64,0,82,912,12672,32768,0,992,64,0,0,0,965,0,0,0,0,26624
1194,1100,0,0,0,0,2,10,7,7,2,9728,13824,726,65248,64,32768,14,269,675,0,0,32,12489,0,0,12457,12489,0,65504,0,0,64,0,8,880,9024,32768,0,936,64,0,0,0,782,0,0,16384,0,26688
1195,1000,0,0,0,0,2,10,7,7,2,28672,24064,897,65181,64,32768,0,229,705,0,0,32,12166,0,0,12454,12454,0,0,0,0,64,0,0,912,12672,32768,0,992,64,0,0,0,965,65055,0,16384,0,26624
1195,1100,0,0,0,0,2,10,7,7,2,64512,5632,727,65249,64,32768,14,271,674,0,0,32,12490,0,0,12458,12490,0,65504,0,0,64,0,0,880,9024,32768,0,936,64,0,0,0,782,0,0,49152,0,26688
1196,1000,0,0,0,0,2,10,7,7,2,61696,64256,897,65181,64,32768,0,232,703,0,0,32,12454,0,0,12454,12454,2,0,0,0,64,0,0,912,12672,32768,0,992,64,0,0,0,965,0,0,32768,0,26624
1196,1100,0,0,0,0,2,10,7,7,2,54016,63232,728,65249,64,32768,14,274,672,0,0,32,12490,0,0,12458,12490,0,65504,0,0,64,0,0,880,9024,32768,0,936,64,0,0,0,783,0,0,16384,0,26688
1197,1000,0,0,0,0,2,10,7,7,2,29184,38912,897,65181,64,32768,0,236,702,0,0,32,12454,0,0,12454,12454,0,0,0,0,64,0,0,912,12672,32768,0,992,64,0,0,0,965,65055,0,49152,0,26624
1197,1100,0,0,0,0,2,10,7,7,2,43776,55296,728,65249,64,32768,14,277,671,0,0,32,12490,0,0,12458,12490,0,65504,0,0,64,0,0,880,9024,32768,0,936,64,0,0,0,783,0,0,49152,0,26688
1198,1000,0,0,0,0,2,10,7,7,2,62208,13568,898,65181,64,32768,0,239,701,0,0,32,12454,0,0,12454,12454,2,0,0,0,64,0,0,912,12672,32768,0,992,64,0,0,0,966,0,0,0,0,26624
1198,1100,0,0,0,0,2,10,7,7,2,33536,47360,729,65248,64,32768,14,280,670,0,0,32,12490,0,0,12458,12490,0,65504,0,0,64,0,0,880,9024,32768,0,936,64,0,0,0,784,0,0,16384,0,26688
1199,1000,0,256,0,0,2,10,7,7,2,29952,53760,898,65181,64,32768,0,243,699,0,0,32,12454,0,0,12454,12454,0,0,0,0,64,0,0,912,12672,32768,0,992,64,0,0,0,966,65055,0,16384,0,26624
1199,1100,0,256,0,0,2,10,7,7,2,23552,39168,729,65248,64,32768,14,283,669,0,0,32,12490,0,0,12458,12490,0,65504,0,0,64,0,88,880,9024,33025,0,936,64,0,0,0,784,0,0,49152,0,26688
1200,1000,0,0,0,0,2,10,7,7,2,63232,28416,898,65181,64,32768,0,246,698,0,0,32,12454,0,0,12454,12454,2,0,0,0,64,0,0,912,12672,32768,0,992,64,0,0,0,966,0,0,32768,0,26624
1200,1100,0,0,0,0,2,10,7,7,2,13568,30976,730,65248,64,32768,14,286,668,0,0,32,12501,0,0,12469,12501,0,65504,0,0,64,0,176,880,9024,33024,0,936,64,0,0,0,785,0,0,16384,0,26688
1201,1000,0,0,0,0,2,10,7,7,2,30976,3072,898,65181,64,32768,0,250,697,0,0,32,12454,0,0,12454,12454,0,0,0,0,64,0,0,912,12736,32768,0,992,64,0,0,0,966,65055,0,49152,0,26624
1201,1100,0,0,0,0,2,10,7,7,2,3840,22784,730,65249,64,32768,14,289,667,0,0,32,12523,0,0,12491,12523,0,65504,0,0,64,0,264,880,9024,33024,0,936,64,0,0,0,785,0,0,49152,0,26688
1202,1000,0,0,0,0,2,10,7,7,2,64256,43264,899,65181,64,32768,0,253,695,0,0,32,12454,0,0,12454,12454,2,0,0,0,64,0,0,912,12736,32768,0,992,64,0,0,0,967,0,0,0,0,26624
1202,1100,0,0,0,0,2,10,7,7,2,59648,14848,731,65250,64,32768,14,291,666,0,0,32,12556,0,0,12524,12556,0,65504,0,0,64,0,352,880,9088,33024,0,936,64,0,0,0,786,0,0,16384,0,26688
1203,1000,0,0,0,0,2,10,7,7,2,32256,17920,899,65181,64,32768,0,257,694,0,0,32,12454,0,0,12454,12454,0,0,0,0,64,0,0,912,12736,32768,0,992,64,0,0,0,967,65055,0,16384,0,26624
1203,1100,0,0,0,0,2,10,7,7,2,50176,7168,732,65252,64,32768,14,294,665,0,0,32,12600,0,0,12568,12600,0,65504,0,0,64,0,440,880,9088,33024,0,936,64,0,0,0,786,0,0,49152,0,26688
1204,1000,0,0,0,0,2,10,7,7,2,256,58112,899,65181,64,32768,0,261,692,0,0,32,12454,0,0,12454,12454,2,0,0,0,64,0,0,912,12736,32768,0,992,64,0,0,0,967,0,0,32768,0,26624
1204,1100,0,0,0,0,2,10,7,7,2,40960,0,734,65255,64,32768,14,297,664,0,0,32,12655,0,0,12623,12655,0,65504,0,0,64,0,528,880,9088,33024,0,936,64,0,0,0,787,0,0,16384,0,26688
1205,1000,0,0,0,0,2,10,7,7,2,33792,32768,899,65181,64,32768,0,264,691,0,0,32,12454,0,0,12454,12454,0,0,0,0,64,0,0,912,12736,32768,0,992,64,0,0,0,967,65055,0,49152,0,26624
1205,1100,0,0,0,0,2,10,7,7,2,32256,59136,736,65259,64,32768,14,300,662,0,0,32,12721,0,0,12689,12721,0,65504,0,0,64,0,616,880,9088,33024,0,936,64,0,0,0,787,0,0,49152,0,26688
1206,1000,0,0,0,0,2,10,7,7,2,1792,7424,900,65180,64,32768,0,268,690,0,0,32,12454,0,0,12454,12454,2,0,0,0,64,0,0,912,12736,0,0,992,64,0,0,0,968,0,0,0,65526,26624
1206,1100,0,0,0,0,2,10,7,7,2,24064,53760,739,65263,64,32768,14,303,661,0,0,32,12798,0,0,12766,12798,0,65504,0,0,64,0,704,880,9088,33024,0,936,64,0,0,0,788,0,0,16384,0,26688
1207,1000,0,0,0,0,2,10,7,7,2,35584,47360,890,65184,64,32768,0,271,688,0,0,32,12454,0,0,12454,12454,0,0,0,0,64,0,0,912,12736,0,0,992,64,0,0,0,958,65055,0,16384,65526,26624
1207,1100,0,0,0,0,2,10,7,7,2,16640,49408,741,65269,64,32768,14,306,660,0,0,32,12886,0,0,12854,12886,0,65504,0,0,64,0,792,880,9088,33024,0,936,64,0,0,0,788,0,0,49152,0,26688
1208,1000,0,0,0,0,2,10,7,7,2,1280,22784,881,65188,64,32768,0,275,687,0,0,32,12454,0,0,12454,12454,2,0,0,0,64,0,0,912,12736,0,0,992,64,0,0,0,948,0,0,32768,65526,26624
1208,1100,0,0,0,0,2,10,7,7,2,9728,46592,744,65275,64,32768,14,309,659,0,0,32,12985,0,0,12953,12985,0,65504,0,0,64,0,664,880,9088,32768,0,936,64,0,0,0,789,0,0,16384,0,26688
1209,1000,0,0,0,0,2,10,7,7,2,30208,64768,872,65191,64,32768,0,278,685,0,0,32,12454,0,0,12454,12454,0,0,0,0,64,0,0,912,12096,0,0,992,64,0,0,0,938,65055,0,49152,65526,26624
1209,1100,0,0,0,0,2,10,7,7,2,3584,45312,746,65282,64,32768,14,312,658,0,0,32,13068,0,0,13036,13068,0,65504,0,0,64,0,536,880,9088,32768,0,936,64,0,0,0,789,0,0,49152,0,26688
1210,1000,0,256,0,0,2,10,7,7,2,56832,41984,863,65195,64,32768,0,281,684,0,0,32,12454,0,0,12454,12454,2,0,0,0,64,0,0,912,12096,0,0,992,64,0,0,0,929,0,0,0,65526,26624
1210,1100,0,256,0,0,2,10,7,7,2,63488,45824,749,65287,64,32768,14,314,657,0,0,32,13135,0,0,13103,13135,0,65504,0,0,64,0,624,880,9152,33025,0,936,64,0,0,0,790,0,0,16384,0,26688
1211,1000,0,0,0,0,2,10,7,7,2,15616,20224,854,65198,64,32768,0,285,683,0,0,32,12454,0,0,12454,12454,0,0,0,0,64,0,0,912,12096,0,0,992,64,0,0,0,919,65055,0,16384,65526,26624
1211,1100,0,0,0,0,2,10,7,7,2,58624,47616,751,65292,64,32768,14,317,656,0,0,32,13213,0,0,13181,13213,0,65504,0,0,64,0,712,880,9152,33024,0,936,64,0,0,0,790,0,0,49152,0,26688
1212,1000,0,0,0,0,2,10,7,7,2,37632,64768,845,65202,64,32768,0,288,681,0,0,32,12454,0,0,12454,12454,0,0,0,0,64,0,0,912,12096,0,0,992,64,0,0,0,909,0,0,32768,65526,26624
1212,1100,0,0,0,0,2,10,7,7,2,54272,50688,754,65297,64,32768,14,320,655,0,0,32,13302,0,0,13270,13302,0,65504,0,0,64,0,800,880,9152,33024,0,936,64,0,0,0,791,0,0,16384,0,26688
1213,1000,0,0,0,0,2,10,7,7,2,57344,44800,836,65206,64,32768,0,291,680,0,0,32,12454,0,0,12454,12454,0,0,0,0,64,0,0,912,12096,0,0,992,64,0,0,0,899,0,0,49152,65526,26624
1213,1100,0,0,0,0,2,10,7,7,2,50688,55040,756,65304,64,32768,14,323,654,0,0,32,13402,0,0,13370,13402,0,65504,0,0,64,0,672,880,9152,32768,0,936,64,0,0,0,791,0,0,49152,0,26688
1214,1000,0,0,0,0,2,10,7,7,2,9216,25856,827,65209,64,32768,0,295,679,0,0,32,12454,0,0,12454,12454,0,0,0,0,64,0,0,912,12096,0,0,992,64,0,0,0,890,0,0,0,65526,26624
1214,1100,0,0,0,0,2,10,7,7,2,47616,61184,759,65311,64,32768,14,326,653,0,0,32,13486,0,0,13454,13486,0,65504,0,0,64,0,544,880,9152,32768,0,936,64,0,0,0,792,0,0,16384,0,26688
1215,1000,0,0,0,0,2,10,7,7,2,24320,7680,818,65213,64,32768,0,298,678,0,0,32,12454,0,0,12454,12454,0,0,0,0,64,0,0,912,12096,0,0,992,64,0,0,0,880,0,0,16384,65526,26624
1215,1100,0,0,0,0,2,10,7,7,2,45312,3584,761,65317,64,32768,14,329,653,0,0,32,13554,0,0,13522,13554,0,65504,0,0,64,0,416,880,9152,32768,0,936,64,0,0,0,792,0,0,49152,0,26688
1216,1000,0,0,0,0,2,10,7,7,2,37120,56064,809,65216,64,32768,0,301,676,0,0,32,12454,0,0,12454,12454,0,0,0,0,64,0,0,912,12096,0,0,992,64,0,0,0,870,0,0,32768,65526,26624
1216,1100,0,0,0,0,2,10,7,7,2,43520,13056,763,65322,64,32768,14,332,652,0,0,32,13606,0,0,13574,13606,0,65504,0,0,64,0,288,880,9152,32768,0,936,64,0,0,0,793,0,0,16384,0,26688
1217,1000,0,0,0,0,2,10,7,7,2,47616,39680,799,65220,64,32768,0,304,675,0,0,32,12454,0,0,12454,12454,0,0,0,0,64,0,0,912,11456,0,0,992,64,0,0,0,860,0,0,49152,65526,26624
1217,1100,0,0,0,0,2,10,7,7,2,42240,23808,764,65325,64,32768,14,335,651,0,0,32,13642,0,0,13610,13642,0,65504,0,0,64,0,160,880,9152,32768,0,936,64,0,0,0,793,0,0,49152,0,26688
1218,1000,0,128,0,0,2,10,7,7,2,55552,24320,791,65223,64,32768,0,307,674,0,0,32,12454,0,0,12454,12454,0,0,0,0,64,0,0,912,11456,0,0,992,64,0,0,0,851,0,0,0,65526,26624
1218,1100,0,128,0,0,2,10,7,7,2,41216,35328,766,65328,64,32768,14,338,650,0,0,32,13662,0,0,13630,13662,0,65504,0,0,64,0,32,880,9216,32768,0,936,64,0,0,0,794,0,0,16384,0,26688
1219,1000,0,0,0,0,2,10,7,7,2,61440,9728,782,65227,64,32768,0,310,673,0,0,32,12454,0,0,12454,12454,0,0,0,0,64,0,0,912,11456,0,0,992,64,0,0,0,841,0,0,16384,65526,26624
1219,1100,0,0,0,0,2,10,7,7,2,40704,47616,766,65329,64,32768,14,341,649,0,0,32,13666,0,0,13634,13666,0,65504,0,0,64,0,0,880,9216,32768,0,936,64,0,0,0,794,0,0,49152,0,26688
1220,1000,0,0,0,0,2,10,7,7,2,65024,61696,772,65231,64,32768,0,313,671,0,0,32,12454,0,0,12454,12454,0,0,0,0,64,0,0,912,11456,0,0,992,64,0,0,0,831,0,0,32768,65526,26624
1220,1100,0,0,0,0,2,10,7,7,2,40192,60160,767,65329,64,32768,14,344,648,0,0,32,13666,0,0,13634,13666,0,65504,0,0,64,0,0,880,9216,32768,0,936,64,0,0,0,795,0,0,16384,0,26688
1221,1000,0,0,0,0,2,10,7,7,2,512,49152,763,65234,64,32768,0,317,670,0,0,32,12454,0,0,12454,12454,0,0,0,0,64,0,0,912,11456,0,0,992,64,0,0,0,821,0,0,49152,65526,26624
1221,1100,0,0,0,0,2,10,7,7,2,39936,7168,767,65329,64,32768,14,347,648,0,0,32,13666,0,0,13634,13666,0,65504,0,0,64,0,0,880,9216,32768,0,936,64,0,0,0,795,0,0,49152,0,26688
1222,1000,0,0,0,0,2,10,7,7,2,64768,37376,755,65238,64,32768,0,319,669,0,0,32,12454,0,0,12454,12454,0,0,0,0,64,0,0,912,11456,0,0,992,64,0,0,0,812,0,0,0,65526,26624
1222,1100,0,0,0,0,2,10,7,7,2,39680,19712,768,65329,64,32768,14,350,647,0,0,32,13666,0,0,13634,13666,0,65504,0,0,64,0,0,880,9216,32768,0,936,64,0,0,0,796,0,0,16384,0,26688
1223,1000,0,0,0,0,2,10,7,7,2,61440,26624,745,65241,64,32768,0,322,668,0,0,32,12454,0,0,12454,12454,0,0,0,0,64,0,0,912,11456,0,0,992,64,0,0,0,802,0,0,16384,65526,26624
1223,1100,0,0,0,0,2,10,7,7,2,39680,32256,768,65329,64,32768,14,353,646,0,0,32,13666,0,0,13634,13666,0,65504,0,0,64,0,0,880,9216,32768,0,936,64,0,0,0,796,0,0,49152,0,26688
1224,1000,0,0,0,0,2,10,7,7,2,55552,16640,736,65245,64,32768,0,325,667,0,0,32,12454,0,0,12454,12454,0,0,0,0,64,0,0,912,11456,0,0,992,64,0,0,0,792,0,0,32768,65526,26624
1224,1100,0,0,0,0,2,10,7,7,2,39680,44800,769,65329,64,32768,14,356,645,0,0,32,13666,0,0,13634,13666,0,65504,0,0,64,0,0,880,9216,32768,0,936,64,0,0,0,797,0,0,16384,0,26688
1225,1000,0,0,0,0,2,10,7,7,2,47360,7680,727,65249,64,32768,0,328,666,0,0,32,12454,0,0,12454,12454,0,0,0,0,64,0,0,912,10816,0,0,992,64,0,0,0,782,0,0,49152,65526,26624
1225,1100,0,0,0,0,2,10,7,7,2,39936,57344,769,65329,64,32768,14,359,644,0,0,32,13666,0,0,13634,13666,0,65504,0,0,64,0,0,880,9216,32768,0,936,64,0,0,0,797,0,0,49152,0,26688
1226,1000,0,0,0,0,2,10,7,7,2,36864,65280,718,65252,64,32768,0,331,664,0,0,32,12454,0,0,12454,12454,0,0,0,0,64,0,0,912,10816,0,0,992,64,0,0,0,773,0,0,0,65526,26624
1226,1100,0,0,0,0,2,10,7,7,2,40192,4352,770,65329,64,32768,14,362,644,0,0,32,13666,0,0,13634,13666,0,65504,0,0,64,0,0,880,9280,32768,0,936,64,0,0,0,798,0,0,16384,0,26688
1227,1000,0,0,0,0,2,10,7,7,2,24064,58112,709,65256,64,32768,0,334,663,0,0,32,12454,0,0,12454,12454,0,0,0,0,64,0,0,912,10816,0,0,992,64,0,0,0,763,0,0,16384,65528,26624
1227,1100,0,0,0,0,2,10,7,7,2,40704,16896,770,65329,64,32768,14,365,643,0,0,32,13666,0,0,13634,13666,0,65504,0,0,64,0,0,880,9280,32768,0,936,64,0,0,0,798,0,0,49152,0,26688
1228,1000,0,0,0,0,2,10,7,7,2,8960,51968,702,65259,64,32768,0,337,662,0,0,32,12454,0,0,12454,12454,0,0,0,0,64,0,0,912,10816,0,0,992,64,0,0,0,755,0,0,32768,65528,26624
1228,1100,0,0,0,0,2,10,7,7,2,41216,29440,771,65328,64,32768,14,368,642,0,0,32,13666,0,0,13634,13666,0,65504,0,0,64,0,0,880,9280,32768,0,936,64,0,0,0,799,0,0,16384,0,26688
1229,1000,0,0,0,0,2,10,7,7,2,57600,46592,694,65262,64,32768,0,339,661,0,0,32,12454,0,0,12454,12454,0,0,0,0,64,0,0,912,10816,0,0,992,64,0,0,0,747,0,0,49152,65528,26624
1229,1100,0,0,0,0,2,10,7,7,2,41984,41728,771,65328,64,32768,14,371,641,0,0,32,13666,0,0,13634,13666,0,65504,0,0,64,0,0,880,9280,32768,0,936,64,0,0,0,799,0,0,49152,0,26688
1230,1000,0,0,0,0,2,10,7,7,2,38656,41984,688,65264,64,32768,0,342,660,0,0,32,12454,0,0,12454,12454,0,0,0,0,64,0,0,912,10816,0,0,992,64,0,0,0,740,0,0,0,65528,26624
1230,1100,0,0,0,0,2,10,7,7,2,42752,54016,772,65328,64,32768,14,374,640,0,0,32,13666,0,0,13634,13666,0,65504,0,0,64,0,0,880,9280,32768,0,936,64,0,0,0,800,0,0,16384,0,26688
1231,1000,0,0,0,0,2,10,7,7,2,18176,37888,680,65267,64,32768,0,345,659,0,0,32,12454,0,0,12454,12454,0,0,0,0,64,0,0,912,10816,0,0,992,64,0,0,0,732,0,0,16384,65528,26624
1231,1100,0,0,0,0,2,10,7,7,2,43776,768,772,65328,64,32768,14,377,640,0,0,32,13666,0,0,13634,13666,0,65504,0,0,64,0,0,880,9280,32768,0,936,64,0,0,0,800,0,0,49152,0,26688
1232,1000,0,0,0,0,2,10,7,7,2,61184,34560,673,65270,64,32768,0,347,658,0,0,32,12454,0,0,12454,12454,0,0,0,0,64,0,0,912,10816,0,0,992,64,0,0,0,724,0,0,32768,65528,26624
1232,1100,0,0,0,0,2,10,7,7,2,44800,13056,773,65328,64,32768,14,380,639,0,0,32,13666,0,0,13634,13666,0,65504,0,0,64,0,0,880,9280,32768,0,936,64,0,0,0,801,0,0,16384,0,26688
1233,1000,0,0,0,0,2,10,7,7,2,36864,32000,665,65273,64,32768,0,350,657,0,0,32,12454,0,0,12454,12454,0,0,0,0,64,0,0,912,10176,0,0,992,64,0,0,0,716,0,0,49152,65528,26624
1233,1100,0,0,0,0,2,10,7,7,2,46080,25344,773,65328,64,32768,14,383,638,0,0,32,13666,0,0,13634,13666,0,65504,0,0,64,0,0,880,9280,32768,0,936,64,0,0,0,801,0,0,49152,0,26688
1234,1000,0,0,0,0,2,10,7,7,2,10496,30208,659,65276,64,32768,0,353,656,0,0,32,12454,0,0,12454,12454,0,0,0,0,64,0,0,912,10176,0,0,992,64,0,0,0,709,0,0,0,65528,26624
1234,1100,0,0,0,0,2,10,7,7,2,47360,37632,774,65327,64,32768,14,386,637,0,0,32,13666,0,0,13634,13666,0,65504,0,0,64,0,0,880,9344,32768,0,936,64,0,0,0,802,0,0,16384,0,26688
1235,1000,0,0,0,0,2,10,7,7,2,48128,29184,651,65279,64,32768,0,355,655,0,0,32,12454,0,0,12454,12454,0,0,0,0,64,0,0,912,10176,0,0,992,64,0,0,0,701,0,0,16384,65528,26624
1235,1100,0,0,0,0,2,10,7,7,2,48896,49664,774,65327,64,32768,14,389,636,0,0,32,13666,0,0,13634,13666,0,65504,0,0,64,0,0,880,9344,32768,0,936,64,0,0,0,802,0,0,49152,0,26688
1236,1000,0,0,0,0,2,10,7,7,2,18176,28928,644,65281,64,32768,0,358,654,0,0,32,12454,0,0,12454,12454,0,0,0,0,64,0,0,912,10176,0,0,992,64,0,0,0,693,0,0,32768,65528,26624
1236,1100,0,0,0,0,2,10,7,7,2,50432,61696,775,65327,64,32768,14,392,635,0,0,32,13666,0,0,13634,13666,0,65504,0,0,64,0,0,880,9344,32768,0,936,64,0,0,0,803,0,0,16384,0,26688
1237,1000,0,0,0,0,2,10,7,7,2,51968,29184,637,65284,64,32768,0,360,653,0,0,32,12454,0,0,12454,12454,0,0,0,0,64,0,0,912,10176,32768,0,992,64,0,0,0,685,0,0,49152,2,26624
1237,1100,0,0,0,0,2,10,7,7,2,52224,8192,775,65327,64,32768,14,395,635,0,0,32,13666,0,0,13634,13666,0,65504,0,0,64,0,0,880,9344,32768,0,936,64,0,0,0,803,0,0,49152,0,26688
1238,1000,0,0,0,0,2,10,7,7,2,18432,30208,638,65284,64,32768,0,363,652,0,0,32,12454,0,0,12454,12454,0,0,0,0,64,0,0,912,10176,32768,0,992,64,0,0,0,687,0,0,49152,2,26624
1238,1100,0,0,0,0,2,10,7,7,2,54016,20224,776,65327,64,32768,14,398,634,0,0,32,13666,0,0,13634,13666,0,65504,0,0,64,0,0,880,9344,32768,0,936,64,0,0,0,804,0,0,16384,0,26688
1239,1000,0,0,0,0,2,10,7,7,2,50688,31232,640,65283,64,32768,0,365,651,0,0,32,12454,0,0,12454,12454,0,0,0,0,64,0,0,912,10176,32768,0,992,64,0,0,0,689,0,0,49152,2,26624
1239,1100,0,0,0,0,2,10,7,7,2,56064,32256,776,65327,64,32768,14,401,633,0,0,32,13666,0,0,13634,13666,0,65504,0,0,64,0,0,880,9344,32768,0,936,64,0,0,0,804,0,0,49152,0,26688
1240,1000,0,0,0,0,2,10,7,7,2,17920,32000,642,65282,64,32768,0,368,650,0,0,32,12454,0,0,12454,12454,0,0,0,0,64,0,0,912,10176,32768,0,992,64,0,0,0,691,0,0,49152,2,26624
1240,1100,0,0,0,0,2,10,7,7,2,58112,44288,777,65327,64,32768,14,404,632,0,0,32,13666,0,0,13634,13666,0,65504,0,0,64,0,0,880,9344,32768,0,936,64,0,0,0,805,0,0,16384,0,26688
1241,1000,0,0,0,0,2,10,7,7,2,51200,32512,644,65281,64,32768,0,370,649,0,0,32,12454,0,0,12454,12454,0,0,0,0,64,0,0,912,10240,32768,0,992,64,0,0,0,693,0,0,49152,2,26624
1241,1100,0,0,0,0,2,10,7,7,2,60416,56320,777,65327,64,32768,14,407,631,0,0,32,13666,0,0,13634,13666,0,65504,0,0,64,0,0,880,9344,32768,0,936,64,0,0,0,805,0,0,49152,0,26688
1242,1000,0,0,0,0,2,10,7,7,2,19456,32768,646,65281,64,32768,0,373,648,0,0,32,12454,0,0,12454,12454,0,0,0,0,64,0,0,912,10240,32768,0,992,64,0,0,0,695,0,0,49152,2,26624
1242,1100,0,0,0,0,2,10,7,7,2,62720,2816,778,65326,64,32768,14,410,631,0,0,32,13666,0,0,13634,13666,0,65504,0,0,64,0,0,880,9408,32768,0,936,64,0,0,0,806,0,0,16384,0,26688
1243,1000,0,256,0,0,2,10,7,7,2,53760,33024,648,65280,64,32768,0,375,647,0,0,32,12454,0,0,12454,12454,0,0,0,0,64,0,0,912,10240,32768,0,992,64,0,0,0,697,0,0,49152,2,26624
1243,1100,0,256,0,0,2,10,7,7,2,65280,14592,778,65326,64,32768,14,413,630,0,0,32,13666,0,0,13634,13666,0,65504,0,0,64,0,87,880,9408,33025,0,936,64,0,0,0,806,0,0,49152,0,26688
1244,1000,0,0,0,0,2,10,7,7,2,23040,33024,650,65279,64,32768,0,378,646,0,0,32,12454,0,0,12454,12454,0,0,0,0,64,0,0,912,10240,32768,0,992,64,0,0,0,699,0,0,49152,2,26624
1244,1100,0,0,0,0,2,10,7,7,2,2304,26368,779,65326,64,32768,14,417,629,0,0,32,13676,0,0,13644,13676,0,65504,0,0,64,0,174,880,9408,33024,0,936,64,0,0,0,807,0,0,16384,0,26688
1245,1000,0,0,0,0,2,10,7,7,2,58368,32768,651,65279,64,32768,0,380,645,0,0,32,12454,0,0,12454,12454,0,0,0,0,64,0,0,912,10240,32768,0,992,64,0,0,0,701,0,0,49152,2,26624
1245,1100,0,0,0,0,2,10,7,7,2,5120,38144,779,65327,64,32768,14,420,628,0,0,32,13697,0,0,13665,13697,0,65504,0,0,64,0,260,880,9408,33024,0,936,64,0,0,0,807,0,0,49152,0,26688
1246,1000,0,0,0,0,2,10,7,7,2,28416,32512,653,65278,64,32768,0,383,644,0,0,32,12454,0,0,12454,12454,0,0,0,0,64,0,0,912,10240,32768,0,992,64,0,0,0,703,0,0,49152,2,26624
1246,1100,0,0,0,0,2,10,7,7,2,7936,50176,780,65328,64,32768,14,423,627,0,0,32,13729,0,0,13697,13729,0,65504,0,0,64,0,346,880,9408,33024,0,936,64,0,0,0,808,0,0,16384,0,26688
1247,1000,0,0,0,0,2,10,7,7,2,64512,32000,655,65277,64,32768,0,385,643,0,0,32,12454,0,0,12454,12454,0,0,0,0,64,0,0,912,10240,32768,0,992,64,0,0,0,705,0,0,49152,1,26624
1247,1100,0,0,0,0,2,10,7,7,2,11008,62464,781,65331,64,32768,14,426,626,0,0,32,13772,0,0,13740,13772,0,65504,0,0,64,0,432,880,9408,33024,0,936,64,0,0,0,808,0,0,49152,0,26688
1248,1000,0,0,0,0,2,10,7,7,2,35584,31232,657,65276,64,32768,0,388,642,0,0,32,12454,0,0,12454,12454,0,0,0,0,64,0,0,912,10240,32768,0,992,64,0,0,0,707,0,0,16384,1,26624
1248,1100,0,0,0,0,2,10,7,7,2,14336,9984,783,65334,64,32768,14,429,626,0,0,32,13826,0,0,13794,13826,0,65504,0,0,64,0,517,880,9408,33024,0,936,64,0,0,0,809,0,0,16384,0,26688
1249,1000,0,0,0,0,2,10,7,7,2,7168,30208,658,65276,64,32768,0,391,641,0,0,32,12454,0,0,12454,12454,0,0,0,0,64,0,0,912,10304,32768,0,992,64,0,0,0,708,0,0,49152,1,26624
1249,1100,0,0,0,0,2,10,7,7,2,18176,23808,784,65338,64,32768,14,432,625,0,0,32,13890,0,0,13858,13890,0,65504,0,0,64,0,602,880,9408,33024,0,936,64,0,0,0,809,0,0,49152,0,26688
1250,1000,0,0,0,0,2,10,7,7,2,44544,29184,660,65275,64,32768,0,393,640,0,0,32,12454,0,0,12454,12454,0,0,0,0,64,0,0,912,10304,32768,0,992,64,0,0,0,710,0,0,16384,1,26624
1250,1100,0,0,0,0,2,10,7,7,2,22272,38656,786,65342,64,32768,14,435,624,0,0,32,13965,0,0,13933,13965,0,65504,0,0,64,0,687,880,9472,33024,0,936,64,0,0,0,810,0,0,16384,0,26688
1251,1000,0,0,0,0,2,10,7,7,2,16896,27904,661,65275,64,32768,0,396,639,0,0,32,12454,0,0,12454,12454,0,0,0,0,64,0,0,912,10304,32768,0,992,64,0,0,0,711,0,0,49152,1,26624
1251,1100,0,0,0,0,2,10,7,7,2,26880,54528,787,65348,64,32768,14,438,623,0,0,32,14050,0,0,14018,14050,0,65504,0,0,64,0,771,880,9472,33024,0,936,64,0,0,0,810,0,0,49152,0,26688
1252,1000,0,0,0,0,2,10,7,7,2,55040,26624,663,65274,64,32768,0,398,638,0,0,32,12454,0,0,12454,12454,0,0,0,0,64,0,0,912,10304,32768,0,992,64,0,0,0,713,0,0,16384,1,26624
1252,1100,0,0,0,0,2,10,7,7,2,31744,6400,790,65354,64,32768,14,441,623,0,0,32,14146,0,0,14114,14146,0,65504,0,0,64,0,855,880,9472,33024,0,936,64,0,0,0,811,0,0,16384,0,26688
1253,1000,0,0,0,0,2,10,7,7,2,28160,25088,663,65274,64,32768,0,401,637,0,0,32,12454,0,0,12454,12454,0,0,0,0,64,0,0,912,10304,32768,0,992,64,0,0,0,714,0,0,49152,1,26624
1253,1100,0,0,0,0,2,10,7,7,2,37376,25344,791,65361,64,32768,14,444,622,0,0,32,14252,0,0,14220,14252,0,65504,0,0,64,0,939,880,9472,33024,0,936,64,0,0,0,811,0,0,49152,0,26688
1254,1000,0,0,0,0,2,10,7,7,2,1280,23552,665,65273,64,32768,0,404,636,0,0,32,12454,0,0,12454,12454,0,0,0,0,64,0,0,912,10304,32768,0,992,64,0,0,0,716,0,0,16384,1,26624
1254,1100,0,0,0,0,2,10,7,7,2,43264,46080,794,65369,64,32768,14,447,621,0,0,32,14369,0,0,14337,14369,0,65504,0,0,64,0,1022,880,9472,33024,0,936,64,0,0,0,812,0,0,16384,0,26688
1255,1000,0,0,0,0,2,10,7,7,2,40448,21760,666,65273,64,32768,0,406,635,0,0,32,12454,0,0,12454,12454,0,0,0,0,64,0,0,912,10304,32768,0,992,64,0,0,0,717,0,0,49152,1,26624
1255,1100,0,0,0,0,2,10,7,7,2,49920,3328,796,65378,64,32768,14,450,621,0,0,32,14496,0,0,14464,14496,0,65504,0,0,64,0,1105,880,9472,33024,0,936,64,0,0,0,812,0,0,49152,0,26688
1256,1000,0,0,0,0,2,10,7,7,2,14336,19968,668,65272,64,32768,0,409,634,0,0,32,12454,0,0,12454,12454,0,0,0,0,64,0,0,912,10304,32768,0,992,64,0,0,0,719,0,0,16384,1,26624
1256,1100,0,0,0,0,2,10,7,7,2,57088,28416,799,65388,64,32768,14,453,620,0,0,32,14634,0,0,14602,14634,0,65504,0,0,64,0,1188,880,9472,33024,0,936,64,0,0,0,813,0,0,16384,0,26688
1257,1000,0,0,0,0,2,10,7,7,2,54272,17920,669,65272,64,32768,0,411,633,0,0,32,12454,0,0,12454,12454,0,0,0,0,64,0,0,912,10368,32768,0,992,64,0,0,0,720,0,0,49152,1,26624
1257,1100,0,0,0,0,2,10,7,7,2,65024,56064,801,65398,64,32768,14,456,619,0,0,32,14782,0,0,14750,14782,0,65504,0,0,64,0,1271,880,9472,33024,0,936,64,0,0,0,813,0,0,49152,0,26688
1258,1000,0,0,0,0,2,10,7,7,2,28928,15872,671,65271,64,32768,0,414,632,0,0,32,12454,0,0,12454,12454,0,0,0,0,64,0,0,912,10368,32768,0,992,64,0,0,0,722,0,0,16384,1,26624
1258,1100,0,0,0,0,2,10,7,7,2,7936,20736,804,65409,64,32768,14,460,619,0,0,32,14940,0,0,14908,14940,0,65504,0,0,64,0,1353,880,9536,33024,0,936,64,0,0,0,814,0,0,16384,0,26688
1259,1000,256,0,0,0,2,10,7,7,2,4096,13568,672,65270,64,32768,0,417,631,0,0,32,12454,0,0,12454,12454,0,0,0,0,64,0,104,912,10368,33025,0,992,64,0,0,0,723,0,0,49152,1,26624
1259,1100,256,0,0,0,2,10,7,7,2,17152,53760,805,65422,64,32768,14,463,618,0,0,32,15109,0,0,15077,15109,0,65504,0,0,64,0,1435,880,9536,33024,0,936,64,0,0,0,814,0,0,49152,0,26688
1260,1000,0,0,0,0,2,10,7,7,2,45056,11008,674,65270,64,32768,0,419,630,0,0,32,12467,0,0,12467,12467,0,0,0,0,64,0,208,912,10368,33024,0,992,64,0,0,0,725,0,0,16384,1,26624
1260,1100,0,0,0,0,2,10,7,7,2,26624,24576,808,65435,64,32768,14,466,618,0,0,32,15288,0,0,15256,15288,0,65504,0,0,64,0,1517,880,9536,33024,0,936,64,0,0,0,815,0,0,16384,0,26688
1261,1000,0,0,0,0,2,10,7,7,2,20992,8448,675,65270,64,32768,0,422,629,0,0,32,12493,0,0,12493,12493,0,0,0,0,64,0,312,912,10368,33024,0,992,64,0,0,0,726,0,0,49152,1,26624
1261,1100,0,0,0,0,2,10,7,7,2,36864,64256,810,65449,64,32768,14,469,617,0,0,32,15477,0,0,15445,15477,0,65504,0,0,64,0,1598,880,9536,33024,0,936,64,0,0,0,815,0,0,49152,0,26688
1262,1000,0,0,0,0,2,10,7,7,2,62720,5888,678,65271,64,32768,0,424,628,0,0,32,12532,0,0,12532,12532,0,0,0,0,64,0,416,912,10368,33024,0,992,64,0,0,0,728,0,0,16384,1,26624
1262,1100,0,0,0,0,2,10,7,7,2,47616,41984,812,65463,64,32768,14,472,617,0,0,32,15676,0,0,15644,15676,0,65504,0,0,64,0,1679,880,9536,33024,0,936,64,0,0,0,816,0,0,16384,0,26688
1263,1000,0,0,0,0,2,10,7,7,2,39680,3584,680,65273,64,32768,0,427,627,0,0,32,12584,0,0,12584,12584,0,0,0,0,64,0,520,912,10368,33024,0,992,64,0,0,0,729,0,0,49152,1,26624
1263,1100,0,0,0,0,2,10,7,7,2,58880,23296,813,65479,64,32768,14,475,617,0,0,32,15885,0,0,15853,15885,0,65504,0,0,64,0,1767,880,9536,256,0,936,64,0,0,0,816,0,0,49152,65526,26688
1264,1000,0,0,0,0,2,10,7,7,2,17152,1792,682,65276,64,32768,0,430,626,0,0,32,12649,0,0,12649,12649,0,0,0,0,64,0,624,912,10368,33024,0,992,64,0,0,0,731,0,0,16384,1,26624
1264,1100,0,0,0,0,2,10,7,7,2,4864,8704,806,65495,64,32768,14,479,617,0,0,32,16105,0,0,16073,16105,0,65504,0,0,64,0,1855,880,9536,256,0,936,64,0,0,0,807,0,0,16384,65526,26688
1265,1000,0,0,0,0,2,10,7,7,2,60672,768,685,65280,64,32768,0,432,625,0,0,32,12727,0,0,12727,12727,0,0,0,0,64,0,728,912,10432,33024,0,992,64,0,0,0,732,0,0,49152,1,26624
1265,1100,0,0,0,0,2,10,7,7,2,14592,63744,796,65513,64,32768,14,482,616,0,0,32,16336,0,0,16304,16336,0,65504,0,0,64,0,1943,880,9536,256,0,936,64,0,0,0,797,0,0,49152,65526,26688
1266,1000,0,0,0,0,2,10,7,7,2,39424,768,689,65284,64,32768,0,435,624,0,0,32,12818,0,0,12818,12818,0,0,0,0,64,0,832,912,10432,33024,0,992,64,0,0,0,734,0,0,16384,1,26624
1266,1100,0,0,0,0,2,10,7,7,2,21760,57856,787,65530,64,32768,14,485,616,0,0,32,16578,0,0,16546,16578,0,65504,0,0,64,0,2031,880,8896,256,0,936,64,0,0,0,788,0,0,16384,65526,26688
1267,1000,0,0,0,0,2,10,7,7,2,19200,1792,692,65290,64,32768,0,438,623,0,0,32,12922,0,0,12922,12922,0,0,0,0,64,0,936,912,10432,33024,0,992,64,0,0,0,735,0,0,49152,1,26624
1267,1100,0,0,0,0,2,10,7,7,2,26624,56320,777,13,64,32768,14,488,616,0,0,32,16831,0,0,16799,16831,0,65504,0,0,64,0,2119,880,8896,33024,0,936,64,0,0,0,778,0,0,49152,0,26688
1268,1000,0,0,0,0,2,10,7,7,2,65280,4352,696,65296,64,32768,0,440,622,0,0,32,13039,0,0,13039,13039,0,0,0,0,64,0,1040,912,10432,33024,0,992,64,0,0,0,737,0,0,16384,1,26624
1268,1100,0,0,0,0,2,10,7,7,2,28928,59648,778,31,64,32768,14,491,616,0,0,32,17095,0,0,17063,17095,0,65504,0,0,64,0,2207,880,8896,33024,0,936,64,0,0,0,779,0,0,16384,0,26688
1269,1000,0,0,0,0,2,10,7,7,2,46848,8448,700,65304,64,32768,0,443,621,0,0,32,13169,0,0,13169,13169,0,0,0,0,64,0,1144,912,10432,33024,0,992,64,0,0,0,738,0,0,49152,1,26624
1269,1100,0,0,0,0,2,10,7,7,2,31488,2048,777,51,64,32768,14,494,617,0,0,32,17370,0,0,17338,17370,0,65504,0,0,64,0,2295,880,8896,33024,0,936,64,0,0,0,779,0,0,49152,0,26688
1270,1000,0,0,0,0,2,10,7,7,2,29440,14592,705,65312,64,32768,0,446,620,0,0,32,13312,0,0,13312,13312,0,0,0,0,64,0,1248,912,10432,33024,0,992,64,0,0,0,740,0,0,16384,1,26624
1270,1100,0,0,0,0,2,10,7,7,2,33792,15104,776,72,64,32768,14,497,617,0,0,32,17656,0,0,17624,17656,0,65504,0,0,64,0,2383,880,8896,33024,0,936,64,0,0,0,780,0,0,16384,0,26688
1271,1000,0,0,0,0,2,10,7,7,2,13312,22784,709,65321,64,32768,0,449,619,0,0,32,13468,0,0,13468,13468,0,0,0,0,64,0,1352,912,10432,33024,0,992,64,0,0,0,741,0,0,49152,1,26624
1271,1100,0,0,0,0,2,10,7,7,2,35840,33536,774,93,64,32768,14,500,617,0,0,32,17953,0,0,17921,17953,0,65504,0,0,64,0,2471,880,8896,33024,0,936,64,0,0,0,780,0,0,49152,0,26688
1272,1000,0,0,0,0,2,10,7,7,2,63744,33280,714,65331,64,32768,0,451,618,0,0,32,13637,0,0,13637,13637,0,0,0,0,64,0,1456,912,10432,33024,0,992,64,0,0,0,743,0,0,16384,1,26624
1272,1100,0,0,0,0,2,10,7,7,2,37376,57344,772,115,64,32768,14,503,617,0,0,32,18261,0,0,18229,18261,0,65504,0,0,64,0,2453,880,8896,33024,0,936,64,0,0,0,781,0,0,16384,0,26688
1273,1000,0,0,0,0,2,10,7,7,2,49920,46336,718,65343,64,32768,0,454,617,0,0,32,13819,0,0,13819,13819,0,0,0,0,64,0,1560,912,10496,33024,0,992,64,0,0,0,744,0,0,49152,1,26624
1273,1100,0,0,0,0,2,10,7,7,2,38400,21248,768,138,64,32768,14,506,618,0,0,32,18567,0,0,18535,18567,0,65504,0,0,64,0,2453,880,8896,33024,0,936,64,0,0,0,781,0,0,49152,0,26688
1274,1000,0,0,0,0,2,10,7,7,2,37120,62464,723,65355,64,32768,0,457,616,0,0,32,14014,0,0,14014,14014,0,0,0,0,64,0,1664,912,10496,33024,0,992,64,0,0,0,746,0,0,16384,1,26624
1274,1100,0,0,0,0,2,10,7,7,2,38400,56576,765,161,64,32768,14,509,618,0,0,32,18873,0,0,18841,18873,0,65504,0,0,64,0,2453,880,8960,33024,0,936,64,0,0,0,782,0,0,16384,0,26688
1275,1000,0,0,0,0,2,10,7,7,2,25600,16128,727,65368,64,32768,0,460,616,0,0,32,14222,0,0,14222,14222,0,0,0,0,64,0,1768,912,10496,33024,0,992,64,0,0,0,747,0,0,49152,1,26624
1275,1100,0,0,0,0,2,10,7,7,2,37632,32256,760,183,64,32768,14,512,619,0,0,32,19179,0,0,19147,19179,0,65504,0,0,64,0,2453,880,8960,33024,0,936,64,0,0,0,782,0,0,49152,0,26688
1276,1000,0,0,0,0,2,10,7,7,2,15104,38656,732,65382,64,32768,0,463,615,0,0,32,14443,0,0,14443,14443,0,0,0,0,64,0,1872,912,10496,33024,0,992,64,0,0,0,749,0,0,16384,1,26624
1276,1100,0,0,0,0,2,10,7,7,2,35584,13568,755,205,64,32768,14,515,620,0,0,32,19485,0,0,19453,19485,0,65504,0,0,64,0,2453,880,8960,33024,0,936,64,0,0,0,783,0,0,16384,0,26688
1277,1000,0,0,0,0,2,10,7,7,2,5888,64768,737,65398,64,32768,0,466,614,0,0,32,14677,0,0,14677,14677,0,0,0,0,64,0,1976,912,10496,33024,0,992,64,0,0,0,750,0,0,49152,1,26624
1277,1100,0,0,0,0,2,10,7,7,2,32256,512,749,228,64,32768,14,518,621,0,0,32,19791,0,0,19759,19791,0,65504,0,0,64,0,2453,880,8960,33024,0,936,64,0,0,0,783,0,0,49152,0,26688
1278,1000,0,0,0,0,2,10,8,7,2,63488,29440,741,65414,64,32768,0,468,614,0,0,32,14924,0,0,14924,14924,0,0,0,0,64,0,2080,912,10496,33024,0,992,64,0,0,0,752,0,0,16384,1,26624
1278,1100,0,0,0,0,2,10,8,7,2,27392,58880,743,250,26,32768,14,521,621,0,0,32,20097,0,0,20065,20097,0,65504,0,0,26,0,2453,880,8960,33024,0,944,64,0,0,0,784,0,0,16384,0,26688
1279,1000,0,0,0,0,2,10,8,7,2,56576,63744,745,65431,64,32768,0,471,613,0,0,32,15184,0,0,15184,15184,0,0,0,0,64,0,2184,912,10496,33024,0,992,64,0,0,0,753,0,0,49152,1,26624
1279,1100,0,0,0,0,2,10,8,7,2,20992,57344,735,271,64,32768,14,524,622,0,0,32,20403,0,0,20371,20403,0,65504,0,0,64,0,2453,880,8960,33024,0,944,64,0,0,0,784,0,0,49152,0,26688
1280,1000,0,0,0,0,2,10,8,7,2,50688,36864,750,65450,64,32768,0,474,613,0,0,32,15457,0,0,15457,15457,0,0,0,0,64,0,2288,912,10496,256,0,992,64,0,0,0,755,0,0,16384,65528,26624
1280,1100,0,0,0,0,2,10,8,7,2,12544,61184,728,293,64,32768,14,527,623,0,0,32,20709,0,0,20677,20709,0,65504,0,0,64,0,2453,880,8960,33024,0,944,64,0,0,0,785,0,0,16384,0,26688
1281,1000,0,0,0,0,2,10,8,7,2,46080,14848,744,65470,64,32768,0,477,613,0,0,32,15743,0,0,15743,15743,0,0,0,0,64,0,2392,912,9856,256,0,992,64,0,0,0,747,0,0,49152,65528,26624
1281,1100,0,0,0,0,2,10,8,7,2,2304,5120,719,315,64,32768,14,530,625,0,0,32,21015,0,0,20983,21015,0,65504,0,0,64,0,2453,880,8960,33024,0,944,64,0,0,0,785,0,0,49152,0,26688
1282,1000,0,0,0,0,2,10,8,7,2,39936,63488,738,65491,64,32768,0,480,612,0,0,32,16042,0,0,16042,16042,0,0,0,0,64,0,2496,912,9856,33024,0,992,64,0,0,0,740,0,0,16384,1,26624
1282,1100,0,0,0,0,2,10,8,7,2,55296,20224,710,336,64,32768,14,532,626,0,0,32,21321,0,0,21289,21321,0,65504,0,0,64,0,2453,880,9024,33024,0,944,64,0,0,0,786,0,0,16384,0,26688
1283,1000,0,0,0,0,2,10,8,7,2,32256,51968,740,65512,64,32768,0,483,612,0,0,32,16354,0,0,16354,16354,0,0,0,0,64,0,2453,912,9856,33024,0,992,64,0,0,0,741,0,0,49152,1,26624
1283,1100,0,0,0,0,2,10,8,7,2,40448,40704,700,357,64,32768,14,535,627,0,0,32,21627,0,0,21595,21627,0,65504,0,0,64,0,2453,880,9024,33024,0,944,64,0,0,0,786,0,0,49152,0,26688
1284,1000,0,0,0,0,2,10,8,7,2,25088,45824,742,65534,64,32768,0,486,612,0,0,32,16660,0,0,16660,16660,0,0,0,0,64,0,2453,912,9856,33024,0,992,64,0,0,0,743,0,0,16384,1,26624
1284,1100,0,0,0,0,2,10,8,7,2,23040,1024,690,378,64,32768,14,538,629,0,0,32,21933,0,0,21901,21933,0,65504,0,0,64,0,2453,880,9024,33024,0,944,64,0,0,0,787,0,0,16384,0,26688
1285,1000,0,0,0,0,2,10,8,7,2,18432,45312,743,20,64,32768,0,489,612,0,0,32,16966,0,0,16966,16966,0,0,0,0,64,0,2453,912,9856,33024,0,992,64,0,0,0,744,0,0,49152,1,26624
1285,1100,0,0,0,0,2,10,8,7,2,3072,32256,679,398,64,32768,14,541,630,0,0,32,22239,0,0,22207,22239,0,65504,0,0,64,0,2453,880,9024,33024,0,944,64,0,0,0,787,0,0,49152,0,26688
1286,1000,0,0,0,0,2,10,8,7,2,12032,50432,744,42,64,32768,0,492,612,0,0,32,17272,0,0,17272,17272,0,0,0,0,64,0,2453,912,9856,33024,0,992,64,0,0,0,746,0,0,16384,1,26624
1286,1100,0,0,0,0,2,10,8,7,2,45824,3072,668,418,64,32768,14,543,632,0,0,32,22545,0,0,22513,22545,0,65504,0,0,64,0,2453,880,9024,33024,0,944,64,0,0,0,788,0,0,16384,0,26688
1287,1000,0,0,0,0,2,10,8,7,2,5888,61184,744,64,64,32768,0,495,612,0,0,32,17578,0,0,17578,17578,0,0,0,0,64,0,2453,912,9856,33024,0,992,64,0,0,0,747,0,0,49152,1,26624
1287,1100,0,0,0,0,2,10,8,7,2,20224,44544,656,437,64,32768,14,546,633,0,0,32,22851,0,0,22819,22851,0,65504,0,0,64,0,2453,880,9024,33024,0,944,64,0,0,0,788,0,0,49152,0,26688
1288,1000,0,0,0,0,2,10,8,7,2,65280,12032,744,86,64,32768,0,497,613,0,0,32,17884,0,0,17884,17884,0,0,0,0,64,0,2453,912,9856,33024,0,992,64,0,0,0,749,0,0,16384,1,26624
1288,1100,0,0,0,0,2,10,8,7,2,57088,25344,643,457,64,32768,14,548,635,0,0,32,23157,0,0,23125,23157,0,65504,0,0,64,0,2453,880,9024,33024,0,944,64,0,0,0,789,0,0,16384,0,26688
1289,1000,0,0,0,0,2,10,8,7,2,59136,34048,742,108,64,32768,0,500,613,0,0,32,18190,0,0,18190,18190,0,0,0,0,64,0,2453,912,9920,33024,0,992,64,0,0,0,750,0,0,49152,1,26624
1289,1100,0,0,0,0,2,10,8,7,2,25088,11264,629,476,64,32768,14,551,637,0,0,32,23463,0,0,23431,23463,0,65504,0,0,64,0,2453,880,9024,33024,0,944,64,0,0,0,789,0,0,49152,0,26688
1290,1000,0,0,0,0,2,10,8,7,2,52480,61696,740,130,64,32768,0,503,613,0,0,32,18496,0,0,18496,18496,0,0,0,0,64,0,2453,912,9920,33024,0,992,64,0,0,0,752,0,0,16384,1,26624
1290,1100,0,0,0,0,2,10,8,7,2,55040,2048,616,495,64,32768,14,553,639,0,0,32,23769,0,0,23737,23769,0,65504,0,0,64,0,2453,880,9088,33024,0,944,64,0,0,0,790,0,0,16384,0,26688
1291,1000,0,0,0,0,2,10,8,7,2,45312,29440,737,152,64,32768,0,506,614,0,0,32,18802,0,0,18802,18802,0,0,0,0,64,0,2453,912,9920,33024,0,992,64,0,0,0,753,0,0,49152,1,26624
1291,1100,0,0,0,0,2,10,8,7,2,16128,63232,601,512,64,32768,14,556,640,0,0,32,24075,0,0,24043,24075,0,65504,0,0,64,0,2453,880,9088,33024,0,944,64,0,0,0,790,0,0,49152,0,26688
1292,1000,0,0,0,0,2,10,8,7,2,37376,2816,734,174,64,32768,0,509,615,0,0,32,19108,0,0,19108,19108,0,0,0,0,64,0,2453,912,9920,33024,0,992,64,0,0,0,755,0,0,16384,1,26624
1292,1100,0,0,0,0,2,10,8,7,2,38912,63232,587,531,64,32768,14,558,642,0,0,32,24381,0,0,24349,24381,0,65504,0,0,64,0,2453,880,9088,33024,0,944,64,0,0,0,791,0,0,16384,0,26688
1293,1000,0,0,0,0,2,10,8,7,2,28672,47360,730,196,64,32768,0,512,615,0,0,32,19414,0,0,19414,19414,0,0,0,0,64,0,2453,912,9920,33024,0,992,64,0,0,0,756,0,0,49152,1,26624
1293,1100,0,0,0,0,2,10,8,7,2,58112,2560,571,547,64,32768,14,560,645,0,0,32,24687,0,0,24655,24687,0,65504,0,0,64,0,2453,880,9088,33024,0,944,64,0,0,0,791,0,0,49152,0,26688
1294,1000,0,0,0,0,2,10,8,7,2,18944,32000,726,218,64,32768,0,515,616,0,0,32,19720,0,0,19720,19720,0,0,0,0,64,0,2453,912,9920,33024,0,992,64,0,0,0,758,0,0,16384,1,26624
1294,1100,0,0,0,0,2,10,8,7,2,7680,11520,555,565,64,32768,14,563,647,0,0,32,24993,0,0,24961,24993,0,65504,0,0,64,0,2453,880,9088,33024,0,944,64,0,0,0,792,0,0,16384,0,26688
1295,1000,0,0,0,0,2,10,8,7,2,8192,22272,720,239,64,32768,0,518,617,0,0,32,20026,0,0,20026,20026,0,0,0,0,64,0,2453,912,9920,33024,0,992,64,0,0,0,759,0,0,49152,1,26624
1295,1100,0,0,0,0,2,10,8,7,2,18688,25088,538,581,64,32768,14,565,649,0,0,32,25299,0,0,25267,25299,0,65504,0,0,64,0,2453,880,9088,33024,0,944,64,0,0,0,792,0,0,49152,0,26688
1296,1000,0,0,0,0,2,10,8,7,2,61440,17920,715,261,64,32768,0,520,618,0,0,32,20332,0,0,20332,20332,0,0,0,0,64,0,2453,912,9920,33024,0,992,64,0,0,0,761,0,0,16384,1,26624
1296,1100,0,0,0,0,2,10,8,7,2,25344,42752,522,597,64,32768,14,567,651,0,0,32,25605,0,0,25573,25605,0,65504,0,0,64,0,2453,880,9088,33024,0,944,64,0,0,0,793,0,0,16384,0,26688
1297,1000,0,0,0,0,2,10,8,7,2,47872,19200,708,282,64,32768,0,523,619,0,0,32,20638,0,0,20638,20638,0,0,0,0,64,0,2453,912,9984,33024,0,992,64,0,0,0,762,0,0,49152,1,26624
1297,1100,0,0,0,0,2,10,8,7,2,27904,64512,504,612,64,32768,14,569,653,0,0,32,25911,0,0,25879,25911,0,65504,0,0,64,0,2453,880,9088,33024,0,944,64,0,0,0,793,0,0,49152,0,26688
1298,1000,0,0,0,0,2,10,8,7,2,32512,25856,701,304,64,32768,0,526,620,0,0,32,20944,0,0,20944,20944,0,0,0,0,64,0,2453,912,9984,33024,0,992,64,0,0,0,764,0,0,16384,1,26624
1298,1100,0,0,0,0,2,10,8,7,2,25856,24576,487,628,64,32768,14,571,656,0,0,32,26217,0,0,26185,26217,0,65504,0,0,64,0,2325,880,9152,32768,0,944,64,0,0,0,794,0,0,16384,0,26688
1299,1000,0,0,0,0,2,10,8,7,2,15360,38144,693,324,64,32768,0,529,621,0,0,32,21250,0,0,21250,21250,0,0,0,0,64,0,2453,912,9984,33024,0,992,64,0,0,0,765,0,0,49152,1,26624
1299,1100,0,0,0,0,2,10,8,7,2,19456,54272,468,642,64,32768,14,573,658,0,0,32,26507,0,0,26475,26507,0,65504,0,0,64,0,2197,880,9152,32768,0,944,64,0,0,0,794,0,0,49152,0,26688
1300,1000,0,0,0,0,2,10,8,7,2,61696,55552,685,345,64,32768,0,531,622,0,0,32,21556,0,0,21556,21556,0,0,0,0,64,0,2453,912,9984,33024,0,992,64,0,0,0,767,0,0,16384,1,26624
1300,1100,0,0,0,0,2,10,8,7,2,8192,22016,451,655,64,32768,14,575,661,0,0,32,26781,0,0,26749,26781,0,65504,0,0,64,0,2069,880,9152,32768,0,944,64,0,0,0,795,0,0,16384,0,26688
1301,1000,0,0,0,0,2,10,8,7,2,40448,12800,675,366,64,32768,0,534,624,0,0,32,21862,0,0,21862,21862,0,0,0,0,64,0,2453,912,9984,33024,0,992,64,0,0,0,768,0,0,49152,1,26624
1301,1100,0,0,0,0,2,10,8,7,2,58112,58624,433,667,64,32768,14,576,663,0,0,32,27039,0,0,27007,27039,0,65504,0,0,64,0,1941,880,9152,32768,0,944,64,0,0,0,795,0,0,49152,0,26688
1302,1000,0,0,0,0,2,10,8,7,2,16640,40960,665,386,64,32768,0,537,625,0,0,32,22168,0,0,22168,22168,0,0,0,0,64,0,2453,912,9984,33024,0,992,64,0,0,0,769,0,0,49152,1,26624
1302,1100,0,0,0,0,2,10,8,7,2,37888,32768,417,678,64,32768,14,578,666,0,0,32,27281,0,0,27249,27281,0,65504,0,0,64,0,1813,880,9152,32768,0,944,64,0,0,0,796,0,0,16384,0,26688
1303,1000,0,0,0,0,2,10,8,7,2,55808,8704,654,406,64,32768,0,539,627,0,0,32,22474,0,0,22474,22474,0,0,0,0,64,0,2453,912,9984,33024,0,992,64,0,0,0,770,0,0,49152,1,26624
1303,1100,0,0,0,0,2,10,8,7,2,13568,9728,401,688,64,32768,14,580,669,0,0,32,27507,0,0,27475,27507,0,65504,0,0,64,0,1685,880,9152,32768,0,944,64,0,0,0,796,0,0,49152,0,26688
1304,1000,0,0,0,0,2,10,8,7,2,26624,47104,643,426,64,32768,0,542,628,0,0,32,22780,0,0,22780,22780,0,0,0,0,64,0,2453,912,9984,33024,0,992,64,0,0,0,771,0,0,49152,1,26624
1304,1100,0,0,0,0,2,10,8,7,2,50688,54784,387,697,64,32768,14,581,671,0,0,32,27717,0,0,27685,27717,0,65504,0,0,64,0,1557,880,9152,32768,0,944,64,0,0,0,797,0,0,16384,0,26688
1305,1000,0,0,0,0,2,10,8,7,2,60160,25088,631,445,64,32768,0,544,630,0,0,32,23086,0,0,23086,23086,0,0,0,0,64,0,2453,912,10048,33024,0,992,64,0,0,0,772,0,0,49152,1,26624
1305,1100,0,0,0,0,2,10,8,7,2,18688,36608,373,705,64,32768,14,583,674,0,0,32,27911,0,0,27879,27911,0,65504,0,0,64,0,1429,880,9152,32768,0,944,64,0,0,0,797,0,0,49152,0,26688
1306,1000,0,0,0,0,2,10,8,7,2,25088,7936,618,464,64,32768,0,547,632,0,0,32,23392,0,0,23392,23392,0,0,0,0,64,0,2341,912,10048,32768,0,992,64,0,0,0,773,0,0,49152,1,26624
1306,1100,0,0,0,0,2,10,8,7,2,48640,20480,360,713,64,32768,14,584,677,0,0,32,28089,0,0,28057,28089,0,65504,0,0,64,0,1301,880,9216,32768,0,944,64,0,0,0,798,0,0,16384,0,26688
1307,1000,0,0,0,0,2,10,8,7,2,52224,61184,605,482,64,32768,0,549,633,0,0,32,23684,0,0,23684,23684,0,0,0,0,64,0,2229,912,10048,32768,0,992,64,0,0,0,774,0,0,49152,1,26624
1307,1100,0,0,0,0,2,10,8,7,2,9728,6400,348,719,64,32768,14,586,680,0,0,32,28251,0,0,28219,28251,0,65504,0,0,64,0,1173,880,9216,32768,0,944,64,0,0,0,798,0,0,49152,0,26688
1308,1000,0,0,0,0,2,10,8,7,2,10496,53504,592,500,64,32768,0,552,635,0,0,32,23962,0,0,23962,23962,0,0,0,0,64,0,2117,912,10048,32768,0,992,64,0,0,0,775,0,0,49152,1,26624
1308,1100,0,0,0,0,2,10,8,7,2,33280,59392,337,725,64,32768,14,587,682,0,0,32,28397,0,0,28365,28397,0,65504,0,0,64,0,1045,880,9216,32768,0,944,64,0,0,0,799,0,0,16384,0,26688
1309,1000,0,0,0,0,2,10,8,7,2,30976,50432,580,516,64,32768,0,554,637,0,0,32,24226,0,0,24226,24226,0,0,0,0,64,0,2005,912,10048,32768,0,992,64,0,0,0,776,0,0,49152,1,26624
1309,1100,0,0,0,0,2,10,8,7,2,54016,48384,327,729,64,32768,14,588,685,0,0,32,28527,0,0,28495,28527,0,65504,0,0,64,0,917,880,9216,32768,0,944,64,0,0,0,799,0,0,49152,0,26688
1310,1000,0,0,0,0,2,10,8,7,2,48384,51456,567,531,64,32768,0,556,639,0,0,32,24476,0,0,24476,24476,0,0,0,0,64,0,1893,912,10048,32768,0,992,64,0,0,0,777,0,0,49152,1,26624
1310,1100,0,0,0,0,2,10,8,7,2,6656,38400,318,734,64,32768,14,590,688,0,0,32,28641,0,0,28609,28641,0,65504,0,0,64,0,785,880,9216,32768,0,944,64,0,0,0,800,0,0,16384,0,26688
1311,1000,0,0,0,0,2,10,8,7,2,62464,56320,555,545,64,32768,0,558,641,0,0,32,24712,0,0,24712,24712,0,0,0,0,64,0,1781,912,10048,32768,0,992,64,0,0,0,778,0,0,49152,1,26624
1311,1100,0,0,0,0,2,10,8,7,2,22528,29696,310,738,64,32768,14,591,691,0,0,32,28739,0,0,28707,28739,0,65504,0,0,64,0,654,880,9216,32768,0,944,64,0,0,0,800,0,0,49152,0,26688
1312,1000,0,0,0,0,2,10,8,7,2,7936,64768,543,558,64,32768,0,561,643,0,0,32,24934,0,0,24934,24934,0,0,0,0,64,0,1669,912,10048,32768,0,992,64,0,0,0,779,0,0,49152,1,26624
1312,1100,0,0,0,0,2,10,8,7,2,36352,22016,304,742,64,32768,14,592,694,0,0,32,28820,0,0,28788,28820,0,65504,0,0,64,0,523,880,9216,32768,0,944,64,0,0,0,801,0,0,16384,0,26688
1313,1000,0,0,0,0,2,10,8,7,2,15872,11008,532,571,64,32768,0,563,646,0,0,32,25142,0,0,25142,25142,0,0,0,0,64,0,1557,912,10112,32768,0,992,64,0,0,0,780,0,0,49152,1,26624
1313,1100,0,0,0,0,2,10,8,7,2,48640,15360,298,744,64,32768,14,593,697,0,0,32,28885,0,0,28853,28885,0,65504,0,0,64,0,393,880,9216,32768,0,944,64,0,0,0,801,0,0,49152,0,26688
1314,1000,0,0,0,0,2,10,8,7,2,20992,26112,521,582,64,32768,0,565,648,0,0,32,25336,0,0,25336,25336,0,0,0,0,64,0,1445,912,10112,32768,0,992,64,0,0,0,781,0,0,49152,1,26624
1314,1100,0,0,0,0,2,10,8,7,2,59392,9216,294,747,64,32768,14,594,700,0,0,32,28934,0,0,28902,28934,0,65504,0,0,64,0,263,880,9280,32768,0,944,64,0,0,0,802,0,0,16384,0,26688
1315,1000,0,0,0,0,2,10,8,7,2,23296,44032,511,592,64,32768,0,567,650,0,0,32,25516,0,0,25516,25516,0,0,0,0,64,0,1333,912,10112,32768,0,992,64,0,0,0,782,0,0,49152,1,26624
1315,1100,0,0,0,0,2,10,8,7,2,3584,3840,290,748,64,32768,14,596,703,0,0,32,28966,0,0,28934,28966,0,65504,0,0,64,0,134,880,9280,32768,0,944,64,0,0,0,802,0,0,49152,0,26688
1316,1000,0,0,0,0,2,10,8,7,2,23040,64512,501,602,64,32768,0,569,652,0,0,32,25682,0,0,25682,25682,0,0,0,0,64,0,1221,912,10112,32768,0,992,64,0,0,0,783,0,0,49152,1,26624
1316,1100,0,0,0,0,2,10,8,7,2,12288,64256,288,750,64,32768,14,597,705,0,0,32,28982,0,0,28950,28982,0,65504,0,0,64,0,5,880,9280,32768,0,944,64,0,0,0,803,0,0,16384,0,26688
1317,1000,0,0,0,0,2,10,8,7,2,20224,22016,492,610,64,32768,0,571,655,0,0,32,25834,0,0,25834,25834,0,0,0,0,64,0,1109,912,10112,32768,0,992,64,0,0,0,784,0,0,49152,1,26624
1317,1100,0,0,0,0,2,10,8,7,2,20480,59648,287,750,64,32768,14,598,708,0,0,32,28982,0,0,28950,28982,0,65504,0,0,64,0,0,880,9280,32768,0,944,64,0,0,0,803,0,0,49152,0,26688
1318,1000,0,0,0,0,2,10,8,7,2,15104,47104,484,618,64,32768,0,573,657,0,0,32,25972,0,0,25972,25972,0,0,0,0,64,0,997,912,10112,32768,0,992,64,0,0,0,785,0,0,49152,1,26624
1318,1100,0,0,0,0,2,10,8,7,2,28416,55040,287,751,64,32768,14,599,711,0,0,32,28982,0,0,28950,28982,0,65504,0,0,64,0,0,880,9280,32768,0,944,64,0,0,0,804,0,0,16384,0,26688
1319,1000,0,0,0,0,2,10,8,7,2,7936,8704,476,625,64,32768,0,575,660,0,0,32,26096,0,0,26096,26096,0,0,0,0,64,0,885,912,10112,32768,0,992,64,0,0,0,786,0,0,49152,1,26624
1319,1100,0,0,0,0,2,10,8,7,2,36352,50688,287,751,64,32768,14,600,714,0,0,32,28982,0,0,28950,28982,0,65504,0,0,64,0,0,880,9280,32768,0,944,64,0,0,0,804,0,0,49152,0,26688
1320,1000,0,0,0,0,2,10,8,7,2,64256,37632,469,632,64,32768,0,576,662,0,0,32,26206,0,0,26206,26206,0,0,0,0,64,0,773,912,10112,32768,0,992,64,0,0,0,787,0,0,49152,1,26624
1320,1100,0,0,0,0,2,10,8,7,2,44288,46336,288,752,64,32768,14,601,717,0,0,32,28982,0,0,28950,28982,0,65504,0,0,64,0,0,880,9280,32768,0,944,64,0,0,0,805,0,0,16384,0,26688
1321,1000,0,0,0,0,2,10,8,7,2,53248,2816,463,638,64,32768,0,578,665,0,0,32,26302,0,0,26302,26302,0,0,0,0,64,0,661,912,10176,32768,0,992,64,0,0,0,788,0,0,49152,1,26624
1321,1100,0,0,0,0,2,10,8,7,2,52480,42240,288,752,64,32768,14,602,720,0,0,32,28982,0,0,28950,28982,0,65504,0,0,64,0,0,880,9280,32768,0,944,64,0,0,0,805,0,0,49152,0,26688
1322,1000,0,0,0,0,2,10,8,7,2,40704,35072,458,643,64,32768,0,580,667,0,0,32,26384,0,0,26384,26384,0,0,0,0,64,0,549,912,10176,32768,0,992,64,0,0,0,789,0,0,49152,1,26624
1322,1100,0,0,0,0,2,10,8,7,2,60672,38144,288,753,64,32768,14,603,723,0,0,32,28982,0,0,28950,28982,0,65504,0,0,64,0,0,880,9344,32768,0,944,64,0,0,0,806,0,0,16384,0,26688
1323,1000,0,0,0,0,2,10,8,7,2,26880,3072,453,647,64,32768,0,582,670,0,0,32,26452,0,0,26452,26452,0,0,0,0,64,0,437,912,10176,32768,0,992,64,0,0,0,790,0,0,49152,1,26624
1323,1100,0,0,0,0,2,10,8,7,2,3328,34304,288,753,64,32768,14,605,726,0,0,32,28982,0,0,28950,28982,0,65504,0,0,64,0,0,880,9344,32768,0,944,64,0,0,0,806,0,0,49152,0,26688
1324,1000,256,512,0,0,2,10,8,7,2,11776,37632,450,651,64,32768,0,584,672,0,0,32,26506,0,0,26506,26506,0,0,0,0,64,0,541,912,10176,33025,0,992,64,0,0,0,791,0,0,49152,1,26624
1324,1100,256,512,0,0,2,10,8,7,2,11520,30464,288,754,64,32768,14,606,729,0,0,32,28982,0,0,28950,28982,0,65504,0,0,64,0,65448,880,9344,33282,0,944,64,0,0,0,807,0,0,16384,0,26688
1325,1000,0,0,0,0,2,10,8,7,2,61440,7680,447,654,64,32768,0,585,675,0,0,32,26573,0,0,26573,26573,0,0,0,0,64,0,645,912,10176,33024,0,992,64,0,0,0,792,0,0,49152,1,26624
1325,1100,0,0,0,0,2,10,8,7,2,19712,26880,288,754,64,32768,14,607,732,0,0,32,28971,0,0,28939,28971,0,65504,0,0,64,0,65360,880,9344,33280,0,944,64,0,0,0,807,0,0,49152,0,26688
1326,1000,0,0,0,0,2,10,8,7,2,44800,44032,443,658,64,32768,0,587,677,0,0,32,26653,0,0,26653,26653,0,0,0,0,64,0,749,912,10176,33024,0,992,64,0,0,0,793,0,0,49152,1,26624
1326,1100,0,0,0,0,2,10,8,7,2,27904,23296,290,755,64,32768,14,608,735,0,0,32,28949,0,0,28917,28949,0,65504,0,0,64,0,65273,880,9344,33280,0,944,64,0,0,0,808,0,0,16384,0,26688
1327,1000,0,0,0,0,2,10,8,7,2,27136,15872,439,662,64,32768,0,589,680,0,0,32,26746,0,0,26746,26746,0,0,0,0,64,0,853,912,10176,33024,0,992,64,0,0,0,794,0,0,49152,1,26624
1327,1100,0,0,0,0,2,10,8,7,2,36608,19968,291,754,64,32768,14,609,738,0,0,32,28916,0,0,28884,28916,0,65504,0,0,64,0,65186,880,9344,33280,0,944,64,0,0,0,808,0,0,49152,0,26688
1328,1000,0,0,0,0,2,10,8,7,2,8448,54272,433,667,64,32768,0,591,682,0,0,32,26852,0,0,26852,26852,0,0,0,0,64,0,957,912,10176,33024,0,992,64,0,0,0,795,0,0,49152,1,26624
1328,1100,0,0,0,0,2,10,8,7,2,45568,16384,294,754,64,32768,14,610,741,0,0,32,28872,0,0,28840,28872,0,65504,0,0,64,0,65099,880,9344,33280,0,944,64,0,0,0,809,0,0,16384,0,26688
1329,1000,0,0,0,0,2,10,8,7,2,53760,28416,427,672,64,32768,0,592,685,0,0,32,26971,0,0,26971,26971,0,0,0,0,64,0,1061,912,10240,33024,0,992,64,0,0,0,796,0,0,49152,1,26624
1329,1100,0,0,0,0,2,10,8,7,2,55296,12800,297,753,64,32768,14,611,744,0,0,32,28817,0,0,28785,28817,0,65504,0,0,64,0,65013,880,9344,33280,0,944,64,0,0,0,809,0,0,49152,0,26688
1330,1000,0,0,0,0,2,10,8,7,2,32000,3840,420,678,64,32768,0,594,688,0,0,32,27103,0,0,27103,27103,0,0,0,0,64,0,1165,912,10240,33024,0,992,64,0,0,0,797,0,0,49152,1,26624
1330,1100,0,0,0,0,2,10,8,7,2,256,8960,301,752,64,32768,14,613,747,0,0,32,28751,0,0,28719,28751,0,65504,0,0,64,0,64927,880,9408,33280,0,944,64,0,0,0,810,0,0,16384,0,26688
1331,1000,0,0,0,0,2,10,8,7,2,8448,46336,412,684,64,32768,0,596,690,0,0,32,27248,0,0,27248,27248,0,0,0,0,64,0,1269,912,10240,33024,0,992,64,0,0,0,798,0,0,49152,1,26624
1331,1100,0,0,0,0,2,10,8,7,2,11776,4864,306,750,64,32768,14,614,750,0,0,32,28674,0,0,28642,28674,0,65504,0,0,64,0,64841,880,9408,33280,0,944,64,0,0,0,810,0,0,49152,0,26688
1332,1000,0,0,0,0,2,10,8,7,2,48384,24832,403,690,64,32768,0,597,693,0,0,32,27406,0,0,27406,27406,0,0,0,0,64,0,1373,912,10240,33024,0,992,64,0,0,0,799,0,0,49152,1,26624
1332,1100,0,0,0,0,2,10,8,7,2,24576,256,312,749,64,32768,14,615,753,0,0,32,28587,0,0,28555,28587,0,65504,0,0,64,0,64756,880,9408,33280,0,944,64,0,0,0,811,0,0,16384,0,26688
1333,1000,0,0,0,0,2,10,8,7,2,20480,4864,393,697,64,32768,0,599,696,0,0,32,27577,0,0,27577,27577,0,0,0,0,64,0,1256,912,10240,32768,0,992,64,0,0,0,800,0,0,49152,1,26624
1333,1100,0,0,0,0,2,10,8,7,2,38912,60928,318,746,64,32768,14,616,755,0,0,32,28489,0,0,28457,28489,0,65504,0,0,64,0,64671,880,9408,33280,0,944,64,0,0,0,811,0,0,49152,0,26688
1334,1000,0,0,0,0,2,10,8,7,2,55552,52224,382,704,64,32768,0,600,698,0,0,32,27734,0,0,27734,27734,0,0,0,0,64,0,1139,912,10240,32768,0,992,64,0,0,0,801,0,0,49152,1,26624
1334,1100,0,0,0,0,2,10,8,7,2,54784,55296,326,744,64,32768,14,617,758,0,0,32,28380,0,0,28348,28380,0,65504,0,0,64,0,64586,880,9408,33280,0,944,64,0,0,0,812,0,0,16384,0,26688
1335,1000,0,0,0,0,2,10,8,7,2,22272,35840,372,711,64,32768,0,602,701,0,0,32,27876,0,0,27876,27876,0,0,0,0,64,0,1022,912,10240,32768,0,992,64,0,0,0,802,0,0,49152,1,26624
1335,1100,0,0,0,0,2,10,8,7,2,7168,49152,333,741,64,32768,14,619,761,0,0,32,28261,0,0,28229,28261,0,65504,0,0,64,0,64502,880,9408,33280,0,944,64,0,0,0,812,0,0,49152,0,26688
1336,1000,0,0,0,0,2,10,8,7,2,51968,21248,363,717,64,32768,0,603,704,0,0,32,28003,0,0,28003,28003,0,0,0,0,64,0,906,912,10240,32768,0,992,64,0,0,0,803,0,0,49152,1,26624
1336,1100,0,0,0,0,2,10,8,7,2,26880,42240,342,738,64,32768,14,620,764,0,0,32,28131,0,0,28099,28131,0,65504,0,0,64,0,64418,880,9408,33280,0,944,64,0,0,0,813,0,0,16384,0,26688
1337,1000,0,0,0,0,2,10,8,7,2,13824,8192,354,722,64,32768,0,605,707,0,0,32,28116,0,0,28116,28116,0,0,0,0,64,0,790,912,10304,32768,0,992,64,0,0,0,804,0,0,49152,1,26624
1337,1100,0,0,0,0,2,10,8,7,2,48896,34560,351,734,64,32768,14,621,767,0,0,32,27991,0,0,27959,27991,0,65504,0,0,64,0,64334,880,9408,33280,0,944,64,0,0,0,813,0,0,49152,0,26688
1338,1000,0,0,0,0,2,10,8,7,2,38912,61952,347,727,64,32768,0,606,709,0,0,32,28214,0,0,28214,28214,0,0,0,0,64,0,675,912,10304,32768,0,992,64,0,0,0,805,0,0,49152,1,26624
1338,1100,0,0,0,0,2,10,8,7,2,7680,25856,362,729,64,32768,14,623,770,0,0,32,27840,0,0,27808,27840,0,65504,0,0,64,0,64251,880,9472,33280,0,944,64,0,0,0,814,0,0,16384,0,26688
1339,1000,0,0,0,0,2,10,8,7,2,62208,51456,340,731,64,32768,0,607,712,0,0,32,28298,0,0,28298,28298,0,0,0,0,64,0,560,912,10304,32768,0,992,64,0,0,0,806,0,0,49152,1,26624
1339,1100,0,0,0,0,2,10,8,7,2,34816,15872,372,724,64,32768,14,624,773,0,0,32,27679,0,0,27647,27679,0,65504,0,0,64,0,64168,880,9472,33280,0,944,64,0,0,0,814,0,0,49152,0,26688
1340,1000,0,0,0,0,2,10,8,7,2,18176,41984,335,735,64,32768,0,609,715,0,0,32,28368,0,0,28368,28368,0,0,0,0,64,0,446,912,10304,32768,0,992,64,0,0,0,807,0,0,49152,1,26624
1340,1100,0,0,0,0,2,10,8,7,2,64512,4608,384,719,64,32768,14,625,776,0,0,32,27508,0,0,27476,27508,0,65504,0,0,64,0,64085,880,9472,33280,0,944,64,0,0,0,815,0,0,16384,0,26688
1341,1000,0,0,0,0,2,10,8,7,2,38400,33536,330,738,64,32768,0,610,718,0,0,32,28423,0,0,28423,28423,0,0,0,0,64,0,332,912,10304,32768,0,992,64,0,0,0,808,0,0,49152,1,26624
1341,1100,0,0,0,0,2,10,8,7,2,31744,57600,396,713,64,32768,14,627,778,0,0,32,27326,0,0,27294,27326,0,65504,0,0,64,0,64003,880,9472,33280,0,944,64,0,0,0,815,0,0,49152,0,26688
1342,1000,0,0,0,0,2,10,8,7,2,57344,25856,327,740,64,32768,0,611,721,0,0,32,28464,0,0,28464,28464,0,0,0,0,64,0,219,912,10304,32768,0,992,64,0,0,0,809,0,0,49152,1,26624
1342,1100,0,0,0,0,2,10,8,7,2,2048,43520,408,707,64,32768,14,629,781,0,0,32,27134,0,0,27102,27134,0,65504,0,0,64,0,63921,880,9472,33280,0,944,64,0,0,0,816,0,0,16384,0,26688
1343,1000,0,0,0,0,2,10,8,7,2,9984,18688,324,742,64,32768,0,613,724,0,0,32,28491,0,0,28491,28491,0,0,0,0,64,0,106,912,10304,32768,0,992,64,0,0,0,810,0,0,49152,1,26624
1343,1100,0,0,0,0,2,10,8,7,2,40960,27904,421,699,64,32768,14,630,784,0,0,32,26932,0,0,26900,26932,0,65504,0,0,64,0,63839,880,9472,33280,0,944,64,0,0,0,816,0,0,49152,0,26688
1344,1000,0,0,0,0,2,10,8,7,2,27392,12032,323,744,64,32768,0,614,727,0,0,32,28504,0,0,28504,28504,0,0,0,0,64,0,0,912,10304,32768,0,992,64,0,0,0,811,0,0,49152,1,26624
1344,1100,0,0,0,0,2,10,8,7,2,17664,10240,435,692,64,32768,14,632,787,0,0,32,26719,0,0,26687,26719,0,65504,0,0,64,0,63757,880,9472,33280,0,944,64,0,0,0,817,0,0,16384,0,26688
1345,1000,0,0,0,0,2,10,8,7,2,44544,5888,322,746,64,32768,0,615,730,0,0,32,28504,0,0,28504,28504,0,0,0,0,64,0,0,912,10368,32768,0,992,64,0,0,0,812,0,0,49152,1,26624
1345,1100,0,0,0,0,2,10,8,7,2,63488,56320,449,683,64,32768,14,633,789,0,0,32,26496,0,0,26464,26496,0,65504,0,0,64,0,63676,880,9472,33280,0,944,64,0,0,0,817,0,0,49152,0,26688
1346,1000,0,0,0,0,2,10,8,7,2,61440,256,323,746,64,32768,0,616,733,0,0,32,28504,0,0,28504,28504,0,0,0,0,64,0,0,912,10368,32768,0,992,64,0,0,0,813,0,0,49152,1,26624
1346,1100,0,0,0,0,2,10,8,7,2,47360,34560,464,674,64,32768,14,635,792,0,0,32,26263,0,0,26231,26263,0,65504,0,0,64,0,63595,880,9536,33280,0,944,64,0,0,0,818,0,0,16384,0,26688
1347,1000,0,0,0,0,2,10,8,7,2,13056,60160,323,747,64,32768,0,618,735,0,0,32,28504,0,0,28504,28504,0,0,0,0,64,0,0,912,10368,32768,0,992,64,0,0,0,814,0,0,49152,1,26624
1347,1100,0,0,0,0,2,10,8,7,2,35072,10496,479,663,64,32768,14,637,795,0,0,32,26020,0,0,25988,26020,0,65504,0,0,64,0,63730,880,9536,32768,0,944,64,0,0,0,818,0,0,49152,0,26688
1348,1000,0,0,0,0,2,10,8,7,2,30208,54784,323,748,64,32768,0,619,738,0,0,32,28504,0,0,28504,28504,0,0,0,0,64,0,0,912,10368,32768,0,992,64,0,0,0,815,0,0,49152,1,26624
1348,1100,0,0,0,0,2,10,8,7,2,26624,49152,495,652,64,32768,14,639,797,0,0,32,25794,0,0,25762,25794,0,65504,0,0,64,0,63864,880,9536,32768,0,944,64,0,0,0,819,0,0,16384,0,26688
1349,1000,0,0,0,0,2,10,8,7,2,47360,49664,324,749,64,32768,0,620,741,0,0,32,28504,0,0,28504,28504,0,0,0,0,64,0,0,912,10368,32768,0,992,64,0,0,0,816,0,0,49152,1,26624
1349,1100,0,0,0,0,2,10,8,7,2,22272,19456,509,642,64,32768,14,641,800,0,0,32,25585,0,0,25553,25585,0,65504,0,0,64,0,63998,880,9536,32768,0,944,64,0,0,0,819,0,0,49152,0,26688
1350,1000,0,0,0,0,2,10,8,7,2,64768,44800,324,750,64,32768,0,621,744,0,0,32,28504,0,0,28504,28504,0,0,0,0,64,0,0,912,10368,32768,0,992,64,0,0,0,817,0,0,49152,1,26624
1350,1100,0,0,0,0,2,10,8,7,2,21504,52736,523,632,64,32768,14,643,802,0,0,32,25392,0,0,25360,25392,0,65504,0,0,64,0,64131,880,9536,32768,0,944,64,0,0,0,820,0,0,16384,0,26688
1351,1000,0,0,0,0,2,10,8,7,2,16640,40192,325,751,64,32768,0,623,747,0,0,32,28504,0,0,28504,28504,0,0,0,0,64,0,0,912,10368,32768,0,992,64,0,0,0,818,0,0,49152,1,26624
1351,1100,0,0,0,0,2,10,8,7,2,24320,17920,534,622,64,32768,14,645,805,0,0,32,25216,0,0,25184,25216,0,65504,0,0,64,0,64263,880,9536,32768,0,944,64,0,0,0,820,0,0,49152,0,26688
1352,1000,0,0,0,0,2,10,8,7,2,34304,35840,325,752,64,32768,0,624,750,0,0,32,28504,0,0,28504,28504,0,0,0,0,64,0,0,912,10368,32768,0,992,64,0,0,0,819,0,0,49152,1,26624
1352,1100,0,0,0,0,2,10,8,7,2,29952,46080,545,614,64,32768,14,647,807,0,0,32,25056,0,0,25024,25056,0,65504,0,0,64,0,64395,880,9536,32768,0,944,64,0,0,0,821,0,0,16384,0,26688
1353,1000,0,0,0,0,2,10,8,7,2,51968,31744,325,753,64,32768,0,625,753,0,0,32,28504,0,0,28504,28504,0,0,0,0,64,0,0,912,10432,32768,0,992,64,0,0,0,820,0,0,49152,1,26624
1353,1100,0,0,0,0,2,10,8,7,2,38400,6656,555,606,64,32768,14,649,810,0,0,32,24913,0,0,24881,24913,0,65504,0,0,64,0,64526,880,9536,32768,0,944,64,0,0,0,821,0,0,49152,0,26688
1354,1000,0,0,0,0,2,10,8,7,2,4096,27904,326,754,64,32768,0,627,756,0,0,32,28504,0,0,28504,28504,0,0,0,0,64,0,0,912,10432,32768,0,992,64,0,0,0,821,0,0,49152,1,26624
1354,1100,0,0,0,0,2,10,8,7,2,49408,30720,563,598,64,32768,14,651,812,0,0,32,24786,0,0,24754,24786,0,65504,0,0,64,0,64657,880,9600,32768,0,944,64,0,0,0,822,0,0,16384,0,26688
1355,1000,512,0,0,0,2,10,8,7,2,22016,24320,326,755,64,32768,0,628,759,0,0,32,28504,0,0,28504,28504,0,0,0,0,64,0,65432,912,10432,33282,0,992,64,0,0,0,822,0,0,49152,1,26624
1355,1100,512,0,0,0,2,10,8,7,2,62464,52736,571,592,64,32768,14,653,814,0,0,32,24676,0,0,24644,24676,0,65504,0,0,64,0,64787,880,9600,32768,0,944,64,0,0,0,822,0,0,49152,0,26688
1356,1000,0,0,0,0,2,10,8,7,2,39936,20992,327,756,64,32768,0,629,762,0,0,32,28491,0,0,28491,28491,0,0,0,0,64,0,65328,912,10432,33280,0,992,64,0,0,0,823,0,0,49152,1,26624
1356,1100,0,0,0,0,2,10,8,7,2,12032,7680,578,586,64,32768,14,656,817,0,0,32,24582,0,0,24550,24582,0,65504,0,0,64,0,64917,880,9600,32768,0,944,64,0,0,0,823,0,0,16384,0,26688
1357,1000,0,0,0,0,2,10,8,7,2,58112,17920,328,756,64,32768,0,630,765,0,0,32,28465,0,0,28465,28465,0,0,0,0,64,0,65225,912,10432,33280,0,992,64,0,0,0,824,0,0,49152,1,26624
1357,1100,0,0,0,0,2,10,8,7,2,28928,26624,583,581,64,32768,14,658,819,0,0,32,24504,0,0,24472,24504,0,65504,0,0,64,0,65046,880,9600,32768,0,944,64,0,0,0,823,0,0,49152,0,26688
1358,1000,0,0,0,0,2,10,8,7,2,11008,14848,330,756,64,32768,0,632,768,0,0,32,28426,0,0,28426,28426,0,0,0,0,64,0,65122,912,10432,33280,0,992,64,0,0,0,825,0,0,49152,1,26624
1358,1100,0,0,0,0,2,10,8,7,2,47104,44288,588,577,64,32768,14,660,821,0,0,32,24442,0,0,24410,24442,0,65504,0,0,64,0,65175,880,9600,32768,0,944,64,0,0,0,824,0,0,16384,0,26688
1359,1000,0,512,0,0,2,10,8,7,2,29952,11776,333,756,64,32768,0,633,771,0,0,32,28374,0,0,28374,28374,0,0,0,0,64,0,65020,912,10432,33280,0,992,64,0,0,0,826,0,0,49152,1,26624
1359,1100,0,512,0,0,2,10,8,7,2,1024,60928,591,574,64,32768,14,663,823,0,0,32,24396,0,0,24364,24396,0,65504,0,0,64,0,65088,880,9600,33282,0,944,64,0,0,0,824,0,0,49152,0,26688
1360,1000,0,0,0,0,2,10,8,7,2,49664,8704,338,755,64,32768,0,634,774,0,0,32,28309,0,0,28309,28309,0,0,0,0,64,0,64918,912,10432,33280,0,992,64,0,0,0,827,0,0,49152,1,26624
1360,1100,0,0,0,0,2,10,8,7,2,21248,11264,595,572,64,32768,14,665,826,0,0,32,24340,0,0,24308,24340,0,65504,0,0,64,0,65002,880,9600,33280,0,944,64,0,0,0,825,0,0,16384,0,26688
1361,1000,0,0,0,0,2,10,8,7,2,5120,5376,343,754,64,32768,0,636,777,0,0,32,28231,0,0,28231,28231,0,0,0,0,64,0,64816,912,10496,33280,0,992,64,0,0,0,828,0,0,49152,1,26624
1361,1100,0,0,0,0,2,10,8,7,2,42496,26624,598,569,64,32768,14,667,828,0,0,32,24273,0,0,24241,24273,0,65504,0,0,64,0,64916,880,9600,33280,0,944,64,0,0,0,825,0,0,49152,0,26688
1362,1000,0,0,0,0,2,10,8,7,2,27392,1792,349,752,64,32768,0,637,780,0,0,32,28141,0,0,28141,28141,0,0,0,0,64,0,64715,912,10496,33280,0,992,64,0,0,0,829,0,0,49152,1,26624
1362,1100,0,0,0,0,2,10,8,7,2,64512,41216,602,566,64,32768,14,669,830,0,0,32,24195,0,0,24163,24195,0,65504,0,0,64,0,64830,880,9664,33280,0,944,64,0,0,0,826,0,0,16384,0,26688
1363,1000,0,0,0,0,2,10,8,7,2,51200,63232,356,750,64,32768,0,638,782,0,0,32,28038,0,0,28038,28038,0,0,0,0,64,0,64614,912,10496,33280,0,992,64,0,0,0,830,0,0,49152,1,26624
1363,1100,0,0,0,0,2,10,8,7,2,22016,55040,606,561,64,32768,14,672,832,0,0,32,24106,0,0,24074,24106,0,65504,0,0,64,0,64745,880,9664,33280,0,944,64,0,0,0,826,0,0,49152,0,26688
1364,1000,32,0,0,0,2,10,8,7,2,11264,58624,364,748,64,32768,0,640,785,0,0,112,27922,0,0,27922,27922,2,0,0,0,64,0,64482,912,10496,33320,1,992,80,0,0,0,831,0,0,49152,1,26624
1364,1100,32,0,0,0,2,10,8,7,2,46080,2048,612,556,64,32768,14,674,835,0,0,32,24007,0,0,23975,24007,0,65504,0,0,64,0,64660,880,9664,33280,0,944,64,0,0,0,827,0,0,16384,0,26688
1365,1000,0,0,0,0,2,10,8,7,2,38912,53504,372,744,64,34816,0,641,788,0,224,112,27790,0,2,27790,27790,2,320,512,0,64,0,64355,912,10496,33312,3,992,80,0,32768,0,832,65312,0,49152,0,26624
1365,1100,0,0,0,0,2,10,8,7,2,6144,13312,617,551,64,32768,14,677,837,0,0,32,23897,0,0,23865,23897,0,65504,0,0,64,0,64575,880,9664,33280,0,944,64,0,0,0,827,0,0,49152,0,26688
1366,1000,0,0,0,0,2,10,8,7,2,3072,47360,382,740,64,34816,0,643,791,198,198,112,27130,0,2,27962,27642,2,640,1024,0,64,0,64229,912,10496,33312,4,992,80,0,32768,0,833,65088,0,16384,0,26624
1366,1100,0,0,0,0,2,10,8,7,2,33024,23296,624,545,64,32768,14,679,839,0,0,32,23776,0,0,23744,23776,0,65504,0,0,64,0,64491,880,9664,33280,0,944,64,0,0,0,828,0,0,16384,0,26688
1367,1000,0,0,0,0,2,10,8,7,2,35328,40192,370,747,64,34816,0,644,794,370,172,112,26454,0,2,28118,27478,2,960,1536,0,64,0,64104,912,10496,33312,5,992,80,0,32768,0,833,64864,0,49152,0,26624
1367,1100,0,0,0,0,2,10,8,7,2,61696,31744,630,538,64,32768,14,681,841,0,0,32,23645,0,0,23613,23645,0,65504,0,0,64,0,64407,880,9664,33280,0,944,64,0,0,0,828,0,0,49152,0,26688
1368,1000,0,0,0,0,2,10,8,7,2,64512,34816,359,753,64,34816,0,645,797,516,146,112,25763,0,2,28259,27299,2,1280,2048,0,64,0,63980,912,10496,33312,6,992,80,0,32768,0,834,64640,0,16384,0,26624
1368,1100,0,0,0,0,2,10,8,7,2,26368,38400,637,530,64,32768,14,684,843,0,0,32,23503,0,0,23471,23503,0,65504,0,0,64,0,64323,880,9664,33280,0,944,64,0,0,0,829,0,0,16384,0,26688
1369,1000,0,0,0,0,2,10,8,7,2,25344,30976,349,758,64,34816,0,647,800,636,120,112,25056,0,2,28384,27104,2,1600,2560,0,64,0,63857,912,10560,33312,7,992,80,0,32768,0,834,64416,0,49152,0,26624
1369,1100,0,0,0,0,2,10,8,7,2,58368,43008,644,521,64,32768,14,686,845,0,0,32,23351,0,0,23319,23351,0,65504,0,0,64,0,64240,880,9664,33280,0,944,64,0,0,0,829,0,0,49152,0,26688
1370,1000,0,0,0,0,2,10,8,7,2,49152,28416,340,763,64,34816,0,648,803,730,94,112,24334,0,2,28494,26894,2,1920,3072,0,64,0,63735,912,10560,33312,8,992,80,0,32768,0,835,64192,0,16384,0,26624
1370,1100,0,0,0,0,2,10,8,7,2,26624,45312,653,513,64,32768,14,689,847,0,0,32,23189,0,0,23157,23189,0,65504,0,0,64,0,64157,880,9728,33280,0,944,64,0,0,0,830,0,0,16384,0,26688
1371,1000,0,0,0,0,2,10,8,7,2,5120,27136,332,766,64,34816,0,650,806,798,68,112,23596,0,2,28588,26668,2,2240,3584,0,64,0,63614,912,10560,33312,9,992,80,0,32772,0,835,63968,0,49152,0,26624
1371,1100,0,0,0,0,2,10,8,7,2,62720,45568,661,502,64,32768,14,691,849,0,0,32,23016,0,0,22984,23016,0,65504,0,0,64,0,64074,880,9728,33280,0,944,64,0,0,0,830,0,0,49152,0,26688
1372,1000,0,0,0,0,2,10,8,7,2,24576,26624,326,770,64,34816,0,651,809,840,42,112,22843,0,2,28667,26427,2,2560,4096,0,64,0,63494,912,10560,33312,10,992,80,0,32772,0,836,63744,0,16384,0,26624
1372,1100,0,0,0,0,2,10,8,7,2,35328,43008,670,492,64,32768,14,694,851,0,0,32,22833,0,0,22801,22833,0,65504,0,0,64,0,63992,880,9728,33280,0,944,64,0,0,0,831,0,0,16384,0,26688
1373,1000,0,0,0,0,2,10,8,7,2,42496,27136,320,773,64,34816,0,652,812,856,16,112,22075,0,2,28731,26171,2,2880,4608,0,64,0,63375,912,10560,33312,11,992,80,0,32772,0,836,63520,0,49152,0,26624
1373,1100,0,0,0,0,2,10,8,7,2,10240,37888,678,480,64,32768,14,697,853,0,0,32,22640,0,0,22608,22640,0,65504,0,0,64,0,63910,880,9728,33280,0,944,64,0,0,0,831,0,0,49152,0,26688
1374,1000,0,0,0,0,2,10,8,7,2,58880,28416,315,776,64,34816,0,653,815,846,65526,112,21292,0,2,28780,25900,2,3200,5120,0,64,0,63256,912,10560,33312,12,992,80,0,32772,0,837,63296,0,16384,0,26624
1374,1100,0,0,0,0,2,10,8,7,2,52736,29696,688,468,64,32768,14,699,855,0,0,32,22436,0,0,22404,22436,0,65504,0,0,64,0,63835,880,9728,33280,0,944,64,0,0,0,832,0,0,16384,0,26688
1375,1000,0,0,0,0,2,10,8,7,2,8448,30464,312,777,64,34816,0,655,818,810,65500,112,20495,0,2,28815,25615,2,3520,5632,0,64,0,63138,912,10560,33312,13,992,80,0,32772,0,837,63072,0,49152,0,26624
1375,1100,0,0,0,0,2,10,8,7,2,32256,18432,697,454,64,32768,14,702,857,0,0,32,22223,0,0,22191,22223,0,65504,0,0,64,0,63760,880,9728,33280,0,944,64,0,0,0,832,0,0,32768,0,26688
1376,1000,0,0,0,0,2,10,8,7,2,22784,32768,310,779,64,34816,0,656,821,748,65474,112,19683,0,2,28835,25315,2,3840,6144,0,64,0,63021,912,10560,33312,14,992,80,0,32772,0,838,62848,0,16384,0,26624
1376,1100,0,0,0,0,2,10,8,7,2,14080,3584,706,440,64,32768,14,705,859,0,0,32,22001,0,0,21969,22001,0,65504,0,0,64,0,63686,880,9728,33280,0,944,64,0,0,0,832,0,0,49152,0,26688
1377,1000,0,0,0,0,2,10,8,7,2,36608,35584,308,780,64,34816,0,657,824,660,65448,112,18856,0,2,28840,25000,2,4160,6656,0,64,0,62905,912,10624,33312,15,992,80,0,32804,0,838,62624,0,49152,0,26624
1377,1100,0,0,0,0,2,10,8,7,2,63744,50688,716,426,64,32768,14,707,860,0,0,32,21769,0,0,21737,21769,0,65504,0,0,64,0,63613,880,9728,33280,0,944,64,0,0,0,833,0,0,0,0,26688
1378,1000,0,0,0,0,2,10,8,7,2,49920,38656,308,781,64,34816,0,658,827,546,65422,112,18015,0,2,28831,24671,2,4480,7168,0,64,0,62790,912,10624,33312,16,992,80,0,32804,0,839,62400,0,16384,0,26624
1378,1100,0,0,0,0,2,10,8,7,2,50432,28672,725,410,64,32768,14,710,862,0,0,32,21528,0,0,21496,21528,0,65504,0,0,64,0,63540,880,9792,33280,0,944,64,0,0,0,833,0,0,16384,0,26688
1379,1000,0,0,0,0,2,10,8,7,2,63232,41984,309,780,64,34816,0,659,830,406,65396,112,17159,0,2,28807,24327,2,4800,7680,0,64,0,62676,912,10624,33312,17,992,80,0,32804,0,839,62176,0,49152,0,26624
1379,1100,0,0,0,0,2,10,8,7,2,39424,2560,735,393,64,32768,14,713,864,0,0,32,21278,0,0,21246,21278,0,65504,0,0,64,0,63468,880,9792,33280,0,944,64,0,0,0,833,0,0,32768,0,26688
1380,1000,0,0,0,0,2,10,8,7,2,11264,45056,311,781,64,34816,0,661,833,240,65370,32,16289,0,2,28769,23969,2,4864,7968,0,64,0,63102,912,10624,33280,0,992,64,0,32804,0,840,61920,0,16384,0,26624
1380,1100,0,0,0,0,2,10,8,7,2,30976,37632,744,375,64,32768,14,716,865,0,0,32,21019,0,0,20987,21019,0,65504,0,0,64,0,63396,880,9792,33280,0,944,64,0,0,0,833,0,0,49152,0,26688
1381,1000,0,0,0,0,2,10,8,7,2,25344,48384,314,780,64,34816,0,662,836,48,65344,32,15696,0,2,28528,23664,2,4928,8256,0,64,0,63017,912,10624,33280,0,992,64,0,32804,0,840,61664,0,49152,0,26624
1381,1100,0,0,0,0,2,10,8,7,2,24832,2560,754,357,64,32768,14,719,867,0,0,32,20751,0,0,20719,20751,0,65504,0,0,64,0,63539,880,9792,32768,0,944,64,0,0,0,834,0,0,0,0,26688
1382,1000,0,0,0,0,2,10,8,7,2,40192,51456,332,773,64,34816,0,663,839,0,0,32,15093,0,0,28277,23349,2,4992,8544,0,64,0,63102,912,10624,33280,0,992,64,0,36,0,841,61408,0,16384,0,26624
1382,1100,0,0,0,0,2,10,8,7,2,21248,28416,763,337,64,32768,14,722,868,0,0,32,20501,0,0,20469,20501,0,65504,0,0,64,0,63681,880,9792,32768,0,944,64,0,0,0,834,0,0,16384,0,26688
1383,1000,0,0,0,0,2,10,8,7,2,59648,52736,351,765,64,32768,0,664,842,0,0,32,14500,0,0,28036,23044,2,5056,8256,0,64,0,63017,912,10624,33280,0,992,64,0,36,0,841,61152,0,49152,0,26624
1383,1100,0,0,0,0,2,10,8,7,2,19968,49152,771,319,64,32768,14,725,869,0,0,32,20269,0,0,20237,20269,0,65504,0,0,64,0,63822,880,9792,32768,0,944,64,0,0,0,834,0,0,32768,0,26688
1384,1000,0,0,0,0,2,10,8,7,2,18432,51968,369,757,64,32768,0,666,845,0,0,32,14473,0,0,27785,22729,2,5120,8544,0,64,0,63102,912,10624,33280,0,992,64,0,36,0,842,60896,0,16384,0,26624
1384,1100,0,0,0,0,2,10,8,7,2,20736,65280,777,302,64,32768,14,728,870,0,0,32,20054,0,0,20022,20054,0,65504,0,0,64,0,63962,880,9792,32768,0,944,64,0,0,0,834,0,0,49152,0,26688
1385,1000,0,0,0,0,2,10,8,7,2,47360,49152,387,748,64,32768,0,667,848,0,0,32,13880,0,0,27544,22424,2,5184,8256,0,64,0,63017,912,10688,33280,0,992,64,0,36,0,842,60640,0,49152,0,26624
1385,1100,0,0,0,0,2,10,8,7,2,23040,11520,784,286,64,32768,14,731,872,0,0,32,19857,0,0,19825,19857,0,65504,0,0,64,0,64101,880,9792,32768,0,944,64,0,0,0,835,0,0,0,0,26688
1386,1000,0,0,0,0,2,10,8,7,2,15360,44032,404,740,64,32768,0,669,851,0,0,32,13853,0,0,27293,22109,2,5248,8544,0,64,0,63102,912,10688,33280,0,992,64,0,36,0,843,60384,0,16384,0,26624
1386,1100,0,0,0,0,2,10,8,7,2,27136,19200,789,271,64,32768,14,734,873,0,0,32,19677,0,0,19645,19677,0,65504,0,0,64,0,64239,880,9856,32768,0,944,64,0,0,0,835,0,0,16384,0,26688
1387,1000,0,0,0,0,2,10,8,7,2,53248,36864,422,730,64,32768,0,670,854,0,0,32,13260,0,0,27052,21804,2,5312,8256,0,64,0,63017,912,10688,33280,0,992,64,0,36,0,843,60128,0,49152,0,26624
1387,1100,0,0,0,0,2,10,8,7,2,32512,23040,794,257,64,32768,14,737,874,0,0,32,19514,0,0,19482,19514,0,65504,0,0,64,0,64376,880,9856,32768,0,944,64,0,0,0,835,0,0,32768,0,26688
1388,1000,0,0,0,0,2,10,8,7,2,30208,27136,439,721,64,32768,0,672,857,0,0,32,13233,0,0,26801,21489,2,5376,8544,0,64,0,63102,912,10688,33280,0,992,64,0,36,0,844,59872,0,16384,0,26624
1388,1100,0,0,0,0,2,10,8,7,2,39168,23296,798,245,64,32768,14,740,875,0,0,32,19369,0,0,19337,19369,0,65504,0,0,64,0,64512,880,9856,32768,0,944,64,0,0,0,835,0,0,49152,0,26688
1389,1000,0,0,0,0,2,10,8,7,2,11520,15104,456,710,64,32768,0,674,860,0,0,32,12640,0,0,26560,21184,2,5440,8256,0,64,0,63017,912,10688,33280,0,992,64,0,36,0,844,59616,0,49152,0,26624
1389,1100,0,0,0,0,2,10,8,7,2,46848,20480,802,234,64,32768,14,743,876,0,0,32,19241,0,0,19209,19241,0,65504,0,0,64,0,64647,880,9856,32768,0,944,64,0,0,0,836,0,0,0,0,26688
1390,1000,0,0,0,0,2,10,8,7,2,62720,256,473,700,64,32768,0,675,863,0,0,32,12613,0,0,26309,20869,2,5504,8544,0,64,0,63102,912,10688,33280,0,992,64,0,36,0,845,59360,0,16384,0,26624
1390,1100,0,0,0,0,2,10,8,7,2,55552,14848,805,224,64,32768,14,746,877,0,0,32,19129,0,0,19097,19129,0,65504,0,0,64,0,64780,880,9856,32768,0,944,64,0,0,0,836,0,0,16384,0,26688
1391,1000,0,0,0,0,2,10,8,7,2,52736,48384,490,689,64,32768,0,677,865,0,0,32,12020,0,0,26068,20564,2,5568,8256,0,64,0,63017,912,10688,33280,0,992,64,0,36,0,845,59104,0,49152,0,26624
1391,1100,0,0,0,0,2,10,8,7,2,65024,6656,807,215,64,32768,14,749,878,0,0,32,19034,0,0,19002,19034,0,65504,0,0,64,0,64912,880,9856,32768,0,944,64,0,0,0,836,0,0,32768,0,26688
1392,1000,0,512,0,0,2,10,8,7,2,47104,28160,506,678,64,32768,0,679,868,0,0,32,11993,0,0,25817,20249,2,5632,8544,0,64,0,63102,912,10688,33280,0,992,64,0,36,0,846,58848,0,16384,0,26624
1392,1100,0,512,0,0,2,10,8,7,2,9472,61696,809,208,64,32768,14,753,878,0,0,32,18956,0,0,18924,18956,0,65504,0,0,64,0,64829,880,9856,33282,0,944,64,0,0,0,836,0,0,49152,0,26688
1393,1000,0,0,0,0,2,10,8,7,2,45568,5120,523,666,64,32768,0,681,871,0,0,32,11400,0,0,25576,19944,2,5536,8256,0,64,0,63232,912,10752,32768,0,992,64,0,0,0,846,59329,0,49152,0,26624
1393,1100,0,0,0,0,2,10,8,7,2,19968,49408,812,202,64,32768,14,756,879,0,0,32,18867,0,0,18835,18867,0,65504,0,0,64,0,64747,880,9856,33280,0,944,64,0,0,0,837,0,0,0,0,26688
1394,1000,0,0,0,0,2,10,8,7,2,48384,44544,538,654,64,32768,0,683,873,0,0,32,11400,0,0,25192,19656,2,5440,7968,0,64,0,63361,912,10752,32768,0,992,64,0,0,0,847,59810,0,16384,0,26624
1394,1100,0,0,0,0,2,10,8,7,2,31232,35584,814,195,64,32768,14,759,880,0,0,32,18768,0,0,18736,18768,0,65504,0,0,64,0,64665,880,9920,33280,0,944,64,0,0,0,837,0,0,16384,0,26688
1395,1000,0,0,0,0,2,10,8,7,2,55040,15360,562,634,64,32768,0,685,876,0,0,32,11416,0,0,24824,19384,2,5344,7680,0,64,0,63489,912,10752,32768,0,992,64,0,0,0,847,60291,0,49152,0,26624
1395,1100,0,0,0,0,2,10,8,7,2,43008,19968,815,188,64,32768,14,762,881,0,0,32,18659,0,0,18627,18659,0,65504,0,0,64,0,64584,880,9920,33280,0,944,64,0,0,0,837,0,0,32768,0,26688
1396,1000,0,0,0,0,2,10,8,7,2,2304,46592,585,614,64,32768,0,688,878,0,0,32,11448,0,0,24472,19128,2,5248,7392,0,64,0,63616,912,10752,32768,0,992,64,0,0,0,848,60772,0,16384,0,26624
1396,1100,0,0,0,0,2,10,8,7,2,55040,2560,817,179,64,32768,14,765,882,0,0,32,18540,0,0,18508,18540,0,65504,0,0,64,0,64504,880,9920,33280,0,944,64,0,0,0,837,0,0,49152,0,26688
1397,1000,0,0,0,0,2,10,8,7,2,20992,7168,605,594,64,32768,0,690,881,0,0,32,11496,0,0,24136,18888,2,5152,7104,0,64,0,63742,912,10752,32768,0,992,64,0,0,0,848,61253,0,49152,0,26624
1397,1100,0,0,0,0,2,10,8,7,2,2048,48384,820,170,64,32768,14,769,882,0,0,32,18411,0,0,18379,18411,0,65504,0,0,64,0,64424,880,9920,33280,0,944,64,0,0,0,838,0,0,0,0,26688
1398,1000,0,0,0,0,2,10,8,7,2,44800,28160,625,575,64,32768,0,692,883,0,0,32,11559,0,0,23815,18663,2,5056,6816,0,64,0,63867,912,10752,32768,0,992,64,0,0,0,849,61734,0,16384,0,26624
1398,1100,0,0,0,0,2,10,8,7,2,15360,26368,822,160,64,32768,14,772,883,0,0,32,18272,0,0,18240,18272,0,65504,0,0,64,0,64345,880,9920,33280,0,944,64,0,0,0,838,0,0,16384,0,26688
1399,1000,512,0,0,0,2,10,8,7,2,8192,44288,642,555,64,32768,0,695,885,0,0,32,11638,0,0,23510,18454,2,5120,7104,0,64,0,63776,912,10752,33282,0,992,64,0,36,0,849,61478,0,49152,0,26624
1399,1100,512,0,0,0,2,10,8,7,2,29184,1792,824,149,64,32768,14,775,884,0,0,32,18123,0,0,18091,18123,0,65504,0,0,64,0,64266,880,9920,33280,0,944,64,0,0,0,838,0,0,32768,0,26688
1400,1000,0,0,0,0,2,10,8,7,2,41472,55296,659,537,64,32768,0,697,887,0,0,32,11130,0,0,23354,18234,2,5184,7392,0,64,0,63686,912,10752,33280,0,992,64,0,36,0,850,61222,0,16384,0,26624
1400,1100,0,0,0,0,2,10,8,7,2,43520,39936,826,137,64,32768,14,778,884,0,0,32,17964,0,0,17932,17964,0,65504,0,0,64,0,64188,880,9920,33280,0,944,64,0,0,0,838,0,0,49152,0,26688
1401,1000,0,0,0,0,2,10,8,7,2,13568,61696,667,527,64,32768,0,700,889,0,0,32,10610,0,0,23186,18002,2,5248,7680,0,64,0,63597,912,10816,33280,0,992,64,0,36,0,850,60966,0,49152,0,26624
1401,1100,0,0,0,0,2,10,8,7,2,58368,9472,829,125,64,32768,14,781,885,0,0,32,17795,0,0,17763,17795,0,65504,0,0,64,0,64111,880,9920,33280,0,944,64,0,0,0,839,0,0,0,0,26688
1402,1000,0,0,0,0,2,10,8,7,2,53248,0,676,517,64,32768,0,702,892,0,0,32,10079,0,0,23007,17759,2,5312,7968,0,64,0,63508,912,10816,33280,0,992,64,0,36,0,851,60710,0,16384,0,26624
1402,1100,0,0,0,0,2,10,8,7,2,8448,41472,831,111,64,32768,14,785,885,0,0,32,17616,0,0,17584,17616,0,65504,0,0,64,0,64034,880,9984,33280,0,944,64,0,0,0,839,0,0,16384,0,26688
1403,1000,0,0,0,0,2,10,8,7,2,29696,1280,685,505,64,32768,0,705,894,0,0,32,9537,0,0,22817,17505,2,5376,8256,0,64,0,63420,912,10816,33280,0,992,64,0,36,0,851,60454,0,49152,0,26624
1403,1100,0,0,0,0,2,10,8,7,2,24576,4352,833,97,64,32768,14,788,886,0,0,32,17428,0,0,17396,17428,0,65504,0,0,64,0,63958,880,9984,33280,0,944,64,0,0,0,839,0,0,32768,0,26688
1404,1000,0,0,0,0,2,10,8,7,2,8448,65024,695,493,64,32768,0,708,895,0,0,32,8984,0,0,22616,17240,2,5440,8544,0,64,0,63333,912,10816,33280,0,992,64,0,36,0,852,60198,0,16384,0,26624
1404,1100,0,0,0,0,2,10,8,7,2,41216,29184,835,82,64,32768,14,791,886,0,0,32,17230,0,0,17198,17230,0,65504,0,0,64,0,63883,880,9984,33280,0,944,64,0,0,0,839,0,0,49152,0,26688
1405,1000,0,0,0,0,2,10,8,7,2,55296,60160,704,480,64,32768,0,710,897,0,0,32,8420,0,0,22404,16964,2,5504,8256,0,64,0,63247,912,10816,33280,0,992,64,0,36,0,852,59942,0,49152,0,26624
1405,1100,0,0,0,0,2,10,8,7,2,58368,50176,837,66,64,32768,14,794,886,0,0,32,17023,0,0,16991,17023,0,65504,0,0,64,0,63808,880,9984,33280,0,944,64,0,0,0,840,0,0,0,0,26688
1406,1000,0,0,0,0,2,10,8,7,2,38912,51968,714,466,64,32768,0,713,899,0,0,32,8421,0,0,22181,16677,2,5568,8544,0,64,0,63161,912,10816,33280,0,992,64,0,36,0,853,59686,0,16384,0,26624
1406,1100,0,0,0,0,2,10,8,7,2,10496,1536,838,49,64,32768,14,798,887,0,0,32,16807,0,0,16775,16807,0,65504,0,0,64,0,63720,880,9984,512,0,944,64,0,0,0,840,0,0,16384,65526,26688
1407,1000,0,0,0,0,2,10,8,7,2,25088,40192,724,451,64,32768,0,716,901,0,0,32,7836,0,0,21948,16380,2,5632,8256,0,64,0,63076,912,10816,33280,0,992,64,0,36,0,853,59430,0,49152,0,26624
1407,1100,0,0,0,0,2,10,8,7,2,28416,14080,829,32,64,32768,14,801,887,0,0,32,16580,0,0,16548,16580,0,65504,0,0,64,0,63632,880,9984,512,0,944,64,0,0,0,830,0,0,32768,65526,26688
1408,1000,0,0,0,0,2,10,8,7,2,13824,24576,735,435,64,32768,0,719,903,0,0,32,7816,0,0,21704,16072,2,5696,8544,0,64,0,63102,912,10816,33280,0,992,64,0,36,0,854,59174,0,16384,0,26624
1408,1100,0,0,0,0,2,10,8,7,2,44032,22272,819,13,64,32768,14,804,887,0,0,32,16342,0,0,16310,16342,0,65504,0,0,64,0,63544,880,9984,512,0,944,64,0,0,0,820,0,0,49152,65526,26688
1409,1000,0,0,0,0,2,10,8,7,2,5376,4864,745,417,64,32768,0,722,905,0,0,32,7223,0,0,21463,15767,2,5760,8256,0,64,0,63017,912,10880,33280,0,992,64,0,36,0,854,58918,0,49152,0,26624
1409,1100,0,0,0,0,2,10,8,7,2,57088,25600,810,65531,64,32768,14,807,887,0,0,32,16093,0,0,16061,16093,0,65504,0,0,64,0,63456,880,9984,512,0,944,64,0,0,0,811,0,0,0,65526,26688
1410,1000,0,0,0,0,2,10,8,7,2,65024,46080,755,401,64,32768,0,724,906,0,0,32,7196,0,0,21212,15452,2,5824,8544,0,64,0,63102,912,10880,33280,0,992,64,0,36,0,855,58662,0,16384,0,26624
1410,1100,0,0,0,0,2,10,8,7,2,2304,24320,800,65512,64,32768,14,811,887,0,0,32,15833,0,0,15801,15833,0,65504,0,0,64,0,63368,880,9344,512,0,944,64,0,0,0,801,0,0,16384,65526,26688
1411,1000,0,0,0,0,2,10,8,7,2,61696,17664,765,382,64,32768,0,727,908,0,0,32,6603,0,0,20971,15147,2,5888,8256,0,64,0,63017,912,10880,33280,0,992,64,0,36,0,855,58406,0,49152,0,26624
1411,1100,0,0,0,0,2,10,8,7,2,10496,18176,789,65492,64,32768,14,814,887,0,0,32,15562,0,0,15530,15562,0,65504,0,0,64,0,63280,880,9344,512,0,944,64,0,0,0,791,0,0,32768,65526,26688
1412,1000,0,0,0,0,2,10,8,7,2,60928,49920,774,365,64,32768,0,730,909,0,0,32,6576,0,0,20720,14832,2,5952,8544,0,64,0,63102,912,10880,33280,0,992,64,0,36,0,856,58150,0,16384,0,26624
1412,1100,0,0,0,0,2,10,8,7,2,15872,6912,778,65473,64,32768,14,817,887,0,0,32,15280,0,0,15248,15280,0,65504,0,0,64,0,63192,880,9344,512,0,944,64,0,0,0,781,0,0,49152,65526,26688
1413,1000,0,0,0,0,2,10,8,7,2,62464,12288,783,346,64,32768,0,733,911,0,0,32,5983,0,0,20479,14527,2,6016,8256,0,64,0,63017,912,10880,33280,0,992,64,0,36,0,856,57894,0,49152,0,26624
1413,1100,0,0,0,0,2,10,8,7,2,18432,56320,767,65453,64,32768,14,820,886,0,0,32,14987,0,0,14955,14987,0,65504,0,0,64,0,63104,880,9344,512,0,944,64,0,0,0,772,0,0,0,65526,26688
1414,1000,0,0,0,0,2,10,8,7,2,768,35328,792,328,64,32768,0,737,912,0,0,32,5956,0,0,20228,14212,2,6080,8544,0,64,0,63102,912,10880,33280,0,992,64,0,36,0,857,57638,0,16384,0,26624
1414,1100,0,0,0,0,2,10,8,7,2,18176,35072,754,65432,64,32768,14,823,886,0,0,32,14683,0,0,14651,14683,0,65504,0,0,64,0,63016,880,9344,512,0,944,64,0,0,0,762,0,0,16384,65528,26688
1415,1000,0,0,0,0,2,10,8,7,2,6912,53760,799,309,64,32768,0,740,913,0,0,32,5363,0,0,19987,13907,2,6144,8256,0,64,0,63017,912,10880,33280,0,992,64,0,36,0,857,57382,0,49152,0,26624
1415,1100,0,0,0,0,2,10,8,7,2,14592,8448,743,65412,64,32768,14,826,886,0,0,32,14368,0,0,14336,14368,0,65504,0,0,64,0,63083,880,9344,512,0,944,64,0,0,0,754,0,0,32768,65528,26688
1416,1000,0,0,0,0,2,10,8,7,2,14848,1792,807,291,64,32768,0,743,915,0,0,32,5336,0,0,19736,13592,2,6144,8544,0,64,0,63102,912,10880,33280,0,992,64,0,36,0,858,57126,0,16384,0,26624
1416,1100,0,0,0,0,2,10,8,7,2,8192,42240,731,65391,64,32768,14,829,885,0,0,32,14061,0,0,14029,14061,0,65504,0,0,64,0,63083,880,9344,512,0,944,64,0,0,0,746,0,0,49152,65528,26688
1417,1000,0,0,0,0,2,10,8,7,2,24832,10752,814,271,64,32768,0,746,916,0,0,32,4743,0,0,19431,13287,2,6144,8256,0,64,0,63017,912,10944,33280,0,992,64,0,36,0,858,56870,0,49152,0,26624
1417,1100,0,0,0,0,2,10,8,7,2,64256,5120,720,65371,64,32768,14,831,885,0,0,32,13754,0,0,13722,13754,0,65504,0,0,64,0,63083,880,9344,512,0,944,64,0,0,0,739,0,0,0,65528,26688
1418,1000,0,0,0,0,2,10,8,7,2,36608,14592,822,248,64,32768,0,749,917,0,0,32,4716,0,0,19116,12972,2,6144,8544,0,64,0,63102,912,10944,33280,0,992,64,0,36,0,859,56614,0,16384,0,26624
1418,1100,0,0,0,0,2,10,8,7,2,51968,28416,707,65352,64,32768,14,834,884,0,0,32,13447,0,0,13415,13447,0,65504,0,0,64,0,63083,880,8704,512,0,944,64,0,0,0,731,0,0,16384,65528,26688
1419,1000,0,0,0,0,2,10,8,7,2,50432,12544,829,223,64,32768,0,752,918,0,0,32,4123,0,0,18811,12667,2,6144,8256,0,64,0,63017,912,10944,33280,0,992,64,0,36,0,859,56358,0,49152,0,26624
1419,1100,0,0,0,0,2,10,8,7,2,36352,46848,693,65333,64,32768,14,837,883,0,0,32,13140,0,0,13108,13140,0,65504,0,0,64,0,63083,880,8704,512,0,944,64,0,0,0,723,0,0,32768,65528,26688
1420,1000,0,0,0,0,2,10,8,7,2,512,4096,836,199,64,32768,0,756,919,0,0,32,4096,0,0,18496,12352,2,6144,8544,0,64,0,63102,912,10944,33280,0,992,64,0,36,0,860,56102,0,16384,0,26624
1420,1100,0,0,0,0,2,10,8,7,2,17152,60416,680,65316,64,32768,14,840,882,0,0,32,12833,0,0,12801,12833,0,65504,0,0,64,0,63083,880,8704,512,0,944,64,0,0,0,715,0,0,49152,65528,26688
1421,1000,0,0,0,0,2,10,8,7,2,17920,55040,842,173,64,32768,0,759,919,0,0,32,3503,0,0,18191,12047,2,6144,8256,0,64,0,63017,912,10944,33280,0,992,64,0,36,0,860,55846,0,49152,0,26624
1421,1100,0,0,0,0,2,10,8,7,2,60160,4096,666,65298,64,32768,14,842,882,0,0,32,12526,0,0,12494,12526,0,65504,0,0,64,0,63083,880,8704,33280,0,944,64,0,0,0,708,0,0,0,2,26688
1422,1000,0,0,0,0,2,10,8,7,2,36864,33792,848,149,64,32768,0,762,920,0,0,32,3476,0,0,17876,11732,2,6144,8544,0,64,0,63102,912,10944,33280,0,992,64,0,36,0,861,55590,0,16384,0,26624
1422,1100,0,0,0,0,2,10,8,7,2,34048,8704,661,65278,64,32768,14,845,881,0,0,32,12219,0,0,12187,12219,0,65504,0,0,64,0,63083,880,8704,33280,0,944,64,0,0,0,710,0,0,0,2,26688
1423,1000,0,0,0,0,2,10,8,7,2,57344,6400,852,123,64,32768,0,765,921,0,0,32,2883,0,0,17571,11427,2,6144,8256,0,64,0,63017,912,10944,33280,0,992,64,0,36,0,861,55334,0,49152,0,26624
1423,1100,0,0,0,0,2,10,8,7,2,6656,8192,655,65258,64,32768,14,848,880,0,0,32,11912,0,0,11880,11912,0,65504,0,0,64,0,63083,880,8704,33280,0,944,64,0,0,0,712,0,0,0,2,26688
1424,1000,0,0,0,0,2,10,8,7,2,13312,37888,856,98,64,32768,0,769,921,0,0,32,2856,0,0,17256,11112,2,6144,8544,0,64,0,63102,912,10944,33280,0,992,64,0,36,0,862,55078,0,16384,0,26624
1424,1100,0,0,0,0,2,10,8,7,2,43264,2560,648,65238,64,32768,14,850,879,0,0,32,11605,0,0,11573,11605,0,65504,0,0,64,0,63083,880,8704,33280,0,944,64,0,0,0,714,0,0,0,2,26688
1425,1000,0,0,0,0,2,10,8,7,2,35840,62976,859,72,64,32768,0,772,921,0,0,32,2263,0,0,16951,10807,2,6144,8256,0,64,0,63017,912,11008,33280,0,992,64,0,36,0,862,54822,0,49152,0,26624
1425,1100,0,0,0,0,2,10,8,7,2,12544,57344,641,65218,64,32768,14,853,877,0,0,32,11298,0,0,11266,11298,0,65504,0,0,64,0,63083,880,8704,33280,0,944,64,0,0,0,716,0,0,0,2,26688
1426,1000,0,0,0,0,2,10,8,7,2,59136,15872,861,47,64,32768,0,775,922,0,0,32,2236,0,0,16636,10492,2,6144,8544,0,64,0,63102,912,11008,33280,0,992,64,0,36,0,863,54566,0,16384,0,26624
1426,1100,0,0,0,0,2,10,8,7,2,45568,41472,633,65198,64,32768,14,855,876,0,0,32,10991,0,0,10959,10991,0,65504,0,0,64,0,63083,880,8768,33280,0,944,64,0,0,0,718,0,0,0,2,26688
1427,1000,0,0,0,0,2,10,8,7,2,17408,27904,862,21,64,32768,0,779,922,0,0,32,1643,0,0,16331,10187,2,6144,8256,0,64,0,63017,912,11008,33280,0,992,64,0,36,0,863,54310,0,49152,0,26624
1427,1100,0,0,0,0,2,10,8,7,2,11008,20480,624,65179,64,32768,14,858,875,0,0,32,10684,0,0,10652,10684,0,65504,0,0,64,0,63083,880,8768,33280,0,944,64,0,0,0,720,0,0,0,2,26688
1428,1000,0,0,0,0,2,10,8,7,2,41472,33280,863,65532,64,32768,0,782,922,0,0,32,1616,0,0,16016,9872,2,6144,8544,0,64,0,63111,912,11008,33280,0,992,64,0,36,0,864,54054,0,16384,0,26624
1428,1100,0,0,0,0,2,10,8,7,2,39680,60160,615,65159,64,32768,14,860,873,0,0,32,10377,0,0,10345,10377,0,65504,0,0,64,0,63083,880,8768,33280,0,944,64,0,0,0,722,0,0,0,2,26688
1429,1000,0,0,0,0,2,10,8,7,2,256,32256,863,65506,64,32768,0,786,922,0,0,32,1024,0,0,15712,9568,2,6144,8256,0,64,0,63036,912,11008,33280,0,992,64,0,36,0,864,53798,0,49152,0,26624
1429,1100,0,0,0,0,2,10,8,7,2,512,29184,605,65140,64,32768,14,863,872,0,0,32,10070,0,0,10038,10070,0,65504,0,0,64,0,63083,880,8768,33280,0,944,64,0,0,0,724,0,0,0,2,26688
1430,1000,0,0,0,0,2,10,8,7,2,24576,24576,863,65481,64,32768,0,789,922,0,0,32,999,0,0,15399,9255,2,6144,8544,0,64,0,63111,912,11008,33280,0,992,64,0,36,0,865,53542,0,16384,0,26624
1430,1100,0,0,0,0,2,10,8,7,2,24320,58880,595,65122,64,32768,14,865,870,0,0,32,9763,0,0,9731,9763,0,65504,0,0,64,0,63083,880,8768,33280,0,944,64,0,0,0,726,0,0,0,2,26688
1431,1000,0,0,0,0,2,10,8,7,2,48896,10496,861,65455,64,32768,0,792,922,0,0,32,407,0,0,15095,8951,2,6144,8256,0,64,0,63036,912,11008,33280,0,992,64,0,36,0,865,53286,0,49152,0,26624
1431,1100,0,0,0,0,2,10,8,7,2,45568,18432,584,65103,64,32768,14,867,869,0,0,32,9456,0,0,9424,9456,0,65504,0,0,64,0,63083,880,8768,33280,0,944,64,0,0,0,728,0,0,0,2,26688
1432,1000,0,0,0,0,2,10,8,7,2,7168,55296,859,65430,64,32768,0,796,921,0,0,32,382,0,0,14782,8638,2,6144,8544,0,64,0,63111,912,11008,33280,0,992,64,0,36,0,866,53030,0,16384,0,26624
1432,1100,0,0,0,0,2,10,8,7,2,64000,38656,573,65085,64,32768,14,869,867,0,0,32,9149,0,0,9117,9149,0,65504,0,0,64,0,63083,880,8768,33280,0,944,64,0,0,0,730,0,0,0,2,26688
1433,1000,0,0,0,0,2,10,8,7,2,30464,28160,855,65404,64,32768,0,799,921,0,0,32,65326,0,0,14478,8334,2,6144,8256,0,64,0,63036,912,11072,33280,0,992,64,0,36,0,866,52774,0,49152,0,26624
1433,1100,0,0,0,0,2,10,8,7,2,14080,54272,561,65067,64,32768,14,872,865,0,0,32,8842,0,0,8810,8842,0,65504,0,0,64,0,63211,880,8768,32768,0,944,64,0,0,0,732,0,0,0,2,26688
1434,1000,0,0,0,0,2,10,8,7,2,52736,59904,852,65379,64,32768,0,802,920,0,0,32,65301,0,0,14165,8021,2,6144,8544,0,64,0,63111,912,11072,33280,0,992,64,0,36,0,867,52518,0,16384,0,26624
1434,1100,0,0,0,0,2,10,8,7,2,26624,65280,548,65049,64,32768,14,874,863,0,0,32,8551,0,0,8519,8551,0,65504,0,0,64,0,63339,880,8832,32768,0,944,64,0,0,0,734,0,0,0,2,26688
1435,1000,0,0,0,0,2,10,8,7,2,8704,19712,847,65353,64,32768,0,806,920,0,0,32,64709,0,0,13861,7717,2,6144,8256,0,64,0,63036,912,11072,33280,0,992,64,0,36,0,867,52262,0,49152,0,26624
1435,1100,0,0,0,0,2,10,8,7,2,35840,6144,536,65033,64,32768,14,876,862,0,0,32,8276,0,0,8244,8276,0,65504,0,0,64,0,63467,880,8832,32768,0,944,64,0,0,0,736,0,0,0,2,26688
1436,1000,0,0,0,0,2,10,8,7,2,28928,38400,842,65329,64,32768,0,809,919,0,0,32,64684,0,0,13548,7404,2,6144,8544,0,64,0,63111,912,11072,33280,0,992,64,0,36,0,868,52006,0,16384,0,26624
1436,1100,0,0,0,0,2,10,8,7,2,41984,8448,524,65017,64,32768,14,878,860,0,0,32,8017,0,0,7985,8017,0,65504,0,0,64,0,63595,880,8832,32768,0,944,64,0,0,0,738,0,0,0,2,26688
1437,1000,0,0,0,0,2,10,8,7,2,47872,50944,836,65303,64,32768,0,812,918,0,0,32,64092,0,0,13244,7100,2,6144,8256,0,64,0,63036,912,11072,33280,0,992,64,0,36,0,868,51750,0,49152,0,26624
1437,1100,0,0,0,0,2,10,8,7,2,45056,6656,512,65003,64,32768,14,880,858,0,0,32,7774,0,0,7742,7774,0,65504,0,0,64,0,63723,880,8832,32768,0,944,64,0,0,0,740,0,0,0,2,26688
1438,1000,0,0,0,0,2,10,8,7,2,65280,56832,830,65279,64,32768,0,815,917,0,0,32,64067,0,0,12931,6787,2,6144,8544,0,64,0,63111,912,11072,33280,0,992,64,0,36,0,869,51494,0,16384,0,26624
1438,1100,0,0,0,0,2,10,8,7,2,45056,1280,501,64990,64,32768,14,882,856,0,0,32,7547,0,0,7515,7547,0,65504,0,0,64,0,63851,880,8832,32768,0,944,64,0,0,0,742,0,0,0,2,26688
1439,1000,0,0,0,0,2,10,8,7,2,15616,56576,821,65254,64,32768,0,819,916,0,0,32,63475,0,0,12627,6483,2,6144,8256,0,64,0,63036,912,11072,33280,0,992,64,0,36,0,869,51238,0,49152,0,26624
1439,1100,0,0,0,0,2,10,8,7,2,42240,58112,490,64977,64,32768,14,884,853,0,0,32,7336,0,0,7304,7336,0,65504,0,0,64,0,63979,880,8832,32768,0,944,64,0,0,0,744,0,0,0,2,26688
1440,1000,0,0,0,0,2,10,8,7,2,29184,49920,814,65230,64,32768,0,822,915,0,0,32,63450,0,0,12314,6170,2,6144,8544,0,64,0,63111,912,11072,33280,0,992,64,0,36,0,870,50982,0,16384,0,26624
1440,1100,0,0,0,0,2,10,8,7,2,36608,46080,480,64966,64,32768,14,886,851,0,0,32,7141,0,0,7109,7141,0,65504,0,0,64,0,64107,880,8832,32768,0,944,64,0,0,0,746,0,0,0,2,26688
1441,1000,0,0,0,0,2,10,8,7,2,40960,37120,804,65206,64,32768,0,825,914,0,0,32,62858,0,0,12010,5866,2,6048,8256,0,64,0,63250,912,11136,32768,0,992,64,0,0,0,870,51463,0,49152,0,26624
1441,1100,0,0,0,0,2,10,8,7,2,28416,31232,471,64956,64,32768,14,888,849,0,0,32,6962,0,0,6930,6962,0,65504,0,0,64,0,64235,880,8832,32768,0,944,64,0,0,0,748,0,0,0,2,26688
1442,1000,0,0,0,0,2,10,8,7,2,50176,18176,795,65182,64,32768,0,828,913,0,0,32,62860,0,0,11628,5580,2,5952,7968,0,64,0,63387,912,11136,32768,0,992,64,0,0,0,871,51944,0,16384,0,26624
1442,1100,0,0,0,0,2,10,8,7,2,17920,13824,462,64946,64,32768,14,890,847,0,0,32,6799,0,0,6767,6799,0,65504,0,0,64,0,64363,880,8896,32768,0,944,64,0,0,0,750,0,0,0,2,26688
1443,1000,0,0,0,0,2,10,8,7,2,57088,58624,782,65153,64,32768,0,831,911,0,0,32,62879,0,0,11263,5311,2,5856,7680,0,64,0,63522,912,11136,32768,0,992,64,0,0,0,871,52425,0,49152,0,26624
1443,1100,0,0,0,0,2,10,8,7,2,5120,59392,454,64937,64,32768,14,892,844,0,0,32,6652,0,0,6620,6652,0,65504,0,0,64,0,64491,880,8896,32768,0,944,64,0,0,0,752,0,0,0,2,26688
1444,1000,0,0,0,0,2,10,8,7,2,60672,26112,769,65125,64,32768,0,834,910,0,0,32,62915,0,0,10915,5059,2,5760,7392,0,64,0,63656,912,11136,32768,0,992,64,0,0,0,872,52906,0,16384,0,26624
1444,1100,0,0,0,0,2,10,8,7,2,55808,37120,447,64929,64,32768,14,893,842,0,0,32,6521,0,0,6489,6521,0,65504,0,0,64,0,64619,880,8896,32768,0,944,64,0,0,0,754,0,0,0,2,26688
1445,1000,0,0,0,0,2,10,8,7,2,60928,51968,754,65100,64,32768,0,837,908,0,0,32,62968,0,0,10584,4824,2,5664,7104,0,64,0,63788,912,11136,32768,0,992,64,0,0,0,872,53387,0,49152,0,26624
1445,1100,0,0,0,0,2,10,8,7,2,39168,12800,440,64922,64,32768,14,895,840,0,0,32,6406,0,0,6374,6406,0,65504,0,0,64,0,64747,880,8896,32768,0,944,64,0,0,0,756,0,0,0,2,26688
1446,1000,0,512,0,0,2,10,8,7,2,57344,5888,741,65076,64,32768,0,840,907,0,0,32,63037,0,0,10269,4605,2,5568,6816,0,64,0,63919,912,11136,32768,0,992,64,0,0,0,873,53868,0,16384,0,26624
1446,1100,0,512,0,0,2,10,8,7,2,20736,52224,434,64916,64,32768,14,897,837,0,0,32,6307,0,0,6275,6307,0,65504,0,0,64,0,64659,880,8896,33282,0,944,64,0,0,0,758,0,0,0,2,26688
1447,1000,0,0,0,0,2,10,8,7,2,50432,19200,727,65054,64,32768,0,843,905,0,0,32,63122,0,0,9970,4402,2,5472,6528,0,64,0,64048,912,11136,32768,0,992,64,0,0,0,873,54349,0,49152,0,26624
1447,1100,0,0,0,0,2,10,8,7,2,768,24576,430,64910,64,32768,14,899,835,0,0,32,6197,0,0,6165,6197,0,65504,0,0,64,0,64571,880,8896,33280,0,944,64,0,0,0,760,0,0,0,2,26688
1448,1000,0,0,0,0,2,10,8,7,2,39936,26880,714,65032,64,32768,0,846,903,0,0,32,63224,0,0,9688,4216,2,5376,6240,0,64,0,64176,912,11136,32768,0,992,64,0,0,0,874,54830,0,16384,0,26624
1448,1100,0,0,0,0,2,10,8,7,2,45312,60928,424,64904,64,32768,14,900,832,0,0,32,6076,0,0,6044,6076,0,65504,0,0,64,0,64483,880,8896,33280,0,944,64,0,0,0,762,0,0,0,2,26688
1449,1000,0,0,0,0,2,10,8,7,2,26112,28928,700,65013,64,32768,0,849,901,0,0,32,63342,0,0,9422,4046,2,5280,5952,0,64,0,64302,912,11200,32768,0,992,64,0,0,0,874,55311,0,49152,0,26624
1449,1100,0,0,0,0,2,10,8,7,2,22784,30208,418,64897,64,32768,14,902,830,0,0,32,5944,0,0,5912,5944,0,65504,0,0,64,0,64395,880,8896,33280,0,944,64,0,0,0,764,0,0,0,2,26688
1450,1000,0,0,0,0,2,10,8,7,2,8704,26112,687,64995,64,32768,0,852,899,0,0,32,63475,0,0,9171,3891,2,5184,5664,0,64,0,64427,912,11200,32768,0,992,64,0,0,0,875,55792,0,16384,0,26624
1450,1100,0,0,0,0,2,10,8,7,2,64256,63232,411,64890,64,32768,14,903,827,0,0,32,5801,0,0,5769,5801,0,65504,0,0,64,0,64307,880,8960,33280,0,944,64,0,0,0,766,0,0,0,2,26688
1451,1000,0,0,0,0,2,10,8,7,2,53504,18688,674,64978,64,32768,0,854,897,0,0,32,63624,0,0,8936,3752,2,5088,5376,0,64,0,64550,912,11200,32768,0,992,64,0,0,0,875,56273,0,49152,0,26624
1451,1100,0,0,0,0,2,10,8,7,2,38400,28928,403,64883,64,32768,14,905,825,0,0,32,5647,0,0,5615,5647,0,65504,0,0,64,0,64219,880,8960,33280,0,944,64,0,0,0,768,0,0,0,0,26688
1452,1000,0,0,0,0,2,10,8,7,2,29440,6912,662,64963,64,32768,0,857,895,0,0,32,63788,0,0,8716,3628,2,4992,5088,0,64,0,64672,912,11200,32768,0,992,64,0,0,0,876,56754,0,16384,0,26624
1452,1100,0,0,0,0,2,10,8,7,2,10496,58368,393,64877,64,32768,14,907,822,0,0,32,5482,0,0,5450,5482,0,65504,0,0,64,0,64131,880,8960,33280,0,944,64,0,0,0,768,0,0,32768,0,26688
1453,1000,256,0,0,0,2,10,8,7,2,2304,56832,649,64949,64,32768,0,860,892,0,0,32,63968,0,0,8512,3520,2,4864,4800,0,64,0,64832,912,11200,33025,0,992,64,0,0,0,876,56722,0,49152,0,26624
1453,1100,256,0,0,0,2,10,8,7,2,45568,20736,383,64870,64,32768,14,908,820,0,0,32,5306,0,0,5274,5306,0,65504,0,0,64,0,64043,880,8960,512,0,944,64,0,0,0,769,0,0,0,65526,26688
1454,1000,0,0,0,0,2,10,8,7,2,37376,37632,638,64936,64,32768,0,862,890,0,0,32,64168,0,0,8296,3432,2,4736,4512,0,64,0,64990,912,11200,33024,0,992,64,0,0,0,877,56690,0,16384,0,26624
1454,1100,0,0,0,0,2,10,8,7,2,12544,46848,367,64872,64,32768,14,910,817,0,0,32,5119,0,0,5087,5119,0,65504,0,0,64,0,63955,880,8960,512,0,944,64,0,0,0,759,0,0,32768,65528,26688
1455,1000,0,0,0,0,2,10,8,7,2,4096,15104,626,64923,64,32768,0,865,888,0,0,32,64387,0,0,8099,3363,2,4608,4224,0,64,0,65146,912,11200,33024,0,992,64,0,0,0,877,56658,0,49152,0,26624
1455,1100,0,0,0,0,2,10,8,7,2,40960,7936,352,64872,64,32768,14,911,815,0,0,32,4921,0,0,4889,4921,0,65504,0,0,64,0,63867,880,8960,512,0,944,64,0,0,0,752,0,0,0,65528,26688
1456,1000,0,0,0,0,2,10,8,7,2,33280,54784,615,64910,64,32768,0,867,885,0,0,32,64626,0,0,7922,3314,2,4480,3936,0,64,0,65300,912,11200,33024,0,992,64,0,0,0,878,56626,0,16384,0,26624
1456,1100,0,0,0,0,2,10,8,7,2,0,34560,336,64873,64,32768,14,913,812,0,0,32,4712,0,0,4680,4712,0,65504,0,0,64,0,63779,880,8960,512,0,944,64,0,0,0,744,0,0,32768,65528,26688
1457,1000,0,0,0,0,2,10,8,7,2,59648,25600,604,64900,64,32768,0,869,883,0,0,32,64884,0,0,7764,3284,2,4352,3648,0,64,0,65452,912,11264,33024,0,992,64,0,0,0,878,56594,0,49152,0,26624
1457,1100,0,0,0,0,2,10,8,7,2,20480,61440,319,64872,64,32768,14,914,809,0,0,32,4492,0,0,4460,4492,0,65504,0,0,64,0,63691,880,8960,512,0,944,64,0,0,0,737,0,0,0,65528,26688
1458,1000,0,0,0,0,2,10,8,7,2,17664,59392,595,64890,64,32768,0,872,880,0,0,32,65161,0,0,7625,3273,2,4256,3360,0,64,0,0,912,11264,32768,0,992,64,0,0,0,879,57075,0,16384,0,26624
1458,1100,0,0,0,0,2,10,8,7,2,36608,22528,302,64873,64,32768,14,915,807,0,0,32,4261,0,0,4229,4261,0,65504,0,0,64,0,63603,880,8320,512,0,944,64,0,0,0,729,0,0,32768,65528,26688
1459,1000,0,0,0,0,2,10,8,7,2,38912,25088,586,64882,64,32768,0,874,878,0,0,32,65449,0,0,7529,3273,2,4160,3072,0,64,0,0,912,11264,32768,0,992,64,0,0,0,879,57556,0,49152,0,26624
1459,1100,0,0,0,0,2,10,8,7,2,48384,49408,284,64873,64,32768,14,916,804,0,0,32,4019,0,0,3987,4019,0,65504,0,0,64,0,63515,880,8320,512,0,944,64,0,0,0,722,0,0,0,65528,26688
1460,1000,0,0,0,0,2,10,8,7,2,57856,54272,581,64876,64,32768,0,876,875,0,0,32,201,0,0,7433,3273,2,4064,2784,0,64,0,0,912,11264,32768,0,992,64,0,0,0,880,58037,0,16384,0,26624
1460,1100,0,0,0,0,2,10,8,7,2,55552,10752,266,64874,64,32768,14,917,802,0,0,32,3766,0,0,3734,3766,0,65504,0,0,64,0,63427,880,8320,512,0,944,64,0,0,0,714,0,0,32768,65528,26688
1461,1000,0,0,0,0,2,10,8,7,2,9984,16384,575,64871,64,32768,0,879,873,0,0,32,489,0,0,7337,3273,2,3968,2496,0,64,0,0,912,11264,32768,0,992,64,0,0,0,880,58518,0,49152,0,26624
1461,1100,0,0,0,0,2,10,8,7,2,58112,37888,247,64874,64,32768,14,918,799,0,0,32,3502,0,0,3470,3502,0,65504,0,0,64,0,63339,880,8320,512,0,944,64,0,0,0,707,0,0,0,65528,26688
1462,1000,0,0,0,0,2,10,8,7,2,26112,42752,569,64865,64,32768,0,881,870,0,0,32,777,0,0,7241,3273,2,3872,2208,0,64,0,0,912,11264,32768,0,992,64,0,0,0,881,58999,0,16384,0,26624
1462,1100,0,0,0,0,2,10,8,7,2,55808,65024,228,64876,64,32768,14,919,796,0,0,32,3227,0,0,3195,3227,0,65504,0,0,64,0,63467,880,8320,32768,0,944,64,0,0,0,699,0,0,32768,4,26688
1463,1000,512,0,0,0,2,10,8,7,2,40704,2048,563,64859,64,32768,0,883,868,0,0,32,1065,0,0,7145,3273,2,3936,2496,0,64,0,65433,912,11264,33282,0,992,64,0,0,0,881,58743,0,49152,0,26624
1463,1100,512,0,0,0,2,10,8,7,2,48640,27136,211,64866,64,32768,14,920,794,0,0,32,2968,0,0,2936,2968,0,65504,0,0,64,0,63595,880,8320,32768,0,944,64,0,0,0,703,0,0,32768,4,26688
1464,1000,0,0,0,0,2,10,8,7,2,53760,25344,558,64853,64,32768,0,885,865,0,0,32,764,0,0,7196,3260,2,4000,2784,0,64,0,65331,912,11264,33280,0,992,64,0,0,0,882,58487,0,16384,0,26624
1464,1100,0,0,0,0,2,10,8,7,2,37120,52224,196,64857,64,32768,14,921,791,0,0,32,2725,0,0,2693,2725,0,65504,0,0,64,0,63723,880,8320,32768,0,944,64,0,0,0,707,0,0,32768,2,26688
1465,1000,128,0,0,0,2,10,8,7,2,0,47104,561,64856,64,32768,0,888,862,0,0,32,450,0,0,3234,3234,0,0,2560,16,64,0,65227,912,11328,33280,0,992,64,0,128,0,882,58487,31,49152,50,26624
1465,1100,128,0,0,0,2,10,8,7,2,21760,9472,180,64851,64,32768,14,922,789,0,0,32,2498,0,0,2466,2498,0,65504,0,0,64,0,63851,880,8320,32768,0,944,64,0,0,0,709,0,0,32768,2,26688
1466,1000,0,0,0,0,2,10,8,7,2,12544,4096,284,64648,64,32768,0,890,860,0,0,32,635,0,0,3195,3195,2,0,2560,16,64,0,65123,912,11328,33280,0,992,64,0,128,0,933,0,30,16384,50,26624
1466,1100,0,0,0,0,2,10,8,7,2,2304,30720,166,64845,64,32768,14,923,786,0,0,32,2287,0,0,2255,2287,0,65504,0,0,64,0,63979,880,8384,32768,0,944,64,0,0,0,711,0,0,32768,2,26688
1467,1000,0,0,0,0,2,10,8,7,2,19712,38912,296,64599,64,32768,0,891,856,0,0,32,583,0,0,3143,3143,2,64,2848,16,64,0,65019,912,11328,33280,0,992,64,0,128,0,983,65280,29,49152,50,26624
1467,1100,0,0,0,0,2,10,8,7,2,44800,50432,152,64840,64,32768,14,923,783,0,0,32,2092,0,0,2060,2092,0,65504,0,0,64,0,64107,880,8384,32768,0,944,64,0,0,0,713,0,0,32768,2,26688
1468,1000,0,0,0,0,2,10,8,7,2,29952,61184,306,64549,64,32768,0,892,852,0,0,32,230,0,0,3142,3078,2,128,3136,16,64,0,64915,912,11328,33280,0,992,64,0,128,0,1034,65024,28,16384,50,26624
1468,1100,0,0,0,0,2,10,8,7,2,18176,3328,140,64835,64,32768,14,924,781,0,0,32,1913,0,0,1881,1913,0,65504,0,0,64,0,64235,880,8384,32768,0,944,64,0,0,0,715,0,0,32768,2,26688
1469,1000,0,0,0,0,2,10,8,7,2,42752,5120,321,64501,64,32768,0,893,849,0,0,32,65400,0,0,3128,3000,2,192,3424,16,64,0,64811,912,11328,33280,0,992,64,0,132,0,1084,64768,27,49152,50,26624
1469,1100,0,0,0,0,2,10,8,7,2,54016,20480,128,64831,64,32768,14,924,778,0,0,32,1750,0,0,1718,1750,0,65504,0,0,64,0,64363,880,8384,32768,0,944,64,0,0,0,717,0,0,32768,2,26688
1470,1000,0,0,0,0,2,10,8,7,2,59392,2304,335,64452,64,32768,0,894,845,0,0,32,65021,0,0,3101,2909,2,256,3712,16,64,0,64707,912,11328,33280,0,992,64,0,132,0,1135,64512,26,16384,50,26624
1470,1100,0,0,0,0,2,10,8,7,2,21248,36608,117,64827,64,32768,14,925,775,0,0,32,1603,0,0,1571,1603,0,65504,0,0,64,0,64491,880,8384,32768,0,944,64,0,0,0,719,0,0,32768,2,26688
1471,1000,0,0,0,0,2,10,8,7,2,14080,52480,347,64403,64,32768,0,896,840,0,0,32,64629,0,0,3061,2805,2,320,4000,16,64,0,64603,912,11328,33280,0,992,64,0,132,0,1185,64256,25,49152,50,26624
1471,1100,0,0,0,0,2,10,8,7,2,51200,51712,108,64824,64,32768,14,925,772,0,0,32,1472,0,0,1440,1472,0,65504,0,0,64,0,64619,880,8384,32768,0,944,64,0,0,0,721,0,0,32768,2,26688
1472,1000,0,0,0,0,2,10,8,7,2,37376,24576,357,64353,64,32768,0,897,836,0,0,32,64224,0,0,3008,2688,2,384,4288,16,64,0,64499,912,11328,33280,0,992,64,0,132,0,1236,64000,24,16384,50,26624
1472,1100,0,0,0,0,2,10,8,7,2,13312,512,99,64820,64,32768,14,926,770,0,0,32,1357,0,0,1325,1357,0,65504,0,0,64,0,64747,880,8384,32768,0,944,64,0,0,0,723,0,0,32768,2,26688
1473,1000,0,0,0,0,2,10,8,7,2,63232,49408,365,64303,64,32768,0,898,831,0,0,32,63806,0,0,2942,2558,2,448,4576,16,64,0,64395,912,11392,33280,0,992,64,0,132,0,1286,63744,23,49152,50,26624
1473,1100,0,0,0,0,2,10,8,7,2,38656,13824,91,64817,64,32768,14,926,767,0,0,32,1258,0,0,1226,1258,0,65504,0,0,64,0,64875,880,8384,32768,0,944,64,0,0,0,725,0,0,32768,2,26688
1474,1000,0,0,0,0,2,10,8,7,2,25600,61440,372,64252,64,32768,0,900,826,0,0,32,63375,0,0,2863,2415,2,512,4864,16,64,0,64291,912,11392,33280,0,992,64,0,132,0,1337,63488,22,16384,50,26624
1474,1100,0,0,0,0,2,10,8,7,2,61952,26368,85,64814,64,32768,14,926,764,0,0,32,1175,0,0,1143,1175,0,65504,0,0,64,0,65003,880,8448,32768,0,944,64,0,0,0,727,0,0,32768,2,26688
1475,1000,0,0,0,0,2,10,8,7,2,55296,60416,375,64201,64,32768,0,901,821,0,0,32,62931,0,0,2771,2259,2,576,5152,16,64,0,64187,912,11392,33280,0,992,64,0,132,0,1387,63232,21,49152,50,26624
1475,1100,0,0,0,0,2,10,8,7,2,18176,38144,79,64812,64,32768,14,927,761,0,0,32,1108,0,0,1076,1108,0,65504,0,0,64,0,65131,880,8448,32768,0,944,64,0,0,0,729,0,0,32768,2,26688
1476,1000,0,0,0,0,2,10,8,7,2,20224,46336,377,64149,64,32768,0,903,816,0,0,32,62474,0,0,2666,2090,2,640,5440,16,64,0,64083,912,11392,33280,0,992,64,0,132,0,1438,62976,20,16384,50,26624
1476,1100,0,0,0,0,2,10,8,7,2,38400,49408,75,64809,64,32768,14,927,758,0,0,32,1057,0,0,1025,1057,0,65504,0,0,64,0,65259,880,8448,32768,0,944,64,0,0,0,731,0,0,32768,2,26688
1477,1000,0,0,0,0,2,10,8,7,2,51200,18944,376,64097,64,32768,0,904,811,0,0,32,62004,0,0,2548,1908,2,704,5728,16,64,0,63979,912,11392,33280,0,992,64,0,132,0,1488,62720,19,49152,50,26624
1477,1100,0,0,0,0,2,10,8,7,2,57600,59904,71,64807,64,32768,14,927,755,0,0,32,1022,0,0,990,1022,0,65504,0,0,64,0,65387,880,8448,32768,0,944,64,0,0,0,733,0,0,32768,2,26688
1478,1000,0,0,0,0,2,10,8,7,2,16384,43776,372,64043,64,32768,0,906,805,0,0,32,61521,0,0,2417,1713,2,608,5440,16,64,0,64091,912,11392,32768,0,992,64,0,128,0,1539,63201,18,16384,50,26624
1478,1100,0,0,0,0,2,10,8,7,2,10240,4352,69,64805,64,32768,14,928,753,0,0,32,1003,0,0,971,1003,0,65504,0,0,64,0,65515,880,8448,32768,0,944,64,0,0,0,735,0,0,32768,2,26688
1479,1000,0,0,0,0,2,10,8,7,2,46080,54784,364,63990,64,32768,0,907,799,0,0,32,61628,0,0,2140,1532,2,512,5152,16,64,0,64203,912,11392,32768,0,992,64,0,128,0,1589,63682,17,49152,50,26624
1479,1100,0,0,0,0,2,10,8,7,2,27904,13824,68,64803,64,32768,14,928,750,0,0,32,1000,0,0,968,1000,0,65504,0,0,64,0,0,880,8448,32768,0,944,64,0,0,0,737,0,0,32768,2,26688
1480,1000,0,0,0,0,2,10,8,7,2,8192,52224,334,63931,64,32768,0,909,793,0,0,32,61749,0,0,1877,1365,2,416,4864,16,64,0,64315,912,11392,32768,0,992,64,0,128,0,1640,64163,16,16384,50,26624
1480,1100,0,0,0,0,2,10,8,7,2,45312,22784,68,64801,64,32768,14,928,747,0,0,32,1000,0,0,968,1000,0,65504,0,0,64,0,0,880,8448,32768,0,944,64,0,0,0,739,0,0,32768,2,26688
1481,1000,0,0,0,0,2,10,8,7,2,28160,34560,302,63874,64,32768,0,910,787,0,0,32,61884,0,0,1628,1212,2,320,4576,16,64,0,64427,912,11456,32768,0,992,64,0,128,0,1690,64644,15,49152,50,26624
1481,1100,0,0,0,0,2,10,8,7,2,62720,31232,68,64799,64,32768,14,928,744,0,0,32,1000,0,0,968,1000,0,65504,0,0,64,0,0,880,8448,32768,0,944,64,0,0,0,741,0,0,32768,2,26688
1482,1000,0,0,0,0,2,10,8,7,2,39936,2304,270,63817,64,32768,0,911,781,0,0,32,62033,0,0,1393,1073,2,224,4288,16,64,0,64539,912,11456,32768,0,992,64,0,128,0,1741,65125,14,16384,50,26624
1482,1100,0,0,0,0,2,10,8,7,2,14592,39168,68,64797,64,32768,14,929,741,0,0,32,1000,0,0,968,1000,0,65504,0,0,64,0,0,880,8512,32768,0,944,64,0,0,0,743,0,0,32768,2,26688
1483,1000,0,0,0,0,2,10,8,7,2,43520,20992,238,63761,64,32768,0,912,774,0,0,32,62196,0,0,1172,948,2,128,4000,16,64,0,64651,912,11456,32768,0,992,64,0,128,0,1791,70,13,49152,50,26624
1483,1100,0,0,0,0,2,10,8,7,2,32000,46592,69,64795,64,32768,14,929,738,0,0,32,1000,0,0,968,1000,0,65504,0,0,64,0,0,880,8512,32768,0,944,64,0,0,0,745,0,0,32768,2,26688
1484,1000,0,0,0,0,2,10,8,7,2,38912,25344,206,63706,64,32768,0,913,767,0,0,32,62373,0,0,965,837,2,32,3712,16,64,0,64763,912,11456,32768,0,992,64,0,128,0,1842,65125,12,16384,50,26624
1484,1100,0,0,0,0,2,10,8,7,2,49664,53504,69,64793,64,32768,14,929,735,0,0,32,1000,0,0,968,1000,0,65504,0,0,64,0,0,880,8512,32768,0,944,64,0,0,0,747,0,0,32768,2,26688
1485,1000,0,0,0,0,2,10,8,7,2,26112,15616,174,63652,64,32768,0,914,760,0,0,32,62564,0,0,772,740,0,32,3424,16,64,0,64875,912,11456,32768,0,992,64,0,128,0,1892,70,11,49152,50,26624
1485,1100,0,0,0,0,2,10,8,7,2,1792,59904,69,64791,64,32768,14,930,732,0,0,32,1000,0,0,968,1000,0,65504,0,0,64,0,0,880,8512,32768,0,944,64,0,0,0,749,0,0,32768,2,26688
1486,1000,0,0,0,0,2,10,8,7,2,5120,57600,143,63599,64,32768,0,915,752,0,0,32,62769,0,0,689,657,2,32,3424,16,64,0,64987,912,11456,32768,0,992,64,0,128,0,1943,0,10,16384,50,26624
1486,1100,0,0,0,0,2,10,8,7,2,19456,256,69,64789,64,32768,14,930,730,0,0,32,1000,0,0,968,1000,0,65504,0,0,64,0,0,880,8512,32768,0,944,64,0,0,0,751,0,0,32768,2,26688
1487,1000,0,0,0,0,2,10,8,7,2,41728,20480,131,63548,64,32768,0,915,745,0,0,32,62700,0,0,620,588,0,32,3136,16,64,0,65099,912,11456,32768,0,992,64,0,128,0,1993,65055,9,49152,50,26624
1487,1100,0,0,0,0,2,10,8,7,2,37120,5632,69,64787,64,32768,14,930,727,0,0,32,1000,0,0,968,1000,0,65504,0,0,64,0,0,880,8512,32768,0,944,64,0,0,0,753,0,0,32768,2,26688
1488,1000,0,0,0,0,2,10,8,7,2,9728,35840,121,63496,64,32768,0,916,737,0,0,32,62933,0,0,565,533,2,32,3136,16,64,0,65211,912,11456,32768,0,992,64,0,128,0,2016,0,8,16384,0,26624
1488,1100,0,0,0,0,2,10,8,7,2,54784,10496,69,64785,64,32768,14,930,724,0,0,32,1000,0,0,968,1000,0,65504,0,0,64,0,0,880,8512,32768,0,944,64,0,0,0,755,0,0,32768,2,26688
1489,1000,0,0,0,0,2,10,8,7,2,40704,37888,109,63523,64,32768,0,916,729,0,0,32,62892,0,0,524,492,0,32,2848,16,64,0,65323,912,11520,32768,0,992,64,0,128,0,2016,65055,7,49152,50,26624
1489,1100,0,0,0,0,2,10,8,7,2,6912,14848,70,64783,64,32768,14,931,721,0,0,32,1000,0,0,968,1000,0,65504,0,0,64,0,0,880,8512,32768,0,944,64,0,0,0,757,0,0,32768,2,26688
1490,1000,0,0,0,0,2,10,8,7,2,3072,46848,103,63472,64,32768,0,917,721,0,0,32,63153,0,0,497,465,2,32,2848,16,64,0,65435,912,11520,32768,0,992,64,0,128,0,2016,0,6,16384,0,26624
1490,1100,0,0,0,0,2,10,8,7,2,24832,18688,70,64781,64,32768,14,931,718,0,0,32,1000,0,0,968,1000,0,65504,0,0,64,0,0,880,8576,32768,0,944,64,0,0,0,759,0,0,32768,2,26688
1491,1000,0,0,0,0,2,10,8,7,2,29440,42752,95,63522,64,32768,0,917,713,0,0,32,63140,0,0,484,452,0,32,2560,16,64,0,0,912,11520,32768,0,992,64,0,128,0,2016,65055,5,49152,50,26624
1491,1100,0,0,0,0,2,10,8,7,2,42752,22016,70,64779,64,32768,14,931,715,0,0,32,1000,0,0,968,1000,0,65504,0,0,64,0,0,880,8576,32768,0,944,64,0,0,0,761,0,0,32768,2,26688
1492,1000,0,0,0,0,2,10,8,7,2,53760,51456,95,63471,64,32768,0,917,705,0,0,32,63428,0,0,484,452,2,32,2560,16,64,0,0,912,11520,32768,0,992,64,0,128,0,2016,0,4,16384,0,26624
1492,1100,0,0,0,0,2,10,8,7,2,60672,24832,70,64777,64,32768,14,931,712,0,0,32,1000,0,0,968,1000,0,65504,0,0,64,0,0,880,8576,32768,0,944,64,0,0,0,763,0,0,32768,2,26688
1493,1000,0,0,0,0,2,10,8,7,2,12544,47104,93,63522,64,32768,0,918,697,0,0,32,63428,0,0,484,452,0,32,2272,16,64,0,0,912,11520,32768,0,992,64,0,128,0,2016,65055,3,49152,50,26624
1493,1100,0,0,0,0,2,10,8,7,2,13056,27136,70,64775,64,32768,14,932,709,0,0,32,1000,0,0,968,1000,0,65504,0,0,64,0,0,880,8576,32768,0,944,64,0,0,0,765,0,0,32768,2,26688
1494,1000,0,0,0,0,2,10,8,7,2,36352,55808,95,63471,64,32768,0,918,689,0,0,32,63716,0,0,484,452,2,32,2272,16,64,0,0,912,11520,32768,0,992,64,0,128,0,2016,0,2,16384,0,26624
1494,1100,0,0,0,0,2,10,8,7,2,30976,28928,71,64773,64,32768,14,932,706,0,0,32,1000,0,0,968,1000,0,65504,0,0,64,0,0,880,8576,32768,0,944,64,0,0,0,767,0,0,32768,2,26688
1495,1000,0,0,0,0,2,10,8,7,2,60672,51456,93,63522,64,32768,0,918,681,0,0,32,63716,0,0,484,452,0,32,1984,16,64,0,0,912,11520,32768,0,992,64,0,128,0,2016,65055,1,49152,50,26624
1495,1100,0,0,0,0,2,10,8,7,2,49152,30208,71,64771,64,32768,14,932,703,0,0,32,1000,0,0,968,1000,0,65504,0,0,64,0,0,880,8576,32768,0,944,64,0,0,0,769,0,0,32768,0,26688
1496,1000,0,0,0,0,2,10,8,7,2,18944,60160,95,63471,64,32768,0,919,673,0,0,32,64004,0,0,484,452,2,32,1984,0,64,0,0,912,11520,32768,0,992,64,0,0,0,2067,0,0,16384,50,26624
1496,1100,0,0,0,0,2,10,8,7,2,1792,30976,71,64770,64,32768,14,933,700,0,0,32,1000,0,0,968,1000,0,65504,0,0,64,0,0,880,8576,32768,0,944,64,0,0,0,770,0,0,0,0,26688
1497,1000,0,0,0,0,2,10,8,7,2,43264,55808,98,63421,64,32768,0,919,665,0,0,32,64004,0,0,484,452,0,32,1696,0,64,0,0,912,11584,32768,0,992,64,0,0,0,2117,65055,0,49152,65480,26624
1497,1100,0,0,0,0,2,10,8,7,2,19968,31488,71,64770,64,32768,14,933,697,0,0,32,1000,0,0,968,1000,0,65504,0,0,64,0,0,880,8576,32768,0,944,64,0,0,0,770,0,0,32768,0,26688
1498,1000,0,0,0,0,2,10,8,7,2,2816,38656,95,63476,64,32768,0,920,657,0,0,32,64292,0,0,484,452,2,32,1696,0,64,0,0,912,11584,32768,0,992,64,0,0,0,2062,0,0,16384,65480,26624
1498,1100,0,0,0,0,2,10,8,7,2,38144,32000,71,64769,64,32768,14,933,694,0,0,32,1000,0,0,968,1000,0,65504,0,0,64,0,0,880,8640,32768,0,944,64,0,0,0,771,0,0,0,0,26688
1499,1000,0,0,0,0,2,10,8,7,2,27136,35584,92,63532,64,32768,0,920,649,0,0,32,64292,0,0,484,452,0,32,1408,0,64,0,0,912,11584,32768,0,992,64,0,0,0,2006,65055,0,49152,65480,26624
1499,1100,0,0,0,0,2,10,8,7,2,56320,32256,71,64769,64,32768,14,933,691,0,0,32,1000,0,0,968,1000,0,65504,0,0,64,0,0,880,8640,32768,0,944,64,0,0,0,771,0,0,32768,0,26688
1500,1000,0,0,0,0,2,10,8,7,2,50688,46848,90,63587,64,32768,0,920,641,0,0,32,64580,0,0,484,452,2,32,1408,0,64,0,0,912,11584,32768,0,992,64,0,0,0,1951,0,0,16384,65480,26624
1500,1100,0,0,0,0,2,10,8,7,2,8960,32512,71,64768,64,32768,14,934,688,0,0,32,1000,0,0,968,1000,0,65504,0,0,64,0,0,880,8640,32768,0,944,64,0,0,0,772,0,0,0,0,26688
1501,1000,0,512,0,0,2,10,8,7,2,8192,6656,87,63643,64,32768,0,921,634,0,0,32,64580,0,0,484,452,0,32,1120,0,64,0,0,912,11584,32768,0,992,64,0,0,0,1895,65055,0,49152,65480,26624
1501,1100,0,512,0,0,2,10,8,7,2,27136,32512,71,64768,64,32768,14,934,685,0,0,32,1000,0,0,968,1000,0,65504,0,0,64,0,65448,880,8640,33282,0,944,64,0,0,0,772,0,0,32768,0,26688
1502,1000,0,0,0,0,2,10,8,7,2,30464,46336,85,63698,64,32768,0,921,626,0,0,32,64868,0,0,484,452,2,32,1120,0,64,0,0,912,11584,32768,0,992,64,0,0,0,1840,0,0,16384,65480,26624
1502,1100,0,0,0,0,2,10,8,7,2,45312,32512,71,64767,64,32768,14,934,682,0,0,32,989,0,0,957,989,0,65504,0,0,64,0,65360,880,8640,33280,0,944,64,0,0,0,773,0,0,0,0,26688
1503,1000,0,0,0,0,2,10,8,7,2,52224,34560,82,63754,64,32768,0,921,619,0,0,32,64868,0,0,484,452,0,32,832,0,64,0,0,912,11584,32768,0,992,64,0,0,0,1784,65055,0,49152,65480,26624
1503,1100,0,0,0,0,2,10,8,7,2,63488,32256,70,64767,64,32768,14,934,679,0,0,32,967,0,0,935,967,0,65504,0,0,64,0,65272,880,8640,33280,0,944,64,0,0,0,773,0,0,32768,0,26688
1504,1000,512,0,0,0,2,10,8,7,2,7680,37120,80,63809,64,32768,0,922,612,0,0,32,65156,0,0,484,452,2,32,832,0,64,0,65432,912,11584,33282,0,992,64,0,0,0,1729,0,0,16384,65480,26624
1504,1100,512,0,0,0,2,10,8,7,2,15872,32000,69,64765,64,32768,14,935,676,0,0,32,934,0,0,902,934,0,65504,0,0,64,0,65184,880,8640,33280,0,944,64,0,0,0,774,0,0,0,0,26688
1505,1000,0,0,0,0,2,10,8,7,2,28160,53760,77,63865,64,32768,0,922,605,0,0,32,65143,0,0,471,439,2,96,1120,0,64,0,65328,912,11648,33280,0,992,64,0,0,0,1673,65280,0,49152,65480,26624
1505,1100,0,0,0,0,2,10,8,7,2,33536,31232,66,64765,64,32768,14,935,673,0,0,32,890,0,0,858,890,0,65504,0,0,64,0,65096,880,8640,33280,0,944,64,0,0,0,774,0,0,32768,0,26688
1506,1000,0,0,0,0,2,10,8,7,2,47872,19200,72,63920,64,32768,0,922,599,0,0,32,64829,0,0,509,413,2,160,1408,0,64,0,65224,912,11648,33280,0,992,64,0,0,0,1618,65024,0,16384,65480,26624
1506,1100,0,0,0,0,2,10,8,7,2,50432,30464,63,64764,64,32768,14,935,670,0,0,32,835,0,0,803,835,0,65504,0,0,64,0,65008,880,8704,33280,0,944,64,0,0,0,775,0,0,0,0,26688
1507,1000,0,0,0,0,2,10,8,7,2,768,64256,76,63976,64,32768,0,923,592,0,0,32,64502,0,0,534,374,2,224,1696,0,64,0,65120,912,11648,33280,0,992,64,0,0,0,1562,64768,0,49152,65480,26624
1507,1100,0,0,0,0,2,10,8,7,2,1024,29440,59,64764,64,32768,14,936,667,0,0,32,769,0,0,737,769,0,65504,0,0,64,0,64920,880,8704,33280,0,944,64,0,0,0,775,0,0,32768,0,26688
1508,1000,0,0,0,0,2,10,8,7,2,20224,58112,77,64031,64,32768,0,923,586,0,0,32,64162,0,0,546,322,2,288,1984,0,64,0,65016,912,11648,33280,0,992,64,0,0,0,1507,64512,0,16384,65480,26624
1508,1100,0,0,0,0,2,10,8,7,2,16128,28416,54,64762,64,32768,14,936,664,0,0,32,692,0,0,660,692,0,65504,0,0,64,0,64832,880,8704,33280,0,944,64,0,0,0,776,0,0,0,0,26688
1509,1000,0,0,0,0,2,10,8,7,2,39936,512,75,64087,64,32768,0,923,581,0,0,32,63809,0,0,545,257,2,352,2272,0,64,0,64912,912,11648,33280,0,992,64,0,0,0,1451,64256,0,49152,65480,26624
1509,1100,0,0,0,0,2,10,8,7,2,29952,26880,49,64762,64,32768,14,936,661,0,0,32,604,0,0,572,604,0,65504,0,0,64,0,64744,880,8704,33280,0,944,64,0,0,0,776,0,0,32768,0,26688
1510,1000,0,0,0,0,2,10,8,7,2,59136,22784,72,64142,64,32768,0,923,575,0,0,32,63443,0,0,531,179,2,416,2560,0,64,0,64808,912,11648,33280,0,992,64,0,0,0,1396,64000,0,16384,65488,26624
1510,1100,0,0,0,0,2,10,8,7,2,42496,25344,42,64761,64,32768,14,936,658,0,0,32,505,0,0,473,505,0,65504,0,0,64,0,64656,880,8704,33280,0,944,64,0,0,0,777,0,0,0,0,26688
1511,1000,0,0,0,0,2,10,8,7,2,12032,59136,68,64190,64,32768,0,924,569,0,0,32,63064,0,0,504,88,2,480,2848,0,64,0,64704,912,11648,33280,0,992,64,0,0,0,1348,63744,0,49152,65496,26624
1511,1100,0,0,0,0,2,10,8,7,2,53248,23552,35,64760,64,32768,14,936,655,0,0,32,395,0,0,363,395,0,65504,0,0,64,0,64568,880,8704,33280,0,944,64,0,0,0,777,0,0,32768,0,26688
1512,1000,0,0,0,0,2,10,8,7,2,29440,42240,63,64229,64,32768,0,924,564,0,0,32,62672,0,0,464,65520,2,544,3136,0,64,0,64600,912,11648,33280,0,992,64,0,0,0,1309,63488,0,16384,65504,26624
1512,1100,0,0,0,0,2,10,8,7,2,62208,21504,27,64759,64,32768,14,936,652,0,0,32,274,0,0,242,274,0,65504,0,0,64,0,64696,880,8704,32768,0,944,64,0,0,0,778,0,0,0,0,26688
1513,1000,0,0,0,0,2,10,8,7,2,45568,35328,56,64261,64,32772,0,924,559,0,0,32,62267,0,0,411,65403,2,608,3424,0,64,0,64496,912,11712,33280,0,992,64,0,4,0,1277,63232,0,49152,65504,26624
1513,1100,0,0,0,0,2,10,8,7,2,3584,19200,18,64759,64,32768,14,937,649,0,0,32,169,0,0,137,169,0,65504,0,0,64,0,64824,880,8704,32768,0,944,64,0,0,0,778,0,0,32768,0,26688
1514,1000,0,0,0,0,2,10,8,7,2,59904,36608,49,64291,64,32768,0,924,554,0,0,32,61849,0,0,345,65273,2,672,3712,0,64,0,64392,912,11712,33280,0,992,64,0,4,0,1246,62976,0,16384,65512,26624
1514,1100,0,0,0,0,2,10,8,7,2,8192,16896,10,64758,64,32768,14,937,646,0,0,32,80,0,0,48,80,0,65504,0,0,64,0,64952,880,8768,32768,0,944,64,0,0,0,779,0,0,0,0,26688
1515,1000,0,0,0,0,2,10,8,7,2,6912,45568,40,64315,64,32768,0,925,549,0,0,32,61418,0,0,266,65130,2,736,4000,0,64,0,64288,912,11712,33280,0,992,64,0,4,0,1222,62720,0,49152,65512,26624
1515,1100,0,0,0,0,2,10,8,7,2,10752,14336,3,64758,64,32768,14,937,643,0,0,32,7,0,0,65511,7,0,65504,0,0,64,0,65080,880,8768,32768,0,944,64,0,0,0,779,0,0,32768,0,26688
1516,1000,0,0,0,0,2,10,8,7,2,17152,60672,30,64338,64,32768,0,925,544,0,0,32,60974,0,0,174,64974,2,800,4288,0,64,0,64184,912,11712,33280,0,992,64,0,4,0,1199,62464,0,16384,65512,26624
1516,1100,0,0,0,0,2,10,8,7,2,11520,11776,65534,64757,64,32768,14,937,640,0,0,32,65486,0,0,65454,65486,0,65504,0,0,64,0,65208,880,8768,32768,0,944,64,0,0,0,780,0,0,0,0,26688
1517,1000,0,0,0,0,2,10,8,7,2,24832,16128,19,64362,64,32768,0,925,540,0,0,32,60517,0,0,69,64805,2,864,4576,0,64,0,64080,912,11712,33280,0,992,64,0,4,0,1175,62208,0,49152,65520,26624
1517,1100,0,0,0,0,2,10,8,7,2,11008,8960,65529,64757,64,32768,14,937,637,0,0,32,65445,0,0,65413,65445,0,65504,0,0,64,0,65336,880,8768,32768,0,944,64,0,0,0,780,0,0,32768,0,26688
1518,1000,0,0,0,0,2,10,8,7,2,29696,43264,7,64377,64,32768,0,925,535,0,0,32,60047,0,0,65487,64623,2,928,4864,0,64,0,63976,912,11712,33280,0,992,64,0,4,0,1160,61952,0,16384,65520,26624
1518,1100,0,0,0,0,2,10,8,7,2,9216,6144,65526,64756,64,32768,14,937,634,0,0,32,65420,0,0,65388,65420,0,65504,0,0,64,0,65464,880,8768,32768,0,944,64,0,0,0,781,0,0,0,0,26688
1519,1000,0,0,0,0,2,10,8,7,2,31488,8704,65530,64393,64,32768,0,925,531,0,0,32,59564,0,0,65356,64428,2,992,5152,0,64,0,63872,912,11712,33280,0,992,64,0,4,0,1144,61696,0,49152,65520,26624
1519,1100,0,0,0,0,2,10,8,7,2,6656,3072,65524,64756,64,32768,14,937,631,0,0,32,65411,0,0,65379,65411,0,65504,0,0,64,0,0,880,8768,32768,0,944,64,0,0,0,781,0,0,32768,0,26688
1520,1000,0,0,0,0,2,10,8,7,2,29952,43776,65516,64408,64,32768,0,925,526,0,0,32,59068,0,0,65212,64220,2,1056,5440,0,64,0,63768,912,11712,33280,0,992,64,0,4,0,1129,61440,0,16384,65520,26624
1520,1100,0,0,0,0,2,10,8,7,2,3584,0,65524,64755,64,32768,14,937,628,0,0,32,65411,0,0,65379,65411,0,65504,0,0,64,0,0,880,8768,32768,0,944,64,0,0,0,782,0,0,0,0,26688
1521,1000,0,0,0,0,2,10,8,7,2,24832,17152,65501,64424,64,32768,0,925,522,0,0,32,58559,0,0,65055,63999,2,1120,5728,0,64,0,63664,912,11776,33280,0,992,64,0,4,0,1113,61184,0,49152,65528,26624
1521,1100,0,0,0,0,2,10,8,7,2,512,62208,65524,64755,64,32768,14,937,624,0,0,32,65411,0,0,65379,65411,0,65504,0,0,64,0,0,880,8768,32768,0,944,64,0,0,0,782,0,0,32768,0,26688
1522,1000,0,0,0,0,2,10,8,7,2,15872,60160,65485,64431,64,32768,0,925,517,0,0,32,58037,0,0,64885,63765,2,1184,6016,0,64,0,63560,912,11776,33280,0,992,64,0,4,0,1106,60928,0,16384,65528,26624
1522,1100,0,0,0,0,2,10,8,7,2,62976,58880,65524,64754,64,32768,14,936,621,0,0,32,65411,0,0,65379,65411,0,65504,0,0,64,0,0,880,8832,32768,0,944,64,0,0,0,783,0,0,0,0,26688
1523,1000,0,0,0,0,2,10,8,7,2,2816,39424,65467,64441,64,32768,0,925,513,0,0,32,57502,0,0,64702,63518,2,1248,6304,0,64,0,63456,912,11776,33280,0,992,64,0,4,0,1098,60672,0,49152,65528,26624
1523,1100,0,0,0,0,2,10,8,7,2,59904,55296,65524,64754,64,32768,14,936,618,0,0,32,65411,0,0,65379,65411,0,65504,0,0,64,0,0,880,8832,32768,0,944,64,0,0,0,783,0,0,32768,0,26688
1524,1000,0,0,0,0,2,10,8,7,2,50688,21248,65448,64449,64,32768,0,924,509,0,0,32,56954,0,0,64506,63258,2,1312,6592,0,64,0,63352,912,11776,33280,0,992,64,0,36,0,1091,60416,0,16384,65528,26624
1524,1100,0,0,0,0,2,10,8,7,2,56832,51712,65524,64753,64,32768,14,936,615,0,0,32,65411,0,0,65379,65411,0,65504,0,0,64,0,0,880,8832,32768,0,944,64,0,0,0,784,0,0,0,0,26688
1525,1000,0,0,0,0,2,10,8,7,2,28160,5120,65429,64459,64,32768,0,924,505,0,0,32,56393,0,0,64297,62985,2,1376,6880,0,64,0,63248,912,11776,33280,0,992,64,0,36,0,1083,60160,0,49152,65528,26624
1525,1100,0,0,0,0,2,10,8,7,2,53760,47872,65524,64753,64,32768,14,936,612,0,0,32,65411,0,0,65379,65411,0,65504,0,0,64,0,0,880,8832,32768,0,944,64,0,0,0,784,0,0,32768,0,26688
1526,1000,0,0,0,0,2,10,8,7,2,768,57088,65408,64468,64,32768,0,924,500,0,0,32,55819,0,0,64075,62699,2,1440,7168,0,64,0,63144,912,11776,33280,0,992,64,0,36,0,1076,59904,0,16384,65528,26624
1526,1100,0,0,0,0,2,10,8,7,2,50688,44032,65524,64752,64,32768,14,936,609,0,0,32,65411,0,0,65379,65411,0,65504,0,0,64,0,0,880,8832,32768,0,944,64,0,0,0,785,0,0,0,0,26688
1527,1000,0,0,0,0,2,10,8,7,2,33536,45824,65386,64479,64,32768,0,923,496,0,0,32,55232,0,0,63840,62400,2,1344,6880,0,64,0,63040,912,11776,512,0,992,64,0,0,0,1068,60385,0,49152,65520,26624
1527,1100,0,0,0,0,2,10,8,7,2,47616,39936,65524,64752,64,32768,14,936,606,0,0,32,65411,0,0,65379,65411,0,65504,0,0,64,0,0,880,8832,32768,0,944,64,0,0,0,785,0,0,32768,0,26688
1528,1000,0,0,0,0,2,10,8,7,2,60672,37376,65365,64497,64,32768,0,922,492,0,0,32,55208,0,0,63432,62088,2,1408,7168,0,64,0,63083,912,11776,33280,0,992,64,0,36,0,1053,60129,0,16384,65534,26624
1528,1100,0,0,0,0,2,10,8,7,2,44544,35840,65524,64751,64,32768,14,936,603,0,0,32,65411,0,0,65379,65411,0,65504,0,0,64,0,0,880,8832,32768,0,944,64,0,0,0,786,0,0,0,0,26688
1529,1000,0,0,0,0,2,10,8,7,2,16896,33536,65325,64507,64,32768,0,922,488,0,0,32,54613,0,0,63189,61781,2,1472,7456,0,64,0,63083,912,11840,33280,0,992,64,0,36,0,1051,59873,0,49152,65534,26624
1529,1100,0,0,0,0,2,10,8,7,2,41472,31488,65524,64751,64,32768,14,936,600,0,0,32,65411,0,0,65379,65411,0,65504,0,0,64,0,0,880,8832,32768,0,944,64,0,0,0,786,0,0,32768,0,26688
1530,1000,0,0,0,0,2,10,8,7,2,28416,32256,65301,64513,64,32768,0,921,484,0,0,32,54018,0,0,62946,61474,2,1536,7744,0,64,0,63083,912,11840,33280,0,992,64,0,36,0,1050,59617,0,16384,65534,26624
1530,1100,0,0,0,0,2,10,8,7,2,38400,27136,65524,64750,64,32768,14,936,597,0,0,32,65411,0,0,65379,65411,0,65504,0,0,64,0,0,880,8896,32768,0,944,64,0,0,0,787,0,0,0,0,26688
1531,1000,0,0,0,0,2,10,8,7,2,33792,32512,65278,64521,64,32768,0,920,480,0,0,32,53423,0,0,62703,61167,2,1600,8032,0,64,0,63083,912,11840,33280,0,992,64,0,36,0,1048,59361,0,49152,65534,26624
1531,1100,0,0,0,0,2,10,8,7,2,35328,22528,65524,64750,64,32768,14,936,594,0,0,32,65411,0,0,65379,65411,0,65504,0,0,64,0,0,880,8896,32768,0,944,64,0,0,0,787,0,0,32768,0,26688
1532,1000,0,0,0,0,2,10,8,7,2,33280,34816,65255,64528,64,32768,0,919,476,0,0,32,52828,0,0,62460,60860,2,1664,8320,0,64,0,63083,912,11840,33280,0,992,64,0,36,0,1047,59105,0,16384,65534,26624
1532,1100,0,0,0,0,2,10,8,7,2,32256,17920,65524,64749,64,32768,14,936,591,0,0,32,65411,0,0,65379,65411,0,65504,0,0,64,0,0,880,8896,32768,0,944,64,0,0,0,788,0,0,0,0,26688
1533,1000,0,0,0,0,2,10,8,7,2,26880,38912,65232,64537,64,32768,0,918,472,0,0,32,52233,0,0,62217,60553,2,1728,8608,0,64,0,63083,912,11840,33280,0,992,64,0,36,0,1045,58849,0,49152,65534,26624
1533,1100,0,0,0,0,2,10,8,7,2,29184,13056,65524,64749,64,32768,14,936,588,0,0,32,65411,0,0,65379,65411,0,65504,0,0,64,0,0,880,8896,32768,0,944,64,0,0,0,788,0,0,32768,0,26688
1534,1000,0,0,0,0,2,10,8,7,2,14592,45312,65209,64545,64,32768,0,917,468,0,0,32,51638,0,0,61974,60246,2,1792,8320,0,64,0,63083,912,11840,33280,0,992,64,0,36,0,1044,58593,0,16384,65534,26624
1534,1100,0,0,0,0,2,10,8,7,2,26112,8192,65524,64748,64,32768,14,936,585,0,0,32,65411,0,0,65379,65411,0,65504,0,0,64,0,0,880,8896,32768,0,944,64,0,0,0,789,0,0,0,0,26688
1535,1000,0,0,0,0,2,10,8,7,2,61952,53760,65187,64554,64,32768,0,915,464,0,0,32,51619,0,0,61731,59939,2,1856,8608,0,64,0,63083,912,11840,33280,0,992,64,0,36,0,1042,58337,0,49152,65534,26624
1535,1100,0,0,0,0,2,10,8,7,2,23040,3072,65524,64748,64,32768,14,936,582,0,0,32,65411,0,0,65379,65411,0,65504,0,0,64,0,0,880,8896,32768,0,944,64,0,0,0,789,0,0,32768,0,26688
1536,1000,0,0,0,0,2,10,8,7,2,38144,64512,65164,64564,64,32768,0,914,460,0,0,32,51024,0,0,61488,59632,2,1920,8320,0,64,0,63083,912,11840,33280,0,992,64,0,36,0,1041,58081,0,16384,65534,26624
1536,1100,0,0,0,0,2,10,8,7,2,19968,63488,65524,64747,64,32768,14,936,578,0,0,32,65411,0,0,65379,65411,0,65504,0,0,64,0,0,880,8896,32768,0,944,64,0,0,0,790,0,0,0,0,26688
1537,1000,0,0,0,0,2,10,8,7,2,8448,12288,65142,64575,64,32768,0,913,457,0,0,32,51005,0,0,61245,59325,2,1984,8608,0,64,0,63083,912,11904,33280,0,992,64,0,36,0,1039,57825,0,49152,65534,26624
1537,1100,0,0,0,0,2,10,8,7,2,16896,58112,65524,64747,64,32768,14,936,575,0,0,32,65411,0,0,65379,65411,0,65504,0,0,64,0,0,880,8896,32768,0,944,64,0,0,0,790,0,0,32768,0,26688
1538,1000,0,0,0,0,2,10,8,7,2,38656,28416,65120,64585,64,32768,0,911,453,0,0,32,50410,0,0,61002,59018,2,2048,8320,0,64,0,63083,912,11904,33280,0,992,64,0,36,0,1038,57569,0,16384,65534,26624
1538,1100,0,0,0,0,2,10,8,7,2,13824,52736,65524,64746,64,32768,14,936,572,0,0,32,65411,0,0,65379,65411,0,65504,0,0,64,0,0,880,8960,32768,0,944,64,0,0,0,791,0,0,0,0,26688
1539,1000,0,512,0,0,2,10,8,7,2,63232,47104,65099,64597,64,32768,0,909,449,0,0,32,50391,0,0,60759,58711,2,2112,8608,0,64,0,63083,912,11904,33280,0,992,64,0,36,0,1036,57313,0,49152,65534,26624
1539,1100,0,512,0,0,2,10,8,7,2,10752,47104,65524,64746,64,32768,14,936,569,0,0,32,65411,0,0,65379,65411,0,65504,0,0,64,0,65448,880,8960,33282,0,944,64,0,0,0,791,0,0,32768,0,26688
1540,1000,0,0,0,0,2,10,8,7,2,16896,3328,65078,64608,64,32768,0,908,446,0,0,32,49796,0,0,60516,58404,2,2176,8320,0,64,0,63083,912,11904,33280,0,992,64,0,36,0,1035,57057,0,16384,65534,26624
1540,1100,0,0,0,0,2,10,8,7,2,7680,41472,65524,64745,64,32768,14,936,566,0,0,32,65400,0,0,65368,65400,0,65504,0,0,64,0,65360,880,8960,33280,0,944,64,0,0,0,792,0,0,0,0,26688
1541,1000,0,0,0,0,2,10,8,7,2,30720,27904,65057,64621,64,32768,0,906,442,0,0,32,49777,0,0,60273,58097,2,2240,8608,0,64,0,63083,912,11904,33280,0,992,64,0,36,0,1033,56801,0,49152,65534,26624
1541,1100,0,0,0,0,2,10,8,7,2,4608,35584,65523,64745,64,32768,14,936,563,0,0,32,65378,0,0,65346,65378,0,65504,0,0,64,0,65272,880,8960,33280,0,944,64,0,0,0,792,0,0,32768,0,26688
1542,1000,0,0,0,0,2,10,8,7,2,39168,55808,65037,64633,64,32768,0,904,438,0,0,32,49182,0,0,60030,57790,2,2304,8320,0,64,0,63083,912,11904,33280,0,992,64,0,36,0,1032,56545,0,16384,65534,26624
1542,1100,0,0,0,0,2,10,8,7,2,1280,29696,65521,64744,64,32768,14,936,560,0,0,32,65345,0,0,65313,65345,0,65504,0,0,64,0,65184,880,8960,33280,0,944,64,0,0,0,793,0,0,0,0,26688
1543,1000,0,0,0,0,2,10,8,7,2,42496,21248,65017,64647,64,32768,0,902,435,0,0,32,49163,0,0,59787,57483,2,2368,8608,0,64,0,63083,912,11904,33280,0,992,64,0,36,0,1030,56289,0,49152,65534,26624
1543,1100,0,0,0,0,2,10,8,7,2,62976,23552,65519,64744,64,32772,14,935,557,0,0,32,65301,0,0,65269,65301,0,65504,0,0,64,0,65096,880,8960,33280,0,944,64,0,0,0,793,0,0,32768,0,26688
1544,1000,0,0,0,0,2,10,8,7,2,40704,55808,64997,64660,64,32768,0,900,431,0,0,32,48568,0,0,59544,57176,2,2432,8320,0,64,0,63083,912,11904,33280,0,992,64,0,36,0,1029,56033,0,16384,65534,26624
1544,1100,0,0,0,0,2,10,8,7,2,58624,17408,65515,64743,64,32768,14,935,554,0,0,32,65246,0,0,65214,65246,0,65504,0,0,64,0,65008,880,8960,33280,0,944,64,0,0,0,794,0,0,0,0,26688
1545,1000,0,0,0,0,2,10,8,7,2,33792,28160,64977,64674,64,32768,0,898,428,0,0,32,48549,0,0,59301,56869,2,2496,8608,0,64,0,63083,912,11968,33280,0,992,64,0,36,0,1027,55777,0,49152,65534,26624
1545,1100,0,0,0,0,2,10,8,7,2,53248,11008,65511,64743,64,32768,14,935,551,0,0,32,65180,0,0,65148,65180,0,65504,0,0,64,0,64920,880,8960,33280,0,944,64,0,0,0,794,0,0,32768,0,26688
1546,1000,0,0,0,0,2,10,8,7,2,21760,4096,64958,64688,64,32768,0,896,425,0,0,32,47954,0,0,59058,56562,2,2560,8320,0,64,0,63083,912,11968,33280,0,992,64,0,36,0,1026,55521,0,16384,65534,26624
1546,1100,0,0,0,0,2,10,8,7,2,46848,4608,65506,64742,64,32768,14,935,548,0,0,32,65103,0,0,65071,65103,0,65504,0,0,64,0,64832,880,9024,33280,0,944,64,0,0,0,795,0,0,0,0,26688
1547,1000,0,0,0,0,2,10,8,7,2,4864,49152,64940,64704,64,32768,0,894,421,0,0,32,47935,0,0,58815,56255,2,2624,8608,0,64,0,63083,912,11968,33280,0,992,64,0,36,0,1024,55265,0,49152,65534,26624
1547,1100,0,0,0,0,2,10,8,7,2,39168,63488,65500,64742,64,32768,14,935,544,0,0,32,65015,0,0,64983,65015,0,65504,0,0,64,0,64744,880,9024,33280,0,944,64,0,0,0,795,0,0,32768,0,26688
1548,1000,0,0,0,0,2,10,8,7,2,48896,32768,64921,64719,64,32768,0,891,418,0,0,32,47340,0,0,58572,55948,2,2528,8320,0,64,0,63195,912,11968,32768,0,992,64,0,0,0,1023,55746,0,16384,65534,26624
1548,1100,0,0,0,0,2,10,8,7,2,29952,56832,65493,64742,64,32768,14,935,541,0,0,32,64916,0,0,64884,64916,0,65504,0,0,64,0,64656,880,9024,33280,0,944,64,0,0,0,796,0,0,0,0,26688
1549,1000,0,0,0,0,2,10,8,7,2,22528,20224,64903,64735,64,32768,0,889,415,0,0,32,47335,0,0,58183,55655,2,2432,8032,0,64,0,63307,912,11968,32768,0,992,64,0,0,0,1021,56227,0,49152,65534,26624
1549,1100,0,0,0,0,2,10,8,7,2,18944,50176,65486,64742,64,32768,14,935,538,0,0,32,64806,0,0,64774,64806,0,65504,0,0,64,0,64568,880,9024,33280,0,944,64,0,0,0,796,0,0,32768,0,26688
1550,1000,0,0,0,0,2,10,8,7,2,57088,11776,64874,64759,64,32768,0,886,412,0,0,32,47344,0,0,57808,55376,2,2336,7744,0,64,0,63419,912,11968,32768,0,992,64,0,0,0,1020,56708,0,16384,65534,26624
1550,1100,0,0,0,0,2,10,8,7,2,6144,43520,65477,64741,64,32768,14,935,535,0,0,32,64685,0,0,64653,64685,0,65504,0,0,64,0,64480,880,9024,33280,0,944,64,0,0,0,797,0,0,0,0,26688
1551,1000,0,0,0,0,2,10,8,7,2,18688,9472,64848,64785,64,32768,0,884,409,0,0,32,47367,0,0,57447,55111,2,2240,7456,0,64,0,63531,912,11968,32768,0,992,64,0,0,0,1018,57189,0,49152,65534,26624
1551,1100,0,0,0,0,2,10,8,7,2,56576,36608,65468,64742,64,32768,14,934,532,0,0,32,64553,0,0,64521,64553,0,65504,0,0,64,0,64392,880,9024,33280,0,944,64,0,0,0,797,0,0,32768,0,26688
1552,1000,0,0,0,0,2,10,8,7,2,39168,13824,64823,64810,64,32768,0,881,406,0,0,32,47404,0,0,57100,54860,2,2144,7168,0,64,0,63643,912,11968,32768,0,992,64,0,0,0,1017,57670,0,16384,65534,26624
1552,1100,0,0,0,0,2,10,8,7,2,39168,29952,65458,64742,64,32768,14,934,529,0,0,32,64410,0,0,64378,64410,0,65504,0,0,64,0,64304,880,9024,33280,0,944,64,0,0,0,798,0,0,0,0,26688
1553,1000,0,0,0,0,2,10,8,7,2,53248,24576,64801,64836,64,32768,0,878,403,0,0,32,47455,0,0,56767,54623,2,2048,6880,0,64,0,63755,912,12032,32768,0,992,64,0,0,0,1015,58151,0,49152,65534,26624
1553,1100,0,0,0,0,2,10,8,7,2,19200,23296,65447,64743,64,32768,14,934,526,0,0,32,64256,0,0,64224,64256,0,65504,0,0,64,0,64216,880,9024,33280,0,944,64,0,0,0,798,0,0,32768,0,26688
1554,1000,0,0,0,0,2,10,8,7,2,61696,41984,64780,64860,64,32768,0,875,400,0,0,32,47520,0,0,56448,54400,2,1952,6592,0,64,0,63867,912,12032,32768,0,992,64,0,0,0,1014,58632,0,16384,65534,26624
1554,1100,0,0,0,0,2,10,8,7,2,61952,16896,65435,64744,64,32768,14,933,523,0,0,32,64091,0,0,64059,64091,0,65504,0,0,64,0,64128,880,9088,33280,0,944,64,0,0,0,799,0,0,0,0,26688
1555,1000,0,0,0,0,2,10,8,7,2,64768,0,64761,64885,64,32768,0,872,398,0,0,32,47599,0,0,56143,54191,2,1856,6304,0,64,0,63979,912,12032,32768,0,992,64,0,0,0,1012,59113,0,49152,65534,26624
1555,1100,0,0,0,0,2,10,8,7,2,36096,10752,65423,64745,64,32768,14,933,520,0,0,32,63915,0,0,63883,63915,0,65504,0,0,64,0,64040,880,9088,33280,0,944,64,0,0,0,799,0,0,32768,0,26688
1556,1000,0,0,0,0,2,10,8,7,2,62976,29952,64743,64908,64,32768,0,869,395,0,0,32,47692,0,0,55852,53996,2,1760,6016,0,64,0,64091,912,12032,32768,0,992,64,0,0,0,1011,59594,0,16384,65534,26624
1556,1100,0,0,0,0,2,10,8,7,2,7168,4864,65409,64746,64,32768,14,933,517,0,0,32,63728,0,0,63696,63728,0,65504,0,0,64,0,63958,880,9088,33280,0,944,64,0,0,0,800,0,0,0,0,26688
1557,1000,0,0,0,0,2,10,8,7,2,56576,256,64727,64932,64,32768,0,866,393,0,0,32,47799,0,0,55575,53815,2,1664,5728,0,64,0,64203,912,12032,32768,0,992,64,0,0,0,1009,60075,0,49152,65534,26624
1557,1100,0,0,0,0,2,10,8,7,2,40192,64768,65395,64749,64,32768,14,932,513,0,0,32,63530,0,0,63498,63530,0,65504,0,0,64,0,63876,880,9088,33280,0,944,64,0,0,0,800,0,0,32768,0,26688
1558,1000,0,0,0,0,2,10,8,7,2,46080,42240,64713,64954,64,32768,0,863,390,0,0,32,47920,0,0,55312,53648,2,1568,5440,0,64,0,64315,912,12032,32768,0,992,64,0,0,0,1008,60556,0,16384,65534,26624
1558,1100,0,0,0,0,2,10,8,7,2,4096,59904,65380,64751,64,32768,14,932,510,0,0,32,63322,0,0,63290,63322,0,65504,0,0,64,0,63794,880,9088,33280,0,944,64,0,0,0,801,0,0,0,0,26688
1559,1000,0,0,0,0,2,10,8,7,2,32000,24320,64700,64976,64,32768,0,860,388,0,0,32,48055,0,0,55063,53495,2,1472,5152,0,64,0,64427,912,12032,32768,0,992,64,0,0,0,1006,61037,0,49152,65534,26624
1559,1100,0,0,0,0,2,10,8,7,2,29696,55552,65364,64754,64,32768,14,931,507,0,0,32,63104,0,0,63072,63104,0,65504,0,0,64,0,63713,880,9088,33280,0,944,64,0,0,0,801,0,0,32768,0,26688
1560,1000,0,0,0,0,2,10,8,7,2,14592,12032,64687,64997,64,32768,0,857,386,0,0,32,48204,0,0,54828,53356,2,1376,4864,0,64,0,64539,912,12032,32768,0,992,64,0,0,0,1005,61518,0,16384,65534,26624
1560,1100,0,0,0,0,2,10,8,7,2,51200,51968,65348,64757,64,32768,14,930,504,0,0,32,62876,0,0,62844,62876,0,65504,0,0,64,0,63632,880,9088,33280,0,944,64,0,0,0,802,0,0,0,0,26688
1561,1000,0,0,0,0,2,10,8,7,2,59392,5120,64677,65017,64,32768,0,853,384,0,0,32,48367,0,0,54607,53231,2,1280,4576,0,64,0,64651,912,12096,32768,0,992,64,0,0,0,1003,61999,0,49152,65534,26624
1561,1100,0,0,0,0,2,10,8,7,2,3072,49152,65331,64761,64,32768,14,930,501,0,0,32,62638,0,0,62606,62638,0,65504,0,0,64,0,63551,880,9088,33280,0,944,64,0,0,0,802,0,0,32768,0,26688
1562,1000,0,0,0,0,2,10,8,7,2,36096,3328,64667,65036,64,32768,0,850,382,0,0,32,48544,0,0,54400,53120,2,1184,4288,0,64,0,64763,912,12096,32768,0,992,64,0,0,0,1002,62480,0,16384,65534,26624
1562,1100,0,0,0,0,2,10,8,7,2,16128,47360,65313,64765,64,32768,14,929,498,0,0,32,62389,0,0,62357,62389,0,65504,0,0,64,0,63471,880,9152,33280,0,944,64,0,0,0,803,0,0,0,0,26688
1563,1000,0,0,0,0,2,10,8,7,2,10240,6400,64659,65054,64,32768,0,847,380,0,0,32,48735,0,0,54207,53023,2,1088,4000,0,64,0,64875,912,12096,32768,0,992,64,0,0,0,1000,62961,0,49152,65534,26624
1563,1100,0,0,0,0,2,10,8,7,2,24576,46592,65295,64770,64,32768,14,928,495,0,0,32,62130,0,0,62098,62130,0,65504,0,0,64,0,63391,880,9152,33280,0,944,64,0,0,0,803,0,0,32768,0,26688
1564,1000,256,0,0,0,2,10,8,7,2,47872,14080,64652,65071,64,32768,0,843,378,0,0,32,48940,0,0,54028,52940,2,960,3712,0,64,0,65027,912,12096,33025,0,992,64,0,0,0,999,62929,0,16384,65534,26624
1564,1100,256,0,0,0,2,10,8,7,2,28416,47104,65275,64776,64,32768,14,927,492,0,0,32,61861,0,0,61829,61861,0,65504,0,0,64,0,63311,880,9152,33280,0,944,64,0,0,0,804,0,0,0,0,26688
1565,1000,0,0,0,0,2,10,8,7,2,18176,26112,64645,65087,64,32768,0,840,376,0,0,32,49164,0,0,53836,52876,2,832,3424,0,64,0,65179,912,12096,33024,0,992,64,0,0,0,997,62897,0,49152,65534,26624
1565,1100,0,0,0,0,2,10,8,7,2,27136,49152,65256,64783,64,32768,14,926,489,0,0,32,61582,0,0,61550,61582,0,65504,0,0,64,0,63232,880,9152,33280,0,944,64,0,0,0,804,0,0,32768,0,26688
1566,1000,0,0,0,0,2,10,8,7,2,52224,42240,64638,65104,64,32768,0,836,374,0,0,32,49407,0,0,53663,52831,2,704,3136,0,64,0,65331,912,12096,33024,0,992,64,0,0,0,996,62865,0,16384,65534,26624
1566,1100,0,0,0,0,2,10,8,7,2,20992,52992,65235,64789,64,32768,14,925,486,0,0,32,61294,0,0,61262,61294,0,65504,0,0,64,0,63153,880,9152,33280,0,944,64,0,0,0,805,0,0,0,0,26688
1567,1000,0,0,0,0,2,10,8,7,2,18944,62720,64633,65120,64,32768,0,833,372,0,0,32,49669,0,0,53509,52805,2,576,2848,0,64,0,65483,912,12096,33024,0,992,64,0,0,0,994,62833,0,49152,65534,26624
1567,1100,0,0,0,0,2,10,8,7,2,9472,58368,65215,64798,64,32768,14,924,483,0,0,32,60996,0,0,60964,60996,0,65504,0,0,64,0,63074,880,9152,33280,0,944,64,0,0,0,805,0,0,32768,0,26688
1568,1000,0,0,0,0,2,10,8,7,2,49920,21760,64628,65134,64,32768,0,829,371,0,0,32,49950,0,0,53374,52798,2,448,2560,0,64,0,99,912,12096,33024,0,992,64,0,0,0,993,62801,0,16384,65534,26624
1568,1100,0,0,0,0,2,10,8,7,2,58368,512,65193,64807,64,32768,14,922,481,0,0,32,60688,0,0,60656,60688,0,65504,0,0,64,0,63092,880,9152,33280,0,944,64,0,0,0,806,0,0,0,0,26688
1569,1000,0,0,0,0,2,10,8,7,2,14080,49920,64625,65146,64,32768,0,826,369,0,0,32,50250,0,0,53258,52810,2,320,2272,0,64,0,198,912,12160,33024,0,992,64,0,0,0,991,62769,0,49152,0,26624
1569,1100,0,0,0,0,2,10,8,7,2,36096,10496,65172,64817,64,32768,14,921,478,0,0,32,60382,0,0,60350,60382,0,65504,0,0,64,0,63013,880,9152,33280,0,944,64,0,0,0,806,0,0,32768,0,26688
1570,1000,0,0,0,0,2,10,8,7,2,43008,15616,64619,65156,64,32768,0,822,368,0,0,32,50562,0,0,53154,52834,2,192,1984,0,64,0,302,912,12160,33024,0,992,64,0,0,0,992,62737,0,0,65534,26624
1570,1100,0,0,0,0,2,10,8,7,2,8448,23040,65151,64827,64,32768,14,920,475,0,0,32,60066,0,0,60034,60066,0,65504,0,0,64,0,63092,880,9216,33280,0,944,64,0,0,0,807,0,0,0,0,26688
1571,1000,0,0,0,0,2,10,8,7,2,4864,49408,64617,65166,64,32768,0,819,366,0,0,32,50887,0,0,53063,52871,2,64,1696,0,64,0,396,912,12160,33024,0,992,64,0,0,0,990,62705,0,16384,0,26624
1571,1100,0,0,0,0,2,10,8,7,2,40960,38144,65129,64839,64,32768,14,918,472,0,0,32,59760,0,0,59728,59760,0,65504,0,0,64,0,63013,880,9216,33280,0,944,64,0,0,0,807,0,0,32768,0,26688
1572,1000,0,0,0,0,2,10,8,7,2,31744,20224,64614,65174,64,32768,0,815,365,0,0,32,51224,0,0,52984,52920,2,65472,1408,0,64,0,488,912,12160,33024,0,992,64,0,0,0,990,62673,0,32768,0,26624
1572,1100,0,0,0,0,2,10,8,7,2,2304,56320,65108,64850,64,32768,14,917,469,0,0,32,59444,0,0,59412,59444,0,65504,0,0,64,0,63092,880,9216,33280,0,944,64,0,0,0,808,0,0,0,0,26688
1573,1000,0,0,0,0,2,10,8,7,2,57856,58624,64612,65181,64,32768,0,811,363,0,0,32,51573,0,0,52917,52981,2,65408,1120,0,64,0,578,912,12160,33024,0,992,64,0,0,0,990,62929,0,49152,0,26624
1573,1100,0,0,0,0,2,10,8,7,2,23808,11776,65088,64864,64,32768,14,915,467,0,0,32,59138,0,0,59106,59138,0,65504,0,0,64,0,63229,880,9216,32768,0,944,64,0,0,0,808,0,0,32768,0,26688
1574,1000,0,0,0,0,2,10,8,7,2,17920,33280,64608,65186,64,32768,0,808,362,0,0,32,51933,0,0,52925,53053,2,65344,832,0,64,0,666,912,12160,33024,0,992,64,0,0,0,991,63185,0,0,0,26624
1574,1100,0,0,0,0,2,10,8,7,2,40192,36352,65068,64876,64,32768,14,913,464,0,0,32,58849,0,0,58817,58849,0,65504,0,0,64,0,63365,880,9216,32768,0,944,64,0,0,0,809,0,0,0,0,26688
1575,1000,0,0,0,0,2,10,8,7,2,42496,9216,64609,65186,64,32768,0,804,361,0,0,32,52304,0,0,52944,53136,2,65280,544,0,64,0,751,912,12160,33024,0,992,64,0,0,0,991,63441,0,16384,0,26624
1575,1100,0,0,0,0,2,10,8,7,2,51456,64000,65050,64890,64,32768,14,911,461,0,0,32,58577,0,0,58545,58577,0,65504,0,0,64,0,63500,880,9216,32768,0,944,64,0,0,0,809,0,0,32768,0,26688
1576,1000,0,0,0,0,2,10,8,7,2,1792,50688,64609,65184,64,32768,0,801,359,0,0,32,52685,0,0,52973,53229,2,65216,256,0,64,0,834,912,12160,33024,0,992,64,0,0,0,991,63697,0,32768,0,26624
1576,1100,0,0,0,0,2,10,8,7,2,58112,29696,65032,64902,64,32768,14,909,459,0,0,32,58322,0,0,58290,58322,0,65504,0,0,64,0,63635,880,9216,32768,0,944,64,0,0,0,810,0,0,0,0,26688
1577,1000,0,0,0,0,2,10,8,7,2,26624,26112,64610,65182,64,32768,0,797,358,0,0,32,53077,0,0,53013,53333,2,65152,65504,0,64,0,916,912,12224,33024,0,992,64,0,0,0,991,63953,0,49152,0,26624
1577,1100,0,0,0,0,2,10,8,7,2,60160,64000,65017,64914,64,32768,14,907,456,0,0,32,58084,0,0,58052,58084,0,65504,0,0,64,0,63769,880,9216,32768,0,944,64,0,0,0,810,0,0,32768,0,26688
1578,1000,0,0,0,0,2,10,8,7,2,51712,1024,64610,65178,64,32768,0,793,357,0,0,32,53479,0,0,53063,53447,2,65088,65216,0,64,0,1020,912,12224,33024,0,992,64,0,0,0,992,64209,0,0,65534,26624
1578,1100,0,0,0,0,2,10,8,7,2,58368,35840,65002,64925,64,32768,14,905,454,0,0,32,57863,0,0,57831,57863,0,65504,0,0,64,0,63903,880,9280,32768,0,944,64,0,0,0,811,0,0,0,0,26688
1579,1000,0,0,0,0,2,10,8,7,2,11264,40448,64614,65174,64,32768,0,790,355,0,0,32,53894,0,0,53126,53574,2,65024,64928,0,64,0,1097,912,12224,33024,0,992,64,0,0,0,990,64465,0,16384,0,26624
1579,1100,0,0,0,0,2,10,8,7,2,52736,10496,64989,64937,64,32768,14,903,452,0,0,32,57658,0,0,57626,57658,0,65504,0,0,64,0,64036,880,9280,32768,0,944,64,0,0,0,811,0,0,32768,0,26688
1580,1000,0,0,0,0,2,10,8,7,2,37376,13312,64616,65168,64,32768,0,786,354,0,0,32,54319,0,0,53199,53711,2,64960,64640,0,64,0,1172,912,12224,33024,0,992,64,0,0,0,990,64721,0,32768,0,26624
1580,1100,0,0,0,0,2,10,8,7,2,43776,53760,64977,64947,64,32768,14,901,449,0,0,32,57470,0,0,57438,57470,0,65504,0,0,64,0,64169,880,9280,32768,0,944,64,0,0,0,812,0,0,0,0,26688
1581,1000,0,0,0,0,2,10,8,7,2,64000,50176,64619,65162,64,32768,0,782,352,0,0,32,54753,0,0,53281,53857,2,65056,64928,0,64,0,1035,912,12224,32768,0,992,64,0,0,0,990,65202,0,49152,0,26624
1581,1100,0,0,0,0,2,10,8,7,2,31744,34048,64967,64957,64,32768,14,899,447,0,0,32,57299,0,0,57267,57299,0,65504,0,0,64,0,64301,880,9280,32768,0,944,64,0,0,0,812,0,0,32768,0,26688
1582,1000,0,0,0,0,2,10,8,7,2,25856,19968,64621,65154,64,32768,0,779,351,0,0,32,54594,0,0,53506,53986,2,65152,65216,0,64,0,901,912,12224,32768,0,992,64,0,0,0,991,147,0,0,0,26624
1582,1100,0,0,0,0,2,10,8,7,2,17152,16896,64956,64966,64,32768,14,897,445,0,0,32,57144,0,0,57112,57144,0,65504,0,0,64,0,64433,880,9280,32768,0,944,64,0,0,0,813,0,0,0,0,26688
1583,1000,0,0,0,0,2,10,8,7,2,53760,53248,64629,65135,64,32768,0,775,349,0,0,32,54418,0,0,53714,54098,2,65248,65504,0,64,0,770,912,12224,32768,0,992,64,0,0,0,991,65202,0,16384,0,26624
1583,1100,0,0,0,0,2,10,8,7,2,65280,2048,64948,64974,64,32768,14,894,443,0,0,32,57006,0,0,56974,57006,0,65504,0,0,64,0,64564,880,9280,32768,0,944,64,0,0,0,813,0,0,32768,0,26688
1584,1000,0,0,0,0,2,10,8,7,2,18176,16128,64638,65117,64,32768,0,772,348,0,0,32,54226,0,0,53906,54194,2,65344,0,0,64,0,642,912,12224,32768,0,992,64,0,0,0,991,147,0,32768,0,26624
1584,1100,0,0,0,0,2,10,8,7,2,45824,54784,64940,64982,64,32768,14,892,440,0,0,32,56884,0,0,56852,56884,0,65504,0,0,64,0,64695,880,9280,32768,0,944,64,0,0,0,814,0,0,0,0,26688
1585,1000,0,0,0,0,2,10,8,7,2,50432,39936,64646,65100,64,32768,0,768,346,0,0,32,54274,0,0,54082,54274,2,65440,0,0,64,0,517,912,12288,32768,0,992,64,0,0,0,991,65202,0,49152,0,26624
1585,1100,0,0,0,0,2,10,8,7,2,24320,44032,64933,64989,64,32768,14,890,438,0,0,32,56778,0,0,56746,56778,0,65504,0,0,64,0,64825,880,9280,32768,0,944,64,0,0,0,814,0,0,32768,0,26688
1586,1000,0,0,0,0,2,10,8,7,2,19200,59392,64652,65085,64,32768,0,765,344,0,0,32,54338,0,0,54242,54338,0,65440,0,0,64,0,405,912,12288,32768,0,992,64,0,0,0,992,147,0,0,65534,26624
1586,1100,0,0,0,0,2,10,8,7,2,1024,35072,64927,64994,64,32768,14,888,436,0,0,32,56689,0,0,56657,56689,0,65504,0,0,64,0,64955,880,9344,32768,0,944,64,0,0,0,815,0,0,0,0,26688
1587,1000,0,0,0,0,2,10,8,7,2,55040,9472,64661,65072,64,32768,0,761,343,0,0,32,54388,0,0,54292,54388,2,65440,0,0,64,0,286,912,12288,32768,0,992,64,0,0,0,990,0,0,16384,0,26624
1587,1100,0,0,0,0,2,10,8,7,2,41728,27392,64922,64999,64,32768,14,885,434,0,0,32,56616,0,0,56584,56616,0,65504,0,0,64,0,65084,880,9344,32768,0,944,64,0,0,0,815,0,0,32768,0,26688
1588,1000,0,0,0,0,2,10,8,7,2,27648,21760,64663,65068,64,32768,0,758,341,0,0,32,54423,0,0,54327,54423,0,65440,0,0,64,0,169,912,12288,32768,0,992,64,0,0,0,990,65055,0,32768,0,26624
1588,1100,0,0,0,0,2,10,8,7,2,15616,20992,64918,65003,64,32768,14,883,432,0,0,32,56559,0,0,56527,56559,0,65504,0,0,64,0,65213,880,9344,32768,0,944,64,0,0,0,816,0,0,0,0,26688
1589,1000,0,0,0,0,2,10,8,7,2,768,33024,64665,65065,64,32768,0,755,339,0,0,32,54444,0,0,54348,54444,2,65440,0,0,64,0,55,912,12288,32768,0,992,64,0,0,0,990,0,0,49152,0,26624
1589,1100,0,0,0,0,2,10,8,7,2,54016,15616,64915,65006,64,32768,14,880,430,0,0,32,56518,0,0,56486,56518,0,65504,0,0,64,0,65341,880,9344,32768,0,944,64,0,0,0,816,0,0,32768,0,26688
1590,1000,0,0,0,0,2,10,8,7,2,39936,43520,64665,65063,64,32768,0,751,337,0,0,32,54450,0,0,54354,54450,0,65440,0,0,64,0,0,912,12288,32768,0,992,64,0,0,0,991,65055,0,0,0,26624
1590,1100,0,0,0,0,2,10,8,7,2,26112,11008,64912,65008,64,32768,14,878,428,0,0,32,56493,0,0,56461,56493,0,65504,0,0,64,0,65469,880,9344,32768,0,944,64,0,0,0,817,0,0,0,0,26688
1591,1000,0,0,0,0,2,10,8,7,2,13568,53504,64665,65062,64,32768,0,748,335,0,0,32,54450,0,0,54354,54450,2,65440,0,0,64,0,0,912,12288,32768,0,992,64,0,0,0,991,0,0,16384,0,26624
1591,1100,0,0,0,0,2,10,8,7,2,62976,6912,64911,65010,64,32768,14,875,426,0,0,32,56484,0,0,56452,56484,0,65504,0,0,64,0,0,880,9344,32768,0,944,64,0,0,0,817,0,0,32768,0,26688
1592,1000,0,0,0,0,2,10,8,7,2,52736,63232,64665,65062,64,32768,0,744,333,0,0,32,54450,0,0,54354,54450,0,65440,0,0,64,0,0,912,12288,32768,0,992,64,0,0,0,991,65055,0,32768,0,26624
1592,1100,0,0,0,0,2,10,8,7,2,34048,3328,64910,65010,64,32768,14,873,424,0,0,32,56484,0,0,56452,56484,0,65504,0,0,64,0,0,880,9344,32768,0,944,64,0,0,0,818,0,0,0,0,26688
1593,1000,0,0,0,0,2,10,8,7,2,26368,7424,64665,65062,64,32768,0,741,332,0,0,32,54450,0,0,54354,54450,2,65440,0,0,64,0,0,912,12352,32768,0,992,64,0,0,0,991,0,0,49152,0,26624
1593,1100,0,0,0,0,2,10,8,7,2,4864,65280,64910,65010,64,32768,14,871,421,0,0,32,56484,0,0,56452,56484,0,65504,0,0,64,0,0,880,9344,32768,0,944,64,0,0,0,818,0,0,32768,0,26688
1594,1000,0,0,0,0,2,10,8,7,2,0,17152,64664,65062,64,32768,0,738,330,0,0,32,54450,0,0,54354,54450,0,65440,0,0,64,0,0,912,12352,32768,0,992,64,0,0,0,992,65055,0,0,65534,26624
1594,1100,0,0,0,0,2,10,8,7,2,41216,61696,64909,65009,64,32768,14,868,419,0,0,32,56484,0,0,56452,56484,0,65504,0,0,64,0,0,880,9408,32768,0,944,64,0,0,0,819,0,0,0,0,26688
1595,1000,0,0,0,0,2,10,8,7,2,38912,26880,64666,65063,64,32768,0,734,328,0,0,32,54450,0,0,54354,54450,2,65440,0,0,64,0,0,912,12352,32768,0,992,64,0,0,0,990,0,0,16384,0,26624
1595,1100,0,0,0,0,2,10,8,7,2,11776,57856,64909,65009,64,32768,14,866,417,0,0,32,56484,0,0,56452,56484,0,65504,0,0,64,0,0,880,9408,32768,0,944,64,0,0,0,819,0,0,32768,0,26688
1596,1000,0,0,0,0,2,10,8,7,2,12800,36864,64666,65063,64,32768,0,731,326,0,0,32,54450,0,0,54354,54450,0,65440,0,0,64,0,0,912,12352,32768,0,992,64,0,0,0,990,65055,0,32768,0,26624
1596,1100,0,0,0,0,2,10,8,7,2,47872,54016,64908,65008,64,32768,14,863,415,0,0,32,56484,0,0,56452,56484,0,65504,0,0,64,0,0,880,9408,32768,0,944,64,0,0,0,820,0,0,0,0,26688
1597,1000,0,0,0,0,2,10,8,7,2,52224,46848,64666,65063,64,32768,0,727,324,0,0,32,54450,0,0,54354,54450,2,65440,0,0,64,0,0,912,12352,32768,0,992,64,0,0,0,990,0,0,49152,0,26624
1597,1100,0,0,0,0,2,10,8,7,2,18176,49920,64908,65008,64,32768,14,861,413,0,0,32,56484,0,0,56452,56484,0,65504,0,0,64,0,0,880,9408,32768,0,944,64,0,0,0,820,0,0,32768,0,26688
1598,1000,0,0,0,0,2,10,8,7,2,26112,56832,64665,65062,64,32768,0,724,322,0,0,32,54450,0,0,54354,54450,0,65440,0,0,64,0,0,912,12352,32768,0,992,64,0,0,0,991,65055,0,0,0,26624
1598,1100,0,0,0,0,2,10,8,7,2,54016,45824,64907,65008,64,32768,14,858,411,0,0,32,56484,0,0,56452,56484,0,65504,0,0,64,0,0,880,9408,32768,0,944,64,0,0,0,821,0,0,0,0,26688
1599,1000,0,0,0,0,2,10,8,7,2,65280,1024,64665,65062,64,32768,0,720,321,0,0,32,54450,0,0,54354,54450,2,65440,0,0,64,0,0,912,12352,32768,0,992,64,0,0,0,991,0,0,16384,0,26624
1599,1100,0,0,0,0,2,10,8,7,2,24064,41728,64907,65008,64,32768,14,856,409,0,0,32,56484,0,0,56452,56484,0,65504,0,0,64,0,0,880,9408,32768,0,944,64,0,0,0,821,0,0,32768,0,26688
1600,1000,0,0,0,0,2,10,8,7,2,38912,10752,64665,65062,64,32768,0,717,319,0,0,32,54450,0,0,54354,54450,0,65440,0,0,64,0,0,912,12352,32768,0,992,64,0,0,0,991,65055,0,32768,0,26624
1600,1100,0,0,0,0,2,10,8,7,2,59648,37632,64907,65007,64,32768,14,853,407,0,0,32,56484,0,0,56452,56484,0,65504,0,0,64,0,0,880,9408,32768,0,944,64,0,0,0,822,0,0,0,0,26688
1601,1000,0,0,0,0,2,10,8,7,2,12544,20480,64665,65062,64,32768,0,714,317,0,0,32,54450,0,0,54354,54450,2,65440,0,0,64,0,0,912,12416,32768,0,992,64,0,0,0,991,0,0,49152,0,26624
1601,1100,0,0,0,0,2,10,8,7,2,29696,33280,64907,65007,64,32768,14,851,405,0,0,32,56484,0,0,56452,56484,0,65504,0,0,64,0,0,880,9408,32768,0,944,64,0,0,0,822,0,0,32768,0,26688
1602,1000,0,0,0,0,2,10,8,7,2,51712,30208,64664,65062,64,32768,0,710,315,0,0,32,54450,0,0,54354,54450,0,65440,0,0,64,0,0,912,12416,32768,0,992,64,0,0,0,992,65055,0,0,65534,26624
1602,1100,0,0,0,0,2,10,8,7,2,65280,28928,64906,65006,64,32768,14,848,403,0,0,32,56484,0,0,56452,56484,0,65504,0,0,64,0,0,880,9472,32768,0,944,64,0,0,0,823,0,0,0,0,26688
1603,1000,0,0,0,0,2,10,8,7,2,25088,39936,64666,65063,64,32768,0,707,313,0,0,32,54450,0,0,54354,54450,2,65440,0,0,64,0,0,912,12416,32768,0,992,64,0,0,0,990,0,0,16384,0,26624
1603,1100,0,0,0,0,2,10,8,7,2,35072,24320,64906,65006,64,32768,14,846,401,0,0,32,56484,0,0,56452,56484,0,65504,0,0,64,0,0,880,9472,32768,0,944,64,0,0,0,823,0,0,32768,0,26688
1604,1000,0,0,0,0,2,10,8,7,2,64512,49920,64666,65063,64,32768,0,703,311,0,0,32,54450,0,0,54354,54450,0,65440,0,0,64,0,0,912,12416,32768,0,992,64,0,0,0,990,65055,0,32768,0,26624
1604,1100,0,0,0,0,2,10,8,7,2,4864,19712,64905,65006,64,32768,14,844,399,0,0,32,56484,0,0,56452,56484,0,65504,0,0,64,0,0,880,9472,32768,0,944,64,0,0,0,824,0,0,0,0,26688
1605,1000,0,0,0,0,2,10,8,7,2,38400,59904,64666,65063,64,32768,0,700,309,0,0,32,54450,0,0,54354,54450,2,65440,0,0,64,0,0,912,12416,32768,0,992,64,0,0,0,990,0,0,49152,0,26624
1605,1100,0,0,0,0,2,10,8,7,2,39936,15104,64905,65006,64,32768,14,841,397,0,0,32,56484,0,0,56452,56484,0,65504,0,0,64,0,0,880,9472,32768,0,944,64,0,0,0,824,0,0,32768,0,26688
1606,1000,0,0,0,0,2,10,8,7,2,12288,4352,64665,65062,64,32768,0,697,308,0,0,32,54450,0,0,54354,54450,0,65440,0,0,64,0,0,912,12416,32768,0,992,64,0,0,0,991,65055,0,0,0,26624
1606,1100,0,0,0,0,2,10,8,7,2,9472,10496,64904,65005,64,32768,14,839,395,0,0,32,56484,0,0,56452,56484,0,65504,0,0,64,0,0,880,9472,32768,0,944,64,0,0,0,825,0,0,0,0,26688
1607,1000,0,0,0,0,2,10,8,7,2,51456,14080,64665,65062,64,32768,0,693,306,0,0,32,54450,0,0,54354,54450,2,65440,0,0,64,0,0,912,12416,32768,0,992,64,0,0,0,991,0,0,16384,0,26624
1607,1100,0,0,0,0,2,10,8,7,2,44288,5632,64904,65005,64,32768,14,836,393,0,0,32,56484,0,0,56452,56484,0,65504,0,0,64,0,0,880,9472,32768,0,944,64,0,0,0,825,0,0,32768,0,26688
1608,1000,0,0,0,0,2,10,8,7,2,25088,23808,64665,65062,64,32768,0,690,304,0,0,32,54450,0,0,54354,54450,0,65440,0,0,64,0,0,912,12416,32768,0,992,64,0,0,0,991,65055,0,32768,0,26624
1608,1100,0,0,0,0,2,10,8,7,2,13568,768,64904,65004,64,32768,14,834,391,0,0,32,56484,0,0,56452,56484,0,65504,0,0,64,0,0,880,9472,32768,0,944,64,0,0,0,826,0,0,0,0,26688
1609,1000,0,0,0,0,2,10,8,7,2,64256,33536,64665,65062,64,32768,0,686,302,0,0,32,54450,0,0,54354,54450,2,65440,0,0,64,0,0,912,12480,32768,0,992,64,0,0,0,991,0,0,49152,0,26624
1609,1100,0,0,0,0,2,10,8,7,2,48384,61184,64904,65004,64,32768,14,831,388,0,0,32,56484,0,0,56452,56484,0,65504,0,0,64,0,0,880,9472,32768,0,944,64,0,0,0,826,0,0,32768,0,26688
1610,1000,0,0,0,0,2,10,8,7,2,37888,43264,64664,65062,64,32768,0,683,300,0,0,32,54450,0,0,54354,54450,0,65440,0,0,64,0,0,912,12480,32768,0,992,64,0,0,0,992,65055,0,0,65534,26624
1610,1100,0,0,0,0,2,10,8,7,2,17664,56064,64903,65004,64,32768,14,829,386,0,0,32,56484,0,0,56452,56484,0,65504,0,0,64,0,0,880,9536,32768,0,944,64,0,0,0,827,0,0,0,0,26688
1611,1000,0,0,0,0,2,10,8,7,2,11264,52992,64666,65063,64,32768,0,680,298,0,0,32,54450,0,0,54354,54450,2,65440,0,0,64,0,0,912,12480,32768,0,992,64,0,0,0,990,0,0,16384,0,26624
1611,1100,0,0,0,0,2,10,8,7,2,52224,50944,64903,65004,64,32768,14,826,384,0,0,32,56484,0,0,56452,56484,0,65504,0,0,64,0,0,880,9536,32768,0,944,64,0,0,0,827,0,0,32768,0,26688
1612,1000,0,0,0,0,2,10,8,7,2,50688,62976,64666,65063,64,32768,0,676,296,0,0,32,54450,0,0,54354,54450,0,65440,0,0,64,0,0,912,12480,32768,0,992,64,0,0,0,990,65055,0,32768,0,26624
1612,1100,0,0,0,0,2,10,8,7,2,21248,45824,64902,65003,64,32768,14,824,382,0,0,32,56484,0,0,56452,56484,0,65504,0,0,64,0,0,880,9536,32768,0,944,64,0,0,0,828,0,0,0,0,26688
1613,1000,0,0,0,0,2,10,8,7,2,24576,7424,64666,65063,64,32768,0,673,295,0,0,32,54450,0,0,54354,54450,2,65440,0,0,64,0,0,912,12480,32768,0,992,64,0,0,0,990,0,0,49152,0,26624
1613,1100,0,0,0,0,2,10,8,7,2,55552,40448,64902,65003,64,32768,14,821,380,0,0,32,56484,0,0,56452,56484,0,65504,0,0,64,0,0,880,9536,32768,0,944,64,0,0,0,828,0,0,32768,0,26688
1614,1000,0,0,0,0,2,10,8,7,2,64000,17408,64665,65062,64,32768,0,669,293,0,0,32,54450,0,0,54354,54450,0,65440,0,0,64,0,0,912,12480,32768,0,992,64,0,0,0,991,65055,0,0,0,26624
1614,1100,0,0,0,0,2,10,8,7,2,24320,35072,64901,65002,64,32768,14,819,378,0,0,32,56484,0,0,56452,56484,0,65504,0,0,64,0,0,880,9536,32768,0,944,64,0,0,0,829,0,0,0,0,26688
1615,1000,0,0,0,0,2,10,8,7,2,37632,27136,64665,65062,64,32768,0,666,291,0,0,32,54450,0,0,54354,54450,2,65440,0,0,64,0,0,912,12480,32768,0,992,64,0,0,0,991,0,0,16384,0,26624
1615,1100,0,0,0,0,2,10,8,7,2,58368,29440,64901,65002,64,32768,14,816,376,0,0,32,56484,0,0,56452,56484,0,65504,0,0,64,0,0,880,9536,32768,0,944,64,0,0,0,829,0,0,32768,0,26688
1616,1000,0,0,0,0,2,10,8,7,2,11264,36864,64665,65062,64,32768,0,663,289,0,0,32,54450,0,0,54354,54450,0,65440,0,0,64,0,0,912,12480,32768,0,992,64,0,0,0,991,65055,0,32768,0,26624
1616,1100,0,0,0,0,2,10,8,7,2,26880,23808,64901,65002,64,32768,14,814,374,0,0,32,56484,0,0,56452,56484,0,65504,0,0,64,0,0,880,9536,32768,0,944,64,0,0,0,830,0,0,0,0,26688
1617,1000,0,0,0,0,2,10,8,7,2,50432,46592,64665,65062,64,32768,0,659,287,0,0,32,54450,0,0,54354,54450,2,65440,0,0,64,0,0,912,12544,32768,0,992,64,0,0,0,991,0,0,49152,0,26624
1617,1100,0,0,0,0,2,10,8,7,2,60928,18176,64901,65002,64,32768,14,811,372,0,0,32,56484,0,0,56452,56484,0,65504,0,0,64,0,0,880,9536,32768,0,944,64,0,0,0,830,0,0,32768,0,26688
1618,1000,0,0,0,0,2,10,8,7,2,24064,56320,64664,65062,64,32768,0,656,285,0,0,32,54450,0,0,54354,54450,0,65440,0,0,64,0,0,912,12544,32768,0,992,64,0,0,0,992,65055,0,0,65534,26624
1618,1100,0,0,0,0,2,10,8,7,2,29440,12544,64900,65001,64,32768,14,809,370,0,0,32,56484,0,0,56452,56484,0,65504,0,0,64,0,0,880,9600,32768,0,944,64,0,0,0,831,0,0,0,0,26688
1619,1000,0,0,0,0,2,10,8,7,2,62976,512,64666,65063,64,32768,0,652,284,0,0,32,54450,0,0,54354,54450,2,65440,0,0,64,0,0,912,12544,32768,0,992,64,0,0,0,990,0,0,16384,0,26624
1619,1100,0,0,0,0,2,10,8,7,2,63232,6656,64900,65001,64,32768,14,806,368,0,0,32,56484,0,0,56452,56484,0,65504,0,0,64,0,0,880,9600,0,0,944,64,0,0,0,831,0,0,32768,65526,26688
1620,1000,0,0,0,0,2,10,8,7,2,36864,10496,64666,65063,64,32768,0,649,282,0,0,32,54450,0,0,54354,54450,0,65440,0,0,64,0,0,912,12544,32768,0,992,64,0,0,0,990,65055,0,32768,0,26624
1620,1100,0,0,0,0,2,10,8,7,2,31488,768,64907,65007,64,32768,14,804,366,0,0,32,56484,0,0,56452,56484,0,65504,0,0,64,0,0,880,9600,0,0,944,64,0,0,0,822,0,0,0,65526,26688
1621,1000,512,0,0,0,2,10,8,7,2,10752,20480,64666,65063,64,32768,0,646,280,0,0,32,54450,0,0,54354,54450,2,65440,0,0,64,0,65434,912,12544,33282,0,992,64,0,0,0,990,0,0,49152,0,26624
1621,1100,512,0,0,0,2,10,8,7,2,1536,61952,64914,65013,64,32768,14,802,363,0,0,32,56484,0,0,56452,56484,0,65504,0,0,64,0,0,880,9600,0,0,944,64,0,0,0,812,0,0,32768,65526,26688
1622,1000,0,0,0,0,2,10,8,7,2,50176,30464,64665,65062,64,32768,0,642,278,0,0,32,54437,0,0,54341,54437,2,32,288,0,64,0,65334,912,12544,33280,0,992,64,0,0,0,991,32,0,0,0,26624
1622,1100,0,0,0,0,2,10,8,7,2,38912,59136,64921,65019,64,32768,14,799,361,0,0,32,56484,0,0,56452,56484,0,65504,0,0,64,0,0,880,9600,0,0,944,64,0,0,0,803,0,0,0,65526,26688
1623,1000,0,0,0,0,2,10,8,7,2,23808,40192,64665,65063,64,32768,0,639,276,0,0,32,54123,0,0,54443,54411,2,96,576,0,64,0,65237,912,12544,33280,0,992,64,0,0,0,991,65312,0,16384,0,26624
1623,1100,0,0,0,0,2,10,8,7,2,12544,57856,64929,65026,64,32768,14,797,359,0,0,32,56484,0,0,56452,56484,0,65504,0,0,64,0,0,880,9600,0,0,944,64,0,0,0,793,0,0,32768,65526,26688
1624,1000,0,0,0,0,2,10,8,7,2,62976,50176,64669,65055,64,32768,0,635,274,0,0,32,53797,0,0,54469,54373,2,160,864,0,64,0,65142,912,12544,33280,0,992,64,0,0,0,991,65056,0,32768,0,26624
1624,1100,0,0,0,0,2,10,8,7,2,53760,58368,64936,65031,64,32768,14,794,357,0,0,32,56484,0,0,56452,56484,0,65504,0,0,64,0,0,880,9600,0,0,944,64,0,0,0,784,0,0,0,65526,26688
1625,1000,0,0,0,0,2,10,8,7,2,37632,58112,64670,65053,64,32768,0,632,272,0,0,32,53459,0,0,54483,54323,2,224,1152,0,64,0,65049,912,12608,33280,0,992,64,0,0,0,991,64800,0,49152,0,26624
1625,1100,0,0,0,0,2,10,8,7,2,31232,60160,64943,65038,64,32768,14,792,355,0,0,32,56484,0,0,56452,56484,0,65504,0,0,64,0,0,880,9600,0,0,944,64,0,0,0,774,0,0,32768,65526,26688
1626,1000,0,0,0,0,2,10,8,7,2,12544,0,64670,65051,64,32768,0,629,271,0,0,32,53110,0,0,54486,54262,2,288,1440,0,64,0,64945,912,12608,33280,0,992,64,0,0,0,992,64544,0,0,65534,26624
1626,1100,0,0,0,0,2,10,8,7,2,10496,63744,64950,65044,64,32768,14,790,353,0,0,32,56484,0,0,56452,56484,0,65504,0,0,64,0,0,880,8960,0,0,944,64,0,0,0,765,0,0,0,65528,26688
1627,1000,0,0,0,0,2,10,8,7,2,52992,6912,64672,65052,64,32768,0,625,269,0,0,32,52748,0,0,54476,54188,2,192,1152,0,64,0,65068,912,12608,32768,0,992,64,0,0,0,990,65025,0,16384,0,26624
1627,1100,0,0,0,0,2,10,8,7,2,57088,3328,64956,65049,64,32768,14,787,352,0,0,32,56484,0,0,56452,56484,0,65504,0,0,64,0,0,880,8960,0,0,944,64,0,0,0,757,0,0,32768,65528,26688
1628,1000,0,0,0,0,2,10,8,7,2,28416,14080,64672,65053,64,32768,0,622,267,0,0,32,52977,0,0,54321,54129,2,96,864,0,64,0,65188,912,12608,32768,0,992,64,0,0,0,990,65506,0,32768,0,26624
1628,1100,0,0,0,0,2,10,8,7,2,39680,9728,64962,65053,64,32768,14,785,350,0,0,32,56484,0,0,56452,56484,0,65504,0,0,64,0,0,880,8960,0,0,944,64,0,0,0,750,0,0,0,65528,26688
1629,1000,0,0,0,0,2,10,8,7,2,3840,21504,64664,65066,64,32768,0,619,265,0,0,32,53221,0,0,54181,54085,2,0,576,0,64,0,65305,912,12608,32768,0,992,64,0,0,0,990,451,0,49152,0,26624
1629,1100,0,0,0,0,2,10,8,7,2,23808,17152,64968,65059,64,32768,14,783,348,0,0,32,56484,0,0,56452,56484,0,65504,0,0,64,0,0,880,8960,0,0,944,64,0,0,0,742,0,0,32768,65528,26688
1630,1000,0,0,0,0,2,10,8,7,2,42752,32256,64657,65077,64,32768,0,615,263,0,0,32,53480,0,0,54056,54056,0,0,288,0,64,0,65419,912,12608,32768,0,992,64,0,0,0,991,65506,0,0,0,26624
1630,1100,0,0,0,0,2,10,8,7,2,9472,26112,64973,65063,64,32768,14,781,346,0,0,32,56484,0,0,56452,56484,0,65504,0,0,64,0,0,880,8960,0,0,944,64,0,0,0,735,0,0,0,65528,26688
1631,1000,0,0,0,0,2,10,8,7,2,14336,45824,64652,65087,64,32768,0,612,261,0,0,32,53753,0,0,54041,54041,2,0,288,0,64,0,65531,912,12608,32768,0,992,64,0,0,0,991,0,0,16384,0,26624
1631,1100,0,0,0,0,2,10,8,7,2,61952,36096,64979,65068,64,32768,14,778,344,0,0,32,56484,0,0,56452,56484,0,65504,0,0,64,0,0,880,8960,0,0,944,64,0,0,0,727,0,0,32768,65528,26688
1632,1000,0,0,0,0,2,10,8,7,2,50176,61952,64651,65089,64,32768,0,608,259,0,0,32,53752,0,0,54040,54040,0,0,0,0,64,0,0,912,12608,32768,0,992,64,0,0,0,991,65055,0,32768,0,26624
1632,1100,0,0,0,0,2,10,8,7,2,50432,47360,64985,65073,64,32768,14,776,342,0,0,32,56484,0,0,56452,56484,0,65504,0,0,64,0,0,880,8960,0,0,944,64,0,0,0,720,0,0,0,65528,26688
1633,1000,0,0,0,0,2,10,8,7,2,20224,13056,64651,65089,64,32768,0,605,258,0,0,32,54040,0,0,54040,54040,2,0,0,0,64,0,0,912,12672,32768,0,992,64,0,0,0,991,0,0,49152,0,26624
1633,1100,0,0,0,0,2,10,8,7,2,40448,59904,64991,65078,64,32768,14,774,340,0,0,32,56484,0,0,56452,56484,0,65504,0,0,64,0,0,880,8960,0,0,944,64,0,0,0,712,0,0,32768,65528,26688
1634,1000,0,0,0,0,2,10,8,7,2,55808,29696,64650,65088,64,32768,0,601,256,0,0,32,54040,0,0,54040,54040,0,0,0,0,64,0,0,912,12672,32768,0,992,64,0,0,0,992,65055,0,0,65534,26624
1634,1100,0,0,0,0,2,10,8,7,2,32000,8192,64996,65082,64,32768,14,772,339,0,0,32,56484,0,0,56452,56484,0,65504,0,0,64,0,0,880,8320,0,0,944,64,0,0,0,705,0,0,0,65528,26688
1635,1000,0,0,0,0,2,10,8,7,2,25600,46080,64652,65089,64,32768,0,598,254,0,0,32,54040,0,0,54040,54040,2,0,0,0,64,0,0,912,12672,32768,0,992,64,0,0,0,990,0,0,16384,0,26624
1635,1100,0,0,0,0,2,10,8,7,2,24832,23040,65002,65087,64,32768,14,770,337,0,0,32,56484,0,0,56452,56484,0,65504,0,0,64,0,0,880,8320,0,0,944,64,0,0,0,697,0,0,32768,65528,26688
1636,1000,0,0,0,0,2,10,8,7,2,61440,62720,64652,65089,64,32768,0,594,252,0,0,32,54040,0,0,54040,54040,0,0,0,0,64,0,0,912,12672,32768,0,992,64,0,0,0,990,65055,0,32768,0,26624
1636,1100,0,0,0,0,2,10,8,7,2,19200,39168,65008,65092,64,32768,14,768,335,0,0,32,56484,0,0,56452,56484,0,65504,0,0,64,0,0,880,8320,0,0,944,64,0,0,0,690,0,0,0,65528,26688
1637,1000,0,0,0,0,2,10,8,7,2,31744,13824,64652,65089,64,32768,0,591,251,0,0,32,54040,0,0,54040,54040,2,0,0,0,64,0,0,912,12672,32768,0,992,64,0,0,0,990,0,0,49152,0,26624
1637,1100,0,0,0,0,2,10,8,7,2,15104,56576,65014,65097,64,32768,14,766,333,0,0,32,56484,0,0,56452,56484,0,65504,0,0,64,0,0,880,8320,0,0,944,64,0,0,0,682,0,0,32768,65528,26688
1638,1000,0,0,0,0,2,10,8,7,2,2048,30464,64651,65089,64,32768,0,588,249,0,0,32,54040,0,0,54040,54040,0,0,0,0,64,0,0,912,12672,32768,0,992,64,0,0,0,991,65055,0,0,0,26624
1638,1100,0,0,0,0,2,10,8,7,2,12544,9728,65019,65102,64,32768,14,764,332,0,0,32,56484,0,0,56452,56484,0,65504,0,0,64,0,0,880,8320,0,0,944,64,0,0,0,675,0,0,0,65528,26688
1639,1000,0,0,0,0,2,11,8,7,2,37632,47104,64651,65089,26,32768,0,584,247,0,0,32,54040,0,0,54040,54040,2,0,0,0,26,0,0,912,12672,32768,0,992,64,0,0,0,991,0,0,16384,0,26624
1639,1100,0,0,0,0,2,11,8,7,2,11264,29696,65025,65107,64,32768,14,762,330,0,0,32,56484,0,0,56452,56484,0,65504,0,0,64,0,0,880,8320,0,0,944,64,0,0,0,667,0,0,32768,65528,26688
1640,1000,0,0,0,0,2,11,8,7,2,7680,63744,64651,65089,64,32768,0,581,245,0,0,32,54040,0,0,54040,54040,0,0,0,0,64,0,0,912,12672,32768,0,992,64,0,0,0,991,65055,0,32768,0,26624
1640,1100,0,0,0,0,2,11,8,7,2,11520,50944,65031,65111,64,32768,14,760,328,0,0,32,56484,0,0,56452,56484,0,65504,0,0,64,0,0,880,8320,0,0,944,64,0,0,0,660,0,0,0,65528,26688
1641,1000,0,0,0,0,2,11,8,7,2,43264,14848,64651,65089,64,32768,0,577,244,0,0,32,54040,0,0,54040,54040,2,0,0,0,64,0,0,912,12736,32768,0,992,64,0,0,0,991,0,0,49152,0,26624
1641,1100,0,0,0,0,2,11,8,7,2,13312,7680,65037,65116,64,32768,14,758,327,0,0,32,56484,0,0,56452,56484,0,65504,0,0,64,0,0,880,8320,0,0,944,64,0,0,0,652,0,0,32768,65528,26688
1642,1000,0,0,0,0,2,11,8,7,2,13312,31488,64650,65088,26,32768,0,574,242,0,0,32,54040,0,0,54040,54040,0,0,0,0,26,0,0,912,12736,32768,0,992,64,0,0,0,992,65055,0,0,65534,26624
1642,1100,0,0,0,0,2,11,8,7,2,16640,31232,65042,65121,64,32768,14,756,325,0,0,32,56484,0,0,56452,56484,0,65504,0,0,64,0,0,880,7680,0,0,944,64,0,0,0,645,0,0,0,65528,26688
1643,1000,0,0,0,0,2,11,8,7,2,48640,47872,64652,65089,64,32768,0,570,240,0,0,32,54040,0,0,54040,54040,2,0,0,0,64,0,0,912,12736,32768,0,992,64,0,0,0,990,0,0,16384,0,26624
1643,1100,0,0,0,0,2,11,8,7,2,21248,56064,65048,65126,64,32768,14,754,323,0,0,32,56484,0,0,56452,56484,0,65504,0,0,64,0,0,880,7680,0,0,944,64,0,0,0,637,0,0,32768,65528,26688
1644,1000,0,0,0,0,2,11,8,7,2,18944,64512,64652,65089,64,32768,0,567,238,0,0,32,54040,0,0,54040,54040,0,0,0,0,64,0,0,912,12736,32768,0,992,64,0,0,0,990,65055,0,32768,0,26624
1644,1100,0,0,0,0,2,11,8,7,2,27392,16640,65054,65131,64,32768,14,752,322,0,0,32,56484,0,0,56452,56484,0,65504,0,0,64,0,0,880,7680,0,0,944,64,0,0,0,630,0,0,0,65528,26688
1645,1000,0,0,0,0,2,11,8,7,2,54784,15616,64652,65089,64,32768,0,563,237,0,0,32,54040,0,0,54040,54040,2,0,0,0,64,0,0,912,12736,32768,0,992,64,0,0,0,990,0,0,49152,0,26624
1645,1100,0,0,0,0,2,11,8,7,2,35072,44032,65060,65136,64,32768,14,750,320,0,0,32,56484,0,0,56452,56484,0,65504,0,0,64,0,0,880,7680,0,0,944,64,0,0,0,622,0,0,32768,65528,26688
1646,1000,0,0,0,0,2,11,8,7,2,25088,32256,64651,65089,64,32768,0,560,235,0,0,32,54040,0,0,54040,54040,0,0,0,0,64,0,0,912,12736,32768,0,992,64,0,0,0,991,65055,0,0,0,26624
1646,1100,0,0,0,0,2,11,8,7,2,44288,7168,65065,65140,64,32768,14,748,319,0,0,32,56484,0,0,56452,56484,0,65504,0,0,64,0,0,880,7680,0,0,944,64,0,0,0,615,0,0,0,65528,26688
1647,1000,0,0,0,0,2,11,8,7,2,60672,48896,64651,65089,64,32768,0,556,233,0,0,32,54040,0,0,54040,54040,2,0,0,0,64,0,0,912,12736,32768,0,992,64,0,0,0,991,0,0,16384,0,26624
1647,1100,0,0,0,0,2,11,8,7,2,54784,36864,65071,65145,64,32768,14,746,317,0,0,32,56484,0,0,56452,56484,0,65504,0,0,64,0,0,880,7680,0,0,944,64,0,0,0,607,0,0,32768,65528,26688
1648,1000,0,0,0,0,2,11,8,7,2,30720,0,64651,65089,64,32768,0,553,232,0,0,32,54040,0,0,54040,54040,0,0,0,0,64,0,0,912,12736,32768,0,992,64,0,0,0,991,65055,0,32768,0,26624
1648,1100,0,0,0,0,2,11,8,7,2,1280,2304,65077,65150,64,32768,14,745,316,0,0,32,56484,0,0,56452,56484,0,65504,0,0,64,0,0,880,7680,0,0,944,64,0,0,0,600,0,0,0,65528,26688
1649,1000,0,0,0,0,2,11,8,7,2,768,16640,64651,65089,64,32768,0,550,230,0,0,32,54040,0,0,54040,54040,2,0,0,0,64,0,0,912,12800,32768,0,992,64,0,0,0,991,0,0,49152,0,26624
1649,1100,0,0,0,0,2,11,8,7,2,14848,34560,65083,65155,64,32768,14,743,314,0,0,32,56484,0,0,56452,56484,0,65504,0,0,64,0,0,880,7680,0,0,944,64,0,0,0,592,0,0,32768,65528,26688
1650,1000,0,0,0,0,2,11,8,7,2,36352,33280,64650,65088,64,32768,0,546,228,0,0,32,54040,0,0,54040,54040,0,0,0,0,64,0,0,912,12800,32768,0,992,64,0,0,0,992,65055,0,0,65534,26624
1650,1100,0,0,0,0,2,11,8,7,2,29952,2560,65088,65160,64,32768,14,741,313,0,0,32,56484,0,0,56452,56484,0,65504,0,0,64,0,0,880,7040,0,0,944,64,0,0,0,585,0,0,0,65528,26688
1651,1000,0,0,0,0,2,11,8,7,2,6144,49664,64652,65089,64,32768,0,543,226,0,0,32,54040,0,0,54040,54040,2,0,0,0,64,0,0,912,12800,32768,0,992,64,0,0,0,990,0,0,16384,0,26624
1651,1100,0,0,0,0,2,11,8,7,2,46336,37376,65094,65165,64,32768,14,739,311,0,0,32,56484,0,0,56452,56484,0,65504,0,0,64,0,0,880,7040,0,0,944,64,0,0,0,577,0,0,32768,65528,26688
1652,1000,0,0,0,0,2,11,8,7,2,41984,768,64652,65089,64,32768,0,539,225,0,0,32,54040,0,0,54040,54040,0,0,0,0,64,0,0,912,12800,32768,0,992,64,0,0,0,990,65055,0,32768,0,26624
1652,1100,0,0,0,0,2,11,8,7,2,64256,7936,65099,65169,64,32768,14,737,310,0,0,32,56484,0,0,56452,56484,0,65504,0,0,64,0,0,880,7040,0,0,944,64,0,0,0,570,0,0,0,65528,26688
1653,1000,0,0,0,0,2,12,8,7,2,12288,17408,64652,65089,26,32768,0,536,223,0,0,32,54040,0,0,54040,54040,2,0,0,0,26,0,0,912,12800,32768,0,992,64,0,0,0,990,0,0,49152,0,26624
1653,1100,0,0,0,0,2,12,8,7,2,17920,45056,65106,65174,64,32768,14,736,308,0,0,32,56484,0,0,56452,56484,0,65504,0,0,64,0,0,880,7040,0,0,944,64,0,0,0,562,0,0,32768,65528,26688
1654,1000,0,0,0,0,2,12,8,7,2,48128,34048,64651,65089,64,32768,0,532,221,0,0,32,54040,0,0,54040,54040,0,0,0,0,64,0,0,912,12800,32768,0,992,64,0,0,0,991,65055,0,0,0,26624
1654,1100,0,0,0,0,2,12,8,7,2,38912,17920,65111,65179,64,32768,14,734,307,0,0,32,56484,0,0,56452,56484,0,65504,0,0,64,0,0,880,7040,0,0,944,64,0,0,0,555,0,0,0,65528,26688
1655,1000,0,0,0,0,2,12,8,7,2,18176,50688,64651,65089,64,32768,0,529,219,0,0,32,54040,0,0,54040,54040,2,0,0,0,64,0,0,912,12800,32768,0,992,64,0,0,0,991,0,0,16384,0,26624
1655,1100,0,0,0,0,2,12,8,7,2,61184,57600,65117,65184,64,32768,14,732,305,0,0,32,56484,0,0,56452,56484,0,65504,0,0,64,0,0,880,7040,0,0,944,64,0,0,0,547,0,0,32768,65528,26688
1656,1000,0,0,0,0,2,12,8,7,2,53760,1792,64651,65089,64,32768,0,525,218,0,0,32,54040,0,0,54040,54040,0,0,0,0,64,0,0,912,12800,32768,0,992,64,0,0,0,991,65055,0,32768,0,26624
1656,1100,0,0,0,0,2,12,8,7,2,19456,33024,65122,65189,64,32768,14,731,304,0,0,32,56484,0,0,56452,56484,0,65504,0,0,64,0,0,880,7040,0,0,944,64,0,0,0,540,0,0,0,65528,26688
1657,1000,0,0,0,0,2,12,8,7,2,23808,18432,64651,65089,64,32768,0,522,216,0,0,32,54040,0,0,54040,54040,2,0,0,0,64,0,0,912,12864,32768,0,992,64,0,0,0,991,0,0,49152,0,26624
1657,1100,0,0,0,0,2,12,8,7,2,44544,9728,65129,65194,64,32768,14,729,303,0,0,32,56484,0,0,56452,56484,0,65504,0,0,64,0,0,880,7040,0,0,944,64,0,0,0,532,0,0,32768,65528,26688
1658,1000,0,0,0,0,2,12,8,7,2,59392,35072,64650,65088,64,32768,0,518,214,0,0,32,54040,0,0,54040,54040,0,0,0,0,64,0,0,912,12864,32768,0,992,64,0,0,0,992,65055,0,0,65534,26624
1658,1100,0,0,0,0,2,12,8,7,2,5888,53248,65134,65198,64,32768,14,728,301,0,0,32,56484,0,0,56452,56484,0,65504,0,0,64,0,0,880,6400,0,0,944,64,0,0,0,525,0,0,0,65528,26688
1659,1000,0,0,0,0,2,12,8,7,2,29184,51456,64652,65089,64,32768,0,515,212,0,0,32,54040,0,0,54040,54040,2,0,0,0,64,0,0,912,12864,32768,0,992,64,0,0,0,990,0,0,16384,0,26624
1659,1100,0,0,0,0,2,12,8,7,2,34048,32256,65140,65203,64,32768,14,726,300,0,0,32,56484,0,0,56452,56484,0,65504,0,0,64,0,0,880,6400,0,0,944,64,0,0,0,517,0,0,32768,65528,26688
1660,1000,0,0,0,0,2,12,8,7,2,65024,2560,64652,65089,64,32768,0,511,211,0,0,32,54040,0,0,54040,54040,0,0,0,0,64,0,0,912,12864,32768,0,992,64,0,0,0,990,65055,0,32768,0,26624
1660,1100,0,0,0,0,2,12,8,7,2,63744,12544,65145,65208,64,32768,14,724,299,0,0,32,56484,0,0,56452,56484,0,65504,0,0,64,0,0,880,6400,0,0,944,64,0,0,0,510,0,0,0,65530,26688
1661,1000,0,0,0,0,2,12,8,7,2,35328,19200,64652,65089,64,32768,0,508,209,0,0,32,54040,0,0,54040,54040,2,0,0,0,64,0,0,912,12864,32768,0,992,64,0,0,0,990,0,0,49152,0,26624
1661,1100,0,0,0,0,2,12,8,7,2,29184,59648,65150,65212,64,32768,14,723,297,0,0,32,56484,0,0,56452,56484,0,65504,0,0,64,0,0,880,6400,0,0,944,64,0,0,0,504,0,0,32768,65530,26688
1662,1000,0,0,0,0,2,12,8,7,2,5632,35840,64651,65089,64,32768,0,505,207,0,0,32,54040,0,0,54040,54040,0,0,0,0,64,0,0,912,12864,32768,0,992,64,0,0,0,991,65055,0,0,0,26624
1662,1100,0,0,0,0,2,12,8,7,2,61440,42240,65154,65215,64,32768,14,721,296,0,0,32,56484,0,0,56452,56484,0,65504,0,0,64,0,0,880,6400,0,0,944,64,0,0,0,499,0,0,0,65530,26688
1663,1000,0,0,0,0,2,12,8,7,2,41216,52480,64651,65089,64,32768,0,501,205,0,0,32,54040,0,0,54040,54040,2,0,0,0,64,0,0,912,12864,32768,0,992,64,0,0,0,991,0,0,16384,0,26624
1663,1100,0,0,0,0,2,12,8,7,2,29184,25600,65158,65219,64,32768,14,720,295,0,0,32,56484,0,0,56452,56484,0,65504,0,0,64,0,0,880,6400,0,0,944,64,0,0,0,493,0,0,32768,65530,26688
1664,1000,0,0,0,0,2,12,8,7,2,11264,3584,64651,65089,64,32768,0,498,204,0,0,32,54040,0,0,54040,54040,0,0,0,0,64,0,0,912,12864,32768,0,992,64,0,0,0,991,65055,0,32768,0,26624
1664,1100,0,0,0,0,2,12,8,7,2,63488,9984,65162,65222,64,32768,14,718,294,0,0,32,56484,0,0,56452,56484,0,65504,0,0,64,0,0,880,6400,0,0,944,64,0,0,0,488,0,0,0,65530,26688
1665,1000,0,0,0,0,2,12,8,7,2,46848,20224,64651,65089,64,32768,0,494,202,0,0,32,54040,0,0,54040,54040,2,0,0,0,64,0,0,912,12928,32768,0,992,64,0,0,0,991,0,0,49152,0,26624
1665,1100,0,0,0,0,2,12,8,7,2,33280,60672,65167,65226,64,32768,14,717,292,0,0,32,56484,0,0,56452,56484,0,65504,0,0,64,0,0,880,6400,0,0,944,64,0,0,0,482,0,0,32768,65530,26688
1666,1000,0,0,0,0,2,12,8,7,2,16896,36864,64650,65088,64,32768,0,491,200,0,0,32,54040,0,0,54040,54040,0,0,0,0,64,0,0,912,12928,32768,0,992,64,0,0,0,992,65055,0,0,65534,26624
1666,1100,0,0,0,0,2,12,8,7,2,4352,46848,65171,65229,64,32768,14,716,291,0,0,32,56484,0,0,56452,56484,0,65504,0,0,64,0,0,880,5760,0,0,944,64,0,0,0,477,0,0,0,65530,26688
1667,1000,0,0,0,0,2,12,8,7,2,52224,53248,64652,65089,64,32768,0,487,198,0,0,32,54040,0,0,54040,54040,2,0,0,0,64,0,0,912,12928,32768,0,992,64,0,0,0,990,0,0,16384,0,26624
1667,1100,0,0,0,0,2,12,8,7,2,41984,33792,65175,65233,64,32768,14,714,290,0,0,32,56484,0,0,56452,56484,0,65504,0,0,64,0,0,880,5760,0,0,944,64,0,0,0,471,0,0,32768,65530,26688
1668,1000,0,0,0,0,2,12,8,7,2,22528,4352,64652,65089,64,32768,0,484,197,0,0,32,54040,0,0,54040,54040,0,0,0,0,64,0,0,912,12928,32768,0,992,64,0,0,0,990,65055,0,32768,0,26624
1668,1100,0,0,0,0,2,12,8,7,2,15104,21760,65179,65236,64,32768,14,713,289,0,0,32,56484,0,0,56452,56484,0,65504,0,0,64,0,0,880,5760,0,0,944,64,0,0,0,466,0,0,0,65530,26688
1669,1000,0,0,0,0,2,12,8,7,2,58368,20992,64652,65089,64,32768,0,480,195,0,0,32,54040,0,0,54040,54040,2,0,0,0,64,0,0,912,12928,32768,0,992,64,0,0,0,990,0,0,49152,0,26624
1669,1100,0,0,0,0,2,12,8,7,2,54784,10496,65184,65240,64,32768,14,711,288,0,0,32,56484,0,0,56452,56484,0,65504,0,0,64,0,0,880,5760,0,0,944,64,0,0,0,460,0,0,32768,65530,26688
1670,1000,512,0,0,0,2,12,8,7,2,28672,37632,64651,65089,64,32768,0,477,193,0,0,32,54040,0,0,54040,54040,2,64,288,0,64,0,65434,912,12928,33282,0,992,64,0,0,0,991,65280,0,0,0,26624
1670,1100,512,0,0,0,2,12,8,7,2,30208,256,65187,65243,64,32768,14,710,287,0,0,32,56484,0,0,56452,56484,0,65504,0,0,64,0,0,880,5760,0,0,944,64,0,0,0,455,0,0,0,65530,26688
1671,1000,0,0,0,0,2,12,8,7,2,64256,54272,64651,65089,64,32768,0,473,191,0,0,32,53739,0,0,54091,54027,2,128,576,0,64,0,65334,912,12928,33280,0,992,64,0,0,0,991,65024,0,16384,0,26624
1671,1100,0,0,0,0,2,12,8,7,2,6400,56320,65192,65247,64,32768,14,709,285,0,0,32,56484,0,0,56452,56484,0,65504,0,0,64,0,0,880,5760,0,0,944,64,0,0,0,449,0,0,32768,65530,26688
1672,1000,0,0,0,0,2,12,8,7,2,34304,5376,64653,65084,64,32768,0,470,190,0,0,32,53425,0,0,54129,54001,2,192,864,0,64,0,65237,912,12928,33280,0,992,64,0,0,0,991,64768,0,32768,0,26624
1672,1100,0,0,0,0,2,12,8,7,2,49408,47872,65196,65250,64,32768,14,707,284,0,0,32,56484,0,0,56452,56484,0,65504,0,0,64,0,0,880,5760,0,0,944,64,0,0,0,444,0,0,0,65530,26688
1673,1000,0,0,0,0,2,12,8,7,2,4864,20736,64655,65081,64,32768,0,467,188,0,0,32,53099,0,0,54155,53963,2,256,1152,0,64,0,65142,912,12992,33280,0,992,64,0,0,0,991,64512,0,49152,0,26624
1673,1100,0,0,0,0,2,12,8,7,2,27904,40192,65200,65254,64,32768,14,706,283,0,0,32,56484,0,0,56452,56484,0,65504,0,0,64,0,0,880,5760,0,0,944,64,0,0,0,438,0,0,32768,65530,26688
1674,1000,0,0,0,0,2,12,8,7,2,41472,35328,64655,65079,64,32768,0,463,186,0,0,32,52761,0,0,54169,53913,2,320,1440,0,64,0,65038,912,12992,33280,0,992,64,0,0,0,992,64256,0,0,65534,26624
1674,1100,0,0,0,0,2,12,8,7,2,7424,33536,65204,65258,64,32768,14,705,282,0,0,32,56484,0,0,56452,56484,0,65504,0,0,64,0,0,880,5120,0,0,944,64,0,0,0,433,0,0,0,65530,26688
1675,1000,0,0,0,0,2,12,8,7,2,12544,49408,64658,65078,64,32768,0,460,184,0,0,32,52410,0,0,54170,53850,2,384,1728,0,64,0,64948,912,12992,33280,0,992,64,0,0,0,990,64000,0,16384,0,26624
1675,1100,0,0,0,0,2,12,8,7,2,53504,27904,65209,65261,64,32768,14,703,281,0,0,32,56484,0,0,56452,56484,0,65504,0,0,64,0,0,880,5120,0,0,944,64,0,0,0,427,0,0,32768,65530,26688
1676,1000,0,0,0,0,2,12,8,7,2,49920,63232,64658,65078,64,32768,0,456,182,0,0,32,52048,0,0,54160,53776,2,448,2016,0,64,0,64860,912,12992,33280,0,992,64,0,0,0,990,63744,0,32768,0,26624
1676,1100,0,0,0,0,2,12,8,7,2,35328,23040,65213,65265,64,32768,14,702,280,0,0,32,56484,0,0,56452,56484,0,65504,0,0,64,0,0,880,5120,0,0,944,64,0,0,0,422,0,0,0,65530,26688
1677,1000,0,0,0,0,2,12,8,7,2,21760,11520,64657,65079,64,32768,0,453,181,0,0,32,51675,0,0,54139,53691,2,512,2304,0,64,0,64774,912,12992,33280,0,992,64,0,0,0,990,63488,0,49152,0,26624
1677,1100,0,0,0,0,2,12,8,7,2,18176,19200,65217,65269,64,32768,14,701,279,0,0,32,56484,0,0,56452,56484,0,65504,0,0,64,0,0,880,5120,0,0,944,64,0,0,0,416,0,0,32768,65530,26688
1678,1000,0,0,0,0,2,12,8,7,2,58880,25600,64656,65080,64,32768,0,449,179,0,0,32,51291,0,0,54107,53595,2,576,2592,0,64,0,64690,912,12992,33280,0,992,64,0,0,0,991,63232,0,0,0,26624
1678,1100,0,0,0,0,2,12,8,7,2,2048,16384,65221,65272,64,32768,14,700,278,0,0,32,56484,0,0,56452,56484,0,65504,0,0,64,0,0,880,5120,0,0,944,64,0,0,0,411,0,0,0,65530,26688
1679,1000,0,0,0,0,2,12,8,7,2,30208,39936,64654,65083,64,32768,0,446,177,0,0,32,50897,0,0,54065,53489,2,640,2880,0,64,0,64608,912,12992,33280,0,992,64,0,0,0,991,62976,0,16384,0,26624
1679,1100,0,0,0,0,2,12,8,7,2,52480,14336,65226,65276,64,32768,14,698,277,0,0,32,56484,0,0,56452,56484,0,65504,0,0,64,0,0,880,5120,0,0,944,64,0,0,0,405,0,0,32768,65530,26688
1680,1000,0,0,0,0,2,12,8,7,2,1024,55040,64652,65087,64,32768,0,443,175,0,0,32,50493,0,0,54013,53373,2,704,3168,0,64,0,64528,912,12992,33280,0,992,64,0,0,0,991,62720,0,32768,0,26624
1680,1100,0,0,0,0,2,12,8,7,2,38656,13312,65230,65279,64,32768,14,697,276,0,0,32,56484,0,0,56452,56484,0,65504,0,0,64,0,0,880,5120,0,0,944,64,0,0,0,400,0,0,0,65530,26688
1681,1000,0,0,0,0,2,13,8,7,2,36864,5632,64650,65091,26,32768,0,439,174,0,0,32,50079,0,0,53951,53247,2,608,2880,0,26,0,64661,912,13056,32768,0,992,64,0,0,0,991,63201,0,49152,0,26624
1681,1100,0,0,0,0,2,13,8,7,2,25856,13056,65234,65283,64,32768,14,696,275,0,0,32,56484,0,0,56452,56484,0,65504,0,0,64,0,0,880,5120,0,0,944,64,0,0,0,394,0,0,32768,65530,26688
1682,1000,0,0,0,0,2,13,8,7,2,6656,22784,64647,65096,64,32768,0,436,172,0,0,32,50257,0,0,53745,53137,2,512,2592,0,64,0,64773,912,13056,32768,0,992,64,0,0,0,992,63682,0,0,65534,26624
1682,1100,0,0,0,0,2,13,8,7,2,14080,13824,65238,65286,64,32768,14,695,274,0,0,32,56484,0,0,56452,56484,0,65504,0,0,64,0,0,880,4480,0,0,944,64,0,0,0,389,0,0,0,65530,26688
1683,1000,0,0,0,0,2,13,8,7,2,41216,41216,64640,65114,64,32768,0,432,170,0,0,32,50449,0,0,53553,53041,2,416,2304,0,64,0,64900,912,13056,32768,0,992,64,0,0,0,990,64163,0,16384,0,26624
1683,1100,0,0,0,0,2,13,8,7,2,3328,15360,65243,65290,64,32768,14,694,273,0,0,32,56484,0,0,56452,56484,0,65504,0,0,64,0,0,880,4480,0,0,944,64,0,0,0,383,0,0,32768,65530,26688
1684,1000,512,0,0,0,2,13,8,7,2,8448,64256,64632,65131,64,32768,0,429,168,0,0,32,50657,0,0,53377,52961,2,480,2592,0,64,0,64813,912,13056,33282,0,992,64,0,0,0,990,63907,0,32768,0,26624
1684,1100,512,0,0,0,2,13,8,7,2,59392,17920,65246,65293,64,32768,14,692,272,0,0,32,56484,0,0,56452,56484,0,65504,0,0,64,0,0,880,4480,0,0,944,64,0,0,0,378,0,0,0,65530,26688
1685,1000,0,0,0,0,2,13,8,7,2,39168,26112,64626,65146,64,32768,0,425,167,0,0,32,50278,0,0,53350,52870,2,544,2880,0,64,0,64728,912,13056,33280,0,992,64,0,0,0,990,63651,0,49152,0,26624
1685,1100,0,0,0,0,2,13,8,7,2,50688,21248,65251,65297,64,32768,14,691,271,0,0,32,56484,0,0,56452,56484,0,65504,0,0,64,0,0,880,4480,0,0,944,64,0,0,0,372,0,0,32768,65530,26688
1686,1000,0,0,0,0,2,13,8,7,2,2816,57344,64624,65148,64,32768,0,422,165,0,0,32,49889,0,0,53313,52769,2,608,3168,0,64,0,64645,912,13056,33280,0,992,64,0,0,0,991,63395,0,0,0,26624
1686,1100,0,0,0,0,2,13,8,7,2,43264,25600,65255,65300,64,32768,14,690,270,0,0,32,56484,0,0,56452,56484,0,65504,0,0,64,0,0,880,4480,0,0,944,64,0,0,0,367,0,0,0,65530,26688
1687,1000,0,0,0,0,2,13,8,7,2,31488,23552,64622,65152,64,32768,0,418,164,0,0,32,49489,0,0,53265,52657,2,672,3456,0,64,0,64564,912,13056,33280,0,992,64,0,4,0,991,63139,0,16384,0,26624
1687,1100,0,0,0,0,2,13,8,7,2,36864,30720,65259,65304,64,32768,14,689,269,0,0,32,56484,0,0,56452,56484,0,65504,0,0,64,0,0,880,4480,0,0,944,64,0,0,0,361,0,0,32768,65530,26688
1688,1000,0,0,0,0,2,13,8,7,2,59648,56320,64620,65156,64,32768,0,414,162,0,0,32,49079,0,0,53207,52535,2,736,3744,0,64,0,64485,912,13056,33280,0,992,64,0,4,0,991,62883,0,32768,0,26624
1688,1100,0,0,0,0,2,13,8,7,2,31488,36864,65263,65307,64,32768,14,688,268,0,0,32,56484,0,0,56452,56484,0,65504,0,0,64,0,0,880,4480,0,0,944,64,0,0,0,356,0,0,0,65530,26688
1689,1000,0,0,0,0,2,13,8,7,2,21760,24576,64619,65161,64,32768,0,411,161,0,0,32,48659,0,0,53139,52403,2,800,4032,0,64,0,64408,912,13120,33280,0,992,64,0,4,0,991,62627,0,49152,0,26624
1689,1100,0,0,0,0,2,13,8,7,2,27136,43776,65268,65311,64,32768,14,687,267,0,0,32,56484,0,0,56452,56484,0,65504,0,0,64,0,0,880,4480,0,0,944,64,0,0,0,350,0,0,32768,65530,26688
1690,1000,0,0,0,0,2,13,8,7,2,49152,59648,64615,65166,64,32768,0,407,159,0,0,32,48230,0,0,53062,52262,2,864,4320,0,64,0,64304,912,13120,33280,0,992,64,0,4,0,992,62371,0,0,65534,26624
1690,1100,0,0,0,0,2,13,8,7,2,24064,51712,65272,65314,64,32768,14,686,266,0,0,32,56484,0,0,56452,56484,0,65504,0,0,64,0,0,880,3840,0,0,944,64,0,0,0,345,0,0,0,65530,26688
1691,1000,0,0,0,0,2,13,8,7,2,9984,30464,64614,65174,64,32768,0,404,158,0,0,32,47788,0,0,52972,52108,2,928,4608,0,64,0,64231,912,13120,33280,0,992,64,0,4,0,990,62115,0,16384,0,26624
1691,1100,0,0,0,0,2,13,8,7,2,22016,60416,65276,65318,64,32768,14,685,265,0,0,32,56484,0,0,56452,56484,0,65504,0,0,64,0,0,880,3840,0,0,944,64,0,0,0,339,0,0,32768,65530,26688
1692,1000,0,0,0,0,2,13,8,7,2,36096,3328,64611,65182,64,32768,0,400,157,0,0,32,47336,0,0,52872,51944,2,992,4896,0,64,0,64160,912,13120,33280,0,992,64,0,4,0,990,61859,0,32768,0,26624
1692,1100,0,0,0,0,2,13,8,7,2,20992,4608,65280,65321,64,32768,14,684,265,0,0,32,56484,0,0,56452,56484,0,65504,0,0,64,0,0,880,3840,0,0,944,64,0,0,0,334,0,0,0,65530,26688
1693,1000,0,0,0,0,2,13,8,7,2,61440,43776,64608,65191,64,32768,0,396,155,0,0,32,46876,0,0,52764,51772,2,896,4608,0,64,0,64301,912,13120,32768,0,992,64,0,0,0,990,62340,0,49152,0,26624
1693,1100,0,0,0,0,2,13,8,7,2,20992,15104,65285,65325,64,32768,14,683,264,0,0,32,56484,0,0,56452,56484,0,65504,0,0,64,0,0,880,3840,0,0,944,64,0,0,0,328,0,0,32768,65530,26688
1694,1000,0,0,0,0,2,13,8,7,2,20480,20992,64603,65200,64,32768,0,393,154,0,0,32,47009,0,0,52513,51617,2,800,4320,0,64,0,64439,912,13120,32768,0,992,64,0,0,0,991,62821,0,0,0,26624
1694,1100,0,0,0,0,2,13,8,7,2,22272,26624,65288,65328,64,32768,14,682,263,0,0,32,56484,0,0,56452,56484,0,65504,0,0,64,0,0,880,3840,0,0,944,64,0,0,0,323,0,0,0,65530,26688
1695,1000,0,0,0,0,2,13,8,7,2,43776,512,64595,65223,64,32768,0,389,153,0,0,32,47159,0,0,52279,51479,2,704,4032,0,64,0,64574,912,13120,32768,0,992,64,0,0,0,991,63302,0,16384,0,26624
1695,1100,0,0,0,0,2,13,8,7,2,24320,38912,65293,65332,64,32768,14,681,262,0,0,32,56484,0,0,56452,56484,0,65504,0,0,64,0,0,880,3840,0,0,944,64,0,0,0,317,0,0,32768,65530,26688
1696,1000,32,0,0,0,2,13,8,7,2,65024,51456,64589,65244,64,32768,0,385,151,0,0,112,47326,0,0,52062,51358,2,224,3520,0,64,0,64737,912,13120,32808,0,992,80,0,0,0,991,63751,0,32768,0,26624
1696,1100,32,0,0,0,2,13,8,7,2,27648,52224,65297,65336,64,32768,14,680,261,0,0,32,56484,0,0,56452,56484,0,65504,0,0,64,0,0,880,3840,0,0,944,64,0,0,0,312,0,0,0,65530,26688
1697,1000,0,0,0,0,2,13,8,7,2,19200,42240,64583,65264,64,34816,0,382,150,0,224,112,47738,0,2,51482,51258,0,224,3008,0,64,0,64896,912,13184,32800,0,992,80,0,32768,0,991,64200,0,49152,0,26624
1697,1100,0,0,0,0,2,13,8,7,2,32000,1024,65301,65339,64,32768,14,679,261,0,0,32,56484,0,0,56452,56484,0,65504,0,0,64,0,0,880,3840,0,0,944,64,0,0,0,306,0,0,32768,65530,26688
1698,1000,0,0,0,0,2,13,8,7,2,37376,38144,64568,65317,64,34816,0,378,149,198,198,112,48170,0,2,51402,51178,2,224,3008,0,64,0,65040,912,13184,32800,0,992,80,0,32768,0,992,0,0,0,65534,26624
1698,1100,0,0,0,0,2,13,8,7,2,37376,16128,65305,65343,64,32768,14,678,260,0,0,32,56484,0,0,56452,56484,0,65504,0,0,64,0,0,880,3200,0,0,944,64,0,0,0,301,0,0,0,65530,26688
1699,1000,0,0,0,0,2,13,8,7,2,51712,47616,64568,65325,64,34816,0,374,148,370,172,112,48108,0,2,51340,51116,0,224,2496,0,64,0,65192,912,13184,32800,0,992,80,0,32768,0,990,65087,0,16384,0,26624
1699,1100,0,0,0,0,2,13,8,7,2,43776,32256,65310,65346,64,32768,14,677,259,0,0,32,56484,0,0,56452,56484,0,65504,0,0,64,0,0,880,3200,0,0,944,64,0,0,0,295,0,0,32768,65530,26688
1700,1000,0,0,0,0,2,13,8,7,2,512,59136,64567,65330,64,34816,0,371,147,516,146,112,48577,0,2,51297,51073,2,224,2496,0,64,0,65340,912,13184,32800,0,992,80,0,32768,0,990,0,0,32768,0,26624
1700,1100,0,0,0,0,2,13,8,7,2,51456,49152,65314,65350,64,32768,14,676,258,0,0,32,56484,0,0,56452,56484,0,65504,0,0,64,0,0,880,3200,0,0,944,64,0,0,0,290,0,0,0,65530,26688
1701,1000,512,0,0,0,2,13,8,7,2,14592,6400,64566,65334,26,34816,0,367,147,636,120,112,48552,0,2,51272,51048,2,544,3008,0,26,0,65211,912,13184,33314,1,992,80,0,32768,0,990,65312,0,49152,0,26624
1701,1100,512,0,0,0,2,13,8,7,2,60160,1536,65318,65354,64,32768,14,675,258,0,0,32,56484,0,0,56452,56484,0,65504,0,0,64,0,0,880,3200,0,0,944,64,0,0,0,284,0,0,32768,65530,26688
1702,1000,0,0,0,0,2,13,8,7,2,28416,20224,64565,65336,26,34816,0,363,146,730,94,112,47999,0,2,51551,51007,2,864,3520,0,26,0,65085,912,13184,33312,2,992,80,0,32768,0,991,65088,0,0,0,26624
1702,1100,0,0,0,0,2,13,8,7,2,4352,20480,65322,65357,64,32768,14,675,257,0,0,32,56484,0,0,56452,56484,0,65504,0,0,64,0,0,880,3200,0,0,944,64,0,0,0,279,0,0,0,65530,26688
1703,1000,0,0,0,0,2,13,8,7,2,41984,34560,64571,65311,64,34816,0,359,145,798,68,112,47430,0,2,51814,50950,2,1184,4032,0,64,0,64962,912,13184,33312,3,992,80,0,32772,0,991,64864,0,16384,0,26624
1703,1100,0,0,0,0,2,13,8,7,2,15104,40192,65327,65361,64,32768,14,674,256,0,0,32,56484,0,0,56452,56484,0,65504,0,0,64,0,0,880,3200,0,0,944,64,0,0,0,273,0,0,32768,65530,26688
1704,1000,0,0,0,0,2,13,8,7,2,57088,42496,64577,65286,64,34816,0,355,144,840,42,112,46846,0,2,52062,50878,2,1504,4544,0,64,0,64842,912,13184,33312,4,992,80,0,32772,0,991,64640,0,32768,0,26624
1704,1100,0,0,0,0,2,13,8,7,2,27136,60928,65330,65364,64,32768,14,673,255,0,0,32,56484,0,0,56452,56484,0,65504,0,0,64,0,0,880,3200,0,0,944,64,0,0,0,268,0,0,0,65530,26688
1705,1000,0,0,0,0,2,13,8,7,2,8192,44032,64583,65264,64,34816,0,352,143,856,16,112,46247,0,2,52295,50791,2,1824,5056,0,64,0,64725,912,13248,33312,5,992,80,0,32772,0,991,64416,0,49152,0,26624
1705,1100,0,0,0,0,2,13,8,7,2,39936,16896,65335,65368,64,32768,14,672,255,0,0,32,56484,0,0,56452,56484,0,65504,0,0,64,0,0,880,3200,0,0,944,64,0,0,0,262,0,0,32768,65530,26688
1706,1000,0,0,0,0,2,13,8,7,2,26368,39936,64588,65242,64,34816,0,348,142,846,65526,112,45633,0,2,52513,50689,2,2144,5568,0,64,0,64589,912,13248,33312,6,992,80,0,32772,0,992,64192,0,0,65534,26624
1706,1100,0,0,0,0,2,13,8,7,2,54016,39424,65339,65371,64,32768,14,671,254,0,0,32,56484,0,0,56452,56484,0,65504,0,0,64,0,0,880,2560,0,0,944,64,0,0,0,257,0,0,0,65530,26688
1707,1000,0,0,0,0,2,13,8,7,2,45824,30208,64596,65223,64,34816,0,344,141,810,65500,112,45002,0,2,52714,50570,2,2464,6080,0,64,0,64478,912,13248,33312,7,992,80,0,32772,0,990,63968,0,16384,0,26624
1707,1100,0,0,0,0,2,13,8,7,2,3584,62720,65343,65375,64,32768,14,671,253,0,0,32,56484,0,0,56452,56484,0,65504,0,0,64,0,0,880,2560,0,0,944,64,0,0,0,251,0,0,32768,65532,26688
1708,1000,0,0,0,0,2,13,8,7,2,1792,15616,64603,65205,64,34816,0,341,140,748,65474,112,44357,0,2,52901,50437,2,2784,6592,0,64,0,64369,912,13248,33312,8,992,80,0,32772,0,990,63744,0,32768,0,26624
1708,1100,0,0,0,0,2,13,8,7,2,19712,21504,65346,65377,64,32768,14,670,253,0,0,32,56484,0,0,56452,56484,0,65504,0,0,64,0,0,880,2560,0,0,944,64,0,0,0,248,0,0,0,65532,26688
1709,1000,0,0,0,0,2,13,8,7,2,25088,61952,64609,65188,64,34816,0,337,138,660,65448,32,43699,0,2,53075,50291,2,2688,6304,0,64,0,64481,912,13248,0,0,992,64,0,32768,0,990,64225,0,49152,65526,26624
1709,1100,0,0,0,0,2,13,8,7,2,36608,46336,65349,65379,64,32768,14,669,252,0,0,32,56484,0,0,56452,56484,0,65504,0,0,64,0,0,880,2560,0,0,944,64,0,0,0,244,0,0,32768,65532,26688
1710,1000,0,0,0,0,2,13,8,7,2,49920,38400,64623,65176,64,34816,0,333,137,546,65422,32,43855,0,2,52847,50159,2,2592,6016,0,64,0,64593,912,13248,0,0,992,64,0,32768,0,981,64706,0,0,65526,26624
1710,1100,0,0,0,0,2,13,8,7,2,54272,6144,65351,65381,64,32768,14,668,252,0,0,32,56484,0,0,56452,56484,0,65504,0,0,64,0,0,880,2560,0,0,944,64,0,0,0,241,0,0,0,65532,26688
1711,1000,0,0,0,0,2,13,8,7,2,12800,11776,64625,65200,64,34816,0,330,136,406,65396,32,44025,0,2,52633,50041,2,2496,5728,0,64,0,64705,912,13248,0,0,992,64,0,32768,0,971,65187,0,16384,65526,26624
1711,1100,0,0,0,0,2,13,8,7,2,6912,32000,65354,65384,64,32768,14,668,251,0,0,32,56484,0,0,56452,56484,0,65504,0,0,64,0,0,880,2560,0,0,944,64,0,0,0,237,0,0,32768,65532,26688
1712,1000,0,0,0,0,2,13,8,7,2,41728,56832,64628,65222,64,34816,0,326,134,240,65370,32,44209,0,2,52433,49937,2,2400,5440,0,64,0,64817,912,13248,0,0,992,64,0,32768,0,961,132,0,32768,65526,26624
1712,1100,0,0,0,0,2,13,8,7,2,25856,58624,65357,65386,64,32768,14,667,250,0,0,32,56484,0,0,56452,56484,0,65504,0,0,64,0,0,880,2560,0,0,944,64,0,0,0,234,0,0,0,65532,26688
1713,1000,0,0,0,0,2,13,8,7,2,5888,41984,64631,65242,64,34816,0,323,133,48,65344,32,44407,0,2,52247,49847,2,2304,5152,0,64,0,64929,912,12608,0,0,992,64,0,32768,0,951,65187,0,49152,65526,26624
1713,1100,0,0,0,0,2,13,8,7,2,45568,20224,65360,65388,64,32768,14,666,250,0,0,32,56484,0,0,56452,56484,0,65504,0,0,64,0,0,880,2560,0,0,944,64,0,0,0,230,0,0,32768,65532,26688
1714,1000,0,0,0,0,2,13,8,7,2,36352,32256,64634,65261,64,34816,0,319,132,0,0,32,44619,0,0,52075,49771,2,2208,4864,0,64,0,65041,912,12608,0,0,992,64,0,0,0,942,132,0,0,65526,26624
1714,1100,0,0,0,0,2,13,8,7,2,512,47872,65362,65390,64,32768,14,666,249,0,0,32,56484,0,0,56452,56484,0,65504,0,0,64,0,0,880,1920,0,0,944,64,0,0,0,227,0,0,0,65532,26688
1715,1000,0,0,0,0,2,13,8,7,2,2048,27392,64640,65279,64,32768,0,316,131,0,0,32,44845,0,0,51917,49709,2,2112,4576,0,64,0,65153,912,12608,0,0,992,64,0,0,0,932,65187,0,16384,65526,26624
1715,1100,0,0,0,0,2,13,8,7,2,21504,10496,65365,65393,64,32768,14,665,249,0,0,32,56484,0,0,56452,56484,0,65504,0,0,64,0,0,880,1920,0,0,944,64,0,0,0,223,0,0,32768,65532,26688
1716,1000,0,0,0,0,2,13,8,7,2,34816,27136,64646,65295,64,32768,0,312,130,0,0,32,45085,0,0,51773,49661,2,2016,4288,0,64,0,65265,912,12608,0,0,992,64,0,0,0,922,132,0,32768,65526,26624
1716,1100,0,0,0,0,2,13,8,7,2,43264,39424,65367,65395,64,32768,14,664,248,0,0,32,56484,0,0,56452,56484,0,65504,0,0,64,0,0,880,1920,0,0,944,64,0,0,0,220,0,0,0,65532,26688
1717,1000,0,0,0,0,2,13,8,7,2,3584,30976,64652,65310,64,32768,0,309,129,0,0,32,45339,0,0,51643,49627,2,1920,4000,0,64,0,65377,912,12608,0,0,992,64,0,0,0,912,65187,0,49152,65526,26624
1717,1100,0,0,0,0,2,13,8,7,2,0,3328,65370,65397,64,32768,14,664,248,0,0,32,56484,0,0,56452,56484,0,65504,0,0,64,0,0,880,1920,0,0,944,64,0,0,0,216,0,0,32768,65532,26688
1718,1000,0,0,0,0,2,13,8,7,2,39424,38656,64658,65323,64,32768,0,305,128,0,0,32,45607,0,0,51527,49607,2,1824,3712,0,64,0,65489,912,12608,0,0,992,64,0,0,0,903,132,0,0,65526,26624
1718,1100,0,0,0,0,2,13,8,7,2,23040,33280,65373,65399,64,32768,14,663,247,0,0,32,56484,0,0,56452,56484,0,65504,0,0,64,0,0,880,1920,0,0,944,64,0,0,0,213,0,0,0,65532,26688
1719,1000,0,0,0,0,2,13,8,7,2,11264,49664,64665,65335,64,32768,0,302,127,0,0,32,45889,0,0,51425,49601,2,1728,3424,0,64,0,0,912,12608,0,0,992,64,0,0,0,893,65187,0,16384,65526,26624
1719,1100,0,0,0,0,2,13,8,7,2,46848,63744,65376,65402,64,32768,14,662,246,0,0,32,56484,0,0,56452,56484,0,65504,0,0,64,0,0,880,1920,0,0,944,64,0,0,0,209,0,0,32768,65532,26688
1720,1000,0,0,0,0,2,13,8,7,2,50432,63744,64673,65346,64,32768,0,298,126,0,0,32,46177,0,0,51329,49601,2,1632,3136,0,64,0,0,912,12608,0,0,992,64,0,0,0,883,132,0,32768,65526,26624
1720,1100,0,0,0,0,2,13,8,7,2,5888,29440,65378,65404,64,32768,14,662,246,0,0,32,56484,0,0,56452,56484,0,65504,0,0,64,0,0,880,1920,0,0,944,64,0,0,0,206,0,0,0,65532,26688
1721,1000,0,0,0,0,2,13,8,7,2,26112,15104,64681,65356,64,32768,0,295,126,0,0,32,46465,0,0,51233,49601,2,1536,2848,0,64,0,0,912,11968,0,0,992,64,0,0,0,873,65187,0,49152,65526,26624
1721,1100,0,0,0,0,2,13,8,7,2,30976,61184,65381,65406,64,32768,14,661,245,0,0,32,56484,0,0,56452,56484,0,65504,0,0,64,0,0,880,1920,0,0,944,64,0,0,0,202,0,0,32768,65532,26688
1722,1000,0,0,0,0,2,13,8,7,2,3840,34560,64688,65365,64,32768,0,292,125,0,0,32,46753,0,0,51137,49601,2,1440,2560,0,64,0,0,912,11968,0,0,992,64,0,0,0,864,132,0,0,65526,26624
1722,1100,0,0,0,0,2,13,8,7,2,56832,27904,65383,65408,64,32768,14,660,245,0,0,32,56484,0,0,56452,56484,0,65504,0,0,64,0,0,880,1280,0,0,944,64,0,0,0,199,0,0,0,65532,26688
1723,1000,0,0,0,0,2,13,8,7,2,48896,56320,64697,65375,64,32768,0,288,124,0,0,32,47041,0,0,51041,49601,2,1344,2272,0,64,0,0,912,11968,0,0,992,64,0,0,0,854,65187,0,16384,65526,26624
1723,1100,0,0,0,0,2,13,8,7,2,17664,60672,65386,65411,64,32768,14,660,244,0,0,32,56484,0,0,56452,56484,0,65504,0,0,64,0,0,880,1280,0,0,944,64,0,0,0,195,0,0,32768,65532,26688
1724,1000,0,0,0,0,2,13,8,7,2,30720,15104,64705,65384,64,32768,0,285,124,0,0,32,47329,0,0,50945,49601,2,1248,1984,0,64,0,0,912,11968,0,0,992,64,0,0,0,844,132,0,32768,65526,26624
1724,1100,0,0,0,0,2,13,8,7,2,44800,28672,65389,65413,64,32768,14,659,244,0,0,32,56484,0,0,56452,56484,0,65504,0,0,64,0,0,880,1280,0,0,944,64,0,0,0,192,0,0,0,65532,26688
1725,1000,0,0,0,0,2,13,8,7,2,14592,41728,64714,65394,64,32768,0,282,123,0,0,32,47617,0,0,50849,49601,2,1152,1696,0,64,0,0,912,11968,0,0,992,64,0,0,0,834,65187,0,49152,65526,26624
1725,1100,0,0,0,0,2,13,8,7,2,7168,62720,65392,65415,64,32768,14,659,243,0,0,32,56484,0,0,56452,56484,0,65504,0,0,64,0,0,880,1280,0,0,944,64,0,0,0,188,0,0,32768,65532,26688
1726,1000,0,0,0,0,2,13,8,7,2,768,5376,64721,65403,64,32768,0,279,123,0,0,32,47905,0,0,50753,49601,2,1056,1408,0,64,0,0,912,11968,0,0,992,64,0,0,0,825,132,0,0,65526,26624
1726,1100,0,0,0,0,2,13,8,7,2,35840,31744,65394,65417,64,32768,14,658,243,0,0,32,56484,0,0,56452,56484,0,65504,0,0,64,0,0,880,1280,0,0,944,64,0,0,0,185,0,0,0,65532,26688
1727,1000,0,0,0,0,2,13,8,7,2,54272,36864,64730,65412,64,32768,0,275,122,0,0,32,48193,0,0,50657,49601,2,960,1120,0,64,0,0,912,11968,0,0,992,64,0,0,0,815,65187,0,16384,65526,26624
1727,1100,0,0,0,0,2,13,8,7,2,65024,1280,65397,65420,64,32768,14,657,243,0,0,32,56484,0,0,56452,56484,0,65504,0,0,64,0,0,880,1280,0,0,944,64,0,0,0,181,0,0,32768,65532,26688
1728,1000,0,0,0,0,2,13,8,7,2,44544,5120,64739,65421,64,32768,0,272,122,0,0,32,48481,0,0,50561,49601,2,864,832,0,64,0,0,912,11968,0,0,992,64,0,0,0,805,132,0,32768,65526,26624
1728,1100,0,0,0,0,2,13,8,7,2,29440,37120,65399,65422,64,32768,14,657,242,0,0,32,56484,0,0,56452,56484,0,65504,0,0,64,0,0,880,1280,0,0,944,64,0,0,0,178,0,0,0,65532,26688
1729,1000,0,0,0,0,2,13,8,7,2,37120,41216,64748,65429,64,32768,0,269,121,0,0,32,48769,0,0,50465,49601,2,768,544,0,64,0,0,912,11328,0,0,992,64,0,0,0,795,65187,0,49152,65526,26624
1729,1100,0,0,0,0,2,13,8,7,2,59904,7936,65402,65424,64,32768,14,656,242,0,0,32,56484,0,0,56452,56484,0,65504,0,0,64,0,0,880,1280,0,0,944,64,0,0,0,174,0,0,32768,65532,26688
1730,1000,0,0,0,0,2,13,8,7,2,32000,13824,64756,65438,64,32768,0,266,121,0,0,32,49057,0,0,50369,49601,2,672,256,0,64,0,0,912,11328,0,0,992,64,0,0,0,786,132,0,0,65526,26624
1730,1100,0,0,0,0,2,13,8,7,2,25600,44800,65405,65426,64,32768,14,656,241,0,0,32,56484,0,0,56452,56484,0,65504,0,0,64,0,0,880,640,0,0,944,64,0,0,0,171,0,0,0,65532,26688
1731,1000,0,0,0,0,2,13,8,7,2,28928,54272,64765,65446,64,32768,0,263,120,0,0,32,49345,0,0,50273,49601,2,576,0,0,64,0,0,912,11328,0,0,992,64,0,0,0,776,65187,0,16384,65526,26624
1731,1100,0,0,0,0,2,13,8,7,2,57600,16640,65408,65429,64,32768,14,655,241,0,0,32,56484,0,0,56452,56484,0,65504,0,0,64,0,0,880,640,0,0,944,64,0,0,0,167,0,0,32768,65532,26688
1732,1000,0,0,0,0,2,13,8,7,2,28160,31232,64774,65454,64,32768,0,260,120,0,0,32,49601,0,0,50177,49601,2,480,0,0,64,0,0,912,11328,0,0,992,64,0,0,0,766,132,0,32768,65528,26624
1732,1100,0,0,0,0,2,13,8,7,2,24832,54784,65410,65431,64,32768,14,655,240,0,0,32,56484,0,0,56452,56484,0,65504,0,0,64,0,0,880,640,0,0,944,64,0,0,0,164,0,0,0,65532,26688
1733,1000,0,0,0,0,2,13,8,7,2,29696,10240,64781,65462,64,32768,0,257,120,0,0,32,49601,0,0,50081,49601,2,384,0,0,64,0,0,912,11328,0,0,992,64,0,0,0,758,65187,0,49152,65528,26624
1733,1100,0,0,0,0,2,13,8,7,2,58112,27904,65413,65433,64,32768,14,654,240,0,0,32,56484,0,0,56452,56484,0,65504,0,0,64,0,0,880,640,0,0,944,64,0,0,0,160,0,0,32768,65532,26688
1734,1000,0,0,0,0,2,13,8,7,2,33024,56832,64787,65470,64,32768,0,254,119,0,0,32,49601,0,0,49985,49601,2,288,0,0,64,0,0,912,11328,0,0,992,64,0,0,0,751,132,0,0,65528,26624
1734,1100,0,0,0,0,2,13,8,7,2,26624,1536,65415,65435,64,32768,14,654,240,0,0,32,56484,0,0,56452,56484,0,65504,0,0,64,0,0,880,640,0,0,944,64,0,0,0,157,0,0,0,65532,26688
1735,1000,0,0,0,0,2,13,8,7,2,37888,39936,64795,65477,64,32768,0,251,119,0,0,32,49601,0,0,49889,49601,2,192,0,0,64,0,0,912,11328,0,0,992,64,0,0,0,743,65187,0,16384,65528,26624
1735,1100,0,0,0,0,2,13,8,7,2,61184,41216,65418,65438,64,32768,14,653,239,0,0,32,56484,0,0,56452,56484,0,65504,0,0,64,0,0,880,640,0,0,944,64,0,0,0,153,0,0,32768,65532,26688
1736,1000,0,0,0,0,2,13,8,7,2,44800,24832,64802,65485,64,32768,0,248,119,0,0,32,49601,0,0,49793,49601,2,96,0,0,64,0,0,912,11328,0,0,992,64,0,0,0,735,132,0,32768,65528,26624
1736,1100,0,0,0,0,2,13,8,7,2,30976,16128,65421,65440,64,32768,14,653,239,0,0,32,56484,0,0,56452,56484,0,65504,0,0,64,0,0,880,640,0,0,944,64,0,0,0,150,0,0,0,65532,26688
1737,1000,0,0,0,0,2,13,8,7,2,53504,11776,64810,65492,64,32768,0,245,119,0,0,32,49601,0,0,49697,49601,2,0,0,0,64,0,0,912,10688,0,0,992,64,0,0,0,727,65187,0,49152,65528,26624
1737,1100,0,0,0,0,2,13,8,7,2,1536,57088,65424,65442,64,32768,14,653,238,0,0,32,56484,0,0,56452,56484,0,65504,0,0,64,0,0,880,640,0,0,944,64,0,0,0,146,0,0,32768,65532,26688
1738,1000,0,0,0,0,2,13,8,7,2,64256,512,64816,65499,64,32768,0,242,119,0,0,32,49601,0,0,49601,49601,0,0,0,0,64,0,0,912,10688,0,0,992,64,0,0,0,720,132,0,0,65528,26624
1738,1100,0,0,0,0,2,13,8,7,2,38400,33024,65426,65444,64,32768,14,652,238,0,0,32,56484,0,0,56452,56484,0,65504,0,0,64,0,0,880,256,0,0,944,64,0,0,0,143,0,0,0,65532,26688
1739,1000,0,0,0,0,2,13,8,7,2,11008,56576,64824,65506,64,32768,0,240,118,0,0,32,49601,0,0,49601,49601,0,0,0,0,64,0,0,912,10688,0,0,992,64,0,0,0,712,0,0,16384,65528,26624
1739,1100,0,0,0,0,2,13,8,7,2,10240,9472,65429,65447,64,32768,14,652,238,0,0,32,56484,0,0,56452,56484,0,65504,0,0,64,0,0,880,256,0,0,944,64,0,0,0,139,0,0,32768,65532,26688
1740,1000,0,0,0,0,2,13,8,7,2,25344,48896,64832,65506,64,32768,0,237,118,0,0,32,49601,0,0,49601,49601,0,0,0,0,64,0,0,912,10688,0,0,992,64,0,0,0,704,0,0,32768,65528,26624
1740,1100,0,0,0,0,2,13,8,7,2,48384,52224,65431,65449,64,32768,14,651,237,0,0,32,56484,0,0,56452,56484,0,65504,0,0,64,0,0,880,256,0,0,944,64,0,0,0,136,0,0,0,65532,26688
1741,1000,0,0,0,0,2,13,8,7,2,41728,41216,64840,65507,64,32768,0,234,118,0,0,32,49601,0,0,49601,49601,0,0,0,0,64,0,0,912,10688,0,0,992,64,0,0,0,696,0,0,49152,65528,26624
1741,1100,0,0,0,0,2,13,8,7,2,21504,29952,65435,65451,64,32768,14,651,237,0,0,32,56484,0,0,56452,56484,0,65504,0,0,64,0,0,880,256,0,0,944,64,0,0,0,132,0,0,32768,65532,26688
1742,1000,0,0,0,0,2,13,8,7,2,60160,33792,64847,65507,64,32768,0,231,118,0,0,32,49601,0,0,49601,49601,0,0,0,0,64,0,0,912,10688,0,0,992,64,0,0,0,689,0,0,0,65528,26624
1742,1100,0,0,0,0,2,13,8,7,2,61184,8192,65437,65453,64,32768,14,650,237,0,0,32,56484,0,0,56452,56484,0,65504,0,0,64,0,0,880,256,0,0,944,64,0,0,0,129,0,0,0,65532,26688
1743,1000,0,0,0,0,2,13,8,7,2,14848,26368,64855,65507,64,32768,0,229,118,0,0,32,49601,0,0,49601,49601,0,0,0,0,64,0,0,912,10688,0,0,992,64,0,0,0,681,0,0,16384,65528,26624
1743,1100,0,0,0,0,2,13,8,7,2,35840,52480,65440,65456,64,32768,14,650,236,0,0,32,56484,0,0,56452,56484,0,65504,0,0,64,0,0,880,256,0,0,944,64,0,0,0,125,0,0,32768,65532,26688
1744,1000,0,0,0,0,2,13,8,7,2,37120,18944,64863,65508,64,32768,0,226,118,0,0,32,49601,0,0,49601,49601,0,0,0,0,64,0,0,912,10688,0,0,992,64,0,0,0,673,0,0,32768,65528,26624
1744,1100,0,0,0,0,2,13,8,7,2,11264,32000,65442,65458,64,32768,14,650,236,0,0,32,56484,0,0,56452,56484,0,65504,0,0,64,0,0,880,256,0,0,944,64,0,0,0,122,0,0,0,65532,26688
1745,1000,0,0,0,0,2,13,8,7,2,61440,11776,64871,65508,64,32768,0,223,118,0,0,32,49601,0,0,49601,49601,0,0,0,0,64,0,0,912,10048,0,0,992,64,0,0,0,665,0,0,49152,65528,26624
1745,1100,0,0,0,0,2,13,8,7,2,52736,12032,65445,65460,64,32768,14,649,236,0,0,32,56484,0,0,56452,56484,0,65504,0,0,64,0,0,880,256,0,0,944,64,0,0,0,118,0,0,32768,65532,26688
1746,1000,0,0,0,0,2,13,8,7,2,22272,4608,64878,65508,64,32768,0,221,118,0,0,32,49601,0,0,49601,49601,0,0,0,0,64,0,0,912,10048,0,0,992,64,0,0,0,658,0,0,0,65528,26624
1746,1100,0,0,0,0,2,13,8,7,2,29440,58112,65448,65462,64,32768,14,649,235,0,0,32,56484,0,0,56452,56484,0,65504,0,0,64,0,0,880,256,0,0,944,64,0,0,0,115,0,0,0,65532,26688
