f,t10C,t10E,t110,t112,t114,t116,t118,t11A,t11C,t11E,k0C8,k0DA,k0E2,k0E6,k010,k084,k090,k092,k094,k096,k0spd,k0x,k0y,k1C8,k1DA,k1E2,k1E6,k110,k184,k190,k192,k194,k196,k1spd,k1x,k1y,k2C8,k2DA,k2E2,k2E6,k210,k284,k290,k292,k294,k296,k2spd,k2x,k2y,k3C8,k3DA,k3E2,k3E6,k310,k384,k390,k392,k394,k396,k3spd,k3x,k3y,k4C8,k4DA,k4E2,k4E6,k410,k484,k490,k492,k494,k496,k4spd,k4x,k4y,k5C8,k5DA,k5E2,k5E6,k510,k584,k590,k592,k594,k596,k5spd,k5x,k5y,k6C8,k6DA,k6E2,k6E6,k610,k684,k690,k692,k694,k696,k6spd,k6x,k6y,k7C8,k7DA,k7E2,k7E6,k710,k784,k790,k792,k794,k796,k7spd,k7x,k7y
1138,0,5888,5632,5376,5120,4864,4608,4352,4096,0,0,0,0,14,32832,0,0,0,0,0,127,0,952,756,0,0,0,12,8192,0,0,0,0,0,127,0,920,732,0,0,0,10,8192,0,0,0,0,0,127,0,952,708,0,0,0,8,8192,0,0,0,0,0,127,0,920,684,0,2,0,6,8192,0,0,0,0,0,127,0,952,660,0,4,0,4,8192,0,0,0,0,0,127,0,920,636,0,6,0,2,8192,0,0,0,0,0,127,0,952,612,0,8,0,0,8192,0,0,0,0,0,127,0,920,588
1142,0,5888,5632,5376,5120,4864,4608,4352,4096,0,0,0,0,14,32832,0,65535,15639,0,4352,127,0,952,756,0,0,0,12,8192,0,0,0,0,0,127,0,920,732,0,0,0,10,8192,0,0,0,0,0,127,0,952,708,0,0,0,8,8192,0,0,0,0,0,127,0,920,684,0,2,0,6,8192,0,0,0,0,0,127,0,952,660,0,4,0,4,8192,0,0,0,0,0,127,0,920,636,0,6,0,2,8192,0,0,0,0,0,127,0,952,612,0,8,0,0,8192,0,0,0,0,0,127,0,920,588
1146,0,5888,5632,5376,5120,4864,4608,4352,4096,0,0,0,0,14,32832,0,660,635,4864,5120,127,0,952,756,0,0,0,12,8192,0,0,0,0,0,127,0,920,732,0,0,0,10,8192,0,0,0,0,0,127,0,952,708,0,0,0,8,8192,0,0,0,0,0,127,0,920,684,0,2,0,6,8192,0,0,0,0,0,127,0,952,660,0,4,0,4,8192,0,0,0,0,0,127,0,920,636,0,6,0,2,8192,0,0,0,0,0,127,0,952,612,0,8,0,0,8192,0,0,0,0,0,127,0,920,588
1150,0,5888,5632,5376,5120,4864,4608,4352,4096,0,0,0,0,14,32832,0,687,577,4352,5376,127,0,952,756,0,0,0,12,8192,0,0,0,0,0,127,0,920,732,0,0,0,10,8192,0,0,0,0,0,127,0,952,708,0,0,0,8,8192,0,0,0,0,0,127,0,920,684,0,2,0,6,8192,0,0,0,0,0,127,0,952,660,0,4,0,4,8192,0,0,0,0,0,127,0,920,636,0,6,0,2,8192,0,0,0,0,0,127,0,952,612,0,8,0,0,8192,0,0,0,0,0,127,0,920,588
1154,0,5888,5632,5376,5120,4864,4608,4352,4096,0,0,0,0,14,32832,0,654,518,4352,5632,127,0,952,756,0,0,0,12,8192,0,0,0,0,0,127,0,920,732,0,0,0,10,8192,0,0,0,0,0,127,0,952,708,0,0,0,8,8192,0,0,0,0,0,127,0,920,684,0,2,0,6,8192,0,0,0,0,0,127,0,952,660,0,4,0,4,8192,0,0,0,0,0,127,0,920,636,0,6,0,2,8192,0,0,0,0,0,127,0,952,612,0,8,0,0,8192,0,0,0,0,0,127,0,920,588
1158,0,5888,5632,5376,5120,4864,4608,4352,4096,0,0,0,0,14,32832,0,496,473,5632,5888,127,0,952,756,0,0,0,12,8192,0,0,0,0,0,127,0,920,732,0,0,0,10,8192,0,0,0,0,0,127,0,952,708,0,0,0,8,8192,0,0,0,0,0,127,0,920,684,0,2,0,6,8192,0,0,0,0,0,127,0,952,660,0,4,0,4,8192,0,0,0,0,0,127,0,920,636,0,6,0,2,8192,0,0,0,0,0,127,0,952,612,0,8,0,0,8192,0,0,0,0,0,127,0,920,588
1162,0,5888,5632,5376,5120,4864,4608,4352,4096,0,0,0,0,14,32832,0,574,445,4352,5888,127,0,952,756,0,0,0,12,8192,0,0,0,0,0,127,0,920,732,0,0,0,10,8192,0,0,0,0,0,127,0,952,708,0,0,0,8,8192,0,0,0,0,0,127,0,920,684,0,2,0,6,8192,0,0,0,0,0,127,0,952,660,0,4,0,4,8192,0,0,0,0,0,127,0,920,636,0,6,0,2,8192,0,0,0,0,0,127,0,952,612,0,8,0,0,8192,0,0,0,0,0,127,0,920,588
1166,0,5888,5632,5376,5120,4864,4608,4352,4096,0,0,0,0,14,32832,0,555,65535,4352,0,127,0,952,756,0,0,0,12,8192,0,0,0,0,0,127,0,920,732,0,0,0,10,8192,0,0,0,0,0,127,0,952,708,0,0,0,8,8192,0,0,0,0,0,127,0,920,684,0,2,0,6,8192,0,0,0,0,0,127,0,952,660,0,4,0,4,8192,0,0,0,0,0,127,0,920,636,0,6,0,2,8192,0,0,0,0,0,127,0,952,612,0,8,0,0,8192,0,0,0,0,0,127,0,920,588
1170,0,5888,5632,5376,5120,4864,4608,4352,4096,0,0,0,0,14,32832,0,522,65535,4352,0,127,0,952,756,0,0,0,12,8192,0,0,0,0,0,127,0,920,732,0,0,0,10,8192,0,0,0,0,0,127,0,952,708,0,0,0,8,8192,0,0,0,0,0,127,0,920,684,0,2,0,6,8192,0,0,0,0,0,127,0,952,660,0,4,0,4,8192,0,0,0,0,0,127,0,920,636,0,6,0,2,8192,0,0,0,0,0,127,0,952,612,0,8,0,0,8192,0,0,0,0,0,127,0,920,588
1174,0,5888,5632,5376,5120,4864,4608,4352,4096,0,0,0,0,14,32832,0,490,65535,4352,0,127,0,952,756,0,0,0,12,8192,0,0,0,0,0,127,0,920,732,0,0,0,10,8192,0,0,0,0,0,127,0,952,708,0,0,0,8,8192,0,0,0,0,0,127,0,920,684,0,2,0,6,8192,0,0,0,0,0,127,0,952,660,0,4,0,4,8192,0,0,0,0,0,127,0,920,636,0,6,0,2,8192,0,0,0,0,0,127,0,952,612,0,8,0,0,8192,0,0,0,0,0,127,0,920,588
1178,0,5888,5632,5376,5120,4864,4608,4352,4096,0,0,0,0,14,32832,0,452,65535,4352,0,127,0,952,756,0,0,0,12,8192,0,0,0,0,0,127,0,920,732,0,0,0,10,8192,0,0,0,0,0,127,0,952,708,0,0,0,8,8192,0,0,0,0,0,127,0,920,684,0,2,0,6,8192,0,0,0,0,0,127,0,952,660,0,4,0,4,8192,0,0,0,0,0,127,0,920,636,0,6,0,2,8192,0,0,0,0,0,127,0,952,612,0,8,0,0,8192,0,0,0,0,0,127,0,920,588
1182,0,5888,5632,5376,5120,4864,4608,4352,4096,0,0,0,0,14,32832,0,426,65535,4352,0,127,0,952,756,0,0,0,12,8192,0,0,0,0,0,127,0,920,732,0,0,0,10,8192,0,0,0,0,0,127,0,952,708,0,0,0,8,8192,0,0,0,0,0,127,0,920,684,0,2,0,6,8192,0,0,0,0,0,127,0,952,660,0,4,0,4,8192,0,0,0,0,0,127,0,920,636,0,6,0,2,8192,0,0,0,0,0,127,0,952,612,0,8,0,0,8192,0,0,0,0,0,127,0,920,588
1186,0,5888,5632,5376,5120,4864,4608,4352,4096,0,0,0,0,14,32832,0,396,65535,4352,0,127,0,952,756,0,0,0,12,8192,0,0,0,0,0,127,0,920,732,0,0,0,10,8192,0,0,0,0,0,127,0,952,708,0,0,0,8,8192,0,0,0,0,0,127,0,920,684,0,2,0,6,8192,0,0,0,0,0,127,0,952,660,0,4,0,4,8192,0,0,0,0,0,127,0,920,636,0,6,0,2,8192,0,0,0,0,0,127,0,952,612,0,8,0,0,8192,0,0,0,0,0,127,0,920,588
1190,0,5888,5632,5376,5120,4864,4608,4352,4096,0,0,0,0,14,32832,0,367,65535,4352,0,127,0,952,756,0,0,0,12,8192,0,0,0,0,0,127,0,920,732,0,0,0,10,8192,0,0,0,0,0,127,0,952,708,0,0,0,8,8192,0,0,0,0,0,127,0,920,684,0,2,0,6,8192,0,0,0,0,0,127,0,952,660,0,4,0,4,8192,0,0,0,0,0,127,0,920,636,0,6,0,2,8192,0,0,0,0,0,127,0,952,612,0,8,0,0,8192,0,0,0,0,0,127,0,920,588
1194,0,5888,5632,5376,5120,4864,4608,4352,4096,0,0,0,0,14,32832,0,332,65535,4352,0,127,0,952,756,0,0,0,12,8192,0,0,0,0,0,127,0,920,732,0,0,0,10,8192,0,0,0,0,0,127,0,952,708,0,0,0,8,8192,0,0,0,0,0,127,0,920,684,0,2,0,6,8192,0,0,0,0,0,127,0,952,660,0,4,0,4,8192,0,0,0,0,0,127,0,920,636,0,6,0,2,8192,0,0,0,0,0,127,0,952,612,0,8,0,0,8192,0,0,0,0,0,127,0,920,588
1198,0,5888,5632,5376,5120,4864,4608,4352,4096,0,0,0,0,14,32832,0,305,65535,4352,0,127,0,952,756,0,0,0,12,8192,0,0,0,0,0,127,0,920,732,0,0,0,10,8192,0,0,0,0,0,127,0,952,708,0,0,0,8,8192,0,0,0,0,0,127,0,920,684,0,2,0,6,8192,0,0,0,0,0,127,0,952,660,0,4,0,4,8192,0,0,0,0,0,127,0,920,636,0,6,0,2,8192,0,0,0,0,0,127,0,952,612,0,8,0,0,8192,0,0,0,0,0,127,0,920,588
1202,0,5888,5632,5376,5120,4864,4608,4352,4096,0,0,0,0,14,32832,0,278,65535,4352,0,127,0,952,756,0,0,0,12,8192,0,0,0,0,0,127,0,920,732,0,0,0,10,8192,0,0,0,0,0,127,0,952,708,0,0,0,8,8192,0,0,0,0,0,127,0,920,684,0,2,0,6,8192,0,0,0,0,0,127,0,952,660,0,4,0,4,8192,0,0,0,0,0,127,0,920,636,0,6,0,2,8192,0,0,0,0,0,127,0,952,612,0,8,0,0,8192,0,0,0,0,0,127,0,920,588
1206,0,5888,5632,5376,5120,4864,4608,4352,4096,0,0,0,0,14,32832,0,260,65535,4352,0,127,0,952,756,0,0,0,12,8192,0,0,0,0,0,127,0,920,732,0,0,0,10,8192,0,0,0,0,0,127,0,952,708,0,0,0,8,8192,0,0,0,0,0,127,0,920,684,0,2,0,6,8192,0,0,0,0,0,127,0,952,660,0,4,0,4,8192,0,0,0,0,0,127,0,920,636,0,6,0,2,8192,0,0,0,0,0,127,0,952,612,0,8,0,0,8192,0,0,0,0,0,127,0,920,588
1210,0,5888,5632,5376,5120,4864,4608,4352,4096,0,0,0,0,14,32832,0,236,65535,4352,0,127,0,952,756,0,0,0,12,8192,0,0,0,0,0,127,0,920,732,0,0,0,10,8192,0,0,0,0,0,127,0,952,708,0,0,0,8,8192,0,0,0,0,0,127,0,920,684,0,2,0,6,8192,0,0,0,0,0,127,0,952,660,0,4,0,4,8192,0,0,0,0,0,127,0,920,636,0,6,0,2,8192,0,0,0,0,0,127,0,952,612,0,8,0,0,8192,0,0,0,0,0,127,0,920,588
1214,0,5888,5632,5376,5120,4864,4608,4352,4096,0,0,0,0,14,32832,0,213,65535,4352,0,127,0,952,756,0,0,0,12,8192,0,0,0,0,0,127,0,920,732,0,0,0,10,8192,0,0,0,0,0,127,0,952,708,0,0,0,8,8192,0,0,0,0,0,127,0,920,684,0,2,0,6,8192,0,0,0,0,0,127,0,952,660,0,4,0,4,8192,0,0,0,0,0,127,0,920,636,0,6,0,2,8192,0,0,0,0,0,127,0,952,612,0,8,0,0,8192,0,0,0,0,0,127,0,920,588
1218,0,5888,5632,5376,5120,4864,4608,4352,4096,0,0,0,0,14,32832,0,188,65535,4352,0,127,0,952,756,0,0,0,12,8192,0,0,0,0,0,127,0,920,732,0,0,0,10,8192,0,0,0,0,0,127,0,952,708,0,0,0,8,8192,0,0,0,0,0,127,0,920,684,0,2,0,6,8192,0,0,0,0,0,127,0,952,660,0,4,0,4,8192,0,0,0,0,0,127,0,920,636,0,6,0,2,8192,0,0,0,0,0,127,0,952,612,0,8,0,0,8192,0,0,0,0,0,127,0,920,588
1222,0,5888,5632,5376,5120,4864,4608,4352,4096,0,0,0,0,14,32832,0,171,65535,4352,0,127,0,952,756,0,0,0,12,8192,0,0,0,0,0,127,0,920,732,0,0,0,10,8192,0,0,0,0,0,127,0,952,708,0,0,0,8,8192,0,0,0,0,0,127,0,920,684,0,2,0,6,8192,0,0,0,0,0,127,0,952,660,0,4,0,4,8192,0,0,0,0,0,127,0,920,636,0,6,0,2,8192,0,0,0,0,0,127,0,952,612,0,8,0,0,8192,0,0,0,0,0,127,0,920,588
1226,0,5888,5632,5376,5120,4864,4608,4352,4096,0,0,0,0,14,32832,0,150,65535,4352,0,127,0,952,756,0,0,0,12,8192,0,0,0,0,0,127,0,920,732,0,0,0,10,8192,0,0,0,0,0,127,0,952,708,0,0,0,8,8192,0,0,0,0,0,127,0,920,684,0,2,0,6,8192,0,0,0,0,0,127,0,952,660,0,4,0,4,8192,0,0,0,0,0,127,0,920,636,0,6,0,2,8192,0,0,0,0,0,127,0,952,612,0,8,0,0,8192,0,0,0,0,0,127,0,920,588
1230,0,5888,5632,5376,5120,4864,4608,4352,4096,0,0,0,0,14,32832,0,128,65535,4352,0,127,0,952,756,0,0,0,12,8192,0,0,0,0,0,127,0,920,732,0,0,0,10,8192,0,0,0,0,0,127,0,952,708,0,0,0,8,8192,0,0,0,0,0,127,0,920,684,0,2,0,6,8192,0,0,0,0,0,127,0,952,660,0,4,0,4,8192,0,0,0,0,0,127,0,920,636,0,6,0,2,8192,0,0,0,0,0,127,0,952,612,0,8,0,0,8192,0,0,0,0,0,127,0,920,588
1234,0,5888,5632,5376,5120,4864,4608,4352,4096,0,0,0,0,14,32832,0,113,65535,4352,0,127,0,952,756,0,0,0,12,8192,0,0,0,0,0,127,0,920,732,0,0,0,10,8192,0,0,0,0,0,127,0,952,708,0,0,0,8,8192,0,0,0,0,0,127,0,920,684,0,2,0,6,8192,0,0,0,0,0,127,0,952,660,0,4,0,4,8192,0,0,0,0,0,127,0,920,636,0,6,0,2,8192,0,0,0,0,0,127,0,952,612,0,8,0,0,8192,0,0,0,0,0,127,0,920,588
1238,0,5888,5632,5376,5120,4864,4608,4352,4096,0,0,0,0,14,32832,0,97,65535,4352,0,127,0,952,756,0,0,0,12,8192,0,0,0,0,0,127,0,920,732,0,0,0,10,8192,0,0,0,0,0,127,0,952,708,0,0,0,8,8192,0,0,0,0,0,127,0,920,684,0,2,0,6,8192,0,0,0,0,0,127,0,952,660,0,4,0,4,8192,0,0,0,0,0,127,0,920,636,0,6,0,2,8192,0,0,0,0,0,127,0,952,612,0,8,0,0,8192,0,0,0,0,0,127,0,920,588
1242,0,5888,5632,5376,5120,4864,4608,4352,4096,0,0,0,0,14,32832,0,82,65535,4352,0,127,0,952,756,0,0,0,12,8192,0,0,0,0,0,127,0,920,732,0,0,0,10,8192,0,0,0,0,0,127,0,952,708,0,0,0,8,8192,0,0,0,0,0,127,0,920,684,0,2,0,6,8192,0,0,0,0,0,127,0,952,660,0,4,0,4,8192,0,0,0,0,0,127,0,920,636,0,6,0,2,8192,0,0,0,0,0,127,0,952,612,0,8,0,0,8192,0,0,0,0,0,127,0,920,588
1246,0,5888,5632,5376,5120,4864,4608,4352,4096,0,0,0,0,14,32832,0,68,65535,4352,0,127,0,952,756,0,0,0,12,8192,0,0,0,0,0,127,0,920,732,0,0,0,10,8192,0,0,0,0,0,127,0,952,708,0,0,0,8,8192,0,0,0,0,0,127,0,920,684,0,2,0,6,8192,0,0,0,0,0,127,0,952,660,0,4,0,4,8192,0,0,0,0,0,127,0,920,636,0,6,0,2,8192,0,0,0,0,0,127,0,952,612,0,8,0,0,8192,0,0,0,0,0,127,0,920,588
1250,0,5888,5632,5376,5120,4864,4608,4352,4096,0,0,0,0,14,32832,0,56,65535,4352,0,127,0,952,756,0,0,0,12,8192,0,0,0,0,0,127,0,920,732,0,0,0,10,8192,0,0,0,0,0,127,0,952,708,0,0,0,8,8192,0,0,0,0,0,127,0,920,684,0,2,0,6,8192,0,0,0,0,0,127,0,952,660,0,4,0,4,8192,0,0,0,0,0,127,0,920,636,0,6,0,2,8192,0,0,0,0,0,127,0,952,612,0,8,0,0,8192,0,0,0,0,0,127,0,920,588
1254,0,5888,5632,5376,5120,4864,4608,4352,4096,0,0,0,0,14,32832,0,46,65535,4352,0,127,0,952,756,0,0,0,12,8192,0,0,0,0,0,127,0,920,732,0,0,0,10,8192,0,0,0,0,0,127,0,952,708,0,0,0,8,8192,0,0,0,0,0,127,0,920,684,0,2,0,6,8192,0,0,0,0,0,127,0,952,660,0,4,0,4,8192,0,0,0,0,0,127,0,920,636,0,6,0,2,8192,0,0,0,0,0,127,0,952,612,0,8,0,0,8192,0,0,0,0,0,127,0,920,588
1258,0,5888,5632,5376,5120,4864,4608,4352,4096,0,0,0,0,14,32832,0,38,65535,4352,0,127,0,952,756,0,0,0,12,8192,0,0,0,0,0,127,0,920,732,0,0,0,10,8192,0,0,0,0,0,127,0,952,708,0,0,0,8,8192,0,0,0,0,0,127,0,920,684,0,2,0,6,8192,0,0,0,0,0,127,0,952,660,0,4,0,4,8192,0,0,0,0,0,127,0,920,636,0,6,0,2,8192,0,0,0,0,0,127,0,952,612,0,8,0,0,8192,0,0,0,0,0,127,0,920,588
1262,0,5888,5632,5376,5120,4864,4608,4352,4096,0,0,0,0,14,32832,0,32,65535,4352,0,127,0,952,756,0,0,0,12,8192,0,0,0,0,0,127,0,920,732,0,0,0,10,8192,0,0,0,0,0,127,0,952,708,0,0,0,8,8192,0,0,0,0,0,127,0,920,684,0,2,0,6,8192,0,0,0,0,0,127,0,952,660,0,4,0,4,8192,0,0,0,0,0,127,0,920,636,0,6,0,2,8192,0,0,0,0,0,127,0,952,612,0,8,0,0,8192,0,0,0,0,0,127,0,920,588
1266,0,5888,5632,5376,5120,4864,4608,4352,4096,0,0,0,0,14,32832,0,31,65535,4352,0,127,0,952,756,0,0,0,12,8192,0,0,0,0,0,127,0,920,732,0,0,0,10,8192,0,0,0,0,0,127,0,952,708,0,0,0,8,8192,0,0,0,0,0,127,0,920,684,0,2,0,6,8192,0,0,0,0,0,127,0,952,660,0,4,0,4,8192,0,0,0,0,0,127,0,920,636,0,6,0,2,8192,0,0,0,0,0,127,0,952,612,0,8,0,0,8192,0,0,0,0,0,127,0,920,588
1270,0,5888,5632,5376,5120,4864,4608,4352,4096,0,0,0,0,14,32832,0,32,65535,4352,0,127,0,952,756,0,0,0,12,8192,0,0,0,0,0,127,0,920,732,0,0,0,10,8192,0,0,0,0,0,127,0,952,708,0,0,0,8,8192,0,0,0,0,0,127,0,920,684,0,2,0,6,8192,0,0,0,0,0,127,0,952,660,0,4,0,4,8192,0,0,0,0,0,127,0,920,636,0,6,0,2,8192,0,0,0,0,0,127,0,952,612,0,8,0,0,8192,0,0,0,0,0,127,0,920,588
1274,0,5888,5632,5376,5120,4864,4608,4352,4096,0,0,0,0,14,32832,0,35,65535,4352,0,127,0,952,756,0,0,0,12,8192,0,0,0,0,0,127,0,920,732,0,0,0,10,8192,0,0,0,0,0,127,0,952,708,0,0,0,8,8192,0,0,0,0,0,127,0,920,684,0,2,0,6,8192,0,0,0,0,0,127,0,952,660,0,4,0,4,8192,0,0,0,0,0,127,0,920,636,0,6,0,2,8192,0,0,0,0,0,127,0,952,612,0,8,0,0,8192,0,0,0,0,0,127,0,920,588
1278,0,5888,5632,5376,5120,4864,4608,4352,4096,0,0,0,0,14,32768,0,39,65535,4352,0,127,0,952,756,0,0,0,12,8192,0,0,0,0,0,127,0,920,732,0,0,0,10,8192,0,0,0,0,0,127,0,952,708,0,0,0,8,8192,0,0,0,0,0,127,0,920,684,0,2,0,6,8192,0,0,0,0,0,127,0,952,660,0,4,0,4,8192,0,0,0,0,0,127,0,920,636,0,6,0,2,8192,0,0,0,0,0,127,0,952,612,0,8,0,0,8192,0,0,0,0,0,127,0,920,588
1282,0,5888,5632,5376,5120,4864,4608,4352,4096,0,0,0,0,14,32768,0,39,65535,4352,0,127,0,952,756,0,0,0,12,8192,0,0,0,0,0,127,0,920,732,0,0,0,10,8192,0,0,0,0,0,127,0,952,708,0,0,0,8,8192,0,0,0,0,0,127,0,920,684,0,2,0,6,8192,0,0,0,0,0,127,0,952,660,0,4,0,4,8192,0,0,0,0,0,127,0,920,636,0,6,0,2,8192,0,0,0,0,0,127,0,952,612,0,8,0,0,8192,0,0,0,0,0,127,0,920,588
1286,0,5888,5632,5376,5120,4864,4608,4352,4096,0,0,0,0,14,32768,0,39,65535,4352,0,127,0,952,756,0,0,0,12,8192,0,0,0,0,0,127,0,920,732,0,0,0,10,8192,0,0,0,0,0,127,0,952,708,0,0,0,8,8192,0,0,0,0,0,127,0,920,684,0,2,0,6,8192,0,0,0,0,0,127,0,952,660,0,4,0,4,8192,0,0,0,0,0,127,0,920,636,0,6,0,2,8192,0,0,0,0,0,127,0,952,612,0,8,0,0,8192,0,0,0,0,0,127,0,920,588
1290,0,5888,5632,5376,5120,4864,4608,4352,4096,0,0,0,0,14,32768,0,78,39,4864,4352,127,0,952,756,0,0,0,12,8192,0,0,0,0,0,127,0,920,732,0,0,0,10,8192,0,0,0,0,0,127,0,952,708,0,0,0,8,8192,0,0,0,0,0,127,0,920,684,0,2,0,6,8192,0,0,0,0,0,127,0,952,660,0,4,0,4,8192,0,0,0,0,0,127,0,920,636,0,6,0,2,8192,0,0,0,0,0,127,0,952,612,0,8,0,0,8192,0,0,0,0,0,127,0,920,588
1294,0,5888,5632,5376,5120,4864,4608,4352,4096,0,0,0,0,14,32768,0,78,39,4864,4352,127,0,952,756,0,0,0,12,8192,0,0,0,0,0,127,0,920,732,0,0,0,10,8192,0,0,0,0,0,127,0,952,708,0,0,0,8,8192,0,0,0,0,0,127,0,920,684,0,2,0,6,8192,0,0,0,0,0,127,0,952,660,0,4,0,4,8192,0,0,0,0,0,127,0,920,636,0,6,0,2,8192,0,0,0,0,0,127,0,952,612,0,8,0,0,8192,0,0,0,0,0,127,0,920,588
1298,0,5888,5632,5376,5120,4864,4608,4352,4096,0,0,0,0,14,32768,0,171,78,5888,4864,127,0,952,756,0,0,0,12,8192,0,0,0,0,0,127,0,920,732,0,0,0,10,8192,0,0,0,0,0,127,0,952,708,0,0,0,8,8192,0,0,0,0,0,127,0,920,684,0,2,0,6,8192,0,0,0,0,0,127,0,952,660,0,4,0,4,8192,0,0,0,0,0,127,0,920,636,0,6,0,2,8192,0,0,0,0,0,127,0,952,612,0,8,0,0,8192,0,0,0,0,0,127,0,920,588
1302,0,5888,5632,5376,5120,4864,4608,4352,4096,0,0,0,0,14,32768,0,143,124,5632,5376,127,0,952,756,0,0,0,12,8192,0,0,0,0,0,127,0,920,732,0,0,0,10,8192,0,0,0,0,0,127,0,952,708,0,0,0,8,8192,0,0,0,0,0,127,0,920,684,0,2,0,6,8192,0,0,0,0,0,127,0,952,660,0,4,0,4,8192,0,0,0,0,0,127,0,920,636,0,6,0,2,8192,0,0,0,0,0,127,0,952,612,0,8,0,0,8192,0,0,0,0,0,127,0,920,588
1306,0,5888,5632,5376,5120,4864,4608,4352,4096,0,0,0,0,14,32768,0,65535,47,0,4608,127,0,952,756,0,0,0,12,8192,0,0,0,0,0,127,0,920,732,0,0,0,10,8192,0,0,0,0,0,127,0,952,708,0,0,0,8,8192,0,0,0,0,0,127,0,920,684,0,2,0,6,8192,0,0,0,0,0,127,0,952,660,0,4,0,4,8192,0,0,0,0,0,127,0,920,636,0,6,0,2,8192,0,0,0,0,0,127,0,952,612,0,8,0,0,8192,0,0,0,0,0,127,0,920,588
1310,0,5888,5632,5376,5120,4864,4608,4352,4096,0,0,0,0,14,32768,0,65535,47,0,4608,127,0,952,756,0,0,0,12,8192,0,0,0,0,0,127,0,920,732,0,0,0,10,8192,0,0,0,0,0,127,0,952,708,0,0,0,8,8192,0,0,0,0,0,127,0,920,684,0,2,0,6,8192,0,0,0,0,0,127,0,952,660,0,4,0,4,8192,0,0,0,0,0,127,0,920,636,0,6,0,2,8192,0,0,0,0,0,127,0,952,612,0,8,0,0,8192,0,0,0,0,0,127,0,920,588
1314,0,5888,5632,5376,5120,4864,4608,4352,4096,0,0,0,0,14,32768,0,65535,47,0,4608,127,0,952,756,0,0,0,12,8192,0,0,0,0,0,127,0,920,732,0,0,0,10,8192,0,0,0,0,0,127,0,952,708,0,0,0,8,8192,0,0,0,0,0,127,0,920,684,0,2,0,6,8192,0,0,0,0,0,127,0,952,660,0,4,0,4,8192,0,0,0,0,0,127,0,920,636,0,6,0,2,8192,0,0,0,0,0,127,0,952,612,0,8,0,0,8192,0,0,0,0,0,127,0,920,588
1318,0,5888,5632,5376,5120,4864,4608,4352,4096,0,0,0,0,14,32768,0,65535,39,0,4352,127,0,952,756,0,0,0,12,8192,0,0,0,0,0,127,0,920,732,0,0,0,10,8192,0,0,0,0,0,127,0,952,708,0,0,0,8,8192,0,0,0,0,0,127,0,920,684,0,2,0,6,8192,0,0,0,0,0,127,0,952,660,0,4,0,4,8192,0,0,0,0,0,127,0,920,636,0,6,0,2,8192,0,0,0,0,0,127,0,952,612,0,8,0,0,8192,0,0,0,0,0,127,0,920,588
1322,0,5888,5632,5376,5120,4864,4608,4352,4096,0,0,0,0,14,32768,0,65535,39,0,4352,127,0,952,756,0,0,0,12,8192,0,0,0,0,0,127,0,920,732,0,0,0,10,8192,0,0,0,0,0,127,0,952,708,0,0,0,8,8192,0,0,0,0,0,127,0,920,684,0,2,0,6,8192,0,0,0,0,0,127,0,952,660,0,4,0,4,8192,0,0,0,0,0,127,0,920,636,0,6,0,2,8192,0,0,0,0,0,127,0,952,612,0,8,0,0,8192,0,0,0,0,0,127,0,920,588
1326,0,5888,5632,5376,5120,4864,4608,4352,4096,0,0,0,0,14,32768,0,65535,39,0,4352,127,0,952,756,0,0,0,12,8192,0,0,0,0,0,127,0,920,732,0,0,0,10,8192,0,0,0,0,0,127,0,952,708,0,0,0,8,8192,0,0,0,0,0,127,0,920,684,0,2,0,6,8192,0,0,0,0,0,127,0,952,660,0,4,0,4,8192,0,0,0,0,0,127,0,920,636,0,6,0,2,8192,0,0,0,0,0,127,0,952,612,0,8,0,0,8192,0,0,0,0,0,127,0,920,588
1330,0,5888,5632,5376,5120,4864,4608,4352,4096,0,0,0,0,14,32768,0,65535,39,0,4352,127,0,952,756,0,0,0,12,8192,0,0,0,0,0,127,0,920,732,0,0,0,10,8192,0,0,0,0,0,127,0,952,708,0,0,0,8,8192,0,0,0,0,0,127,0,920,684,0,2,0,6,8192,0,0,0,0,0,127,0,952,660,0,4,0,4,8192,0,0,0,0,0,127,0,920,636,0,6,0,2,8192,0,0,0,0,0,127,0,952,612,0,8,0,0,8192,0,0,0,0,0,127,0,920,588
1334,0,5888,5632,5376,5120,4864,4608,4352,4096,0,0,0,0,14,32768,0,65535,39,0,4352,127,0,952,756,0,0,0,12,8192,0,0,0,0,0,127,0,920,732,0,0,0,10,8192,0,0,0,0,0,127,0,952,708,0,0,0,8,8192,0,0,0,0,0,127,0,920,684,0,2,0,6,8192,0,0,0,0,0,127,0,952,660,0,4,0,4,8192,0,0,0,0,0,127,0,920,636,0,6,0,2,8192,0,0,0,0,0,127,0,952,612,0,8,0,0,8192,0,0,0,0,0,127,0,920,588
1338,0,5888,5632,5376,5120,4864,4608,4352,4096,0,0,0,0,14,32768,0,65535,39,0,4352,127,0,952,756,0,0,0,12,8192,0,0,0,0,0,127,0,920,732,0,0,0,10,8192,0,0,0,0,0,127,0,952,708,0,0,0,8,8192,0,0,0,0,0,127,0,920,684,0,2,0,6,8192,0,0,0,0,0,127,0,952,660,0,4,0,4,8192,0,0,0,0,0,127,0,920,636,0,6,0,2,8192,0,0,0,0,0,127,0,952,612,0,8,0,0,8192,0,0,0,0,0,127,0,920,588
1342,0,5888,5632,5376,5120,4864,4608,4352,4096,0,0,0,0,14,32768,0,65535,39,0,4352,127,0,952,756,0,0,0,12,8192,0,0,0,0,0,127,0,920,732,0,0,0,10,8192,0,0,0,0,0,127,0,952,708,0,0,0,8,8192,0,0,0,0,0,127,0,920,684,0,2,0,6,8192,0,0,0,0,0,127,0,952,660,0,4,0,4,8192,0,0,0,0,0,127,0,920,636,0,6,0,2,8192,0,0,0,0,0,127,0,952,612,0,8,0,0,8192,0,0,0,0,0,127,0,920,588
1346,0,5888,5632,5376,5120,4864,4608,4352,4096,0,0,0,0,14,32768,0,65535,39,0,4352,127,0,952,756,0,0,0,12,8192,0,0,0,0,0,127,0,920,732,0,0,0,10,8192,0,0,0,0,0,127,0,952,708,0,0,0,8,8192,0,0,0,0,0,127,0,920,684,0,2,0,6,8192,0,0,0,0,0,127,0,952,660,0,4,0,4,8192,0,0,0,0,0,127,0,920,636,0,6,0,2,8192,0,0,0,0,0,127,0,952,612,0,8,0,0,8192,0,0,0,0,0,127,0,920,588
1350,0,5888,5632,5376,5120,4864,4608,4352,4096,0,0,0,0,14,32768,0,65535,39,0,4352,127,0,952,756,0,0,0,12,8192,0,0,0,0,0,127,0,920,732,0,0,0,10,8192,0,0,0,0,0,127,0,952,708,0,0,0,8,8192,0,0,0,0,0,127,0,920,684,0,2,0,6,8192,0,0,0,0,0,127,0,952,660,0,4,0,4,8192,0,0,0,0,0,127,0,920,636,0,6,0,2,8192,0,0,0,0,0,127,0,952,612,0,8,0,0,8192,0,0,0,0,0,127,0,920,588
1354,0,5888,5632,5376,5120,4864,4608,4352,4096,0,0,0,0,14,32768,0,65535,39,0,4352,127,0,952,756,0,0,0,12,8192,0,0,0,0,0,127,0,920,732,0,0,0,10,8192,0,0,0,0,0,127,0,952,708,0,0,0,8,8192,0,0,0,0,0,127,0,920,684,0,2,0,6,8192,0,0,0,0,0,127,0,952,660,0,4,0,4,8192,0,0,0,0,0,127,0,920,636,0,6,0,2,8192,0,0,0,0,0,127,0,952,612,0,8,0,0,8192,0,0,0,0,0,127,0,920,588
1358,0,5888,5632,5376,5120,4864,4608,4352,4096,0,0,0,0,14,32768,0,65535,39,0,4352,127,0,952,756,0,0,0,12,8192,0,0,0,0,0,127,0,920,732,0,0,0,10,8192,0,0,0,0,0,127,0,952,708,0,0,0,8,8192,0,0,0,0,0,127,0,920,684,0,2,0,6,8192,0,0,0,0,0,127,0,952,660,0,4,0,4,8192,0,0,0,0,0,127,0,920,636,0,6,0,2,8192,0,0,0,0,0,127,0,952,612,0,8,0,0,8192,0,0,0,0,0,127,0,920,588
1362,0,5888,5632,5376,5120,4864,4608,4352,4096,0,0,0,0,14,32768,0,65535,39,0,4352,127,0,952,756,0,0,0,12,8192,0,0,0,0,0,127,0,920,732,0,0,0,10,8192,0,0,0,0,0,127,0,952,708,0,0,0,8,8192,0,0,0,0,0,127,0,920,684,0,2,0,6,8192,0,0,0,0,0,127,0,952,660,0,4,0,4,8192,0,0,0,0,0,127,0,920,636,0,6,0,2,8192,0,0,0,0,0,127,0,952,612,0,8,0,0,8192,0,0,0,0,0,127,0,920,588
1366,0,5888,5632,5376,5120,4864,4608,4352,4096,0,0,0,0,14,32768,0,65535,39,0,4352,127,0,952,756,0,0,0,12,8192,0,0,0,0,0,127,0,920,732,0,0,0,10,8192,0,0,0,0,0,127,0,952,708,0,0,0,8,8192,0,0,0,0,0,127,0,920,684,0,2,0,6,8192,0,0,0,0,0,127,0,952,660,0,4,0,4,8192,0,0,0,0,0,127,0,920,636,0,6,0,2,8192,0,0,0,0,0,127,0,952,612,0,8,0,0,8192,0,0,0,0,0,127,0,920,588
1370,0,5888,5632,5376,5120,4864,4608,4352,4096,0,0,0,0,14,32768,0,65535,39,0,4352,127,0,952,756,0,0,0,12,8192,0,0,0,0,0,127,0,920,732,0,0,0,10,8192,0,0,0,0,0,127,0,952,708,0,0,0,8,8192,0,0,0,0,0,127,0,920,684,0,2,0,6,8192,0,0,0,0,0,127,0,952,660,0,4,0,4,8192,0,0,0,0,0,127,0,920,636,0,6,0,2,8192,0,0,0,0,0,127,0,952,612,0,8,0,0,8192,0,0,0,0,0,127,0,920,588
1374,0,5888,5632,5376,5120,4864,4608,4352,4096,0,0,0,0,14,32768,0,65535,39,0,4352,127,0,952,756,0,0,0,12,8192,0,0,0,0,0,127,0,920,732,0,0,0,10,8192,0,0,0,0,0,127,0,952,708,0,0,0,8,8192,0,0,0,0,0,127,0,920,684,0,2,0,6,8192,0,0,0,0,0,127,0,952,660,0,4,0,4,8192,0,0,0,0,0,127,0,920,636,0,6,0,2,8192,0,0,0,0,0,127,0,952,612,0,8,0,0,8192,0,0,0,0,0,127,0,920,588
1378,0,5888,5632,5376,5120,4864,4608,4352,4096,0,0,0,0,14,32768,0,65535,39,0,4352,127,0,952,756,0,0,0,12,8192,0,0,0,0,0,127,0,920,732,0,0,0,10,8192,0,0,0,0,0,127,0,952,708,0,0,0,8,8192,0,0,0,0,0,127,0,920,684,0,2,0,6,8192,0,0,0,0,0,127,0,952,660,0,4,0,4,8192,0,0,0,0,0,127,0,920,636,0,6,0,2,8192,0,0,0,0,0,127,0,952,612,0,8,0,0,8192,0,0,0,0,0,127,0,920,588
1382,0,5888,5632,5376,5120,4864,4608,4352,4096,0,0,0,0,14,32768,0,65535,39,0,4352,127,0,952,756,0,0,0,12,8192,0,0,0,0,0,127,0,920,732,0,0,0,10,8192,0,0,0,0,0,127,0,952,708,0,0,0,8,8192,0,0,0,0,0,127,0,920,684,0,2,0,6,8192,0,0,0,0,0,127,0,952,660,0,4,0,4,8192,0,0,0,0,0,127,0,920,636,0,6,0,2,8192,0,0,0,0,0,127,0,952,612,0,8,0,0,8192,0,0,0,0,0,127,0,920,588
1386,0,5888,5632,5376,5120,4864,4608,4352,4096,0,0,0,0,14,32768,0,65535,39,0,4352,127,0,952,756,0,0,0,12,8192,0,0,0,0,0,127,0,920,732,0,0,0,10,8192,0,0,0,0,0,127,0,952,708,0,0,0,8,8192,0,0,0,0,0,127,0,920,684,0,2,0,6,8192,0,0,0,0,0,127,0,952,660,0,4,0,4,8192,0,0,0,0,0,127,0,920,636,0,6,0,2,8192,0,0,0,0,0,127,0,952,612,0,8,0,0,8192,0,0,0,0,0,127,0,920,588
1390,0,5888,5632,5376,5120,4864,4608,4352,4096,0,0,0,0,14,32768,0,65535,39,0,4352,127,0,952,756,0,0,0,12,8192,0,0,0,0,0,127,0,920,732,0,0,0,10,8192,0,0,0,0,0,127,0,952,708,0,0,0,8,8192,0,0,0,0,0,127,0,920,684,0,2,0,6,8192,0,0,0,0,0,127,0,952,660,0,4,0,4,8192,0,0,0,0,0,127,0,920,636,0,6,0,2,8192,0,0,0,0,0,127,0,952,612,0,8,0,0,8192,0,0,0,0,0,127,0,920,588
1394,0,5888,5632,5376,5120,4864,4608,4352,4096,0,0,0,0,14,32768,0,65535,39,0,4352,127,0,952,756,0,0,0,12,8192,0,0,0,0,0,127,0,920,732,0,0,0,10,8192,0,0,0,0,0,127,0,952,708,0,0,0,8,8192,0,0,0,0,0,127,0,920,684,0,2,0,6,8192,0,0,0,0,0,127,0,952,660,0,4,0,4,8192,0,0,0,0,0,127,0,920,636,0,6,0,2,8192,0,0,0,0,0,127,0,952,612,0,8,0,0,8192,0,0,0,0,0,127,0,920,588
1398,0,5888,5632,5376,5120,4864,4608,4352,4096,0,0,0,0,14,32768,0,65535,39,0,4352,127,0,952,756,0,0,0,12,8192,0,0,0,0,0,127,0,920,732,0,0,0,10,8192,0,0,0,0,0,127,0,952,708,0,0,0,8,8192,0,0,0,0,0,127,0,920,684,0,2,0,6,8192,0,0,0,0,0,127,0,952,660,0,4,0,4,8192,0,0,0,0,0,127,0,920,636,0,6,0,2,8192,0,0,0,0,0,127,0,952,612,0,8,0,0,8192,0,0,0,0,0,127,0,920,588
1402,0,5888,5632,5376,5120,4864,4608,4352,4096,0,0,0,0,14,32768,0,65535,39,0,4352,127,0,952,756,0,0,0,12,8192,0,0,0,0,0,127,0,920,732,0,0,0,10,8192,0,0,0,0,0,127,0,952,708,0,0,0,8,8192,0,0,0,0,0,127,0,920,684,0,2,0,6,8192,0,0,0,0,0,127,0,952,660,0,4,0,4,8192,0,0,0,0,0,127,0,920,636,0,6,0,2,8192,0,0,0,0,0,127,0,952,612,0,8,0,0,8192,0,0,0,0,0,127,0,920,588
1406,0,5888,5632,5376,5120,4864,4608,4352,4096,0,0,0,0,14,32768,0,65535,39,0,4352,127,0,952,756,0,0,0,12,8192,0,0,0,0,0,127,0,920,732,0,0,0,10,8192,0,0,0,0,0,127,0,952,708,0,0,0,8,8192,0,0,0,0,0,127,0,920,684,0,2,0,6,8192,0,0,0,0,0,127,0,952,660,0,4,0,4,8192,0,0,0,0,0,127,0,920,636,0,6,0,2,8192,0,0,0,0,0,127,0,952,612,0,8,0,0,8192,0,0,0,0,0,127,0,920,588
1410,0,5888,5632,5376,5120,4864,4608,4352,4096,0,0,0,0,14,32768,0,65535,39,0,4352,127,0,952,756,0,0,0,12,8192,0,0,0,0,0,127,0,920,732,0,0,0,10,8192,0,0,0,0,0,127,0,952,708,0,0,0,8,8192,0,0,0,0,0,127,0,920,684,0,2,0,6,8192,0,0,0,0,0,127,0,952,660,0,4,0,4,8192,0,0,0,0,0,127,0,920,636,0,6,0,2,8192,0,0,0,0,0,127,0,952,612,0,8,0,0,8192,0,0,0,0,0,127,0,920,588
1414,0,5888,5632,5376,5120,4864,4608,4352,4096,0,0,0,0,14,32768,0,65535,39,0,4352,127,0,952,756,0,0,0,12,8192,0,0,0,0,0,127,0,920,732,0,0,0,10,8192,0,0,0,0,0,127,0,952,708,0,0,0,8,8192,0,0,0,0,0,127,0,920,684,0,2,0,6,8192,0,0,0,0,0,127,0,952,660,0,4,0,4,8192,0,0,0,0,0,127,0,920,636,0,6,0,2,8192,0,0,0,0,0,127,0,952,612,0,8,0,0,8192,0,0,0,0,0,127,0,920,588
1418,0,5888,5632,5376,5120,4864,4608,4352,4096,0,0,0,0,14,32768,0,65535,39,0,4352,127,0,952,756,0,0,0,12,8192,0,0,0,0,0,127,0,920,732,0,0,0,10,8192,0,0,0,0,0,127,0,952,708,0,0,0,8,8192,0,0,0,0,0,127,0,920,684,0,2,0,6,8192,0,0,0,0,0,127,0,952,660,0,4,0,4,8192,0,0,0,0,0,127,0,920,636,0,6,0,2,8192,0,0,0,0,0,127,0,952,612,0,8,0,0,8192,0,0,0,0,0,127,0,920,588
1422,0,5888,5632,5376,5120,4864,4608,4352,4096,0,0,0,0,14,32768,0,65535,39,0,4352,127,0,952,756,0,0,0,12,8192,0,0,0,0,0,127,0,920,732,0,0,0,10,8192,0,0,0,0,0,127,0,952,708,0,0,0,8,8192,0,0,0,0,0,127,0,920,684,0,2,0,6,8192,0,0,0,0,0,127,0,952,660,0,4,0,4,8192,0,0,0,0,0,127,0,920,636,0,6,0,2,8192,0,0,0,0,0,127,0,952,612,0,8,0,0,8192,0,0,0,0,0,127,0,920,588
1426,0,5888,5632,5376,5120,4864,4608,4352,4096,0,0,0,0,14,32768,0,65535,39,0,4352,127,0,952,756,0,0,0,12,8192,0,0,0,0,0,127,0,920,732,0,0,0,10,8192,0,0,0,0,0,127,0,952,708,0,0,0,8,8192,0,0,0,0,0,127,0,920,684,0,2,0,6,8192,0,0,0,0,0,127,0,952,660,0,4,0,4,8192,0,0,0,0,0,127,0,920,636,0,6,0,2,8192,0,0,0,0,0,127,0,952,612,0,8,0,0,8192,0,0,0,0,0,127,0,920,588
1430,0,5888,5632,5376,5120,4864,4608,4352,4096,0,0,0,0,14,32768,0,65535,39,0,4352,127,0,952,756,0,0,0,12,8192,0,0,0,0,0,127,0,920,732,0,0,0,10,8192,0,0,0,0,0,127,0,952,708,0,0,0,8,8192,0,0,0,0,0,127,0,920,684,0,2,0,6,8192,0,0,0,0,0,127,0,952,660,0,4,0,4,8192,0,0,0,0,0,127,0,920,636,0,6,0,2,8192,0,0,0,0,0,127,0,952,612,0,8,0,0,8192,0,0,0,0,0,127,0,920,588
1434,0,5888,5632,5376,5120,4864,4608,4352,4096,0,0,0,0,14,32768,0,65535,39,0,4352,127,0,952,756,0,0,0,12,8192,0,0,0,0,0,127,0,920,732,0,0,0,10,8192,0,0,0,0,0,127,0,952,708,0,0,0,8,8192,0,0,0,0,0,127,0,920,684,0,2,0,6,8192,0,0,0,0,0,127,0,952,660,0,4,0,4,8192,0,0,0,0,0,127,0,920,636,0,6,0,2,8192,0,0,0,0,0,127,0,952,612,0,8,0,0,8192,0,0,0,0,0,127,0,920,588
1438,0,5888,5632,5376,5120,4864,4608,4352,4096,0,0,0,0,14,32768,0,65535,39,0,4352,127,0,952,756,0,0,0,12,8192,0,0,0,0,0,127,0,920,732,0,0,0,10,8192,0,0,0,0,0,127,0,952,708,0,0,0,8,8192,0,0,0,0,0,127,0,920,684,0,2,0,6,8192,0,0,0,0,0,127,0,952,660,0,4,0,4,8192,0,0,0,0,0,127,0,920,636,0,6,0,2,8192,0,0,0,0,0,127,0,952,612,0,8,0,0,8192,0,0,0,0,0,127,0,920,588
1442,0,5888,5632,5376,5120,4864,4608,4352,4096,0,0,0,0,14,32768,0,65535,39,0,4352,127,0,952,756,0,0,0,12,8192,0,0,0,0,0,127,0,920,732,0,0,0,10,8192,0,0,0,0,0,127,0,952,708,0,0,0,8,8192,0,0,0,0,0,127,0,920,684,0,2,0,6,8192,0,0,0,0,0,127,0,952,660,0,4,0,4,8192,0,0,0,0,0,127,0,920,636,0,6,0,2,8192,0,0,0,0,0,127,0,952,612,0,8,0,0,8192,0,0,0,0,0,127,0,920,588
1446,0,5888,5632,5376,5120,4864,4608,4352,4096,0,0,0,0,14,32768,0,65535,39,0,4352,127,0,952,756,0,0,0,12,8192,0,0,0,0,0,127,0,920,732,0,0,0,10,8192,0,0,0,0,0,127,0,952,708,0,0,0,8,8192,0,0,0,0,0,127,0,920,684,0,2,0,6,8192,0,0,0,0,0,127,0,952,660,0,4,0,4,8192,0,0,0,0,0,127,0,920,636,0,6,0,2,8192,0,0,0,0,0,127,0,952,612,0,8,0,0,8192,0,0,0,0,0,127,0,920,588
1450,0,5888,5632,5376,5120,4864,4608,4352,4096,0,0,0,0,14,32768,0,65535,39,0,4352,127,0,952,756,0,0,0,12,8192,0,0,0,0,0,127,0,920,732,0,0,0,10,8192,0,0,0,0,0,127,0,952,708,0,0,0,8,8192,0,0,0,0,0,127,0,920,684,0,2,0,6,8192,0,0,0,0,0,127,0,952,660,0,4,0,4,8192,0,0,0,0,0,127,0,920,636,0,6,0,2,8192,0,0,0,0,0,127,0,952,612,0,8,0,0,8192,0,0,0,0,0,127,0,920,588
1454,0,5888,5632,5376,5120,4864,4608,4352,4096,0,0,0,0,14,32768,0,65535,39,0,4352,127,0,952,756,0,0,0,12,8192,0,0,0,0,0,127,0,920,732,0,0,0,10,8192,0,0,0,0,0,127,0,952,708,0,0,0,8,8192,0,0,0,0,0,127,0,920,684,0,2,0,6,8192,0,0,0,0,0,127,0,952,660,0,4,0,4,8192,0,0,0,0,0,127,0,920,636,0,6,0,2,8192,0,0,0,0,0,127,0,952,612,0,8,0,0,8192,0,0,0,0,0,127,0,920,588
1458,0,5888,5632,5376,5120,4864,4608,4352,4096,0,0,0,0,14,32768,0,65535,39,0,4352,127,0,952,756,0,0,0,12,8192,0,0,0,0,0,127,0,920,732,0,0,0,10,8192,0,0,0,0,0,127,0,952,708,0,0,0,8,8192,0,0,0,0,0,127,0,920,684,0,2,0,6,8192,0,0,0,0,0,127,0,952,660,0,4,0,4,8192,0,0,0,0,0,127,0,920,636,0,6,0,2,8192,0,0,0,0,0,127,0,952,612,0,8,0,0,8192,0,0,0,0,0,127,0,920,588
1462,0,5888,5632,5376,5120,4864,4608,4352,4096,0,0,0,0,14,32768,0,65535,39,0,4352,127,0,952,756,0,0,0,12,8192,0,0,0,0,0,127,0,920,732,0,0,0,10,8192,0,0,0,0,0,127,0,952,708,0,0,0,8,8192,0,0,0,0,0,127,0,920,684,0,2,0,6,8192,0,0,0,0,0,127,0,952,660,0,4,0,4,8192,0,0,0,0,0,127,0,920,636,0,6,0,2,8192,0,0,0,0,0,127,0,952,612,0,8,0,0,8192,0,0,0,0,0,127,0,920,588
1466,0,5888,5632,5376,5120,4864,4608,4352,4096,0,0,0,0,14,32768,0,65535,39,0,4352,127,0,952,756,0,0,0,12,8192,0,0,0,0,0,127,0,920,732,0,0,0,10,8192,0,0,0,0,0,127,0,952,708,0,0,0,8,8192,0,0,0,0,0,127,0,920,684,0,2,0,6,8192,0,0,0,0,0,127,0,952,660,0,4,0,4,8192,0,0,0,0,0,127,0,920,636,0,6,0,2,8192,0,0,0,0,0,127,0,952,612,0,8,0,0,8192,0,0,0,0,0,127,0,920,588
1470,0,5888,5632,5376,5120,4864,4608,4352,4096,0,0,0,0,14,32768,0,65535,39,0,4352,127,0,952,756,0,0,0,12,8192,0,0,0,0,0,127,0,920,732,0,0,0,10,8192,0,0,0,0,0,127,0,952,708,0,0,0,8,8192,0,0,0,0,0,127,0,920,684,0,2,0,6,8192,0,0,0,0,0,127,0,952,660,0,4,0,4,8192,0,0,0,0,0,127,0,920,636,0,6,0,2,8192,0,0,0,0,0,127,0,952,612,0,8,0,0,8192,0,0,0,0,0,127,0,920,588
1474,0,5888,5632,5376,5120,4864,4608,4352,4096,0,0,0,0,14,32768,0,65535,39,0,4352,127,0,952,756,0,0,0,12,8192,0,0,0,0,0,127,0,920,732,0,0,0,10,8192,0,0,0,0,0,127,0,952,708,0,0,0,8,8192,0,0,0,0,0,127,0,920,684,0,2,0,6,8192,0,0,0,0,0,127,0,952,660,0,4,0,4,8192,0,0,0,0,0,127,0,920,636,0,6,0,2,8192,0,0,0,0,0,127,0,952,612,0,8,0,0,8192,0,0,0,0,0,127,0,920,588
1478,0,5888,5632,5376,5120,4864,4608,4352,4096,0,0,0,0,14,32768,0,65535,39,0,4352,127,0,952,756,0,0,0,12,8192,0,0,0,0,0,127,0,920,732,0,0,0,10,8192,0,0,0,0,0,127,0,952,708,0,0,0,8,8192,0,0,0,0,0,127,0,920,684,0,2,0,6,8192,0,0,0,0,0,127,0,952,660,0,4,0,4,8192,0,0,0,0,0,127,0,920,636,0,6,0,2,8192,0,0,0,0,0,127,0,952,612,0,8,0,0,8192,0,0,0,0,0,127,0,920,588
1482,0,5888,5632,5376,5120,4864,4608,4352,4096,0,0,0,0,14,32768,0,65535,39,0,4352,127,0,952,756,0,0,0,12,8192,0,0,0,0,0,127,0,920,732,0,0,0,10,8192,0,0,0,0,0,127,0,952,708,0,0,0,8,8192,0,0,0,0,0,127,0,920,684,0,2,0,6,8192,0,0,0,0,0,127,0,952,660,0,4,0,4,8192,0,0,0,0,0,127,0,920,636,0,6,0,2,8192,0,0,0,0,0,127,0,952,612,0,8,0,0,8192,0,0,0,0,0,127,0,920,588
1486,0,5888,5632,5376,5120,4864,4608,4352,4096,0,0,0,0,14,32768,0,65535,39,0,4352,127,0,952,756,0,0,0,12,8192,0,0,0,0,0,127,0,920,732,0,0,0,10,8192,0,0,0,0,0,127,0,952,708,0,0,0,8,8192,0,0,0,0,0,127,0,920,684,0,2,0,6,8192,0,0,0,0,0,127,0,952,660,0,4,0,4,8192,0,0,0,0,0,127,0,920,636,0,6,0,2,8192,0,0,0,0,0,127,0,952,612,0,8,0,0,8192,0,0,0,0,0,127,0,920,588
1490,0,5888,5632,5376,5120,4864,4608,4352,4096,0,0,0,0,14,32768,0,65535,39,0,4352,127,0,952,756,0,0,0,12,8192,0,0,0,0,0,127,0,920,732,0,0,0,10,8192,0,0,0,0,0,127,0,952,708,0,0,0,8,8192,0,0,0,0,0,127,0,920,684,0,2,0,6,8192,0,0,0,0,0,127,0,952,660,0,4,0,4,8192,0,0,0,0,0,127,0,920,636,0,6,0,2,8192,0,0,0,0,0,127,0,952,612,0,8,0,0,8192,0,0,0,0,0,127,0,920,588
1494,0,5888,5632,5376,5120,4864,4608,4352,4096,0,0,0,0,14,32768,0,65535,39,0,4352,127,0,952,756,0,0,0,12,8192,0,0,0,0,0,127,0,920,732,0,0,0,10,8192,0,0,0,0,0,127,0,952,708,0,0,0,8,8192,0,0,0,0,0,127,0,920,684,0,2,0,6,8192,0,0,0,0,0,127,0,952,660,0,4,0,4,8192,0,0,0,0,0,127,0,920,636,0,6,0,2,8192,0,0,0,0,0,127,0,952,612,0,8,0,0,8192,0,0,0,0,0,127,0,920,588
1498,0,5888,5632,5376,5120,4864,4608,4352,4096,0,0,0,0,14,32768,0,65535,39,0,4352,127,0,952,756,0,0,0,12,8192,0,0,0,0,0,127,0,920,732,0,0,0,10,8192,0,0,0,0,0,127,0,952,708,0,0,0,8,8192,0,0,0,0,0,127,0,920,684,0,2,0,6,8192,0,0,0,0,0,127,0,952,660,0,4,0,4,8192,0,0,0,0,0,127,0,920,636,0,6,0,2,8192,0,0,0,0,0,127,0,952,612,0,8,0,0,8192,0,0,0,0,0,127,0,920,588
1502,0,5888,5632,5376,5120,4864,4608,4352,4096,0,0,0,0,14,32768,0,65535,39,0,4352,127,0,952,756,0,0,0,12,8192,0,0,0,0,0,127,0,920,732,0,0,0,10,8192,0,0,0,0,0,127,0,952,708,0,0,0,8,8192,0,0,0,0,0,127,0,920,684,0,2,0,6,8192,0,0,0,0,0,127,0,952,660,0,4,0,4,8192,0,0,0,0,0,127,0,920,636,0,6,0,2,8192,0,0,0,0,0,127,0,952,612,0,8,0,0,8192,0,0,0,0,0,127,0,920,588
1506,0,5888,5632,5376,5120,4864,4608,4352,4096,0,0,0,0,14,32768,0,65535,39,0,4352,127,0,952,756,0,0,0,12,8192,0,0,0,0,0,127,0,920,732,0,0,0,10,8192,0,0,0,0,0,127,0,952,708,0,0,0,8,8192,0,0,0,0,0,127,0,920,684,0,2,0,6,8192,0,0,0,0,0,127,0,952,660,0,4,0,4,8192,0,0,0,0,0,127,0,920,636,0,6,0,2,8192,0,0,0,0,0,127,0,952,612,0,8,0,0,8192,0,0,0,0,0,127,0,920,588
1510,0,5888,5632,5376,5120,4864,4608,4352,4096,0,0,0,0,14,32768,0,65535,39,0,4352,127,0,952,756,0,0,0,12,8192,0,0,0,0,0,127,0,920,732,0,0,0,10,8192,0,0,0,0,0,127,0,952,708,0,0,0,8,8192,0,0,0,0,0,127,0,920,684,0,2,0,6,8192,0,0,0,0,0,127,0,952,660,0,4,0,4,8192,0,0,0,0,0,127,0,920,636,0,6,0,2,8192,0,0,0,0,0,127,0,952,612,0,8,0,0,8192,0,0,0,0,0,127,0,920,588
1514,0,5888,5632,5376,5120,4864,4608,4352,4096,0,0,0,0,14,32768,0,65535,39,0,4352,127,0,952,756,0,0,0,12,8192,0,0,0,0,0,127,0,920,732,0,0,0,10,8192,0,0,0,0,0,127,0,952,708,0,0,0,8,8192,0,0,0,0,0,127,0,920,684,0,2,0,6,8192,0,0,0,0,0,127,0,952,660,0,4,0,4,8192,0,0,0,0,0,127,0,920,636,0,6,0,2,8192,0,0,0,0,0,127,0,952,612,0,8,0,0,8192,0,0,0,0,0,127,0,920,588
1518,0,5888,5632,5376,5120,4864,4608,4352,4096,0,0,0,0,14,32768,0,65535,39,0,4352,127,0,952,756,0,0,0,12,8192,0,0,0,0,0,127,0,920,732,0,0,0,10,8192,0,0,0,0,0,127,0,952,708,0,0,0,8,8192,0,0,0,0,0,127,0,920,684,0,2,0,6,8192,0,0,0,0,0,127,0,952,660,0,4,0,4,8192,0,0,0,0,0,127,0,920,636,0,6,0,2,8192,0,0,0,0,0,127,0,952,612,0,8,0,0,8192,0,0,0,0,0,127,0,920,588
1522,0,5888,5632,5376,5120,4864,4608,4352,4096,0,0,0,0,14,32768,0,65535,39,0,4352,127,0,952,756,0,0,0,12,8192,0,0,0,0,0,127,0,920,732,0,0,0,10,8192,0,0,0,0,0,127,0,952,708,0,0,0,8,8192,0,0,0,0,0,127,0,920,684,0,2,0,6,8192,0,0,0,0,0,127,0,952,660,0,4,0,4,8192,0,0,0,0,0,127,0,920,636,0,6,0,2,8192,0,0,0,0,0,127,0,952,612,0,8,0,0,8192,0,0,0,0,0,127,0,920,588
1526,0,5888,5632,5376,5120,4864,4608,4352,4096,0,0,0,0,14,32768,0,65535,39,0,4352,32895,0,952,756,0,0,0,12,8192,0,0,0,0,0,127,0,920,732,0,0,0,10,8192,0,0,0,0,0,127,0,952,708,0,0,0,8,8192,0,0,0,0,0,127,0,920,684,0,2,0,6,8192,0,0,0,0,0,127,0,952,660,0,4,0,4,8192,0,0,0,0,0,127,0,920,636,0,6,0,2,8192,0,0,0,0,0,127,0,952,612,0,8,0,0,8192,0,0,0,0,0,127,0,920,588
1530,0,5888,5632,5376,5120,4864,4608,4352,4096,0,0,0,0,14,32768,0,65535,39,0,4352,127,0,952,756,0,0,0,12,8192,0,0,0,0,0,127,0,920,732,0,0,0,10,8192,0,0,0,0,0,127,0,952,708,0,0,0,8,8192,0,0,0,0,0,127,0,920,684,0,2,0,6,8192,0,0,0,0,0,127,0,952,660,0,4,0,4,8192,0,0,0,0,0,127,0,920,636,0,6,0,2,8192,0,0,0,0,0,127,0,952,612,0,8,0,0,8192,0,0,0,0,0,127,0,920,588
1534,0,5888,5632,5376,5120,4864,4608,4352,4096,0,0,0,0,14,32768,0,65535,39,0,4352,32895,0,952,756,0,0,0,12,8192,0,0,0,0,0,127,0,920,732,0,0,0,10,8192,0,0,0,0,0,127,0,952,708,0,0,0,8,8192,0,0,0,0,0,127,0,920,684,0,2,0,6,8192,0,0,0,0,0,127,0,952,660,0,4,0,4,8192,0,0,0,0,0,127,0,920,636,0,6,0,2,8192,0,0,0,0,0,127,0,952,612,0,8,0,0,8192,0,0,0,0,0,127,0,920,588
1538,0,5888,5632,5376,5120,4864,4608,4352,4096,0,0,0,0,14,32768,0,65535,39,0,4352,127,0,952,756,0,0,0,12,8192,0,0,0,0,0,127,0,920,732,0,0,0,10,8192,0,0,0,0,0,127,0,952,708,0,0,0,8,8192,0,0,0,0,0,127,0,920,684,0,2,0,6,8192,0,0,0,0,0,127,0,952,660,0,4,0,4,8192,0,0,0,0,0,127,0,920,636,0,6,0,2,8192,0,0,0,0,0,127,0,952,612,0,8,0,0,8192,0,0,0,0,0,127,0,920,588
1542,0,5888,5632,5376,5120,4864,4608,4352,4096,0,0,0,0,14,32768,0,65535,39,0,4352,32895,0,952,756,0,0,0,12,8192,0,0,0,0,0,127,0,920,732,0,0,0,10,8192,0,0,0,0,0,127,0,952,708,0,0,0,8,8192,0,0,0,0,0,127,0,920,684,0,2,0,6,8192,0,0,0,0,0,127,0,952,660,0,4,0,4,8192,0,0,0,0,0,127,0,920,636,0,6,0,2,8192,0,0,0,0,0,127,0,952,612,0,8,0,0,8192,0,0,0,0,0,127,0,920,588
1546,0,5888,5632,5376,5120,4864,4608,4352,4096,0,0,0,0,14,32768,0,65535,39,0,4352,127,0,952,756,0,0,0,12,8192,0,0,0,0,0,127,0,920,732,0,0,0,10,8192,0,0,0,0,0,127,0,952,708,0,0,0,8,8192,0,0,0,0,0,127,0,920,684,0,2,0,6,8192,0,0,0,0,0,127,0,952,660,0,4,0,4,8192,0,0,0,0,0,127,0,920,636,0,6,0,2,8192,0,0,0,0,0,127,0,952,612,0,8,0,0,8192,0,0,0,0,0,127,0,920,588
1550,0,5888,5632,5376,5120,4864,4608,4352,4096,0,0,0,0,14,32768,0,65535,39,0,4352,32895,0,952,756,0,0,0,12,8192,0,0,0,0,0,127,0,920,732,0,0,0,10,8192,0,0,0,0,0,127,0,952,708,0,0,0,8,8192,0,0,0,0,0,127,0,920,684,0,2,0,6,8192,0,0,0,0,0,127,0,952,660,0,4,0,4,8192,0,0,0,0,0,127,0,920,636,0,6,0,2,8192,0,0,0,0,0,127,0,952,612,0,8,0,0,8192,0,0,0,0,0,127,0,920,588
1554,0,5888,5632,5376,5120,4864,4608,4352,4096,0,0,0,0,14,32768,0,65535,39,0,4352,127,0,952,756,0,0,0,12,8192,0,0,0,0,0,127,0,920,732,0,0,0,10,8192,0,0,0,0,0,127,0,952,708,0,0,0,8,8192,0,0,0,0,0,127,0,920,684,0,2,0,6,8192,0,0,0,0,0,127,0,952,660,0,4,0,4,8192,0,0,0,0,0,127,0,920,636,0,6,0,2,8192,0,0,0,0,0,127,0,952,612,0,8,0,0,8192,0,0,0,0,0,127,0,920,588
1558,0,5888,5632,5376,5120,4864,4608,4352,4096,0,0,0,0,14,32768,0,65535,39,0,4352,32895,0,952,756,0,0,0,12,8192,0,0,0,0,0,127,0,920,732,0,0,0,10,8192,0,0,0,0,0,127,0,952,708,0,0,0,8,8192,0,0,0,0,0,127,0,920,684,0,2,0,6,8192,0,0,0,0,0,127,0,952,660,0,4,0,4,8192,0,0,0,0,0,127,0,920,636,0,6,0,2,8192,0,0,0,0,0,127,0,952,612,0,8,0,0,8192,0,0,0,0,0,127,0,920,588
1562,0,5888,5632,5376,5120,4864,4608,4352,4096,0,0,0,0,14,32768,0,65535,39,0,4352,127,0,952,756,0,0,0,12,8192,0,0,0,0,0,127,0,920,732,0,0,0,10,8192,0,0,0,0,0,127,0,952,708,0,0,0,8,8192,0,0,0,0,0,127,0,920,684,0,2,0,6,8192,0,0,0,0,0,127,0,952,660,0,4,0,4,8192,0,0,0,0,0,127,0,920,636,0,6,0,2,8192,0,0,0,0,0,127,0,952,612,0,8,0,0,8192,0,0,0,0,0,127,0,920,588
1566,0,5888,5632,5376,5120,4864,4608,4352,4096,0,0,0,0,14,32768,0,65535,39,0,4352,32895,0,952,756,0,0,0,12,8192,0,0,0,0,0,127,0,920,732,0,0,0,10,8192,0,0,0,0,0,127,0,952,708,0,0,0,8,8192,0,0,0,0,0,127,0,920,684,0,2,0,6,8192,0,0,0,0,0,127,0,952,660,0,4,0,4,8192,0,0,0,0,0,127,0,920,636,0,6,0,2,8192,0,0,0,0,0,127,0,952,612,0,8,0,0,8192,0,0,0,0,0,127,0,920,588
1570,0,5888,5632,5376,5120,4864,4608,4352,4096,0,0,0,0,14,32768,0,65535,39,0,4352,127,0,952,756,0,0,0,12,8192,0,0,0,0,0,127,0,920,732,0,0,0,10,8192,0,0,0,0,0,127,0,952,708,0,0,0,8,8192,0,0,0,0,0,127,0,920,684,0,2,0,6,8192,0,0,0,0,0,127,0,952,660,0,4,0,4,8192,0,0,0,0,0,127,0,920,636,0,6,0,2,8192,0,0,0,0,0,127,0,952,612,0,8,0,0,8192,0,0,0,0,0,127,0,920,588
1574,0,5888,5632,5376,5120,4864,4608,4352,4096,0,0,0,0,14,32768,0,65535,39,0,4352,32895,0,952,756,0,0,0,12,8192,0,0,0,0,0,127,0,920,732,0,0,0,10,8192,0,0,0,0,0,127,0,952,708,0,0,0,8,8192,0,0,0,0,0,127,0,920,684,0,2,0,6,8192,0,0,0,0,0,127,0,952,660,0,4,0,4,8192,0,0,0,0,0,127,0,920,636,0,6,0,2,8192,0,0,0,0,0,127,0,952,612,0,8,0,0,8192,0,0,0,0,0,127,0,920,588
1578,0,5888,5632,5376,5120,4864,4608,4352,4096,0,0,0,0,14,32768,0,65535,39,0,4352,127,0,952,756,0,0,0,12,8192,0,0,0,0,0,127,0,920,732,0,0,0,10,8192,0,0,0,0,0,127,0,952,708,0,0,0,8,8192,0,0,0,0,0,127,0,920,684,0,2,0,6,8192,0,0,0,0,0,127,0,952,660,0,4,0,4,8192,0,0,0,0,0,127,0,920,636,0,6,0,2,8192,0,0,0,0,0,127,0,952,612,0,8,0,0,8192,0,0,0,0,0,127,0,920,588
1582,0,5888,5632,5376,5120,4864,4608,4352,4096,0,0,0,0,14,32768,0,65535,39,0,4352,32895,0,952,756,0,0,0,12,8192,0,0,0,0,0,127,0,920,732,0,0,0,10,8192,0,0,0,0,0,127,0,952,708,0,0,0,8,8192,0,0,0,0,0,127,0,920,684,0,2,0,6,8192,0,0,0,0,0,127,0,952,660,0,4,0,4,8192,0,0,0,0,0,127,0,920,636,0,6,0,2,8192,0,0,0,0,0,127,0,952,612,0,8,0,0,8192,0,0,0,0,0,127,0,920,588
1586,0,5888,5632,5376,5120,4864,4608,4352,4096,0,0,0,0,14,32768,0,65535,39,0,4352,127,0,952,756,0,0,0,12,8192,0,0,0,0,0,127,0,920,732,0,0,0,10,8192,0,0,0,0,0,127,0,952,708,0,0,0,8,8192,0,0,0,0,0,127,0,920,684,0,2,0,6,8192,0,0,0,0,0,127,0,952,660,0,4,0,4,8192,0,0,0,0,0,127,0,920,636,0,6,0,2,8192,0,0,0,0,0,127,0,952,612,0,8,0,0,8192,0,0,0,0,0,127,0,920,588
1590,0,5888,5632,5376,5120,4864,4608,4352,4096,0,0,0,0,14,32768,0,65535,39,0,4352,32895,0,952,756,0,0,0,12,8192,0,0,0,0,0,127,0,920,732,0,0,0,10,8192,0,0,0,0,0,127,0,952,708,0,0,0,8,8192,0,0,0,0,0,127,0,920,684,0,2,0,6,8192,0,0,0,0,0,127,0,952,660,0,4,0,4,8192,0,0,0,0,0,127,0,920,636,0,6,0,2,8192,0,0,0,0,0,127,0,952,612,0,8,0,0,8192,0,0,0,0,0,127,0,920,588
1594,0,5888,5632,5376,5120,4864,4608,4352,4096,0,0,0,0,14,32768,0,65535,39,0,4352,127,0,952,756,0,0,0,12,8192,0,0,0,0,0,127,0,920,732,0,0,0,10,8192,0,0,0,0,0,127,0,952,708,0,0,0,8,8192,0,0,0,0,0,127,0,920,684,0,2,0,6,8192,0,0,0,0,0,127,0,952,660,0,4,0,4,8192,0,0,0,0,0,127,0,920,636,0,6,0,2,8192,0,0,0,0,0,127,0,952,612,0,8,0,0,8192,0,0,0,0,0,127,0,920,588
1598,0,5888,5632,5376,5120,4864,4608,4352,4096,0,0,0,0,14,32768,0,65535,39,0,4352,32895,0,952,756,0,0,0,12,8192,0,0,0,0,0,127,0,920,732,0,0,0,10,8192,0,0,0,0,0,127,0,952,708,0,0,0,8,8192,0,0,0,0,0,127,0,920,684,0,2,0,6,8192,0,0,0,0,0,127,0,952,660,0,4,0,4,8192,0,0,0,0,0,127,0,920,636,0,6,0,2,8192,0,0,0,0,0,127,0,952,612,0,8,0,0,8192,0,0,0,0,0,127,0,920,588
1602,0,5888,5632,5376,5120,4864,4608,4352,4096,0,0,0,0,14,32768,0,65535,39,0,4352,127,0,952,756,0,0,0,12,8192,0,0,0,0,0,127,0,920,732,0,0,0,10,8192,0,0,0,0,0,127,0,952,708,0,0,0,8,8192,0,0,0,0,0,127,0,920,684,0,2,0,6,8192,0,0,0,0,0,127,0,952,660,0,4,0,4,8192,0,0,0,0,0,127,0,920,636,0,6,0,2,8192,0,0,0,0,0,127,0,952,612,0,8,0,0,8192,0,0,0,0,0,127,0,920,588
1606,0,5888,5632,5376,5120,4864,4608,4352,4096,0,0,0,0,14,32768,0,65535,39,0,4352,32895,0,952,756,0,0,0,12,8192,0,0,0,0,0,127,0,920,732,0,0,0,10,8192,0,0,0,0,0,127,0,952,708,0,0,0,8,8192,0,0,0,0,0,127,0,920,684,0,2,0,6,8192,0,0,0,0,0,127,0,952,660,0,4,0,4,8192,0,0,0,0,0,127,0,920,636,0,6,0,2,8192,0,0,0,0,0,127,0,952,612,0,8,0,0,8192,0,0,0,0,0,127,0,920,588
1610,0,5888,5632,5376,5120,4864,4608,4352,4096,0,0,0,0,14,32768,0,65535,39,0,4352,127,0,952,756,0,0,0,12,8192,0,0,0,0,0,127,0,920,732,0,0,0,10,8192,0,0,0,0,0,127,0,952,708,0,0,0,8,8192,0,0,0,0,0,127,0,920,684,0,2,0,6,8192,0,0,0,0,0,127,0,952,660,0,4,0,4,8192,0,0,0,0,0,127,0,920,636,0,6,0,2,8192,0,0,0,0,0,127,0,952,612,0,8,0,0,8192,0,0,0,0,0,127,0,920,588
1614,0,5888,5632,5376,5120,4864,4608,4352,4096,0,0,0,0,14,32768,0,65535,39,0,4352,32895,0,952,756,0,0,0,12,8192,0,0,0,0,0,127,0,920,732,0,0,0,10,8192,0,0,0,0,0,127,0,952,708,0,0,0,8,8192,0,0,0,0,0,127,0,920,684,0,2,0,6,8192,0,0,0,0,0,127,0,952,660,0,4,0,4,8192,0,0,0,0,0,127,0,920,636,0,6,0,2,8192,0,0,0,0,0,127,0,952,612,0,8,0,0,8192,0,0,0,0,0,127,0,920,588
1618,0,5888,5632,5376,5120,4864,4608,4352,4096,0,0,0,0,14,32768,0,65535,39,0,4352,127,0,952,756,0,0,0,12,8192,0,0,0,0,0,127,0,920,732,0,0,0,10,8192,0,0,0,0,0,127,0,952,708,0,0,0,8,8192,0,0,0,0,0,127,0,920,684,0,2,0,6,8192,0,0,0,0,0,127,0,952,660,0,4,0,4,8192,0,0,0,0,0,127,0,920,636,0,6,0,2,8192,0,0,0,0,0,127,0,952,612,0,8,0,0,8192,0,0,0,0,0,127,0,920,588
1622,0,5888,5632,5376,5120,4864,4608,4352,4096,0,0,0,0,14,32768,0,65535,39,0,4352,32895,0,952,756,0,0,0,12,8192,0,0,0,0,0,127,0,920,732,0,0,0,10,8192,0,0,0,0,0,127,0,952,708,0,0,0,8,8192,0,0,0,0,0,127,0,920,684,0,2,0,6,8192,0,0,0,0,0,127,0,952,660,0,4,0,4,8192,0,0,0,0,0,127,0,920,636,0,6,0,2,8192,0,0,0,0,0,127,0,952,612,0,8,0,0,8192,0,0,0,0,0,127,0,920,588
1626,0,5888,5632,5376,5120,4864,4608,4352,4096,0,0,0,0,14,32768,0,65535,39,0,4352,127,0,952,756,0,0,0,12,8192,0,0,0,0,0,127,0,920,732,0,0,0,10,8192,0,0,0,0,0,127,0,952,708,0,0,0,8,8192,0,0,0,0,0,127,0,920,684,0,2,0,6,8192,0,0,0,0,0,127,0,952,660,0,4,0,4,8192,0,0,0,0,0,127,0,920,636,0,6,0,2,8192,0,0,0,0,0,127,0,952,612,0,8,0,0,8192,0,0,0,0,0,127,0,920,588
1630,0,5888,5632,5376,5120,4864,4608,4352,4096,0,0,0,0,14,32768,0,65535,39,0,4352,32895,0,952,756,0,0,0,12,8192,0,0,0,0,0,127,0,920,732,0,0,0,10,8192,0,0,0,0,0,127,0,952,708,0,0,0,8,8192,0,0,0,0,0,127,0,920,684,0,2,0,6,8192,0,0,0,0,0,127,0,952,660,0,4,0,4,8192,0,0,0,0,0,127,0,920,636,0,6,0,2,8192,0,0,0,0,0,127,0,952,612,0,8,0,0,8192,0,0,0,0,0,127,0,920,588
1634,0,5888,5632,5376,5120,4864,4608,4352,4096,0,0,0,0,14,32768,0,65535,39,0,4352,127,0,952,756,0,0,0,12,8192,0,0,0,0,0,127,0,920,732,0,0,0,10,8192,0,0,0,0,0,127,0,952,708,0,0,0,8,8192,0,0,0,0,0,127,0,920,684,0,2,0,6,8192,0,0,0,0,0,127,0,952,660,0,4,0,4,8192,0,0,0,0,0,127,0,920,636,0,6,0,2,8192,0,0,0,0,0,127,0,952,612,0,8,0,0,8192,0,0,0,0,0,127,0,920,588
1638,0,5888,5632,5376,5120,4864,4608,4352,4096,0,0,0,0,14,32768,0,65535,39,0,4352,32895,0,952,756,0,0,0,12,8192,0,0,0,0,0,127,0,920,732,0,0,0,10,8192,0,0,0,0,0,127,0,952,708,0,0,0,8,8192,0,0,0,0,0,127,0,920,684,0,2,0,6,8192,0,0,0,0,0,127,0,952,660,0,4,0,4,8192,0,0,0,0,0,127,0,920,636,0,6,0,2,8192,0,0,0,0,0,127,0,952,612,0,8,0,0,8192,0,0,0,0,0,127,0,920,588
1642,0,5888,5632,5376,5120,4864,4608,4352,4096,0,0,0,0,14,32768,0,65535,39,0,4352,127,0,952,756,0,0,0,12,8192,0,0,0,0,0,127,0,920,732,0,0,0,10,8192,0,0,0,0,0,127,0,952,708,0,0,0,8,8192,0,0,0,0,0,127,0,920,684,0,2,0,6,8192,0,0,0,0,0,127,0,952,660,0,4,0,4,8192,0,0,0,0,0,127,0,920,636,0,6,0,2,8192,0,0,0,0,0,127,0,952,612,0,8,0,0,8192,0,0,0,0,0,127,0,920,588
1646,0,5888,5632,5376,5120,4864,4608,4352,4096,0,0,0,128,14,32768,0,65535,39,0,4352,49279,100,952,755,16,0,0,12,8192,0,0,0,0,0,127,4,920,731,16,0,0,10,8192,0,0,0,0,0,127,0,952,708,16,0,0,8,8192,0,0,0,0,0,127,2,920,684,0,2,0,6,8192,0,0,0,0,0,127,4,951,659,0,4,0,4,8192,0,0,0,0,0,127,2,920,636,0,6,0,2,8192,0,0,0,0,0,127,4,951,611,0,8,0,0,8192,0,0,0,0,0,127,2,920,588
1650,0,5888,5632,5376,5120,4864,4608,4352,4096,0,0,0,128,14,32768,0,65535,39,0,4352,49279,300,952,753,16,0,0,12,8192,0,0,0,0,0,127,12,920,731,16,0,0,10,8192,0,0,0,0,0,127,6,951,707,16,0,0,8,8192,0,0,0,0,0,127,10,920,683,16,2,0,6,8192,0,0,0,0,0,127,12,951,659,16,4,0,4,8192,0,0,0,0,0,127,10,920,635,16,6,0,2,8192,0,0,0,0,0,127,12,951,611,0,8,0,0,8192,0,0,0,0,0,127,10,920,587
1654,0,5888,5632,5376,5120,4864,4608,4352,4096,0,0,0,128,14,32768,0,65535,37,0,4352,16511,500,952,747,16,0,0,12,8192,0,0,0,0,0,127,20,920,731,16,0,0,10,8192,0,0,0,0,0,127,14,951,707,16,0,0,8,8192,0,0,0,0,0,127,18,920,683,16,2,0,6,8192,0,0,0,0,0,127,20,951,659,16,4,0,4,8192,0,0,0,0,0,127,18,920,635,16,6,0,2,8192,0,0,0,0,0,127,20,951,611,0,8,0,0,8192,0,0,0,0,0,127,18,920,587
1658,0,5888,5632,5376,5120,4864,4608,4352,4096,0,0,0,128,14,32768,0,65535,34,0,4352,16511,700,952,738,16,0,0,12,8192,0,0,0,0,0,127,28,920,731,16,0,0,10,8192,0,0,0,0,0,127,22,951,707,16,0,0,8,8192,0,0,0,0,0,127,26,920,683,16,2,0,6,8192,0,0,0,0,0,127,28,951,659,16,4,0,4,8192,0,0,0,0,0,127,26,920,635,16,6,0,2,8192,0,0,0,0,0,127,28,951,611,0,8,0,0,8192,0,0,0,0,0,127,26,920,587
1662,0,5888,5632,5376,5120,4864,4608,4352,4096,0,0,0,128,14,32768,0,65535,32,0,4352,49279,900,952,726,16,0,0,12,8192,0,0,0,0,0,127,36,920,730,16,0,0,10,8192,0,0,0,0,0,127,30,951,707,16,0,0,8,8192,0,0,0,0,0,127,34,920,683,16,2,0,6,8192,0,0,0,0,0,127,36,951,658,16,4,0,4,8192,0,0,0,0,0,127,34,920,635,16,6,0,2,8192,0,0,0,0,0,127,36,951,610,0,8,0,0,8192,0,0,0,0,0,127,34,920,587
1666,0,5888,5632,5376,5120,4864,4608,4096,4352,0,0,0,128,12,49152,0,32,15,4352,4608,57471,526,952,710,16,0,0,14,8192,0,0,0,0,0,127,44,920,730,16,0,0,10,28672,0,0,0,0,0,127,36,951,706,16,0,0,8,8192,0,0,0,0,0,127,42,920,682,16,2,0,6,8192,0,0,0,0,0,127,44,951,658,16,4,0,4,8192,0,0,0,0,0,127,42,920,634,16,6,0,2,8192,0,0,0,0,0,127,44,951,610,0,8,0,0,8192,0,0,0,0,0,127,42,920,586
1670,0,5888,5632,5376,5120,4864,4608,4096,4352,0,0,0,128,12,49152,0,38,10,4352,4608,127,526,952,702,0,0,0,14,8192,0,0,0,0,0,127,52,920,729,16,0,0,10,28672,0,0,0,0,0,127,36,942,692,16,0,0,8,8192,0,0,0,0,0,127,50,920,681,16,2,0,6,8192,0,0,0,0,0,127,52,951,657,16,4,0,4,8192,0,0,0,0,0,127,50,920,633,16,6,0,2,8192,0,0,0,0,0,127,52,951,609,0,8,0,0,8192,0,0,0,0,0,127,50,920,585
1674,0,5888,5632,5376,5120,4864,4608,4096,4352,0,0,0,128,12,32768,0,42,21,4352,4608,127,576,952,694,0,0,0,14,8192,0,0,0,0,0,127,60,920,728,16,0,0,10,8192,0,0,0,0,0,127,38,932,678,16,0,0,8,8192,0,0,0,0,0,127,58,920,680,16,2,0,6,8192,0,0,0,0,0,127,60,951,656,16,4,0,4,8192,0,0,0,0,0,127,58,920,632,16,6,0,2,8192,0,0,0,0,0,127,60,951,608,0,8,0,0,8192,0,0,0,0,0,127,58,920,584
1678,0,5888,5632,5376,5120,4864,4608,4096,4352,0,0,0,0,12,32768,0,48,32,4352,4864,8319,680,951,684,0,0,0,14,8192,0,0,0,0,0,127,76,921,727,16,0,0,10,8192,0,0,0,0,0,127,46,932,678,16,0,0,8,8192,0,0,0,0,0,127,70,920,680,16,2,0,6,8192,0,0,0,0,0,127,76,951,655,16,4,0,4,8192,0,0,0,0,0,127,70,920,632,16,6,0,2,8192,0,0,0,0,0,127,76,951,607,0,8,0,0,8192,0,0,0,0,0,127,70,920,584
1682,0,5888,5632,5376,5120,4864,4608,4096,4352,0,0,0,0,12,32768,0,53,31,4352,4864,8319,688,951,673,0,0,0,14,8192,0,0,0,0,0,127,100,921,726,16,0,0,10,8192,0,0,0,0,0,127,54,932,677,16,0,0,8,8192,0,0,0,0,0,127,94,920,678,16,2,0,6,8192,0,0,0,0,0,127,100,950,654,16,4,0,4,8192,0,0,0,0,0,127,94,920,630,16,6,0,2,8192,0,0,0,0,0,127,100,951,606,0,8,0,0,8192,0,0,0,0,0,127,94,920,582
1686,0,5888,5632,5376,5120,4864,4608,4096,4352,0,0,0,0,12,32768,0,19,17,4608,5120,16511,696,951,662,0,0,0,14,8192,0,0,0,0,0,127,124,922,725,16,0,0,10,8192,0,0,0,0,0,127,62,932,676,16,0,0,8,8192,0,0,0,0,0,127,118,920,677,16,2,0,6,8192,0,0,0,0,0,127,124,950,652,16,4,0,4,8192,0,0,0,0,0,127,118,920,629,16,6,0,2,8192,0,0,0,0,0,127,124,950,604,0,8,0,0,8192,0,0,0,0,0,127,118,921,581
1690,0,5888,5632,5376,5120,4864,4608,4096,4352,0,0,0,0,12,49152,0,24,8,4608,5120,41087,129,951,653,0,0,0,14,8192,0,0,0,0,0,127,142,922,723,16,0,0,10,8192,0,0,0,0,0,127,82,932,675,16,0,0,8,8192,0,0,0,0,0,127,140,921,675,16,2,0,6,28672,0,0,0,0,0,127,134,950,648,16,4,0,4,8192,0,0,0,0,0,127,140,920,627,16,6,0,2,8192,0,0,0,0,0,127,142,950,602,0,8,0,0,8192,0,0,0,0,0,127,140,921,579
1694,0,5888,5632,5376,5120,4864,4608,4096,4352,0,0,0,0,12,49152,0,28,9,4608,5120,49279,129,951,651,0,0,0,14,8192,0,0,0,0,0,127,158,923,720,16,0,0,10,8192,0,0,0,0,0,127,106,932,673,16,0,0,8,8192,0,0,0,0,0,127,156,921,673,16,2,0,6,28672,0,0,0,0,0,127,134,950,637,16,4,0,4,8192,0,0,0,0,0,127,156,921,624,16,6,0,2,8192,0,0,0,0,0,127,158,950,600,0,8,0,0,8192,0,0,0,0,0,127,156,921,577
1698,0,5888,5632,5376,5120,4864,4608,4096,4352,0,0,0,0,12,32768,0,36,19,4864,5120,49279,135,950,649,0,0,0,14,8192,0,0,0,0,0,127,174,924,718,16,0,0,10,8192,0,0,0,0,0,127,130,932,672,16,0,0,8,8192,0,0,0,0,0,127,172,919,670,16,2,0,6,8192,0,0,0,0,0,127,142,949,628,16,4,0,4,8192,0,0,0,0,0,127,172,921,622,16,6,0,2,8192,0,0,0,0,0,127,174,949,597,0,8,0,0,8192,0,0,0,0,0,127,172,922,574
1702,0,5888,5632,5376,5120,4864,4608,4096,4352,0,0,0,0,12,32768,0,36,22,4864,5120,57471,151,950,647,0,0,0,14,8192,0,0,0,0,0,127,190,924,715,16,0,0,10,8192,0,0,0,0,0,127,148,932,670,16,0,0,8,8192,0,0,0,0,0,127,188,918,667,16,2,0,6,8192,0,0,0,0,0,127,158,949,626,16,4,0,4,8192,0,0,0,0,0,127,188,921,619,16,6,0,2,8192,0,0,0,0,0,127,190,949,595,0,8,0,0,8192,0,0,0,0,0,127,188,922,571
1706,0,5888,5632,5376,5120,4864,4608,4096,4352,0,0,0,0,12,32768,0,37,22,4864,5120,57471,167,950,645,0,0,0,14,8192,0,0,0,0,0,127,218,925,712,16,0,0,10,8192,0,0,0,0,0,127,164,932,667,16,0,0,8,8192,0,0,0,0,0,127,208,915,664,16,2,0,6,8192,0,0,0,0,0,127,174,949,624,16,4,0,4,8192,0,0,0,0,0,127,208,921,616,16,6,0,2,8192,0,0,0,0,0,127,218,949,592,0,8,0,0,8192,0,0,0,0,0,127,208,923,568
1710,0,5888,5632,5376,5120,4864,4608,4096,4352,0,0,0,0,12,32768,0,39,21,4864,5120,127,183,949,642,0,0,0,14,8192,0,0,0,0,0,127,250,925,709,16,0,0,10,8192,0,0,0,0,0,127,180,932,664,16,0,0,8,8192,0,0,0,0,0,127,240,913,661,16,2,0,6,8192,0,0,0,0,0,127,190,949,621,16,4,0,4,8192,0,0,0,0,0,127,240,922,613,16,6,0,2,8192,0,0,0,0,0,127,250,948,588,0,8,0,0,8192,0,0,0,0,0,127,240,924,565
1714,0,5888,5632,5376,5120,4096,4864,4608,4352,0,0,0,0,8,32768,0,39,22,4864,5120,127,203,950,639,0,0,0,14,8192,0,0,0,0,0,127,294,926,704,16,0,0,12,8192,0,0,0,0,0,127,196,932,662,16,0,0,10,8192,0,0,0,0,0,127,276,911,657,16,2,0,6,8192,0,0,0,0,0,127,218,948,618,16,4,0,4,8192,0,0,0,0,0,127,276,922,609,16,6,0,2,8192,0,0,0,0,0,127,294,947,584,0,8,0,0,8192,0,0,0,0,0,127,276,924,561
1718,0,5888,5632,5376,5120,4096,4864,4608,4352,0,0,0,0,8,32768,0,42,22,4864,5120,8319,235,950,636,16,0,0,14,8192,0,0,0,0,0,127,342,926,700,16,0,0,12,8192,0,0,0,0,0,127,224,932,658,0,0,0,10,8192,0,0,0,0,0,127,324,909,652,16,2,0,6,8192,0,0,0,0,0,127,250,948,614,16,4,0,4,8192,0,0,0,0,0,127,324,923,604,16,6,0,2,8192,0,0,0,0,0,127,342,946,579,0,8,0,0,8192,0,0,0,0,0,128,324,925,557
1722,0,5888,5632,5376,5120,4096,4864,4608,4352,0,0,0,0,8,32768,0,43,22,4864,5120,8319,271,951,632,16,0,0,14,8192,0,0,0,0,0,127,390,927,694,16,0,0,12,8192,0,0,0,0,0,127,256,932,655,0,0,0,10,8192,0,0,0,0,0,127,372,909,646,16,2,0,6,8192,0,0,0,0,0,127,294,947,610,16,4,0,4,8192,0,0,0,0,0,127,372,924,599,16,6,0,2,8192,0,0,0,0,0,127,390,945,574,8,8,0,0,8192,0,0,0,0,0,128,372,926,551
1726,0,5888,5632,5376,5120,4096,4864,4608,4352,0,0,0,0,8,32768,0,42,23,4864,5120,16511,319,952,628,16,0,0,14,8192,0,0,0,0,0,127,446,928,688,16,0,0,12,8192,0,0,0,0,0,127,300,932,651,0,0,0,10,8192,0,0,0,0,0,127,422,909,640,16,2,0,6,8192,0,0,0,0,0,127,342,947,605,16,4,0,4,8192,0,0,0,0,0,127,422,925,593,16,6,0,2,8192,0,0,0,0,0,127,444,944,567,8,8,0,0,8192,0,0,0,0,0,128,422,926,545
1730,0,5888,5632,5376,5120,4096,4864,4608,4352,0,0,0,0,8,32768,0,43,23,4864,5120,16511,367,953,623,16,0,0,14,8192,0,0,0,0,0,127,496,928,680,16,0,0,12,8192,0,0,0,0,0,127,348,932,646,0,0,0,10,8192,0,0,0,0,0,127,476,910,633,16,2,0,6,8192,0,0,0,0,0,127,390,946,600,16,4,0,4,8192,0,0,0,0,0,127,476,926,586,16,6,0,2,8192,0,0,0,0,0,127,494,943,560,8,8,0,0,8192,0,0,0,0,0,128,476,925,538
1734,0,5888,5632,5376,5120,4096,4864,4608,4352,0,0,0,0,8,32768,0,40,25,4864,5120,24703,415,954,617,16,0,0,14,8192,0,0,0,0,0,127,542,928,672,16,0,0,12,8192,0,0,0,0,0,127,396,932,640,0,0,0,10,8192,0,0,0,0,0,127,523,912,626,16,2,0,6,8192,0,0,0,0,0,127,444,945,593,16,4,0,4,8192,0,0,0,0,0,127,523,927,579,16,6,0,2,8192,0,0,0,0,0,128,494,941,553,8,8,0,0,8192,0,0,0,0,0,128,523,923,531
1738,0,5888,5632,5376,5120,4096,4864,4608,4352,0,0,0,0,8,32768,0,39,26,4864,5120,24703,459,955,610,16,0,0,14,8192,0,0,0,0,0,127,586,928,664,16,0,0,12,8192,0,0,0,0,0,127,450,932,633,0,0,0,10,8192,0,0,0,0,0,127,567,914,618,16,2,0,6,8192,0,0,0,0,0,127,494,944,586,16,4,0,4,8192,0,0,0,0,0,127,567,928,570,16,6,0,2,8192,0,0,0,0,0,128,494,939,545,8,8,0,0,8192,0,0,0,0,0,128,567,921,523
1742,0,5888,5632,5376,5120,4096,4864,4608,4352,0,0,0,0,8,32768,0,41,29,4864,5120,32895,491,956,603,16,0,0,14,8192,0,0,0,0,0,127,584,928,655,16,0,0,12,8192,0,0,0,0,0,127,500,932,626,0,0,0,10,8192,0,0,0,0,0,127,610,915,609,16,2,0,6,8192,0,0,0,0,0,127,540,943,578,16,4,0,4,8192,0,0,0,0,0,127,610,929,561,16,6,0,2,8192,0,0,0,0,0,128,494,936,538,8,8,0,0,8192,0,0,0,0,0,128,610,919,514
1746,0,5888,5632,5376,5120,4096,4864,4608,4352,0,0,0,0,8,32768,0,41,30,4864,5120,32895,523,957,595,16,0,0,14,8192,0,0,0,0,0,127,582,928,645,16,0,0,12,8192,0,0,0,0,0,127,545,932,618,0,0,0,10,8192,0,0,0,0,0,127,649,916,599,16,2,0,6,8192,0,0,0,0,0,127,584,942,570,16,4,0,4,8192,0,0,0,0,0,128,632,929,551,16,6,0,2,8192,0,0,0,0,0,128,494,934,531,8,8,0,0,8192,0,0,0,0,0,128,649,917,504
1750,0,5888,5632,5376,5120,4096,4864,4608,4352,0,0,0,0,8,32768,0,39,31,4864,5120,41087,555,958,587,16,0,0,14,8192,0,0,0,0,0,127,594,928,636,16,0,0,12,8192,0,0,0,0,0,127,589,932,609,0,0,0,10,8192,0,0,0,0,0,127,672,918,589,16,2,0,6,8192,0,0,0,0,0,127,625,942,560,16,4,0,4,8192,0,0,0,0,0,128,604,929,542,16,6,0,2,8192,0,0,0,0,0,128,494,931,523,8,8,0,0,8192,0,0,0,0,0,128,685,914,494
1754,0,5888,5632,5376,5120,4096,4864,4608,4352,0,0,0,0,8,32768,0,38,32,4864,5120,41087,583,957,578,16,0,0,14,8192,0,0,0,0,0,127,592,928,627,16,0,0,12,8192,0,0,0,0,0,127,588,932,600,0,0,0,10,8192,0,0,0,0,0,127,656,919,579,16,2,0,6,8192,0,0,0,0,0,128,611,942,551,16,4,0,4,8192,0,0,0,0,0,128,588,927,533,16,6,0,2,8192,0,0,0,0,0,128,494,928,516,8,8,0,0,8192,0,0,0,0,0,128,708,910,484
1758,0,5888,5632,5376,5120,4096,4864,4608,4352,0,0,0,0,8,32768,0,31,36,4608,4864,49279,599,957,569,16,0,0,14,8192,0,0,0,0,0,127,590,928,618,16,0,0,12,8192,0,0,0,0,0,127,614,930,591,0,0,0,10,8192,0,0,0,0,0,127,679,921,568,16,2,0,6,8192,0,0,0,0,0,128,591,941,541,16,4,0,4,8192,0,0,0,0,0,128,572,925,524,16,6,0,2,8192,0,0,0,0,0,128,494,925,509,8,8,0,0,8192,0,0,0,0,0,128,705,907,474
1762,0,5888,5632,5376,5120,4096,4864,4608,4352,0,0,0,0,8,32768,0,34,34,4608,4864,49280,615,957,559,16,0,0,14,8192,0,0,0,0,0,127,588,928,609,16,0,0,12,8192,0,0,0,0,0,127,612,927,581,0,0,0,10,8192,0,0,0,0,0,128,663,923,558,16,2,0,6,8192,0,0,0,0,0,128,575,939,532,16,4,0,4,8192,0,0,0,0,0,128,556,923,515,16,6,0,2,8192,0,0,0,0,0,128,494,923,502,8,8,0,0,8192,0,0,0,0,0,128,702,905,463
1766,0,5888,5632,5376,5120,4096,4864,4608,4352,0,0,0,0,8,32768,0,34,32,4608,4864,57472,631,956,549,16,0,0,14,8192,0,0,0,0,0,127,586,928,600,16,0,0,12,8192,0,0,0,0,0,127,596,927,572,0,0,0,10,8192,0,0,0,0,0,128,631,925,548,16,2,0,6,8192,0,0,0,0,0,128,559,936,524,16,4,0,4,8192,0,0,0,0,0,128,540,921,507,16,6,0,2,8192,0,0,0,0,0,128,494,921,494,8,8,0,0,8192,0,0,0,0,0,128,725,903,452
1770,0,5888,5632,5376,5120,4096,4864,4608,4352,0,0,0,0,8,32768,0,34,31,4608,4864,57472,645,954,540,16,0,0,14,8192,0,0,0,0,0,127,584,928,590,16,0,0,12,8192,0,0,0,0,0,127,580,928,563,0,0,0,10,8192,0,0,0,0,0,128,603,925,538,16,2,0,6,8192,0,0,0,0,0,128,543,933,516,16,4,0,4,8192,0,0,0,0,0,128,524,919,499,16,6,0,2,8192,0,0,0,0,0,128,494,918,487,8,8,0,0,8192,0,0,0,0,0,128,709,899,442
1774,0,5888,5632,5376,5120,4096,4864,4608,4352,0,0,0,0,8,32768,0,31,28,4608,4864,128,653,952,530,16,0,0,14,8192,0,0,0,0,0,127,582,928,581,16,0,0,12,8192,0,0,0,0,0,128,606,929,554,0,0,0,10,8192,0,0,0,0,0,128,587,924,529,16,2,0,6,8192,0,0,0,0,0,128,527,929,508,16,4,0,4,8192,0,0,0,0,0,128,508,916,491,16,6,0,2,8192,0,0,0,0,0,128,494,916,480,8,8,0,0,8192,0,0,0,0,0,128,706,893,432
1778,0,5888,5632,5376,5120,4096,4864,4608,4352,0,0,0,0,8,32768,0,29,29,4608,4864,128,661,950,520,16,0,0,14,8192,0,0,0,0,0,127,594,928,572,16,0,0,12,8192,0,0,0,0,0,128,592,930,544,0,0,0,10,8192,0,0,0,0,0,128,571,922,520,16,2,0,6,8192,0,0,0,0,0,128,511,926,501,16,4,0,4,8192,0,0,0,0,0,128,492,913,484,16,6,0,2,8192,0,0,0,0,0,128,494,913,472,8,8,0,0,8192,0,0,0,0,0,128,703,887,423
1782,0,5888,5632,5376,5120,4096,4864,4608,4352,0,0,0,0,8,32768,0,28,27,4608,4864,8320,669,947,510,16,0,0,14,8192,0,0,0,0,0,127,592,928,563,16,0,0,12,8192,0,0,0,0,0,128,572,930,535,0,0,0,10,8192,0,0,0,0,0,128,555,920,512,16,2,0,6,8192,0,0,0,0,0,128,495,923,494,16,4,0,4,8192,0,0,0,0,0,128,492,911,477,16,6,0,2,8192,0,0,0,0,0,128,494,909,465,8,8,0,0,8192,0,0,0,0,0,128,726,880,414
1786,0,5888,5632,5376,5120,4096,4864,4608,4352,0,0,0,0,8,32768,0,27,26,4608,4864,8320,677,943,500,16,0,0,14,8192,0,0,0,0,0,128,572,928,554,16,0,0,12,8192,0,0,0,0,0,128,556,928,527,0,0,0,10,8192,0,0,0,0,0,128,539,918,503,16,2,0,6,8192,0,0,0,0,0,128,479,920,486,16,4,0,4,8192,0,0,0,0,0,128,492,908,469,16,6,0,2,8192,0,0,0,0,0,128,494,906,458,8,8,0,0,8192,0,0,0,0,0,128,710,872,406
1790,0,5888,5632,5376,5120,4096,4864,4608,4352,0,0,0,0,8,32768,0,30,26,4608,4864,16512,685,940,490,16,0,0,14,8192,0,0,0,0,0,128,556,927,545,16,0,0,12,8192,0,0,0,0,0,128,540,923,519,0,0,0,10,8192,0,0,0,0,0,128,523,916,495,16,2,0,6,8192,0,0,0,0,0,128,479,917,479,16,4,0,4,8192,0,0,0,0,0,128,492,907,462,16,6,0,2,8192,0,0,0,0,0,128,494,903,451,8,8,0,0,8192,0,0,0,0,0,128,707,865,398
1794,0,5888,5632,5376,5120,4096,4864,4608,4352,0,0,0,0,8,32768,0,32,24,4608,4864,16512,693,936,480,16,0,0,14,8192,0,0,0,0,0,128,540,926,537,16,0,0,12,8192,0,0,0,0,0,128,524,918,512,0,0,0,10,8192,0,0,0,0,0,128,507,913,488,16,2,0,6,8192,0,0,0,0,0,128,479,914,473,16,4,0,4,8192,0,0,0,0,0,128,492,905,455,16,6,0,2,8192,0,0,0,0,0,128,494,899,445,8,8,0,0,8192,0,0,0,0,0,128,739,857,390
1798,0,5888,5632,5376,5120,4096,4864,4608,4352,0,0,0,0,8,32768,0,36,24,4608,4864,24704,701,932,470,16,0,0,14,8192,0,0,0,0,0,128,524,924,528,16,0,0,12,8192,0,0,0,0,0,128,508,913,506,0,0,0,10,8192,0,0,0,0,0,128,507,910,480,16,2,0,6,8192,0,0,0,0,0,128,479,911,466,16,4,0,4,8192,0,0,0,0,0,128,492,903,447,16,6,0,2,8192,0,0,0,0,0,128,494,894,439,8,8,0,0,8192,0,0,0,0,0,128,771,848,383
1802,0,5888,5632,5376,5120,4096,4864,4608,4352,0,0,0,0,8,32768,0,39,24,4608,4864,24704,708,927,460,16,0,0,14,8192,0,0,0,0,0,128,508,922,520,16,0,0,12,8192,0,0,0,0,0,128,492,908,499,0,0,0,10,8192,0,0,0,0,0,128,507,908,473,16,2,0,6,8192,0,0,0,0,0,128,479,908,459,16,4,0,4,8192,0,0,0,0,0,128,492,900,441,16,6,0,2,8192,0,0,0,0,0,128,494,889,433,8,8,0,0,8192,0,0,0,0,0,128,799,838,376
1806,0,5888,5632,5376,5120,4096,4864,4608,4352,0,0,0,0,8,32768,0,21,19,4864,5120,32896,714,922,450,16,0,0,14,8192,0,0,0,0,0,128,492,920,513,16,0,0,12,8192,0,0,0,0,0,128,476,906,493,0,0,0,10,8192,0,0,0,0,0,128,507,907,465,16,2,0,6,8192,0,0,0,0,0,128,479,904,453,16,4,0,4,8192,0,0,0,0,0,128,492,896,434,16,6,0,2,8192,0,0,0,0,0,128,494,884,427,8,8,0,0,8192,0,0,0,0,0,128,827,827,369
1810,0,5888,5632,5376,5120,4096,4864,4608,4352,0,0,0,0,8,32768,0,18,19,4864,5120,32896,720,917,440,16,0,0,14,8192,0,0,0,0,0,128,476,918,506,16,0,0,12,8192,0,0,0,0,0,128,460,904,485,0,0,0,10,8192,0,0,0,0,0,128,507,905,458,16,2,0,6,8192,0,0,0,0,0,128,479,899,447,16,4,0,4,8192,0,0,0,0,0,128,492,891,428,16,6,0,2,8192,0,0,0,0,0,128,494,879,421,8,8,0,0,8192,0,0,0,0,0,128,854,817,361
1814,0,5888,5632,5376,5120,4096,4864,4608,4352,0,0,0,0,8,32768,0,17,18,4864,5120,41088,726,911,431,16,0,0,14,8192,0,0,0,0,0,128,460,916,499,16,0,0,12,8192,0,0,0,0,0,128,492,903,478,0,0,0,10,8192,0,0,0,0,0,128,507,903,450,16,2,0,6,8192,0,0,0,0,0,128,479,895,441,16,4,0,4,8192,0,0,0,0,0,128,492,886,422,16,6,0,2,8192,0,0,0,0,0,128,494,874,415,8,8,0,0,8192,0,0,0,0,0,128,878,806,353
1818,0,5888,5632,5376,5120,4096,4864,4608,4352,0,0,0,0,8,32768,0,18,19,4864,5120,41088,732,904,421,16,0,0,14,8192,0,0,0,0,0,128,460,914,492,16,0,0,12,8192,0,0,0,0,0,128,492,902,470,0,0,0,10,8192,0,0,0,0,0,128,507,900,443,16,2,0,6,8192,0,0,0,0,0,128,479,890,435,16,4,0,4,8192,0,0,0,0,0,128,492,881,417,16,6,0,2,8192,0,0,0,0,0,128,494,870,409,8,8,0,0,8192,0,0,0,0,0,128,901,794,346
1822,0,5888,5632,5376,5120,4096,4864,4608,4352,0,0,0,0,8,32768,0,19,19,4864,5120,49280,738,897,413,16,0,0,14,8192,0,0,0,0,0,128,460,911,485,16,0,0,12,8192,0,0,0,0,0,128,476,901,463,0,0,0,10,8192,0,0,0,0,0,128,507,897,436,16,2,0,6,8192,0,0,0,0,0,128,479,885,429,16,4,0,4,8192,0,0,0,0,0,128,492,876,411,16,6,0,2,8192,0,0,0,0,0,128,494,865,403,8,8,0,0,8192,0,0,0,0,0,128,895,782,339
1826,0,5888,5632,5376,5120,4096,4864,4608,4352,0,0,0,0,8,32768,0,17,21,5120,5376,49280,744,888,405,16,0,0,14,8192,0,0,0,0,0,128,460,909,478,16,0,0,12,8192,0,0,0,0,0,128,460,900,456,0,0,0,10,8192,0,0,0,0,0,128,507,892,429,16,2,0,6,8192,0,0,0,0,0,128,479,881,423,16,4,0,4,8192,0,0,0,0,0,128,492,871,405,16,6,0,2,8192,0,0,0,0,0,128,526,860,397,8,8,0,0,8192,0,0,0,0,0,128,909,770,331
1830,0,5888,5632,4096,5376,5120,4864,4608,4352,0,0,0,0,4,32768,0,17,17,5120,5376,16512,750,879,398,16,0,0,14,8192,0,0,0,0,0,128,460,907,471,16,0,0,12,8192,0,0,0,0,0,128,492,897,449,16,0,0,10,8192,0,0,0,0,0,128,507,887,424,16,2,0,8,8192,0,0,0,0,0,128,479,876,417,16,4,0,6,8192,0,0,0,0,0,128,492,867,399,16,6,0,2,8192,0,0,0,0,0,128,571,853,391,8,8,0,0,8192,0,0,0,0,0,128,893,758,324
1834,0,5888,5632,4096,5376,5120,4864,4608,4352,0,0,0,0,4,32768,0,17,12,5120,5376,16512,756,869,392,16,0,0,14,8192,0,0,0,0,0,128,460,906,464,16,0,0,12,8192,0,0,0,0,0,128,492,894,442,16,0,0,10,8192,0,0,0,0,0,128,491,882,418,16,2,0,8,8192,0,0,0,0,0,128,479,872,411,0,4,0,6,8192,0,0,0,0,0,128,539,861,393,16,6,0,2,8192,0,0,0,0,0,128,612,846,385,8,8,0,0,8192,0,0,0,0,0,128,907,746,317
1838,0,5888,5632,4096,5376,5120,4864,4608,4352,0,0,0,0,4,49152,0,17,7,5120,5376,57472,653,858,386,16,0,0,14,8192,0,0,0,0,0,128,460,905,457,16,0,0,12,8192,0,0,0,0,0,128,476,891,435,16,0,0,10,8192,0,0,0,0,0,128,475,877,412,16,2,0,8,8192,0,0,0,0,0,128,479,867,405,0,4,0,6,28672,0,0,0,0,0,128,572,855,387,16,6,0,2,8192,0,0,0,0,0,128,610,838,379,8,8,0,0,8192,0,0,0,0,0,128,901,733,310
1842,0,5888,5632,4096,5376,5120,4864,4608,4352,0,0,0,0,4,49152,0,17,7,5120,5376,57472,653,849,382,16,0,0,14,8192,0,0,0,0,0,128,460,903,450,16,0,0,12,8192,0,0,0,0,0,128,460,886,429,16,0,0,10,8192,0,0,0,0,0,128,475,872,406,16,2,0,8,8192,0,0,0,0,0,128,479,862,399,0,4,0,6,28672,0,0,0,0,0,128,572,842,389,16,6,0,2,8192,0,0,0,0,0,128,594,831,374,8,8,0,0,8192,0,0,0,0,0,128,895,721,303
1846,0,5888,5632,4096,5376,5120,4864,4608,4352,0,0,0,0,4,32768,0,18,14,5120,5376,128,655,840,378,16,0,0,14,8192,0,0,0,0,0,128,460,900,443,16,0,0,12,8192,0,0,0,0,0,128,492,882,423,16,0,0,10,8192,0,0,0,0,0,128,475,868,401,16,2,0,8,8192,0,0,0,0,0,128,511,857,396,0,4,0,6,8192,0,0,0,0,0,128,583,830,391,16,6,0,2,8192,0,0,0,0,0,128,592,823,369,8,8,0,0,8192,0,0,0,0,0,128,909,709,296
1850,0,5888,5632,4096,5376,5120,4864,4608,4352,0,0,0,0,4,32768,0,22,14,5120,5376,128,663,830,374,16,0,0,14,8192,0,0,0,0,0,128,460,896,437,16,0,0,12,8192,0,0,0,0,0,128,492,877,417,16,0,0,10,8192,0,0,0,0,0,128,475,863,395,16,2,0,8,8192,0,0,0,0,0,128,556,849,394,0,4,0,6,8192,0,0,0,0,0,128,623,823,385,16,6,0,2,8192,0,0,0,0,0,128,590,816,363,8,8,0,0,8192,0,0,0,0,0,128,893,697,290
1854,0,5888,5632,4096,5376,5120,4864,4608,4352,0,0,0,0,4,32768,0,24,9,5120,5376,8320,671,820,371,16,0,0,14,8192,0,0,0,0,0,128,460,892,431,16,0,0,12,8192,0,0,0,0,0,128,476,872,411,16,0,0,10,8192,0,0,0,0,0,128,523,858,389,16,2,0,8,8192,0,0,0,0,0,128,598,841,391,0,4,0,6,8192,0,0,0,0,0,128,621,817,378,16,6,0,2,8192,0,0,0,0,0,128,616,808,358,8,8,0,0,8192,0,0,0,0,0,128,907,684,283
1858,0,5888,5632,5376,4096,5120,4864,4608,4352,0,0,0,0,6,49152,0,25,4,5120,5376,36992,631,810,368,16,0,0,14,8192,0,0,0,0,0,128,460,888,425,16,0,0,12,8192,0,0,0,0,0,128,460,868,405,16,0,0,10,8192,0,0,0,0,0,128,567,851,384,0,2,0,8,8192,0,0,0,0,0,128,624,833,388,16,4,0,4,28672,0,0,0,0,0,128,613,809,373,8,6,0,2,8192,0,0,0,0,0,128,642,800,353,8,8,0,0,8192,0,0,0,0,0,128,901,671,277
1862,0,5888,5632,5376,4096,5120,4864,4608,4352,0,0,0,0,6,49152,0,26,7,5120,5376,45184,631,800,366,16,0,0,14,8192,0,0,0,0,0,128,460,883,420,16,0,0,12,8192,0,0,0,0,0,128,492,863,400,16,0,0,10,8192,0,0,0,0,0,128,566,844,379,0,2,0,8,8192,0,0,0,0,0,128,622,825,385,16,4,0,4,28672,0,0,0,0,0,128,613,799,377,8,6,0,2,8192,0,0,0,0,0,128,679,791,347,8,8,0,0,8192,0,0,0,0,0,128,895,659,271
1866,0,5888,5632,5376,4096,5120,4864,4608,4352,0,0,0,0,6,32768,0,15,23,5376,5632,45184,637,791,363,16,0,0,14,8192,0,0,0,0,0,128,460,878,415,16,0,0,12,8192,0,0,0,0,0,128,540,858,394,16,0,0,10,8192,0,0,0,0,0,128,565,837,374,0,2,0,8,8192,0,0,0,0,0,128,606,819,379,16,4,0,4,8192,0,0,0,0,0,128,619,789,377,8,6,0,2,8192,0,0,0,0,0,128,715,782,342,8,8,0,0,8192,0,0,0,0,0,128,909,646,265
1870,0,5888,5632,5376,4096,5120,4864,4608,4352,0,0,0,0,6,32768,0,11,25,5376,5632,53376,647,781,360,16,0,0,14,8192,0,0,0,0,0,128,460,874,409,16,0,0,12,8192,0,0,0,0,0,128,585,852,388,16,0,0,10,8192,0,0,0,0,0,128,564,830,369,0,2,0,8,8192,0,0,0,0,0,128,632,812,372,16,4,0,4,8192,0,0,0,0,0,128,617,782,371,8,6,0,2,8192,0,0,0,0,0,128,748,772,336,8,8,0,0,8192,0,0,0,0,0,128,893,633,259
1874,0,5888,5632,5376,4096,5120,4864,4608,4352,0,0,0,0,6,32768,0,7,28,5376,5632,53376,655,771,357,16,0,0,14,8192,0,0,0,0,0,128,460,869,403,16,0,0,12,8192,0,0,0,0,0,128,584,844,382,16,0,0,10,8192,0,0,0,0,0,128,563,823,364,0,2,0,8,8192,0,0,0,0,0,128,669,804,366,16,4,0,4,8192,0,0,0,0,0,128,615,775,364,8,6,0,2,8192,0,0,0,0,0,128,780,762,330,8,8,0,0,8192,0,0,0,0,0,128,907,621,253
1878,0,5888,5632,5376,4096,5120,4864,4608,4352,0,0,0,0,6,32768,0,3,32,5376,5632,61568,663,761,354,16,0,0,14,8192,0,0,0,0,0,128,476,865,398,16,0,0,12,8192,0,0,0,0,0,128,568,837,377,16,0,0,10,8192,0,0,0,0,0,128,562,816,359,0,2,0,8,8192,0,0,0,0,0,128,692,795,360,16,4,0,4,8192,0,0,0,0,0,128,641,768,357,8,6,0,2,8192,0,0,0,0,0,128,809,752,323,8,8,0,0,8192,0,0,0,0,0,128,901,608,247
1882,0,5888,5632,5376,4096,5120,4864,4608,4352,0,0,0,0,6,32768,0,3,34,5376,5632,61568,671,752,351,16,0,0,14,8192,0,0,0,0,0,128,523,859,392,16,0,0,12,8192,0,0,0,0,0,128,552,830,372,16,0,0,10,8192,0,0,0,0,0,128,561,808,355,0,2,0,8,8192,0,0,0,0,0,128,689,786,353,16,4,0,4,8192,0,0,0,0,0,128,625,761,351,8,6,0,2,8192,0,0,0,0,0,128,837,741,316,8,8,0,0,8192,0,0,0,0,0,128,895,595,241
1886,0,5888,5632,5376,4096,5120,4864,4608,4352,0,0,0,0,6,32768,0,7,39,5376,5632,4224,679,742,347,16,0,0,14,8192,0,0,0,0,0,128,552,853,387,16,0,0,12,8192,0,0,0,0,0,128,581,823,367,16,0,0,10,8192,0,0,0,0,0,128,590,800,350,0,2,0,8,8192,0,0,0,0,0,128,673,778,347,16,4,0,4,8192,0,0,0,0,0,128,623,753,344,8,6,0,2,8192,0,0,0,0,0,128,862,730,308,8,8,0,0,8192,0,0,0,0,0,128,909,583,234
1890,0,5888,5632,5376,4096,5120,4864,4608,4352,0,0,0,0,6,32768,0,10,44,5376,5632,4224,687,732,342,16,0,0,14,8192,0,0,0,0,0,128,551,846,382,16,0,0,12,8192,0,0,0,0,0,128,580,815,361,16,0,0,10,8192,0,0,0,0,0,128,616,792,345,0,2,0,8,8192,0,0,0,0,0,128,670,769,341,16,4,0,4,8192,0,0,0,0,0,128,621,746,338,8,6,0,2,8192,0,0,0,0,0,128,886,719,300,8,8,0,0,8192,0,0,0,0,0,128,893,570,228
1894,0,5888,5632,5376,4096,5120,4864,4608,4352,0,0,0,0,6,32768,0,13,48,5376,5632,12416,695,723,336,16,0,0,14,8192,0,0,0,0,0,128,550,839,377,16,0,0,12,8192,0,0,0,0,0,128,606,808,356,16,0,0,10,8192,0,0,0,0,0,128,600,784,341,0,2,0,8,8192,0,0,0,0,0,128,693,761,335,16,4,0,4,8192,0,0,0,0,0,128,619,739,331,8,6,0,2,8192,0,0,0,0,0,128,908,708,292,8,8,0,0,8192,0,0,0,0,0,128,907,557,222
1898,0,5888,5632,4096,5376,5120,4864,4608,4352,0,0,0,0,4,32768,0,15,49,5376,5632,12416,703,714,330,16,0,0,14,8192,0,0,0,0,0,128,549,831,372,16,0,0,12,8192,0,0,0,0,0,128,604,800,351,16,0,0,10,8192,0,0,0,0,0,128,598,776,336,0,2,0,8,8192,0,0,0,0,0,128,690,752,328,0,4,0,6,8192,0,0,0,0,0,128,617,732,325,16,6,0,2,8192,0,0,0,0,0,128,919,695,286,8,8,0,0,8192,0,0,0,0,0,128,901,544,216
1902,0,5888,5632,4096,5376,5120,4864,4608,4352,0,0,0,0,4,32768,0,17,52,5376,5632,20608,709,705,324,16,0,0,14,8192,0,0,0,0,0,128,563,824,367,16,0,0,12,8192,0,0,0,0,0,128,588,792,346,16,0,0,10,8192,0,0,0,0,0,128,596,768,331,0,2,0,8,8192,0,0,0,0,0,128,674,744,321,0,4,0,6,8192,0,0,0,0,0,128,656,725,318,16,6,0,2,8192,0,0,0,0,0,128,876,682,279,8,8,0,0,8192,0,0,0,0,0,128,895,532,211
1906,0,5888,5632,4096,5376,5120,4864,4608,4352,0,0,0,0,4,32768,0,19,51,5376,5632,20608,715,696,317,16,0,0,14,8192,0,0,0,0,0,128,562,818,361,16,0,0,12,8192,0,0,0,0,0,128,614,784,342,16,0,0,10,8192,0,0,0,0,0,128,594,760,326,16,2,0,8,8192,0,0,0,0,0,128,671,735,315,0,4,0,6,8192,0,0,0,0,0,128,679,718,310,16,6,0,2,8192,0,0,0,0,0,128,836,670,274,8,8,0,0,8192,0,0,0,0,0,128,909,519,204
1910,0,5888,5632,4096,5376,5120,4864,4608,4352,0,0,0,0,4,32768,0,20,53,5376,5632,28800,721,687,311,16,0,0,14,8192,0,0,0,0,0,128,576,810,357,16,0,0,12,8192,0,0,0,0,0,128,612,775,337,16,0,0,10,8192,0,0,0,0,0,128,592,752,322,16,2,0,8,8192,0,0,0,0,0,128,655,727,309,0,4,0,6,8192,0,0,0,0,0,128,702,710,303,16,6,0,2,8192,0,0,0,0,0,128,804,658,269,8,8,0,0,8192,0,0,0,0,0,128,893,506,199
1914,0,5888,5632,4096,5376,5120,4864,4608,4352,0,0,0,0,4,32768,0,20,53,5376,5632,28800,727,678,304,16,0,0,14,8192,0,0,0,0,0,128,588,802,352,16,0,0,12,8192,0,0,0,0,0,128,596,768,332,16,0,0,10,8192,0,0,0,0,0,128,618,744,316,16,2,0,8,8192,0,0,0,0,0,128,639,719,303,0,4,0,6,8192,0,0,0,0,0,128,686,701,297,16,6,0,2,8192,0,0,0,0,0,128,772,647,263,8,8,0,0,8192,0,0,0,0,0,128,907,493,192
1918,0,5888,5632,4096,5376,5120,4864,4608,4352,0,0,0,0,4,32768,0,20,53,5376,5632,36992,733,668,298,16,0,0,14,8192,0,0,0,0,0,128,586,795,347,16,0,0,12,8192,0,0,0,0,0,128,580,760,326,16,0,0,10,8192,0,0,0,0,0,128,602,736,312,16,2,0,8,8192,0,0,0,0,0,128,623,711,297,0,4,0,6,8192,0,0,0,0,0,128,683,691,292,16,6,0,2,8192,0,0,0,0,0,128,740,636,258,8,8,0,0,8192,0,0,0,0,0,128,901,481,186
1922,0,5888,5632,4096,5376,5120,4864,4608,4352,0,0,0,0,4,32768,0,18,53,5376,5632,36992,739,659,292,16,0,0,14,8192,0,0,0,0,0,128,584,787,343,16,0,0,12,8192,0,0,0,0,0,128,606,752,322,16,0,0,10,8192,0,0,0,0,0,128,600,727,308,16,2,0,8,8192,0,0,0,0,0,128,607,702,292,0,4,0,6,8192,0,0,0,0,0,128,680,682,287,16,6,0,2,8192,0,0,0,0,0,128,720,626,254,8,8,0,0,8192,0,0,0,0,0,128,895,468,180
1926,0,5888,5632,4096,5376,5120,4864,4608,4352,0,0,0,0,4,32768,0,19,52,5376,5632,45184,745,648,286,16,0,0,14,8192,0,0,0,0,0,128,582,779,338,16,0,0,12,8192,0,0,0,0,0,128,604,744,316,16,0,0,10,8192,0,0,0,0,0,128,598,719,303,16,2,0,8,8192,0,0,0,0,0,128,605,694,288,0,4,0,6,8192,0,0,0,0,0,128,703,672,283,16,6,0,2,8192,0,0,0,0,0,128,704,616,249,8,8,0,0,8192,0,0,0,0,0,128,905,456,174
1930,0,5888,5632,4096,5376,5120,4864,4608,4352,0,0,0,0,4,32768,0,19,52,5376,5632,45184,751,638,281,16,0,0,14,8192,0,0,0,0,0,128,594,771,333,16,0,0,12,8192,0,0,0,0,0,128,588,737,311,16,0,0,10,8192,0,0,0,0,0,128,596,712,298,16,2,0,8,8192,0,0,0,0,0,128,631,685,284,0,4,0,6,8192,0,0,0,0,0,128,687,662,278,16,6,0,2,8192,0,0,0,0,0,128,688,606,244,8,8,0,0,8192,0,0,0,0,0,128,873,443,168
1934,0,5888,5632,4096,5376,5120,4864,4608,4352,0,0,0,0,4,32768,0,22,50,5376,5632,53376,757,627,276,16,0,0,14,8192,0,0,0,0,0,128,592,763,328,16,0,0,12,8192,0,0,0,0,0,128,614,729,305,16,0,0,10,8192,0,0,0,0,0,128,594,703,294,16,2,0,8,8192,0,0,0,0,0,128,629,676,280,0,4,0,6,8192,0,0,0,0,0,128,684,655,270,16,6,0,2,8192,0,0,0,0,0,128,672,597,239,8,8,0,0,8192,0,0,0,0,0,128,841,430,164
1938,0,5888,5632,4096,5376,5120,4864,4608,4352,0,0,0,0,4,32768,0,27,49,5376,5632,53376,763,616,272,16,0,0,14,8192,0,0,0,0,0,128,590,755,323,16,0,0,12,8192,0,0,0,0,0,128,612,722,300,16,0,0,10,8192,0,0,0,0,0,128,592,695,290,16,2,0,8,8192,0,0,0,0,0,128,613,667,276,0,4,0,6,8192,0,0,0,0,0,128,681,647,261,16,6,0,2,8192,0,0,0,0,0,128,656,587,235,8,8,0,0,8192,0,0,0,0,0,128,813,418,159
1942,0,5888,5632,4096,5376,5120,4864,4608,4352,0,0,0,0,4,32768,0,30,48,5376,5632,61568,769,605,267,16,0,0,14,8192,0,0,0,0,0,128,588,748,318,16,0,0,12,8192,0,0,0,0,0,128,596,714,294,16,0,0,10,8192,0,0,0,0,0,128,618,687,285,16,2,0,8,8192,0,0,0,0,0,128,611,659,272,0,4,0,6,8192,0,0,0,0,0,128,678,638,254,16,6,0,2,8192,0,0,0,0,0,128,640,578,231,8,8,0,0,8192,0,0,0,0,0,128,797,406,155
1946,0,5888,5632,4096,5376,5120,4864,4608,4352,0,0,0,0,4,32768,0,34,47,5376,5632,61568,773,594,263,16,0,0,14,8192,0,0,0,0,0,128,586,740,313,16,0,0,12,8192,0,0,0,0,0,128,580,706,290,16,0,0,10,8192,0,0,0,0,0,128,602,678,281,16,2,0,8,8192,0,0,0,0,0,128,609,650,267,0,4,0,6,8192,0,0,0,0,0,128,701,629,247,16,6,0,2,8192,0,0,0,0,0,128,624,569,227,8,8,0,0,8192,0,0,0,0,0,128,781,395,150
1950,0,5888,5632,4096,5376,5120,4864,4608,4352,0,0,0,0,4,32768,0,36,44,5376,5632,4224,777,583,258,16,0,0,14,8192,0,0,0,0,0,128,584,732,309,16,0,0,12,8192,0,0,0,0,0,128,606,697,286,16,0,0,10,8192,0,0,0,0,0,128,600,670,278,16,2,0,8,8192,0,0,0,0,0,128,607,641,264,0,4,0,6,8192,0,0,0,0,0,128,685,620,240,16,6,0,2,8192,0,0,0,0,0,128,608,560,222,8,8,0,0,8192,0,0,0,0,0,128,765,383,146
1954,0,5888,5632,4096,5376,5120,4864,4608,4352,0,0,0,0,4,32768,0,39,44,5376,5632,4224,781,572,253,16,0,0,14,8192,0,0,0,0,0,128,582,724,304,16,0,0,12,8192,0,0,0,0,0,128,604,689,282,16,0,0,10,8192,0,0,0,0,0,128,598,661,274,16,2,0,8,8192,0,0,0,0,0,128,605,633,260,0,4,0,6,8192,0,0,0,0,0,128,682,612,233,16,6,0,2,8192,0,0,0,0,0,128,592,552,218,8,8,0,0,8192,0,0,0,0,0,128,749,372,141
1958,0,5888,5632,4096,5376,5120,4864,4608,4352,0,0,0,0,4,32768,0,42,41,5376,5632,12416,785,560,248,16,0,0,14,8192,0,0,0,0,0,128,594,716,299,16,0,0,12,8192,0,0,0,0,0,128,588,680,278,16,0,0,10,8192,0,0,0,0,0,128,596,653,269,16,2,0,8,8192,0,0,0,0,0,128,631,624,255,0,4,0,6,8192,0,0,0,0,0,128,679,603,227,16,6,0,2,8192,0,0,0,0,0,128,590,543,214,8,8,0,0,8192,0,0,0,0,0,128,733,362,137
1962,0,5888,5632,4096,5376,5120,4864,4608,4352,0,0,0,0,4,32768,0,45,37,5376,5632,12416,789,549,244,16,0,0,14,8192,0,0,0,0,0,128,592,708,295,16,0,0,12,8192,0,0,0,0,0,128,614,672,275,16,0,0,10,8192,0,0,0,0,0,128,594,645,265,16,2,0,8,8192,0,0,0,0,0,128,629,615,251,0,4,0,6,8192,0,0,0,0,0,128,702,594,221,16,6,0,2,8192,0,0,0,0,0,128,588,535,211,8,8,0,0,8192,0,0,0,0,0,128,717,351,134
1966,0,5888,5632,4096,5376,5120,4864,4608,4352,0,0,0,0,4,32768,0,48,36,5376,5632,20608,793,537,239,16,0,0,14,8192,0,0,0,0,0,128,590,700,291,16,0,0,12,8192,0,0,0,0,0,128,612,663,271,16,0,0,10,8192,0,0,0,0,0,128,592,636,262,16,2,0,8,8192,0,0,0,0,0,128,613,607,247,0,4,0,6,8192,0,0,0,0,0,128,686,584,216,16,6,0,2,8192,0,0,0,0,0,128,586,527,206,8,8,0,0,8192,0,0,0,0,0,128,701,341,129
1970,0,5888,5632,4096,5376,5120,4864,4608,4352,0,0,0,0,4,32768,0,49,36,5376,5632,20608,797,526,234,16,0,0,14,8192,0,0,0,0,0,128,588,692,287,16,0,0,12,8192,0,0,0,0,0,128,596,655,266,16,0,0,10,8192,0,0,0,0,0,128,618,628,257,16,2,0,8,8192,0,0,0,0,0,128,611,598,242,0,4,0,6,8192,0,0,0,0,0,128,683,575,211,16,6,0,2,8192,0,0,0,0,0,128,612,518,203,8,8,0,0,8192,0,0,0,0,0,128,724,330,125
1974,0,5888,5632,4096,5376,5120,4864,4608,4352,0,0,0,0,4,32768,0,50,32,5376,5632,28800,801,515,229,16,0,0,14,8192,0,0,0,0,0,128,586,684,283,16,0,0,12,8192,0,0,0,0,0,128,580,646,262,16,0,0,10,8192,0,0,0,0,0,128,602,619,253,16,2,0,8,8192,0,0,0,0,0,128,609,590,238,0,4,0,6,8192,0,0,0,0,0,128,667,566,206,16,6,0,2,8192,0,0,0,0,0,128,610,509,199,8,8,0,0,8192,0,0,0,0,0,128,708,320,121
1978,0,5888,5632,4096,5376,5120,4864,4608,4352,0,0,0,0,4,32768,0,53,30,5376,5632,28800,805,504,223,16,0,0,14,8192,0,0,0,0,0,128,584,675,279,16,0,0,12,8192,0,0,0,0,0,128,606,638,259,16,0,0,10,8192,0,0,0,0,0,128,600,611,249,16,2,0,8,8192,0,0,0,0,0,128,607,581,234,0,4,0,6,8192,0,0,0,0,0,128,651,557,201,16,6,0,2,8192,0,0,0,0,0,128,594,501,195,8,8,0,0,8192,0,0,0,0,0,128,705,309,119
1982,0,5888,5632,4096,5376,5120,4864,4608,4352,0,0,0,0,4,32768,0,55,28,5376,5632,36992,809,493,217,16,0,0,14,8192,0,0,0,0,0,128,582,667,275,16,0,0,12,8192,0,0,0,0,0,128,604,629,255,16,0,0,10,8192,0,0,0,0,0,128,598,603,245,16,2,0,8,8192,0,0,0,0,0,128,605,572,230,0,4,0,6,8192,0,0,0,0,0,128,635,548,196,16,6,0,2,8192,0,0,0,0,0,128,592,493,190,8,8,0,0,8192,0,0,0,0,0,128,702,298,117
1986,0,5888,5632,4096,5376,5120,4864,4608,4352,0,0,0,0,4,32768,0,55,26,5376,5632,36992,813,482,211,16,0,0,14,8192,0,0,0,0,0,128,594,659,271,16,0,0,12,8192,0,0,0,0,0,128,588,621,251,16,0,0,10,8192,0,0,0,0,0,128,596,594,241,16,2,0,8,8192,0,0,0,0,0,128,589,564,226,0,4,0,6,8192,0,0,0,0,0,128,619,540,191,16,6,0,2,8192,0,0,0,0,0,128,590,484,187,8,8,0,0,8192,0,0,0,0,0,128,725,287,115
1990,0,5888,5632,4096,5376,5120,4864,4608,4352,0,0,0,0,4,32768,0,58,24,5376,5632,45184,817,470,205,16,0,0,14,8192,0,0,0,0,0,128,592,651,266,16,0,0,12,8192,0,0,0,0,0,128,614,612,247,16,0,0,10,8192,0,0,0,0,0,128,594,586,236,16,2,0,8,8192,0,0,0,0,0,128,573,556,222,0,4,0,6,8192,0,0,0,0,0,128,617,532,187,16,6,0,2,8192,0,0,0,0,0,128,588,476,183,8,8,0,0,8192,0,0,0,0,0,128,709,276,112
1994,0,5888,4096,5632,5376,5120,4864,4608,4352,0,0,0,0,2,32768,0,60,22,5376,5632,45184,821,459,198,16,0,0,14,8192,0,0,0,0,0,128,590,642,263,16,0,0,12,8192,0,0,0,0,0,128,612,603,243,16,0,0,10,8192,0,0,0,0,0,128,592,578,232,16,2,0,8,8192,0,0,0,0,0,128,600,548,218,0,4,0,6,8192,0,0,0,0,0,128,615,523,183,0,6,0,4,8192,0,0,0,0,0,128,586,467,179,0,8,0,0,8192,0,0,0,0,0,128,706,266,110
1998,0,5888,4096,5632,5376,5120,4864,4608,4352,0,0,0,0,2,32768,0,62,20,5376,5632,53376,822,448,192,16,0,0,14,8192,0,0,0,0,0,128,588,634,259,16,0,0,12,8192,0,0,0,0,0,128,596,595,239,16,0,0,10,8192,0,0,0,0,0,128,618,569,229,16,2,0,8,8192,0,0,0,0,0,128,598,539,214,0,4,0,6,8192,0,0,0,0,0,128,641,514,179,0,6,0,4,8192,0,0,0,0,0,128,584,459,175,0,8,0,0,8192,0,0,0,0,0,128,686,255,108
2002,0,5888,4096,5632,5376,5120,4864,4608,4352,0,0,0,0,2,32768,0,18,209,5632,5888,53376,823,436,186,16,0,0,14,8192,0,0,0,0,0,128,586,625,255,16,0,0,12,8192,0,0,0,0,0,128,580,587,235,16,0,0,10,8192,0,0,0,0,0,128,602,561,224,16,2,0,8,8192,0,0,0,0,0,128,582,531,210,16,4,0,6,8192,0,0,0,0,0,128,625,505,176,0,6,0,4,8192,0,0,0,0,0,128,568,451,172,0,8,0,0,8192,0,0,0,0,0,128,654,244,107
2006,0,5888,4096,5632,5376,5120,4864,4608,4352,0,0,0,0,2,32768,0,18,207,5632,5888,61568,824,425,181,16,0,0,14,8192,0,0,0,0,0,128,584,617,251,16,0,0,12,8192,0,0,0,0,0,128,606,578,231,16,0,0,10,8192,0,0,0,0,0,128,586,552,220,16,2,0,8,8192,0,0,0,0,0,128,580,523,206,16,4,0,6,8192,0,0,0,0,0,128,609,496,172,0,6,0,4,8192,0,0,0,0,0,128,552,442,169,0,8,0,0,8192,0,0,0,0,0,128,626,234,106
2010,0,5888,4096,5632,5376,5120,4864,4608,4352,0,0,0,0,2,32768,0,19,203,5632,5888,61568,822,413,177,16,0,0,14,8192,0,0,0,0,0,128,582,609,247,16,0,0,12,8192,0,0,0,0,0,128,604,569,227,16,0,0,10,8192,0,0,0,0,0,128,570,544,216,16,2,0,8,8192,0,0,0,0,0,128,578,515,202,16,4,0,6,8192,0,0,0,0,0,128,593,487,169,0,6,0,4,8192,0,0,0,0,0,128,536,434,166,0,8,0,0,8192,0,0,0,0,0,128,610,225,104
2014,0,5888,4096,5632,5376,5120,4864,4608,4352,0,0,0,0,2,32768,0,21,203,5632,5888,4224,823,401,172,16,0,0,14,8192,0,0,0,0,0,128,594,601,243,16,0,0,12,8192,0,0,0,0,0,128,588,561,223,16,0,0,10,8192,0,0,0,0,0,128,569,536,213,16,2,0,8,8192,0,0,0,0,0,128,577,506,198,16,4,0,6,8192,0,0,0,0,0,128,591,478,167,0,6,0,4,8192,0,0,0,0,0,128,550,427,163,0,8,0,0,8192,0,0,0,0,0,128,590,215,102
2018,0,5888,4096,5632,5376,5120,4864,4608,4352,0,0,0,0,2,32768,0,25,198,5632,5888,4224,824,389,167,16,0,0,14,8192,0,0,0,0,0,128,592,593,239,16,0,0,12,8192,0,0,0,0,0,128,572,553,219,16,0,0,10,8192,0,0,0,0,0,128,568,528,209,16,2,0,8,8192,0,0,0,0,0,128,576,498,194,16,4,0,6,8192,0,0,0,0,0,128,589,469,164,0,6,0,4,8192,0,0,0,0,0,128,549,420,157,0,8,0,0,8192,0,0,0,0,0,128,562,207,101
2022,0,5888,4096,5632,5376,5120,4864,4608,4352,0,0,0,0,2,32768,0,32,192,5632,5888,36992,822,377,162,16,0,0,14,8192,0,0,0,0,0,128,590,584,235,16,0,0,12,8192,0,0,0,0,0,128,556,545,216,16,0,0,10,8192,0,0,0,0,0,128,567,520,205,16,2,0,8,8192,0,0,0,0,0,128,575,490,190,16,4,0,6,8192,0,0,0,0,0,128,573,461,161,0,6,0,4,8192,0,0,0,0,0,128,533,413,151,0,8,0,0,8192,0,0,0,0,0,128,546,198,102
2026,0,5888,4096,5632,5376,5120,4864,4608,4352,0,0,0,0,2,32768,0,35,186,5632,5888,36992,823,365,157,16,0,0,14,8192,0,0,0,0,0,128,588,576,231,16,0,0,12,8192,0,0,0,0,0,128,585,537,212,16,0,0,10,8192,0,0,0,0,0,128,566,512,202,16,2,0,8,8192,0,0,0,0,0,128,574,482,185,16,4,0,6,8192,0,0,0,0,0,128,557,452,158,0,6,0,4,8192,0,0,0,0,0,128,547,406,145,0,8,0,0,8192,0,0,0,0,0,128,530,189,103
2030,0,5888,4096,5632,5376,5120,4864,4608,4352,0,0,0,0,2,32768,0,41,181,5632,5888,4224,824,353,152,16,0,0,14,8192,0,0,0,0,0,128,572,568,227,16,0,0,12,8192,0,0,0,0,0,128,584,528,208,16,0,0,10,8192,0,0,0,0,0,128,565,504,198,16,2,0,8,8192,0,0,0,0,0,128,573,474,182,16,4,0,6,8192,0,0,0,0,0,128,541,444,156,0,6,0,4,8192,0,0,0,0,0,128,546,399,140,0,8,0,0,8192,0,0,0,0,0,128,514,182,105
2034,0,5888,4096,5632,5376,5120,4864,4608,4352,0,0,0,0,2,32768,0,45,177,5632,5888,4224,822,341,148,16,0,0,14,8192,0,0,0,0,0,128,556,560,223,16,0,0,12,8192,0,0,0,0,0,128,568,520,204,16,0,0,10,8192,0,0,0,0,0,128,564,496,194,16,2,0,8,8192,0,0,0,0,0,128,600,466,178,16,4,0,6,8192,0,0,0,0,0,128,525,436,154,0,6,0,4,8192,0,0,0,0,0,128,530,392,135,0,8,0,0,8192,0,0,0,0,0,128,498,174,108
2038,0,5888,4096,5632,5376,5120,4864,4608,4352,0,0,0,0,2,32768,0,50,170,5632,5888,36992,823,329,143,16,0,0,14,8192,0,0,0,0,0,128,555,552,220,16,0,0,12,8192,0,0,0,0,0,128,552,512,201,16,0,0,10,8192,0,0,0,0,0,128,563,489,190,16,2,0,8,8192,0,0,0,0,0,128,598,457,174,16,4,0,6,8192,0,0,0,0,0,128,509,428,152,0,6,0,4,8192,0,0,0,0,0,128,529,385,131,0,8,0,0,8192,0,0,0,0,0,128,482,167,111
2042,0,5888,4096,5632,5376,5120,4864,4608,4352,0,0,0,0,2,32768,0,54,164,5632,5888,36992,824,317,138,16,0,0,14,8192,0,0,0,0,0,128,554,544,216,16,0,0,12,8192,0,0,0,0,0,128,581,504,197,16,0,0,10,8192,0,0,0,0,0,128,562,481,187,16,2,0,8,8192,0,0,0,0,0,128,582,449,170,16,4,0,6,8192,0,0,0,0,0,128,493,421,149,0,6,0,4,8192,0,0,0,0,0,128,528,377,127,0,8,0,0,8192,0,0,0,0,0,128,466,161,115
2046,0,5888,4096,5632,5376,5120,4864,4608,4352,0,0,0,32768,2,34816,0,58,157,5632,5888,4224,822,305,133,16,0,0,14,8192,0,0,0,0,0,128,553,536,212,16,0,0,12,8192,0,0,0,0,0,128,580,496,193,16,0,0,10,8192,0,0,0,0,0,128,561,473,183,16,2,0,8,8192,0,0,0,0,0,128,566,440,167,16,4,0,6,8192,0,0,0,0,0,128,493,413,147,0,6,0,4,8192,0,0,0,0,0,128,527,370,123,0,8,0,0,8192,0,0,0,0,0,128,466,154,118
2050,0,5888,4096,5632,5376,5120,4864,4608,4352,0,0,0,32772,2,34816,0,62,151,5632,5888,4224,823,294,128,16,0,0,14,8192,0,0,0,0,0,128,552,528,209,16,0,0,12,8192,0,0,0,0,0,128,564,488,189,16,0,0,10,8192,0,0,0,0,0,128,560,465,180,16,2,0,8,8192,0,0,0,0,0,128,550,432,164,16,4,0,6,8192,0,0,0,0,0,128,493,406,145,0,6,0,4,8192,0,0,0,0,0,128,526,362,121,0,8,0,0,8192,0,0,0,0,0,128,514,148,122
2054,0,5888,4096,5632,5376,5120,4864,4608,4352,0,0,0,32804,2,34816,0,65,143,5632,5888,36992,824,282,122,16,0,0,14,8192,0,0,0,0,0,128,551,520,205,16,0,0,12,8192,0,0,0,0,0,128,548,481,185,16,0,0,10,8192,0,0,0,0,0,128,585,457,176,16,2,0,8,8192,0,0,0,0,0,128,534,424,161,16,4,0,6,8192,0,0,0,0,0,128,493,399,142,0,6,0,4,8192,0,0,0,0,0,128,525,354,118,0,8,0,0,8192,0,0,0,0,0,128,514,141,127
2058,0,5888,4096,5632,5376,5120,4864,4608,4352,0,0,0,32804,2,34816,0,69,137,5632,5888,36992,822,271,116,16,0,0,14,8192,0,0,0,0,0,128,550,512,201,16,0,0,12,8192,0,0,0,0,0,128,577,473,181,16,0,0,10,8192,0,0,0,0,0,128,569,448,172,16,2,0,8,8192,0,0,0,0,0,128,518,417,158,16,4,0,6,8192,0,0,0,0,0,128,493,392,140,0,6,0,4,8192,0,0,0,0,0,128,524,346,116,0,8,0,0,8192,0,0,0,0,0,128,514,135,132
2062,0,5888,4096,5632,5376,5120,4864,4608,4352,0,0,0,32804,2,34816,0,71,136,5632,5888,4224,823,259,110,16,0,0,14,8192,0,0,0,0,0,128,549,505,197,16,0,0,12,8192,0,0,0,0,0,128,576,465,177,16,0,0,10,8192,0,0,0,0,0,128,553,440,169,16,2,0,8,8192,0,0,0,0,0,128,502,409,155,16,4,0,6,8192,0,0,0,0,0,128,493,384,138,0,6,0,4,8192,0,0,0,0,0,128,523,338,113,0,8,0,0,8192,0,0,0,0,0,128,514,130,138
2066,0,5888,4096,5632,5376,5120,4864,4608,4352,0,0,0,36,2,32768,0,76,128,5632,5888,4224,824,248,104,16,0,0,14,8192,0,0,0,0,0,128,563,497,194,16,0,0,12,8192,0,0,0,0,0,128,560,456,173,16,0,0,10,8192,0,0,0,0,0,128,537,432,166,16,2,0,8,8192,0,0,0,0,0,128,486,402,152,16,4,0,6,8192,0,0,0,0,0,128,493,377,136,0,6,0,4,8192,0,0,0,0,0,128,522,330,110,0,8,0,0,8192,0,0,0,0,0,128,514,124,143
2070,0,5888,4096,5632,5376,5120,4864,4608,4352,0,0,0,36,2,32768,0,79,131,5632,5888,36992,822,236,99,16,0,0,14,8192,0,0,0,0,0,128,562,489,189,16,0,0,12,8192,0,0,0,0,0,128,544,448,170,16,0,0,10,8192,0,0,0,0,0,128,521,424,163,16,2,0,8,8192,0,0,0,0,0,128,486,395,150,16,4,0,6,8192,0,0,0,0,0,128,493,370,134,0,6,0,4,8192,0,0,0,0,0,128,521,322,108,0,8,0,0,8192,0,0,0,0,0,128,514,119,149
2074,0,5888,4096,5632,5376,5120,4864,4608,4352,0,0,0,36,2,32768,0,82,128,5632,5888,36992,823,224,94,16,0,0,14,8192,0,0,0,0,0,128,561,481,186,16,0,0,12,8192,0,0,0,0,0,128,528,441,167,16,0,0,10,8192,0,0,0,0,0,128,505,417,160,16,2,0,8,8192,0,0,0,0,0,128,486,388,147,16,4,0,6,8192,0,0,0,0,0,128,493,362,132,0,6,0,4,8192,0,0,0,0,0,128,550,313,107,0,8,0,0,8192,0,0,0,0,0,128,558,114,156
2078,0,5888,4096,5632,5376,5120,4864,4608,4352,0,0,0,36,2,32768,0,85,126,5632,5888,4224,824,212,90,16,0,0,14,8192,0,0,0,0,0,128,560,473,182,16,0,0,12,8192,0,0,0,0,0,128,512,433,164,16,0,0,10,8192,0,0,0,0,0,128,489,410,157,16,2,0,8,8192,0,0,0,0,0,128,486,380,144,16,4,0,6,8192,0,0,0,0,0,128,493,355,129,0,6,0,4,8192,0,0,0,0,0,128,549,304,105,0,8,0,0,8192,0,0,0,0,0,128,601,110,164
2082,0,5888,4096,5632,5376,5120,4864,4608,4352,0,0,0,36,2,32768,0,87,126,5632,5888,4224,822,199,89,16,0,0,14,8192,0,0,0,0,0,128,559,466,178,16,0,0,12,8192,0,0,0,0,0,128,496,426,161,16,0,0,10,8192,0,0,0,0,0,128,473,403,154,16,2,0,8,8192,0,0,0,0,0,128,486,373,142,16,4,0,6,8192,0,0,0,0,0,128,493,348,126,0,6,0,4,8192,0,0,0,0,0,128,533,295,104,0,8,0,0,8192,0,0,0,0,0,128,627,107,173
2086,0,5888,4096,5632,5376,5120,4864,4608,4352,0,0,0,36,2,32768,0,91,126,5632,5888,36992,823,186,89,16,0,0,14,8192,0,0,0,0,0,128,543,458,175,16,0,0,12,8192,0,0,0,0,0,128,480,419,158,16,0,0,10,8192,0,0,0,0,0,128,473,396,152,16,2,0,8,8192,0,0,0,0,0,128,486,366,139,16,4,0,6,8192,0,0,0,0,0,128,493,341,124,0,6,0,4,8192,0,0,0,0,0,128,547,286,103,0,8,0,0,8192,0,0,0,0,0,128,611,104,182
2090,0,5888,4096,5632,5376,5120,4864,4608,4352,0,0,0,36,2,32768,0,96,126,5632,5888,36992,824,174,91,16,0,0,14,8192,0,0,0,0,0,128,527,450,172,16,0,0,12,8192,0,0,0,0,0,128,464,412,155,16,0,0,10,8192,0,0,0,0,0,128,473,389,149,16,2,0,8,8192,0,0,0,0,0,128,486,359,137,16,4,0,6,8192,0,0,0,0,0,128,493,333,123,0,6,0,4,8192,0,0,0,0,0,128,546,277,102,0,8,0,0,8192,0,0,0,0,0,128,609,101,191
2094,0,5888,4096,5632,5376,5120,4864,4608,4352,0,0,0,0,2,32768,0,99,126,5632,5888,4224,822,161,94,16,0,0,14,8192,0,0,0,0,0,128,511,442,169,16,0,0,12,8192,0,0,0,0,0,128,496,405,153,16,0,0,10,8192,0,0,0,0,0,128,473,382,147,16,2,0,8,8192,0,0,0,0,0,128,486,352,134,16,4,0,6,8192,0,0,0,0,0,128,493,326,121,0,6,0,4,8192,0,0,0,0,0,128,530,269,101,0,8,0,0,8192,0,0,0,0,0,128,607,97,200
2098,0,5888,4096,5632,5376,5120,4864,4608,4352,0,0,0,0,2,32768,0,103,124,5632,5888,4224,823,150,100,16,0,0,14,8192,0,0,0,0,0,128,495,435,166,16,0,0,12,8192,0,0,0,0,0,128,496,397,150,16,0,0,10,8192,0,0,0,0,0,128,473,375,144,16,2,0,8,8192,0,0,0,0,0,128,486,344,132,16,4,0,6,8192,0,0,0,0,0,128,493,318,120,0,6,0,4,8192,0,0,0,0,0,128,529,260,101,0,8,0,0,8192,0,0,0,0,0,128,633,94,209
2102,0,5888,4096,5632,5376,5120,4864,4608,4352,0,0,0,0,2,32768,0,107,124,5632,5888,36992,824,139,107,16,0,0,14,8192,0,0,0,0,0,128,479,428,163,16,0,0,12,8192,0,0,0,0,0,128,480,390,148,16,0,0,10,8192,0,0,0,0,0,128,473,369,141,16,2,0,8,8192,0,0,0,0,0,128,486,338,129,16,4,0,6,8192,0,0,0,0,0,128,493,311,119,0,6,0,4,8192,0,0,0,0,0,128,528,252,100,0,8,0,0,8192,0,0,0,0,0,128,617,92,219
2106,0,5888,4096,5632,5376,5120,4864,4608,4352,0,0,0,32768,2,34816,0,109,122,5632,5888,36992,822,129,115,16,0,0,14,8192,0,0,0,0,0,128,463,421,160,16,0,0,12,8192,0,0,0,0,0,128,464,383,145,16,0,0,10,8192,0,0,0,0,0,128,473,362,138,16,2,0,8,8192,0,0,0,0,0,128,486,331,126,16,4,0,6,8192,0,0,0,0,0,128,493,303,117,0,6,0,4,8192,0,0,0,0,0,128,527,244,99,0,8,0,0,8192,0,0,0,0,0,128,615,91,228
2110,0,5888,4096,5632,5376,5120,4864,4608,4352,0,0,0,32768,2,34816,0,111,120,5632,5888,4224,823,121,125,16,0,0,14,8192,0,0,0,0,0,128,463,414,158,16,0,0,12,8192,0,0,0,0,0,128,496,376,142,16,0,0,10,8192,0,0,0,0,0,128,473,355,135,16,2,0,8,8192,0,0,0,0,0,128,486,323,123,16,4,0,6,8192,0,0,0,0,0,128,493,296,116,0,6,0,4,8192,0,0,0,0,0,128,526,236,98,0,8,0,0,8192,0,0,0,0,0,128,613,90,238
2114,0,5888,4096,5632,5376,5120,4864,4608,4352,0,0,0,32768,2,34816,0,291,118,4352,5888,4224,824,115,137,16,0,0,14,8192,0,0,0,0,0,128,463,407,155,16,0,0,12,8192,0,0,0,0,0,128,496,369,139,16,0,0,10,8192,0,0,0,0,0,128,473,348,133,16,2,0,8,8192,0,0,0,0,0,128,486,316,122,16,4,0,6,8192,0,0,0,0,0,128,493,288,114,8,6,0,4,8192,0,0,0,0,0,128,525,228,97,0,8,0,0,8192,0,0,0,0,0,128,611,89,247
2118,0,5888,4096,5632,5376,5120,4864,4608,4352,0,0,0,32768,2,34816,0,288,113,4352,5888,36992,822,111,149,16,0,0,14,8192,0,0,0,0,0,128,463,401,153,16,0,0,12,8192,0,0,0,0,0,128,480,362,137,16,0,0,10,8192,0,0,0,0,0,128,473,342,130,16,2,0,8,8192,0,0,0,0,0,128,486,308,120,16,4,0,6,8192,0,0,0,0,0,128,493,281,113,8,6,0,4,8192,0,0,0,0,0,128,554,219,95,0,8,0,0,8192,0,0,0,0,0,128,609,88,257
2122,0,5888,4096,5632,5376,5120,4864,4608,4352,0,0,0,0,2,34816,0,278,111,4352,5888,36992,823,108,161,16,0,0,14,8192,0,0,0,0,0,128,463,395,150,16,0,0,12,8192,0,0,0,0,0,128,464,355,134,16,0,0,10,8192,0,0,0,0,0,128,473,335,127,16,2,0,8,8192,0,0,0,0,0,128,486,301,119,8,4,0,6,8192,0,0,0,0,0,128,493,273,111,8,6,0,4,8192,0,0,0,0,0,128,553,211,94,0,8,0,0,8192,0,0,0,0,0,128,607,87,266
2126,0,5888,4096,5632,5376,5120,4864,4608,4352,0,0,0,0,2,32768,0,277,106,4352,5888,4224,824,105,174,16,0,0,14,8192,0,0,0,0,0,128,463,389,148,16,0,0,12,8192,0,0,0,0,0,128,496,348,132,16,0,0,10,8192,0,0,0,0,0,128,473,328,125,16,2,0,8,8192,0,0,0,0,0,128,486,293,117,8,4,0,6,8192,0,0,0,0,0,128,540,266,110,8,6,0,4,8192,0,0,0,0,0,128,537,202,94,0,8,0,0,8192,0,0,0,0,0,128,633,86,276
2130,0,5888,4096,5632,5376,5120,4864,4608,4352,0,0,0,0,2,32768,0,240,104,4608,5888,4224,822,103,187,16,0,0,14,8192,0,0,0,0,0,128,463,383,145,16,0,0,12,8192,0,0,0,0,0,128,496,341,129,16,0,0,10,8192,0,0,0,0,0,128,473,321,123,16,2,0,8,8192,0,0,0,0,0,128,486,286,116,8,4,0,6,8192,0,0,0,0,0,128,584,257,109,8,6,0,4,8192,0,0,0,0,0,128,521,194,95,0,8,0,0,8192,0,0,0,0,0,128,617,84,285
2134,0,5888,4096,5632,5376,5120,4864,4608,4352,0,0,0,0,2,32768,0,241,101,4608,5888,36992,823,100,199,16,0,0,14,8192,0,0,0,0,0,128,463,376,143,16,0,0,12,8192,0,0,0,0,0,128,480,335,126,16,0,0,10,8192,0,0,0,0,0,128,473,314,121,16,2,0,8,8192,0,0,0,0,0,128,486,278,114,8,4,0,6,8192,0,0,0,0,0,128,624,248,108,8,6,0,4,8192,0,0,0,0,0,128,550,186,98,0,8,0,0,8192,0,0,0,0,0,128,615,82,295
2138,0,5888,4096,5632,5376,5120,4864,4608,4352,0,0,0,0,2,32768,0,243,98,4608,5888,36992,824,98,212,16,0,0,14,8192,0,0,0,0,0,128,463,370,140,16,0,0,12,8192,0,0,0,0,0,128,464,330,123,16,0,0,10,8192,0,0,0,0,0,128,473,307,120,16,2,0,8,8192,0,0,0,0,0,128,486,271,112,16,4,0,6,8192,0,0,0,0,0,128,646,238,107,8,6,0,4,8192,0,0,0,0,0,128,549,178,101,0,8,0,0,8192,0,0,0,0,0,128,613,79,304
2142,0,5888,4096,5632,5376,5120,4864,4608,4352,0,0,0,0,2,32768,0,244,93,4608,5888,4224,822,96,225,16,0,0,14,8192,0,0,0,0,0,128,463,363,138,16,0,0,12,8192,0,0,0,0,0,128,496,324,121,16,0,0,10,8192,0,0,0,0,0,128,473,300,119,16,2,0,8,8192,0,0,0,0,0,128,486,264,110,16,4,0,6,8192,0,0,0,0,0,128,614,228,105,8,6,0,4,8192,0,0,0,0,0,128,533,170,104,0,8,0,0,8192,0,0,0,0,0,128,652,77,313
2146,0,5888,4096,5632,5376,5120,4864,4608,4352,0,0,0,0,2,32768,0,277,90,4352,5888,4224,823,95,238,16,0,0,14,8192,0,0,0,0,0,128,463,357,135,16,0,0,12,8192,0,0,0,0,0,128,496,316,119,16,0,0,10,8192,0,0,0,0,0,128,473,292,117,16,2,0,8,8192,0,0,0,0,0,128,486,256,109,16,4,0,6,8192,0,0,0,0,0,128,586,219,103,8,6,0,4,8192,0,0,0,0,0,128,547,163,108,0,8,0,0,8192,0,0,0,0,0,128,675,75,324
2150,0,5888,4096,5632,5376,5120,4864,4608,4352,0,0,0,0,2,32768,0,278,88,4352,5888,36992,824,95,250,16,0,0,14,8192,0,0,0,0,0,128,463,351,133,16,0,0,12,8192,0,0,0,0,0,128,480,309,118,16,0,0,10,8192,0,0,0,0,0,128,473,285,116,16,2,0,8,8192,0,0,0,0,0,128,486,248,108,16,4,0,6,8192,0,0,0,0,0,128,522,210,103,8,6,0,4,8192,0,0,0,0,0,128,576,156,113,0,8,0,0,8192,0,0,0,0,0,128,672,75,334
2154,0,5888,4096,5632,5376,5120,4864,4608,4352,0,0,0,0,2,32768,0,249,85,4608,5888,36992,822,95,263,16,0,0,14,8192,0,0,0,0,0,128,463,344,130,16,0,0,12,8192,0,0,0,0,0,128,464,302,117,16,0,0,10,8192,0,0,0,0,0,128,473,278,114,16,2,0,8,8192,0,0,0,0,0,128,486,241,107,16,4,0,6,8192,0,0,0,0,0,128,466,202,103,8,6,0,4,8192,0,0,0,0,0,128,617,148,119,0,8,0,0,8192,0,0,0,0,0,128,695,76,345
2158,0,5888,4096,5632,5376,5120,4864,4608,4352,0,0,0,0,2,32768,0,252,86,4608,5888,4224,823,95,276,16,0,0,14,8192,0,0,0,0,0,128,463,338,127,16,0,0,12,8192,0,0,0,0,0,128,496,296,115,16,0,0,10,8192,0,0,0,0,0,128,473,271,112,16,2,0,8,8192,0,0,0,0,0,128,486,233,106,16,4,0,6,8192,0,0,0,0,0,128,434,195,103,8,6,0,4,8192,0,0,0,0,0,128,657,141,126,0,8,0,0,8192,0,0,0,0,0,128,679,76,355
2162,0,5888,4096,5632,5376,5120,4864,4608,4352,0,0,0,0,2,32768,0,253,82,4608,5888,4224,824,96,289,16,0,0,14,8192,0,0,0,0,0,128,463,331,125,16,0,0,12,8192,0,0,0,0,0,128,496,289,114,16,0,0,10,8192,0,0,0,0,0,128,473,264,110,16,2,0,8,8192,0,0,0,0,0,128,486,226,105,16,4,0,6,8192,0,0,0,0,0,128,402,189,105,8,6,0,4,8192,0,0,0,0,0,128,694,134,133,0,8,0,0,8192,0,0,0,0,0,128,676,77,366
2166,0,5888,4096,5632,5376,5120,4864,4608,4352,0,0,0,0,2,32768,0,278,79,4352,5888,36992,822,96,302,16,0,0,14,8192,0,0,0,0,0,128,463,325,123,16,0,0,12,8192,0,0,0,0,0,128,480,282,112,16,0,0,10,8192,0,0,0,0,0,128,473,257,109,16,2,0,8,8192,0,0,0,0,0,128,478,218,104,16,4,0,6,8192,0,0,0,0,0,128,374,183,107,8,6,0,4,8192,0,0,0,0,0,128,728,126,141,0,8,0,0,8192,0,0,0,0,0,128,673,78,376
2170,0,5888,4096,5632,5376,5120,4864,4608,4352,0,0,0,0,2,32768,0,159,79,5632,5888,36992,823,97,315,16,0,0,14,8192,0,0,0,0,0,128,463,318,121,16,0,0,12,8192,0,0,0,0,0,128,464,275,110,16,0,0,10,8192,0,0,0,0,0,128,473,250,108,16,2,0,8,8192,0,0,0,0,0,128,446,211,103,8,4,0,6,8192,0,0,0,0,0,128,374,177,109,8,6,0,4,8192,0,0,0,0,0,128,748,118,149,0,8,0,0,8192,0,0,0,0,0,128,670,79,387
2174,0,5888,4096,5632,5376,5120,4864,4608,4352,0,0,0,0,2,32768,0,292,75,4352,5888,4224,824,98,327,16,0,0,14,8192,0,0,0,0,0,128,463,312,120,16,0,0,12,8192,0,0,0,0,0,128,496,267,109,16,0,0,10,8192,0,0,0,0,0,128,473,242,107,16,2,0,8,8192,0,0,0,0,0,128,414,204,103,8,4,0,6,8192,0,0,0,0,0,128,424,172,112,8,6,0,4,8192,0,0,0,0,0,128,780,110,159,0,8,0,0,8192,0,0,0,0,0,128,693,80,397
2178,0,5888,4096,5632,5376,5120,4864,4608,4352,0,0,0,0,2,32768,0,164,72,5632,5888,4224,822,100,340,16,0,0,14,8192,0,0,0,0,0,128,463,305,119,16,0,0,12,8192,0,0,0,0,0,128,496,260,109,16,0,0,10,8192,0,0,0,0,0,128,473,235,106,16,2,0,8,8192,0,0,0,0,0,128,382,198,104,8,4,0,6,8192,0,0,0,0,0,128,478,165,114,8,6,0,4,8192,0,0,0,0,0,128,809,104,170,0,8,0,0,8192,0,0,0,0,0,128,677,81,408
2182,0,5888,4096,5632,5376,5120,4864,4608,4352,0,0,0,0,2,32768,0,163,72,5632,5888,36992,823,101,353,16,0,0,14,8192,0,0,0,0,0,128,463,298,117,16,0,0,12,8192,0,0,0,0,0,128,480,252,108,16,0,0,10,8192,0,0,0,0,0,128,473,228,105,16,2,0,8,8192,0,0,0,0,0,128,362,192,106,8,4,0,6,8192,0,0,0,0,0,128,525,158,116,8,6,0,4,8192,0,0,0,0,0,128,837,99,182,0,8,0,0,8192,0,0,0,0,0,128,674,80,419
2186,0,5888,4096,5632,5376,5120,4864,4608,4352,0,0,0,0,2,32768,0,165,69,5632,5888,36992,824,102,366,16,0,0,14,8192,0,0,0,0,0,128,463,291,116,16,0,0,12,8192,0,0,0,0,0,128,464,245,107,16,0,0,10,8192,0,0,0,0,0,128,453,221,104,16,2,0,8,8192,0,0,0,0,0,128,346,187,108,8,4,0,6,8192,0,0,0,0,0,128,569,150,118,8,6,0,4,8192,0,0,0,0,0,128,862,93,195,0,8,0,0,8192,0,0,0,0,0,128,671,78,429
2190,0,5888,4096,5632,5376,5120,4864,4608,4352,0,0,0,0,2,32768,0,165,69,5632,5888,4224,822,103,379,16,0,0,14,8192,0,0,0,0,0,128,463,284,114,16,0,0,12,8192,0,0,0,0,0,128,496,237,106,16,0,0,10,8192,0,0,0,0,0,128,421,214,103,16,2,0,8,8192,0,0,0,0,0,128,330,182,110,8,4,0,6,8192,0,0,0,0,0,128,612,141,122,8,6,0,4,8192,0,0,0,0,0,128,886,87,207,0,8,0,0,8192,0,0,0,0,0,128,694,76,439
2194,0,5888,4096,5632,5376,5120,4864,4608,4352,0,0,0,0,2,32768,0,165,68,5632,5888,4224,823,105,392,16,0,0,14,8192,0,0,0,0,0,128,463,277,113,16,0,0,12,8192,0,0,0,0,0,128,496,229,105,16,0,0,10,8192,0,0,0,0,0,128,389,207,103,16,2,0,8,8192,0,0,0,0,0,128,314,178,112,8,4,0,6,8192,0,0,0,0,0,128,651,133,127,8,6,0,4,8192,0,0,0,0,0,128,908,83,221,0,8,0,0,8192,0,0,0,0,0,128,678,76,450
2198,0,5888,4096,5632,5376,5120,4864,4608,4352,0,0,0,0,2,32768,0,164,64,5632,5888,36992,824,106,404,16,0,0,14,8192,0,0,0,0,0,128,463,270,111,16,0,0,12,8192,0,0,0,0,0,128,480,222,104,16,0,0,10,8192,0,0,0,0,0,128,361,202,104,16,2,0,8,8192,0,0,0,0,0,128,298,173,113,8,4,0,6,8192,0,0,0,0,0,128,687,125,133,8,6,0,4,8192,0,0,0,0,0,128,919,80,235,0,8,0,0,8192,0,0,0,0,0,128,646,76,460
2202,0,5888,4096,5632,5376,5120,4864,4608,4352,0,0,0,0,2,32768,0,164,63,5632,5888,36992,822,107,417,16,0,0,14,8192,0,0,0,0,0,128,463,263,110,16,0,0,12,8192,0,0,0,0,0,128,452,215,103,16,0,0,10,8192,0,0,0,0,0,128,345,196,105,16,2,0,8,8192,0,0,0,0,0,128,282,169,115,8,4,0,6,8192,0,0,0,0,0,128,710,118,141,8,6,0,4,8192,0,0,0,0,0,128,912,78,250,0,8,0,0,8192,0,0,0,0,0,128,618,78,470
2206,0,5888,4096,5632,5376,5120,4864,4608,4352,0,0,0,0,2,32768,0,159,62,5632,5888,4224,823,107,430,16,0,0,14,8192,0,0,0,0,0,128,463,255,109,16,0,0,12,8192,0,0,0,0,0,128,420,208,102,16,0,0,10,8192,0,0,0,0,0,128,329,191,106,16,2,0,8,8192,0,0,0,0,0,128,266,164,115,8,4,0,6,8192,0,0,0,0,0,128,742,111,151,8,6,0,4,8192,0,0,0,0,0,128,905,78,264,0,8,0,0,8192,0,0,0,0,0,128,602,79,480
2210,0,5888,4096,5632,5376,5120,4864,4608,4352,0,0,0,0,2,32768,0,158,58,5632,5888,4224,824,108,443,16,0,0,14,8192,0,0,0,0,0,128,463,248,108,16,0,0,12,8192,0,0,0,0,0,128,388,201,103,16,0,0,10,8192,0,0,0,0,0,128,313,186,108,8,2,0,8,8192,0,0,0,0,0,128,282,160,116,8,4,0,6,8192,0,0,0,0,0,128,774,106,161,8,6,0,4,8192,0,0,0,0,0,128,916,79,278,0,8,0,0,8192,0,0,0,0,0,128,586,80,489
2214,0,5888,4096,5632,5376,5120,4864,4608,4352,0,0,0,0,2,32768,0,159,55,5632,5888,36992,822,108,456,16,0,0,14,8192,0,0,0,0,0,128,463,241,107,16,0,0,12,8192,0,0,0,0,0,128,356,196,104,16,0,0,10,8192,0,0,0,0,0,128,297,182,110,8,2,0,8,8192,0,0,0,0,0,128,330,156,117,8,4,0,6,8192,0,0,0,0,0,128,802,102,173,8,6,0,4,8192,0,0,0,0,0,128,909,80,292,0,8,0,0,8192,0,0,0,0,0,128,570,81,498
2218,0,5888,4096,5632,5376,5120,4864,4608,4352,0,0,0,0,2,32768,0,158,50,5632,5888,36992,823,108,469,16,0,0,14,8192,0,0,0,0,0,128,463,234,106,16,0,0,12,8192,0,0,0,0,0,128,336,190,105,16,0,0,10,8192,0,0,0,0,0,128,281,178,112,8,2,0,8,8192,0,0,0,0,0,128,378,151,119,8,4,0,6,8192,0,0,0,0,0,128,830,98,185,8,6,0,4,8192,0,0,0,0,0,128,920,80,306,0,8,0,0,8192,0,0,0,0,0,128,554,81,507
2222,0,5888,4096,5632,5376,5120,4864,4608,4352,0,0,0,0,2,32768,0,157,46,5632,5888,4224,824,108,481,16,0,0,14,8192,0,0,0,0,0,128,463,227,105,16,0,0,12,8192,0,0,0,0,0,128,320,186,107,16,0,0,10,8192,0,0,0,0,0,128,265,174,113,8,2,0,8,8192,0,0,0,0,0,128,432,145,122,8,4,0,6,8192,0,0,0,0,0,128,857,93,197,8,6,0,4,8192,0,0,0,0,0,128,913,79,321,0,8,0,0,8192,0,0,0,0,0,128,538,81,515
2226,0,5888,4096,5632,5376,5120,4864,4608,4352,0,0,0,0,2,32768,0,156,44,5632,5888,4224,822,109,494,16,0,0,14,8192,0,0,0,0,0,128,439,220,104,16,0,0,12,8192,0,0,0,0,0,128,304,181,109,16,0,0,10,8192,0,0,0,0,0,128,249,170,114,8,2,0,8,8192,0,0,0,0,0,128,484,140,127,8,4,0,6,8192,0,0,0,0,0,128,881,89,210,8,6,0,4,8192,0,0,0,0,0,128,906,77,335,0,8,0,0,8192,0,0,0,0,0,128,522,81,524
2230,0,5888,4096,5632,5376,5120,4864,4608,4352,0,0,0,0,2,32768,0,152,41,5632,5888,36992,823,109,507,16,0,0,14,8192,0,0,0,0,0,128,407,213,103,16,0,0,12,8192,0,0,0,0,0,128,288,177,111,16,0,0,10,8192,0,0,0,0,0,128,245,166,115,8,2,0,8,8192,0,0,0,0,0,128,532,134,132,8,4,0,6,8192,0,0,0,0,0,128,904,87,224,8,6,0,4,8192,0,0,0,0,0,128,917,77,349,0,8,0,0,8192,0,0,0,0,0,128,522,81,532
2234,0,5888,4096,5632,5376,5120,4864,4608,4352,0,0,0,0,2,32768,0,153,38,5632,5888,36992,824,110,520,16,0,0,14,8192,0,0,0,0,0,128,375,207,104,16,0,0,12,8192,0,0,0,0,0,128,272,173,113,16,0,0,10,8192,0,0,0,0,0,128,241,162,116,8,2,0,8,8192,0,0,0,0,0,128,577,128,138,8,4,0,6,8192,0,0,0,0,0,128,915,86,238,8,6,0,4,8192,0,0,0,0,0,128,910,77,364,0,8,0,0,8192,0,0,0,0,0,128,522,81,540
2238,0,5888,4096,5632,5376,5120,4864,4608,4352,0,0,0,0,2,32768,0,152,35,5632,5888,4224,825,111,533,16,0,0,14,8192,0,0,0,0,0,128,351,201,104,16,0,0,12,8192,0,0,0,0,0,128,256,169,114,16,0,0,10,8192,0,0,0,0,0,128,237,159,117,8,2,0,8,8192,0,0,0,0,0,128,618,122,145,8,4,0,6,8192,0,0,0,0,0,128,908,84,252,8,6,0,4,8192,0,0,0,0,0,128,921,78,378,0,8,0,0,8192,0,0,0,0,0,128,522,81,548
2242,0,5888,4096,5632,5376,5120,4864,4608,4352,0,0,0,0,2,32768,0,150,33,5632,5888,4224,829,113,546,16,0,0,14,8192,0,0,0,0,0,128,335,196,106,16,0,0,12,8192,0,0,0,0,0,128,240,165,115,16,0,0,10,8192,0,0,0,0,0,128,273,155,117,8,2,0,8,8192,0,0,0,0,0,128,658,116,153,8,4,0,6,8192,0,0,0,0,0,128,901,83,266,8,6,0,4,8192,0,0,0,0,0,128,914,78,393,0,8,0,0,8192,0,0,0,0,0,128,522,81,556
2246,0,5888,4096,5632,5376,5120,4864,4608,4352,0,0,0,32768,2,34816,0,146,32,5632,5888,36992,830,115,558,16,0,0,14,8192,0,0,0,0,0,128,319,191,107,16,0,0,12,8192,0,0,0,0,0,128,260,161,116,16,0,0,10,8192,0,0,0,0,0,128,321,151,119,8,2,0,8,8192,0,0,0,0,0,128,695,111,162,8,4,0,6,8192,0,0,0,0,0,128,912,81,280,8,6,0,4,8192,0,0,0,0,0,128,907,79,407,0,8,0,0,8192,0,0,0,0,0,128,522,81,564
2250,0,5888,4096,5632,5376,5120,4864,4608,4352,0,0,0,32772,2,34816,0,145,34,5632,5888,36992,831,116,571,16,0,0,14,8192,0,0,0,0,0,128,303,187,109,16,0,0,12,8192,0,0,0,0,0,128,256,157,117,16,0,0,10,8192,0,0,0,0,0,128,369,146,121,8,2,0,8,8192,0,0,0,0,0,128,728,107,173,8,4,0,6,8192,0,0,0,0,0,128,905,78,294,8,6,0,4,8192,0,0,0,0,0,128,918,80,421,0,8,0,0,8192,0,0,0,0,0,128,522,81,572
2254,0,5888,4096,5632,5376,5120,4864,4608,4352,0,0,0,32772,2,34816,0,34,65535,5888,0,36992,832,115,584,16,0,0,14,8192,0,0,0,0,0,128,287,182,111,16,0,0,12,8192,0,0,0,0,0,128,276,153,118,8,0,0,10,8192,0,0,0,0,0,128,419,141,125,8,2,0,8,8192,0,0,0,0,0,128,760,103,184,8,4,0,6,8192,0,0,0,0,0,128,899,77,308,8,6,0,4,8192,0,0,0,0,0,128,911,81,435,0,8,0,0,8192,0,0,0,0,0,128,522,81,580
2258,0,4096,5888,5632,5376,5120,4864,4608,4352,0,0,0,32804,0,34816,0,34,65535,5888,0,36992,830,115,597,16,0,0,14,8192,0,0,0,0,0,128,271,178,113,16,0,0,12,8192,0,0,0,0,0,128,320,149,119,8,0,0,10,8192,0,0,0,0,0,128,473,136,129,8,2,0,8,8192,0,0,0,0,0,128,789,99,195,8,4,0,6,8192,0,0,0,0,0,128,910,77,322,0,6,0,4,8192,0,0,0,0,0,128,922,79,450,0,8,0,2,8192,0,0,0,0,0,128,522,81,588
2262,0,4096,5888,5632,5376,5120,4864,4608,4352,0,0,0,36,0,34816,0,34,65535,5888,0,36992,831,113,610,16,0,0,14,8192,0,0,0,0,0,128,255,174,114,16,0,0,12,8192,0,0,0,0,0,128,368,144,121,8,0,0,10,8192,0,0,0,0,0,128,521,130,135,8,2,0,8,8192,0,0,0,0,0,128,817,94,206,8,4,0,6,8192,0,0,0,0,0,128,903,78,337,0,6,0,4,8192,0,0,0,0,0,128,871,76,463,0,8,0,2,8192,0,0,0,0,0,128,506,79,597
2266,0,4096,5888,5632,5376,5120,4864,4608,4352,0,0,0,36,0,32768,0,36,65535,5888,0,36992,832,112,623,16,0,0,14,8192,0,0,0,0,0,128,239,171,115,16,0,0,12,8192,0,0,0,0,0,128,416,139,124,8,0,0,10,8192,0,0,0,0,0,128,565,124,140,8,2,0,8,8192,0,0,0,0,0,128,845,91,219,0,4,0,6,8192,0,0,0,0,0,128,910,79,351,0,6,0,4,8192,0,0,0,0,0,128,807,75,477,0,8,0,2,8192,0,0,0,0,0,128,490,77,606
2270,0,4096,5888,5632,5376,5120,4864,4608,4352,0,0,0,36,0,32768,0,36,65535,5888,0,36992,830,111,636,16,0,0,14,8192,0,0,0,0,0,128,235,167,115,16,0,0,12,8192,0,0,0,0,0,128,470,134,128,8,0,0,10,8192,0,0,0,0,0,128,608,118,147,8,2,0,8,8192,0,0,0,0,0,128,870,90,232,0,4,0,6,8192,0,0,0,0,0,128,878,80,365,0,6,0,4,8192,0,0,0,0,0,128,759,76,489,0,8,0,2,8192,0,0,0,0,0,128,474,77,615
2274,0,4096,5888,5632,5376,5120,4864,4608,4352,0,0,0,36,0,32768,0,38,65535,5888,0,36992,831,111,649,16,0,0,14,8192,0,0,0,0,0,128,231,163,116,16,0,0,12,8192,0,0,0,0,0,128,472,128,134,8,0,0,10,8192,0,0,0,0,0,128,648,113,156,0,2,0,8,8192,0,0,0,0,0,128,850,89,246,0,4,0,6,8192,0,0,0,0,0,128,846,80,378,0,6,0,4,8192,0,0,0,0,0,128,727,77,500,0,8,0,2,8192,0,0,0,0,0,128,458,77,624
2278,0,4096,5888,5632,5376,5120,4864,4608,4352,0,0,0,36,0,32768,0,38,65535,5888,0,36992,832,112,662,16,0,0,14,8192,0,0,0,0,0,128,239,160,117,16,0,0,12,8192,0,0,0,0,0,128,456,123,139,0,0,0,10,8192,0,0,0,0,0,128,684,109,165,0,2,0,8,8192,0,0,0,0,0,128,810,87,259,0,4,0,6,8192,0,0,0,0,0,128,814,79,391,0,6,0,4,8192,0,0,0,0,0,128,695,79,512,0,8,0,2,8192,0,0,0,0,0,128,460,78,633
2282,0,4096,5888,5632,5376,5120,4864,4608,4352,0,0,0,36,0,32768,0,41,65535,5888,0,36992,830,115,675,16,0,0,14,8192,0,0,0,0,0,128,259,156,118,16,0,0,12,8192,0,0,0,0,0,128,488,119,145,0,0,0,10,8192,0,0,0,0,0,128,707,105,175,0,2,0,8,8192,0,0,0,0,0,128,778,86,271,0,4,0,6,8192,0,0,0,0,0,128,786,79,404,0,6,0,4,8192,0,0,0,0,0,128,663,81,522,0,8,0,2,8192,0,0,0,0,0,128,460,81,641
2286,0,4096,5888,5632,5376,5120,4864,4608,4352,0,0,0,36,0,32768,0,45,65535,5888,0,36992,831,120,687,16,0,0,14,8192,0,0,0,0,0,128,307,152,119,16,0,0,12,8192,0,0,0,0,0,128,536,115,151,0,0,0,10,8192,0,0,0,0,0,128,691,102,186,0,2,0,8,8192,0,0,0,0,0,128,746,84,283,0,4,0,6,8192,0,0,0,0,0,128,770,80,416,0,6,0,4,8192,0,0,0,0,0,128,643,81,532,0,8,0,2,8192,0,0,0,0,0,128,460,84,649
2290,0,4096,5888,5632,5376,5120,4864,4608,4352,0,0,0,36,0,32768,0,48,65535,5888,0,36992,832,126,698,16,0,0,14,8192,0,0,0,0,0,128,355,147,121,16,0,0,12,8192,0,0,0,0,0,128,581,111,159,0,0,0,10,8192,0,0,0,0,0,128,675,98,196,0,2,0,8,8192,0,0,0,0,0,128,726,81,294,0,4,0,6,8192,0,0,0,0,0,128,754,81,428,0,6,0,4,8192,0,0,0,0,0,128,627,81,542,0,8,0,2,8192,0,0,0,0,0,128,460,88,656
2294,0,4096,5888,5632,5376,5120,4864,4608,4352,0,0,0,36,0,32768,0,53,65535,5888,0,36992,830,134,708,16,0,0,14,8192,0,0,0,0,0,128,405,142,124,16,0,0,12,8192,0,0,0,0,0,128,580,107,168,0,0,0,10,8192,0,0,0,0,0,128,659,95,206,0,2,0,8,8192,0,0,0,0,0,128,710,78,305,0,4,0,6,8192,0,0,0,0,0,128,738,81,439,0,6,0,4,8192,0,0,0,0,0,128,611,81,552,0,8,0,2,8192,0,0,0,0,0,128,460,93,663
2298,0,4096,5888,5632,5376,5120,4864,4608,4352,0,0,0,36,0,32768,0,56,65535,5888,0,36992,831,143,718,16,0,0,14,8192,0,0,0,0,0,128,461,137,128,16,0,0,12,8192,0,0,0,0,0,128,564,104,176,0,0,0,10,8192,0,0,0,0,0,128,643,93,216,0,2,0,8,8192,0,0,0,0,0,128,694,75,316,0,4,0,6,8192,0,0,0,0,0,128,718,80,451,0,6,0,4,8192,0,0,0,0,0,128,595,81,561,0,8,0,2,8192,0,0,0,0,0,128,460,99,669
2302,0,4096,5888,5632,5376,5120,4864,4608,4352,0,0,0,36,0,32768,0,63,65535,5888,0,36992,832,153,725,16,0,0,14,8192,0,0,0,0,0,128,461,132,133,16,0,0,12,8192,0,0,0,0,0,128,548,101,184,0,0,0,10,8192,0,0,0,0,0,128,627,92,226,0,2,0,8,8192,0,0,0,0,0,128,678,73,326,0,4,0,6,8192,0,0,0,0,0,128,686,79,462,0,6,0,4,8192,0,0,0,0,0,128,579,81,571,0,8,0,2,8192,0,0,0,0,0,128,460,105,675
2306,0,4096,5888,5632,5376,5120,4864,4608,4352,0,0,0,0,0,32768,0,65,65535,5888,0,36992,830,165,732,16,0,0,14,8192,0,0,0,0,0,128,461,127,138,16,0,0,12,8192,0,0,0,0,0,128,577,98,192,0,0,0,10,8192,0,0,0,0,0,128,611,91,235,0,2,0,8,8192,0,0,0,0,0,128,675,72,337,0,4,0,6,8192,0,0,0,0,0,128,654,79,472,0,6,0,4,8192,0,0,0,0,0,128,563,81,580,0,8,0,2,8192,0,0,0,0,0,128,460,111,680
2310,0,4096,5888,5632,5376,5120,4864,4608,4352,0,0,0,0,0,32768,0,72,65535,5888,0,4224,831,177,734,16,0,0,14,8192,0,0,0,0,0,128,461,122,143,16,0,0,12,8192,0,0,0,0,0,128,576,95,201,0,0,0,10,8192,0,0,0,0,0,128,595,90,245,0,2,0,8,8192,0,0,0,0,0,128,672,73,347,0,4,0,6,8192,0,0,0,0,0,128,626,81,482,0,6,0,4,8192,0,0,0,0,0,128,547,81,588,0,8,0,2,8192,0,0,0,0,0,128,460,118,684
2314,0,4096,5888,5632,5376,5120,4864,4608,4352,0,0,0,32768,0,34816,0,72,65535,5888,0,4224,832,190,734,16,0,0,14,8192,0,0,0,0,0,128,493,117,149,16,0,0,12,8192,0,0,0,0,0,128,560,92,209,0,0,0,10,8192,0,0,0,0,0,128,593,89,254,0,2,0,8,8192,0,0,0,0,0,128,669,74,358,0,4,0,6,8192,0,0,0,0,0,128,610,81,492,0,6,0,4,8192,0,0,0,0,0,128,531,81,597,0,8,0,2,8192,0,0,0,0,0,128,460,125,687
2318,0,4096,5888,5632,5376,5120,4864,4608,4352,0,0,0,32768,0,34816,0,585,65535,4352,0,36992,830,203,731,16,0,0,14,8192,0,0,0,0,0,128,539,114,156,16,0,0,12,8192,0,0,0,0,0,128,589,91,218,0,0,0,10,8192,0,0,0,0,0,128,591,88,263,0,2,0,8,8192,0,0,0,0,0,128,692,74,368,0,4,0,6,8192,0,0,0,0,0,128,594,81,501,0,6,0,4,8192,0,0,0,0,0,128,515,82,605,0,8,0,2,8192,0,0,0,0,0,128,460,132,690
2322,0,4096,5888,5632,5376,5120,4864,4608,4352,0,0,0,32768,0,34816,0,517,577,4608,4352,36992,831,215,725,16,0,0,14,8192,0,0,0,0,0,128,553,110,164,16,0,0,12,8192,0,0,0,0,0,128,588,90,227,0,0,0,10,8192,0,0,0,0,0,128,617,87,272,0,2,0,8,8192,0,0,0,0,0,128,689,75,379,0,4,0,6,8192,0,0,0,0,0,128,578,81,511,0,6,0,4,8192,0,0,0,0,0,128,499,84,613,8,8,0,2,8192,0,0,0,0,0,128,460,138,692
2326,0,4096,5888,5632,5376,5120,4864,4608,4352,0,0,0,32768,0,34816,0,365,465,5120,4864,4224,832,225,718,16,0,0,14,8192,0,0,0,0,0,128,552,107,172,16,0,0,12,8192,0,0,0,0,0,128,572,90,236,0,0,0,10,8192,0,0,0,0,0,128,601,85,282,0,2,0,8,8192,0,0,0,0,0,128,673,76,390,0,4,0,6,8192,0,0,0,0,0,128,562,81,520,0,6,0,4,8192,0,0,0,0,0,128,483,87,620,8,8,0,2,8192,0,0,0,0,0,128,460,145,693
2330,0,4096,5888,5632,5376,5120,4864,4608,4352,0,0,0,0,0,32768,0,166,239,5632,5376,4224,830,236,711,16,0,0,14,8192,0,0,0,0,0,128,551,104,180,16,0,0,12,8192,0,0,0,0,0,128,556,89,245,0,0,0,10,8192,0,0,0,0,0,128,599,83,291,0,2,0,8,8192,0,0,0,0,0,128,670,78,400,0,4,0,6,8192,0,0,0,0,0,128,546,81,528,8,6,0,4,8192,0,0,0,0,0,128,467,89,626,8,8,0,2,8192,0,0,0,0,0,128,508,153,694
2334,0,4096,5888,5632,5376,5120,4864,4608,4352,0,0,0,0,0,32768,0,232,343,5376,5120,36992,831,246,703,16,0,0,14,8192,0,0,0,0,0,128,550,101,188,16,0,0,12,8192,0,0,0,0,0,128,585,88,254,0,0,0,10,8192,0,0,0,0,0,128,597,81,300,0,2,0,8,8192,0,0,0,0,0,128,693,79,411,0,4,0,6,8192,0,0,0,0,0,128,530,81,536,8,6,0,4,8192,0,0,0,0,0,128,499,93,632,8,8,0,2,8192,0,0,0,0,0,128,540,161,694
2338,0,4096,5888,5632,5376,5120,4864,4608,4352,0,0,0,0,0,32768,0,232,331,5376,5120,36992,832,256,695,16,0,0,14,8192,0,0,0,0,0,128,549,97,197,16,0,0,12,8192,0,0,0,0,0,128,584,87,263,0,0,0,10,8192,0,0,0,0,0,128,595,78,309,0,2,0,8,8192,0,0,0,0,0,128,690,81,421,8,4,0,6,8192,0,0,0,0,0,128,529,80,544,8,6,0,4,8192,0,0,0,0,0,128,545,97,639,8,8,0,2,8192,0,0,0,0,0,128,584,170,693
2342,0,4096,5888,5632,5376,5120,4864,4608,4352,0,0,0,0,0,32768,0,227,313,5376,5120,4224,830,266,687,16,0,0,14,8192,0,0,0,0,0,128,563,95,205,16,0,0,12,8192,0,0,0,0,0,128,568,85,272,0,0,0,10,8192,0,0,0,0,0,128,635,76,318,0,2,0,8,8192,0,0,0,0,0,128,674,81,432,8,4,0,6,8192,0,0,0,0,0,128,573,80,551,8,6,0,4,8192,0,0,0,0,0,128,544,102,646,8,8,0,2,8192,0,0,0,0,0,128,624,179,692
2346,0,4096,5888,5632,5376,5120,4864,4608,4352,0,0,0,0,0,32768,0,302,405,5120,4864,4224,831,277,679,16,0,0,14,8192,0,0,0,0,0,128,562,93,213,16,0,0,12,8192,0,0,0,0,0,128,552,84,281,0,0,0,10,8192,0,0,0,0,0,128,661,74,328,8,2,0,8,8192,0,0,0,0,0,128,697,80,442,8,4,0,6,8192,0,0,0,0,0,128,616,79,560,8,6,0,4,8192,0,0,0,0,0,128,528,106,654,8,8,0,2,8192,0,0,0,0,0,128,663,189,691
2350,0,4096,5888,5632,5376,5120,4864,4608,4352,0,0,0,4,0,32768,0,303,395,5120,4864,4224,832,287,671,16,0,0,14,8192,0,0,0,0,0,128,561,92,222,16,0,0,12,8192,0,0,0,0,0,128,581,82,289,8,0,0,10,8192,0,0,0,0,0,128,658,75,338,8,2,0,8,8192,0,0,0,0,0,128,730,78,452,8,4,0,6,8192,0,0,0,0,0,128,655,80,570,8,6,0,4,8192,0,0,0,0,0,128,527,109,661,8,8,0,2,8192,0,0,0,0,0,128,699,199,689
2354,0,4096,5888,5632,5376,5120,4864,4608,4352,0,0,0,4,0,32768,0,387,429,4864,4608,4224,830,298,663,16,0,0,14,8192,0,0,0,0,0,128,560,92,231,16,0,0,12,8192,0,0,0,0,0,128,580,80,298,8,0,0,10,8192,0,0,0,0,0,128,655,75,348,8,2,0,8,8192,0,0,0,0,0,128,726,77,464,8,4,0,6,8192,0,0,0,0,0,128,691,81,581,8,6,0,4,8192,0,0,0,0,0,128,526,114,668,8,8,0,2,8192,0,0,0,0,0,128,734,210,687
2358,0,4096,5888,5632,5376,5120,4864,4608,4352,0,0,0,0,0,32768,0,375,417,4864,4608,4224,831,309,657,16,0,0,14,8192,0,0,0,0,0,128,559,91,239,16,0,0,12,8192,0,0,0,0,0,128,564,78,307,8,0,0,10,8192,0,0,0,0,0,128,691,75,357,8,2,0,8,8192,0,0,0,0,0,128,710,78,475,8,4,0,6,8192,0,0,0,0,0,128,714,81,592,8,6,0,4,8192,0,0,0,0,0,128,525,118,675,8,8,0,2,8192,0,0,0,0,0,128,766,221,683
2362,0,4096,5888,5632,5376,5120,4864,4608,4352,0,0,0,0,0,32768,0,461,65535,4352,0,4224,832,321,651,16,0,0,14,8192,0,0,0,0,0,128,558,90,247,16,0,0,12,8192,0,0,0,0,0,128,593,75,315,8,0,0,10,8192,0,0,0,0,0,128,726,76,368,8,2,0,8,8192,0,0,0,0,0,128,706,79,486,8,4,0,6,8192,0,0,0,0,0,128,682,81,603,8,6,0,4,8192,0,0,0,0,0,128,524,122,682,8,8,0,2,8192,0,0,0,0,0,128,797,233,680
2366,0,4096,5888,5632,5376,5120,4864,4608,4352,0,0,0,0,0,32768,0,456,65535,4352,0,36992,830,333,647,16,0,0,14,8192,0,0,0,0,0,128,557,89,255,16,0,0,12,8192,0,0,0,0,0,128,592,73,325,8,0,0,10,8192,0,0,0,0,0,128,758,77,380,8,2,0,8,8192,0,0,0,0,0,128,703,81,497,8,4,0,6,8192,0,0,0,0,0,128,650,84,613,8,6,0,4,8192,0,0,0,0,0,128,523,126,689,8,8,0,2,8192,0,0,0,0,0,128,825,245,676
2370,0,4096,5888,5632,5376,5120,4864,4608,4352,0,0,0,0,0,32768,0,406,65535,4608,0,36992,831,346,644,16,0,0,14,8192,0,0,0,0,0,128,556,88,263,16,0,0,12,8192,0,0,0,0,0,128,618,72,333,8,0,0,10,8192,0,0,0,0,0,128,789,78,392,8,2,0,8,8192,0,0,0,0,0,128,724,81,508,8,4,0,6,8192,0,0,0,0,0,128,622,87,622,8,6,0,4,8192,0,0,0,0,0,128,522,131,696,8,8,0,2,8192,0,0,0,0,0,128,852,257,672
2374,0,4096,5888,5632,5376,5120,4864,4608,4352,0,0,0,0,0,32768,0,406,65535,4608,0,4224,832,358,642,16,0,0,14,8192,0,0,0,0,0,128,555,86,272,16,0,0,12,8192,0,0,0,0,0,128,616,72,342,8,0,0,10,8192,0,0,0,0,0,128,817,80,404,8,2,0,8,8192,0,0,0,0,0,128,720,81,519,8,4,0,6,8192,0,0,0,0,0,128,606,91,631,8,6,0,4,8192,0,0,0,0,0,128,521,138,701,8,8,0,2,8192,0,0,0,0,0,128,876,270,666
2378,0,4096,5888,5632,5376,5120,4864,4608,4352,0,0,0,0,0,32768,0,85,65535,5888,0,4224,830,371,641,16,0,0,14,8192,0,0,0,0,0,128,554,85,281,16,0,0,12,8192,0,0,0,0,0,128,600,73,351,8,0,0,10,8192,0,0,0,0,0,128,844,81,417,8,2,0,8,8192,0,0,0,0,0,128,704,81,530,8,4,0,6,8192,0,0,0,0,0,128,590,96,639,8,6,0,4,8192,0,0,0,0,0,128,550,144,705,0,8,0,2,8192,0,0,0,0,0,128,900,282,660
2382,0,4096,5888,5632,5376,5120,4864,4608,4352,0,0,0,0,0,32768,0,82,65535,5888,0,36992,831,384,639,16,0,0,14,8192,0,0,0,0,0,128,553,83,289,16,0,0,12,8192,0,0,0,0,0,128,584,74,360,8,0,0,10,8192,0,0,0,0,0,128,868,81,430,8,2,0,8,8192,0,0,0,0,0,128,701,81,541,8,4,0,6,8192,0,0,0,0,0,128,574,101,647,8,6,0,4,8192,0,0,0,0,0,128,594,152,709,0,8,0,2,8192,0,0,0,0,0,128,872,295,655
2386,0,4096,5888,5632,5376,5120,4864,4608,4352,0,0,0,0,0,32768,0,82,65535,5888,0,36992,832,397,638,16,0,0,14,8192,0,0,0,0,0,128,552,81,298,16,0,0,12,8192,0,0,0,0,0,128,610,74,370,8,0,0,10,8192,0,0,0,0,0,128,882,78,444,8,2,0,8,8192,0,0,0,0,0,128,722,81,552,8,4,0,6,8192,0,0,0,0,0,128,558,105,655,0,6,0,4,8192,0,0,0,0,0,128,635,162,712,0,8,0,2,8192,0,0,0,0,0,128,816,308,650
2390,0,4096,5888,5632,5376,5120,4864,4608,4352,0,0,0,0,0,32768,0,82,65535,5888,0,4224,830,410,636,16,0,0,14,8192,0,0,0,0,0,128,566,78,306,16,0,0,12,8192,0,0,0,0,0,128,608,75,379,8,0,0,10,8192,0,0,0,0,0,128,862,76,457,8,2,0,8,8192,0,0,0,0,0,128,718,81,564,8,4,0,6,8192,0,0,0,0,0,128,542,109,662,0,6,0,4,8192,0,0,0,0,0,128,633,172,713,0,8,0,2,8192,0,0,0,0,0,128,784,320,646
2394,0,4096,5888,5632,5376,5120,4864,4608,4352,0,0,0,0,0,32768,0,82,65535,5888,0,4224,831,423,635,16,0,0,14,8192,0,0,0,0,0,128,593,76,315,16,0,0,12,8192,0,0,0,0,0,128,592,76,388,8,0,0,10,8192,0,0,0,0,0,128,830,76,470,8,2,0,8,8192,0,0,0,0,0,128,702,81,575,0,4,0,6,8192,0,0,0,0,0,128,526,113,669,0,6,0,4,8192,0,0,0,0,0,128,617,181,713,0,8,0,2,8192,0,0,0,0,0,128,752,332,642
2398,0,4096,5888,5632,5376,5120,4864,4608,4352,0,0,0,32768,0,34816,0,86,65535,5888,0,36992,832,436,633,16,0,0,14,8192,0,0,0,0,0,128,591,75,324,16,0,0,12,8192,0,0,0,0,0,128,618,77,398,8,0,0,10,8192,0,0,0,0,0,128,802,78,483,8,2,0,8,8192,0,0,0,0,0,128,723,81,586,0,4,0,6,8192,0,0,0,0,0,128,510,117,676,0,6,0,4,8192,0,0,0,0,0,128,601,191,712,0,8,0,2,8192,0,0,0,0,0,128,724,342,638
2402,0,4096,5888,5632,5376,5120,4864,4608,4352,0,0,0,32772,0,34816,0,88,65535,5888,0,36992,830,448,631,16,0,0,14,8192,0,0,0,0,0,128,589,74,333,16,0,0,12,8192,0,0,0,0,0,128,616,79,407,8,0,0,10,8192,0,0,0,0,0,128,786,80,495,0,2,0,8,8192,0,0,0,0,0,128,695,81,597,0,4,0,6,8192,0,0,0,0,0,128,494,121,683,0,6,0,4,8192,0,0,0,0,0,128,627,200,710,0,8,0,2,8192,0,0,0,0,0,128,708,353,634
2406,0,4096,5888,5632,5376,5120,4864,4608,4352,0,0,0,32772,0,34816,0,91,65535,5888,0,36992,831,461,627,16,0,0,14,8192,0,0,0,0,0,128,587,75,342,16,0,0,12,8192,0,0,0,0,0,128,600,80,417,0,0,0,10,8192,0,0,0,0,0,128,770,81,508,0,2,0,8,8192,0,0,0,0,0,128,655,82,608,0,4,0,6,8192,0,0,0,0,0,128,478,126,689,0,6,0,4,8192,0,0,0,0,0,128,625,209,707,0,8,0,2,8192,0,0,0,0,0,128,692,364,631
2410,0,4096,5888,5632,5376,5120,4864,4608,4352,0,0,0,32804,0,34816,0,90,65535,5888,0,36992,832,473,623,16,0,0,14,8192,0,0,0,0,0,128,585,76,351,16,0,0,12,8192,0,0,0,0,0,128,584,82,426,0,0,0,10,8192,0,0,0,0,0,128,742,81,519,0,2,0,8,8192,0,0,0,0,0,128,623,84,617,0,4,0,6,8192,0,0,0,0,0,128,462,131,694,0,6,0,4,8192,0,0,0,0,0,128,623,218,702,0,8,0,2,8192,0,0,0,0,0,128,676,374,628
2414,0,4096,5888,5632,5376,5120,4864,4608,4352,0,0,0,36,0,34816,0,94,65535,5888,0,36992,830,486,619,16,0,0,14,8192,0,0,0,0,0,128,583,76,360,16,0,0,12,8192,0,0,0,0,0,128,610,82,435,0,0,0,10,8192,0,0,0,0,0,128,710,81,531,0,2,0,8,8192,0,0,0,0,0,128,591,87,626,0,4,0,6,8192,0,0,0,0,0,128,462,137,698,0,6,0,4,8192,0,0,0,0,0,128,621,226,698,0,8,0,2,8192,0,0,0,0,0,128,660,385,624
2418,0,4096,5888,5632,5376,5120,4864,4608,4352,0,0,0,36,0,32768,0,97,65535,5888,0,36992,831,498,616,16,0,0,14,8192,0,0,0,0,0,128,581,77,369,16,0,0,12,8192,0,0,0,0,0,128,608,81,445,0,0,0,10,8192,0,0,0,0,0,128,678,81,542,0,2,0,8,8192,0,0,0,0,0,128,567,92,634,0,4,0,6,8192,0,0,0,0,0,128,462,143,702,0,6,0,4,8192,0,0,0,0,0,128,619,235,694,0,8,0,2,8192,0,0,0,0,0,128,644,395,620
2422,0,4096,5888,5632,5376,5120,4864,4608,4352,0,0,0,36,0,32768,0,99,65535,5888,0,36992,832,511,614,16,0,0,14,8192,0,0,0,0,0,128,593,78,379,0,0,0,12,8192,0,0,0,0,0,128,592,80,454,0,0,0,10,8192,0,0,0,0,0,128,646,81,552,0,2,0,8,8192,0,0,0,0,0,128,551,96,642,0,4,0,6,8192,0,0,0,0,0,128,462,150,705,0,6,0,4,8192,0,0,0,0,0,128,617,244,689,0,8,0,2,8192,0,0,0,0,0,128,628,405,617
2426,0,4096,5888,5632,5376,5120,4864,4608,4352,0,0,0,36,0,32768,0,102,65535,5888,0,36992,830,524,613,16,0,0,14,8192,0,0,0,0,0,128,591,79,388,0,0,0,12,8192,0,0,0,0,0,128,576,77,463,0,0,0,10,8192,0,0,0,0,0,128,618,81,562,0,2,0,8,8192,0,0,0,0,0,128,535,101,649,0,4,0,6,8192,0,0,0,0,0,128,510,157,707,0,6,0,4,8192,0,0,0,0,0,128,643,252,685,0,8,0,2,8192,0,0,0,0,0,128,612,415,614
2430,0,4096,5888,5632,5376,5120,4864,4608,4352,0,0,0,36,0,32768,0,103,65535,5888,0,4224,831,537,613,16,0,0,14,8192,0,0,0,0,0,128,589,80,397,0,0,0,12,8192,0,0,0,0,0,128,560,76,472,0,0,0,10,8192,0,0,0,0,0,128,602,81,572,0,2,0,8,8192,0,0,0,0,0,128,519,105,656,0,4,0,6,8192,0,0,0,0,0,128,542,165,708,0,6,0,4,8192,0,0,0,0,0,128,641,261,680,0,8,0,2,8192,0,0,0,0,0,128,596,425,614
2434,0,4096,5888,5632,5376,5120,4864,4608,4352,0,0,0,36,0,32768,0,106,65535,5888,0,4224,832,550,615,16,0,0,14,8192,0,0,0,0,0,128,587,80,406,0,0,0,12,8192,0,0,0,0,0,128,544,76,480,0,0,0,10,8192,0,0,0,0,0,128,586,81,581,0,2,0,8,8192,0,0,0,0,0,128,503,108,663,0,4,0,6,8192,0,0,0,0,0,128,526,174,708,0,6,0,4,8192,0,0,0,0,0,128,625,270,676,0,8,0,2,8192,0,0,0,0,0,128,580,434,614
2438,0,4096,5888,5632,5376,5120,4864,4608,4352,0,0,0,36,0,32768,0,111,65535,5888,0,4224,830,562,618,16,0,0,14,8192,0,0,0,0,0,128,585,80,415,0,0,0,12,8192,0,0,0,0,0,128,528,77,489,0,0,0,10,8192,0,0,0,0,0,128,570,81,590,0,2,0,8,8192,0,0,0,0,0,128,487,113,670,0,4,0,6,8192,0,0,0,0,0,128,525,182,707,0,6,0,4,8192,0,0,0,0,0,128,623,279,671,0,8,0,2,8192,0,0,0,0,0,128,564,444,615
2442,0,4096,5888,5632,5376,5120,4864,4608,4352,0,0,0,36,0,32768,0,114,65535,5888,0,4224,831,575,622,16,0,0,14,8192,0,0,0,0,0,128,583,78,424,0,0,0,12,8192,0,0,0,0,0,128,512,78,497,0,0,0,10,8192,0,0,0,0,0,128,554,81,599,0,2,0,8,8192,0,0,0,0,0,128,471,118,676,0,4,0,6,8192,0,0,0,0,0,128,524,190,706,0,6,0,4,8192,0,0,0,0,0,128,621,287,666,0,8,0,2,8192,0,0,0,0,0,128,548,454,615
2446,0,4096,5888,5632,5376,5120,4864,4608,4352,0,0,0,32804,0,34816,0,118,65535,5888,0,36992,832,586,628,16,0,0,14,8192,0,0,0,0,0,128,581,77,433,0,0,0,12,8192,0,0,0,0,0,128,496,79,505,0,0,0,10,8192,0,0,0,0,0,128,538,82,607,0,2,0,8,8192,0,0,0,0,0,128,455,123,681,0,4,0,6,8192,0,0,0,0,0,128,523,197,703,0,6,0,4,8192,0,0,0,0,0,128,619,296,662,0,8,0,2,8192,0,0,0,0,0,128,532,463,616
2450,0,4096,5888,5632,5376,5120,4864,4608,4352,0,0,0,32768,0,34816,0,120,65535,5888,0,36992,830,597,634,16,0,0,14,8192,0,0,0,0,0,128,593,77,442,0,0,0,12,8192,0,0,0,0,0,128,528,81,512,0,0,0,10,8192,0,0,0,0,0,128,522,83,616,0,2,0,8,8192,0,0,0,0,0,128,455,128,685,0,4,0,6,8192,0,0,0,0,0,128,567,205,700,0,6,0,4,8192,0,0,0,0,0,128,617,305,658,0,8,0,2,8192,0,0,0,0,0,128,516,471,618
2454,0,4096,5888,5632,5376,5120,4864,4608,4352,0,0,0,32768,0,34816,0,124,65535,5888,0,4224,831,606,644,16,0,0,14,8192,0,0,0,0,0,128,577,79,452,0,0,0,12,8192,0,0,0,0,0,128,528,81,521,0,0,0,10,8192,0,0,0,0,0,128,506,86,623,0,2,0,8,8192,0,0,0,0,0,128,455,134,689,0,4,0,6,8192,0,0,0,0,0,128,610,213,697,0,6,0,4,8192,0,0,0,0,0,128,643,314,655,0,8,0,2,8192,0,0,0,0,0,128,516,479,619
2458,0,4096,5888,5632,5376,5120,4864,4608,4352,0,0,0,32768,0,34816,0,124,65535,5888,0,4224,832,613,655,16,0,0,14,8192,0,0,0,0,0,128,561,80,460,0,0,0,12,8192,0,0,0,0,0,128,512,81,529,0,0,0,10,8192,0,0,0,0,0,128,490,89,630,0,2,0,8,8192,0,0,0,0,0,128,455,140,693,0,4,0,6,8192,0,0,0,0,0,128,636,222,693,0,6,0,4,8192,0,0,0,0,0,128,641,324,652,0,8,0,2,8192,0,0,0,0,0,128,516,487,621
2462,0,4096,5888,5632,5376,5120,4864,4608,4352,0,0,0,32768,0,34816,0,386,65535,5376,0,36992,830,618,667,16,0,0,14,8192,0,0,0,0,0,128,545,80,469,0,0,0,12,8192,0,0,0,0,0,128,496,81,537,0,0,0,10,8192,0,0,0,0,0,128,474,93,637,0,2,0,8,8192,0,0,0,0,0,128,455,147,696,0,4,0,6,8192,0,0,0,0,0,128,620,232,689,0,6,0,4,8192,0,0,0,0,0,128,625,333,649,0,8,0,2,8192,0,0,0,0,0,128,516,494,623
2466,0,4096,5888,5632,5376,5120,4864,4608,4352,0,0,0,0,0,32768,0,375,65535,5376,0,36992,831,622,679,16,0,0,14,8192,0,0,0,0,0,128,529,80,478,0,0,0,12,8192,0,0,0,0,0,128,528,81,545,0,0,0,10,8192,0,0,0,0,0,128,458,97,643,0,2,0,8,8192,0,0,0,0,0,128,455,154,698,0,4,0,6,8192,0,0,0,0,0,128,618,240,685,0,6,0,4,8192,0,0,0,0,0,128,623,343,647,8,8,0,2,8192,0,0,0,0,0,128,516,502,625
2470,0,4096,5888,5632,5376,5120,4864,4608,4352,0,0,0,0,0,32768,0,464,65535,5120,0,4224,832,625,692,16,0,0,14,8192,0,0,0,0,0,128,513,80,486,0,0,0,12,8192,0,0,0,0,0,128,528,81,553,0,0,0,10,8192,0,0,0,0,0,128,442,100,649,0,2,0,8,8192,0,0,0,0,0,128,455,160,700,0,4,0,6,8192,0,0,0,0,0,128,616,249,681,0,6,0,4,8192,0,0,0,0,0,128,621,352,643,8,8,0,2,8192,0,0,0,0,0,128,516,510,627
2474,0,4096,5888,5632,5376,5120,4864,4608,4352,0,0,0,0,0,32768,0,456,65535,5120,0,4224,830,628,704,16,0,0,14,8192,0,0,0,0,0,128,497,80,494,0,0,0,12,8192,0,0,0,0,0,128,512,81,561,0,0,0,10,8192,0,0,0,0,0,128,444,104,655,0,2,0,8,8192,0,0,0,0,0,128,487,166,700,0,4,0,6,8192,0,0,0,0,0,128,642,258,678,8,6,0,4,8192,0,0,0,0,0,128,619,361,640,8,8,0,2,8192,0,0,0,0,0,128,560,517,631
2478,0,4096,5888,5632,5376,5120,4864,4608,4352,0,0,0,0,0,32768,0,452,65535,5120,0,36992,831,630,717,16,0,0,14,8192,0,0,0,0,0,128,481,80,501,0,0,0,12,8192,0,0,0,0,0,128,496,81,569,0,0,0,10,8192,0,0,0,0,0,128,446,107,661,0,2,0,8,8192,0,0,0,0,0,128,535,173,700,0,4,0,6,8192,0,0,0,0,0,128,626,267,673,8,6,0,4,8192,0,0,0,0,0,128,645,370,637,8,8,0,2,8192,0,0,0,0,0,128,603,524,636
2482,0,4096,5888,5632,5376,5120,4864,4608,4352,0,0,0,0,0,32768,0,447,65535,5120,0,36992,832,633,730,16,0,0,14,8192,0,0,0,0,0,128,465,80,509,0,0,0,12,8192,0,0,0,0,0,128,528,81,577,0,0,0,10,8192,0,0,0,0,0,128,430,110,667,0,2,0,8,8192,0,0,0,0,0,128,535,181,700,8,4,0,6,8192,0,0,0,0,0,128,624,276,669,8,6,0,4,8192,0,0,0,0,0,128,682,380,634,8,8,0,2,8192,0,0,0,0,0,128,643,531,643
2486,0,4096,5888,5632,5376,5120,4864,4608,4352,0,0,0,4,0,32768,0,444,65535,5120,0,4224,830,636,743,16,0,0,14,8192,0,0,0,0,0,128,465,80,516,16,0,0,12,8192,0,0,0,0,0,128,528,81,585,0,0,0,10,8192,0,0,0,0,0,128,468,114,673,0,2,0,8,8192,0,0,0,0,0,128,519,188,699,8,4,0,6,8192,0,0,0,0,0,128,663,285,665,8,6,0,4,8192,0,0,0,0,0,128,718,391,631,8,8,0,2,8192,0,0,0,0,0,128,679,539,650
2490,0,4096,5888,5632,5376,5120,4864,4608,4352,0,0,0,4,0,32768,0,446,65535,5120,0,4224,831,640,755,16,0,0,14,8192,0,0,0,0,0,128,465,80,523,16,0,0,12,8192,0,0,0,0,0,128,512,81,593,0,0,0,10,8192,0,0,0,0,0,128,452,119,678,8,2,0,8,8192,0,0,0,0,0,128,548,195,698,8,4,0,6,8192,0,0,0,0,0,128,699,295,662,8,6,0,4,8192,0,0,0,0,0,128,751,401,628,8,8,0,2,8192,0,0,0,0,0,128,702,547,657
2494,0,4096,5888,5632,5376,5120,4864,4608,4352,0,0,0,4,0,32768,0,129,65535,5888,0,4224,832,645,767,16,0,0,14,8192,0,0,0,0,0,128,465,80,530,16,0,0,12,8192,0,0,0,0,0,128,460,81,601,8,0,0,10,8192,0,0,0,0,0,128,436,124,683,8,2,0,8,8192,0,0,0,0,0,128,592,204,696,8,4,0,6,8192,0,0,0,0,0,128,734,305,659,8,6,0,4,8192,0,0,0,0,0,128,747,413,624,8,8,0,2,8192,0,0,0,0,0,128,725,557,663
2498,0,4096,5888,5632,5376,5120,4864,4608,4352,0,0,0,36,0,32768,0,130,65535,5888,0,4224,830,651,778,16,0,0,14,8192,0,0,0,0,0,128,465,80,537,16,0,0,12,8192,0,0,0,0,0,128,420,82,608,8,0,0,10,8192,0,0,0,0,0,128,438,130,686,8,2,0,8,8192,0,0,0,0,0,128,633,213,693,8,4,0,6,8192,0,0,0,0,0,128,766,316,655,8,6,0,4,8192,0,0,0,0,0,128,731,424,623,8,8,0,2,8192,0,0,0,0,0,128,709,566,670
2502,0,4096,5888,5632,5376,5120,4864,4608,4352,0,0,0,0,0,32768,0,128,65535,5888,0,36992,831,658,789,16,0,0,14,8192,0,0,0,0,0,128,465,80,545,16,0,0,12,8192,0,0,0,0,0,128,388,83,614,8,0,0,10,8192,0,0,0,0,0,128,492,136,690,8,2,0,8,8192,0,0,0,0,0,128,670,222,690,8,4,0,6,8192,0,0,0,0,0,128,797,328,651,8,6,0,4,8192,0,0,0,0,0,128,715,435,623,8,8,0,2,8192,0,0,0,0,0,128,706,575,677
2506,0,4096,5888,5632,5376,5120,4864,4608,4352,0,0,0,0,0,32768,0,131,65535,5888,0,36992,832,666,799,16,0,0,14,8192,0,0,0,0,0,128,465,80,552,16,0,0,12,8192,0,0,0,0,0,128,356,85,620,8,0,0,10,8192,0,0,0,0,0,128,524,143,694,8,2,0,8,8192,0,0,0,0,0,128,706,232,685,8,4,0,6,8192,0,0,0,0,0,128,825,340,648,8,6,0,4,8192,0,0,0,0,0,128,735,447,624,8,8,0,2,8192,0,0,0,0,0,128,703,584,683
2510,0,4096,5888,5632,5376,5120,4864,4608,4352,0,0,0,0,0,32768,0,137,65535,5888,0,4224,830,676,808,16,0,0,14,8192,0,0,0,0,0,128,465,80,559,16,0,0,12,8192,0,0,0,0,0,128,336,88,625,8,0,0,10,8192,0,0,0,0,0,128,508,151,697,8,2,0,8,8192,0,0,0,0,0,128,739,242,681,8,4,0,6,8192,0,0,0,0,0,128,852,353,644,8,6,0,4,8192,0,0,0,0,0,128,731,458,625,8,8,0,2,8192,0,0,0,0,0,128,726,593,690
2514,0,4096,5888,5632,5376,5120,4864,4608,4352,0,0,0,0,0,32768,0,139,65535,5888,0,4224,831,686,816,16,0,0,14,8192,0,0,0,0,0,128,465,80,566,16,0,0,12,8192,0,0,0,0,0,128,320,90,629,8,0,0,10,8192,0,0,0,0,0,128,508,158,699,8,2,0,8,8192,0,0,0,0,0,128,771,253,676,8,4,0,6,8192,0,0,0,0,0,128,876,365,639,8,6,0,4,8192,0,0,0,0,0,128,715,469,626,8,8,0,2,8192,0,0,0,0,0,128,758,601,698
2518,0,4096,5888,5632,5376,5120,4864,4608,4352,0,0,0,0,0,32768,0,136,65535,5888,0,36992,832,697,823,16,0,0,14,8192,0,0,0,0,0,128,465,80,573,8,0,0,12,8192,0,0,0,0,0,128,304,93,633,8,0,0,10,8192,0,0,0,0,0,128,508,166,699,8,2,0,8,8192,0,0,0,0,0,128,800,264,672,8,4,0,6,8192,0,0,0,0,0,128,900,378,635,8,6,0,4,8192,0,0,0,0,0,128,735,480,626,8,8,0,2,8192,0,0,0,0,0,128,789,608,707
2522,0,4096,5888,5632,5376,5120,4864,4608,4352,0,0,0,0,0,32768,0,136,65535,5888,0,36992,830,708,830,16,0,0,14,8192,0,0,0,0,0,128,465,80,580,8,0,0,12,8192,0,0,0,0,0,128,336,95,637,8,0,0,10,8192,0,0,0,0,0,128,555,174,698,8,2,0,8,8192,0,0,0,0,0,128,828,276,666,8,4,0,6,8192,0,0,0,0,0,128,911,392,631,8,6,0,4,8192,0,0,0,0,0,128,731,492,626,8,8,0,2,8192,0,0,0,0,0,128,817,615,717
2526,0,4096,5888,5632,5376,5120,4864,4608,4352,0,0,0,32772,0,34816,0,136,65535,5888,0,36992,831,719,837,16,0,0,14,8192,0,0,0,0,0,128,465,80,588,8,0,0,12,8192,0,0,0,0,0,128,384,98,642,8,0,0,10,8192,0,0,0,0,0,128,598,183,697,8,2,0,8,8192,0,0,0,0,0,128,853,288,662,8,4,0,6,8192,0,0,0,0,0,128,891,405,626,8,6,0,4,8192,0,0,0,0,0,128,715,503,626,8,8,0,2,8192,0,0,0,0,0,128,844,622,727
2530,0,4096,5888,5632,5376,5120,4864,4608,4352,0,0,0,32804,0,34816,0,136,65535,5888,0,36992,832,729,846,16,0,0,14,8192,0,0,0,0,0,128,445,80,595,8,0,0,12,8192,0,0,0,0,0,128,438,101,648,8,0,0,10,8192,0,0,0,0,0,128,638,193,696,8,2,0,8,8192,0,0,0,0,0,128,877,301,658,8,4,0,6,8192,0,0,0,0,0,128,859,419,623,8,6,0,4,8192,0,0,0,0,0,128,735,514,627,8,8,0,2,8192,0,0,0,0,0,128,868,629,738
2534,0,4096,5888,5632,5376,5120,4864,4608,4352,0,0,0,32804,0,34816,0,137,65535,5888,0,36992,830,738,855,16,0,0,14,8192,0,0,0,0,0,128,413,81,602,8,0,0,12,8192,0,0,0,0,0,128,488,104,654,8,0,0,10,8192,0,0,0,0,0,128,677,203,694,8,2,0,8,8192,0,0,0,0,0,128,901,314,653,8,4,0,6,8192,0,0,0,0,0,128,831,432,622,8,6,0,4,8192,0,0,0,0,0,128,731,525,630,8,8,0,2,8192,0,0,0,0,0,128,892,636,749
2538,0,4096,5888,5632,5376,5120,4864,4608,4352,0,0,0,32804,0,34816,0,137,65535,5888,0,36992,831,747,864,16,0,0,14,8192,0,0,0,0,0,128,381,82,608,8,0,0,12,8192,0,0,0,0,0,128,488,108,661,8,0,0,10,8192,0,0,0,0,0,128,712,213,690,8,2,0,8,8192,0,0,0,0,0,128,895,327,649,8,4,0,6,8192,0,0,0,0,0,128,815,445,623,8,6,0,4,8192,0,0,0,0,0,128,715,536,635,8,8,0,2,8192,0,0,0,0,0,128,906,643,761
2542,0,4096,5888,5632,5376,5120,4864,4608,4352,0,0,0,36,0,32768,0,136,65535,5888,0,36992,832,756,873,16,0,0,14,8192,0,0,0,0,0,128,353,83,613,8,0,0,12,8192,0,0,0,0,0,128,520,113,667,8,0,0,10,8192,0,0,0,0,0,128,744,223,686,8,2,0,8,8192,0,0,0,0,0,128,907,341,645,8,4,0,6,8192,0,0,0,0,0,128,799,457,625,8,6,0,4,8192,0,0,0,0,0,128,735,545,641,8,8,0,2,8192,0,0,0,0,0,128,900,649,772
2546,0,4096,5888,5632,5376,5120,4864,4608,4352,0,0,0,36,0,32768,0,137,65535,5888,0,36992,830,765,882,16,0,0,14,8192,0,0,0,0,0,128,337,86,618,8,0,0,12,8192,0,0,0,0,0,128,520,118,673,8,0,0,10,8192,0,0,0,0,0,128,775,234,683,8,2,0,8,8192,0,0,0,0,0,128,900,354,641,8,4,0,6,8192,0,0,0,0,0,128,783,470,626,8,6,0,4,8192,0,0,0,0,0,128,731,554,649,8,8,0,2,8192,0,0,0,0,0,128,894,656,784
2550,0,4096,5888,5632,5376,5120,4864,4608,4352,0,0,0,36,0,32768,0,138,65535,5888,0,4224,831,775,892,16,0,0,14,8192,0,0,0,0,0,128,321,88,623,8,0,0,12,8192,0,0,0,0,0,128,504,123,680,8,0,0,10,8192,0,0,0,0,0,128,803,246,679,8,2,0,8,8192,0,0,0,0,0,128,893,367,636,8,4,0,6,8192,0,0,0,0,0,128,767,482,626,8,6,0,4,8192,0,0,0,0,0,128,715,561,657,8,8,0,2,8192,0,0,0,0,0,128,908,662,795
2554,0,4096,5888,5632,5376,5120,4864,4608,4352,0,0,0,36,0,32768,0,138,65535,5888,0,4224,832,785,900,16,0,0,14,8192,0,0,0,0,0,128,305,90,627,8,0,0,12,8192,0,0,0,0,0,128,488,128,685,8,0,0,10,8192,0,0,0,0,0,128,831,258,674,8,2,0,8,8192,0,0,0,0,0,128,907,381,632,8,4,0,6,8192,0,0,0,0,0,128,751,494,626,8,6,0,4,8192,0,0,0,0,0,128,735,568,666,8,8,0,2,8192,0,0,0,0,0,128,901,667,808
2558,0,4096,5888,5632,5376,5120,4864,4608,4352,0,0,0,36,0,32768,0,144,65535,5888,0,4224,830,796,906,16,0,0,14,8192,0,0,0,0,0,128,289,93,631,8,0,0,12,8192,0,0,0,0,0,128,520,134,690,8,0,0,10,8192,0,0,0,0,0,128,858,270,669,8,2,0,8,8192,0,0,0,0,0,128,901,394,628,8,4,0,6,8192,0,0,0,0,0,128,735,505,626,8,6,0,4,8192,0,0,0,0,0,128,731,575,675,8,8,0,2,8192,0,0,0,0,0,128,895,673,819
2562,0,4096,5888,5632,5376,5120,4864,4608,4352,0,0,0,36,0,32768,0,145,65535,5888,0,4224,831,809,909,16,0,0,14,8192,0,0,0,0,0,128,273,95,635,8,0,0,12,8192,0,0,0,0,0,128,520,141,694,8,0,0,10,8192,0,0,0,0,0,128,882,283,664,8,2,0,8,8192,0,0,0,0,0,128,886,408,624,8,4,0,6,8192,0,0,0,0,0,128,719,517,627,8,6,0,4,8192,0,0,0,0,0,128,715,582,684,8,8,0,2,8192,0,0,0,0,0,128,909,681,830
2566,0,4096,5888,5632,5376,5120,4864,4608,4352,0,0,0,36,0,32768,0,144,65535,5888,0,36992,832,821,911,16,0,0,14,8192,0,0,0,0,0,128,257,97,638,8,0,0,12,8192,0,0,0,0,0,128,504,149,698,8,0,0,10,8192,0,0,0,0,0,128,876,296,660,8,2,0,8,8192,0,0,0,0,0,128,854,421,621,8,4,0,6,8192,0,0,0,0,0,128,715,527,629,8,6,0,4,8192,0,0,0,0,0,128,735,587,694,8,8,0,2,8192,0,0,0,0,0,128,893,690,839
2570,0,4096,5888,5632,5376,5120,4864,4608,4352,0,0,0,36,0,32768,0,143,65535,5888,0,36992,830,834,910,16,0,0,14,8192,0,0,0,0,0,128,241,99,642,8,0,0,12,8192,0,0,0,0,0,128,488,156,700,8,0,0,10,8192,0,0,0,0,0,128,890,309,655,8,2,0,8,8192,0,0,0,0,0,128,822,434,621,8,4,0,6,8192,0,0,0,0,0,128,712,538,634,8,6,0,4,8192,0,0,0,0,0,128,731,593,704,8,8,0,2,8192,0,0,0,0,0,128,907,699,848
2574,0,4096,5888,5632,5376,5120,4864,4608,4352,0,0,0,36,0,32768,0,305,65535,5632,0,4224,831,847,908,16,0,0,14,8192,0,0,0,0,0,128,237,101,645,8,0,0,12,8192,0,0,0,0,0,128,520,164,701,8,0,0,10,8192,0,0,0,0,0,128,884,322,651,8,2,0,8,8192,0,0,0,0,0,128,802,447,622,8,4,0,6,8192,0,0,0,0,0,128,732,547,639,8,6,0,4,8192,0,0,0,0,0,128,751,600,712,8,8,0,2,8192,0,0,0,0,0,128,901,710,857
2578,0,4096,5888,5632,5376,5120,4864,4608,4352,0,0,0,36,0,32768,0,302,65535,5632,0,4224,832,860,905,16,0,0,14,8192,0,0,0,0,0,128,233,103,648,8,0,0,12,8192,0,0,0,0,0,128,565,172,701,8,0,0,10,8192,0,0,0,0,0,128,878,335,647,8,2,0,8,8192,0,0,0,0,0,128,786,459,624,8,4,0,6,8192,0,0,0,0,0,128,716,556,647,8,6,0,4,8192,0,0,0,0,0,128,783,606,721,8,8,0,2,8192,0,0,0,0,0,128,895,721,866
2582,0,4096,5888,5632,5376,5120,4864,4608,4352,0,0,0,36,0,32768,0,386,65535,5376,0,4224,830,872,900,16,0,0,14,8192,0,0,0,0,0,128,229,104,652,8,0,0,12,8192,0,0,0,0,0,128,606,181,700,8,0,0,10,8192,0,0,0,0,0,128,892,348,643,8,2,0,8,8192,0,0,0,0,0,128,770,471,626,8,4,0,6,8192,0,0,0,0,0,128,712,564,655,8,6,0,4,8192,0,0,0,0,0,128,812,613,732,8,8,0,2,8192,0,0,0,0,0,128,909,732,874
2586,0,4096,5888,5632,5376,5120,4864,4608,4352,0,0,0,36,0,32768,0,301,384,5632,5376,4224,831,883,893,16,0,0,14,8192,0,0,0,0,0,128,237,106,655,8,0,0,12,8192,0,0,0,0,0,128,646,191,698,8,0,0,10,8192,0,0,0,0,0,128,886,361,639,8,2,0,8,8192,0,0,0,0,0,128,754,483,626,8,4,0,6,8192,0,0,0,0,0,128,732,570,664,8,6,0,4,8192,0,0,0,0,0,128,840,619,743,8,8,0,2,8192,0,0,0,0,0,128,893,743,883
2590,0,4096,5888,5632,5376,5120,4864,4608,4352,0,0,0,36,0,32768,0,471,384,5120,5376,36992,832,894,886,16,0,0,14,8192,0,0,0,0,0,128,233,107,658,8,0,0,12,8192,0,0,0,0,0,128,683,201,697,8,0,0,10,8192,0,0,0,0,0,128,880,374,635,8,2,0,8,8192,0,0,0,0,0,128,738,495,626,8,4,0,6,8192,0,0,0,0,0,128,716,576,673,8,6,0,4,8192,0,0,0,0,0,128,865,627,754,8,8,0,2,8192,0,0,0,0,0,128,907,755,891
2594,0,4096,5888,5632,5376,5120,4864,4608,4352,0,0,0,36,0,32768,0,289,472,5632,5120,36992,830,903,877,16,0,0,14,8192,0,0,0,0,0,128,229,109,661,8,0,0,12,8192,0,0,0,0,0,128,719,211,693,8,0,0,10,8192,0,0,0,0,0,128,894,388,631,8,2,0,8,8192,0,0,0,0,0,128,722,506,626,8,4,0,6,8192,0,0,0,0,0,128,712,583,683,8,6,0,4,8192,0,0,0,0,0,128,889,635,765,8,8,0,2,8192,0,0,0,0,0,128,901,767,898
2598,0,4096,5888,5632,5376,5120,4864,4608,4352,0,0,0,0,0,32768,0,710,278,4608,5632,4224,831,911,867,16,0,0,14,8192,0,0,0,0,0,128,237,112,664,8,0,0,12,8192,0,0,0,0,0,128,752,221,689,8,0,0,10,8192,0,0,0,0,0,128,878,401,627,8,2,0,8,8192,0,0,0,0,0,128,706,517,628,8,4,0,6,8192,0,0,0,0,0,128,732,588,693,8,6,0,4,8192,0,0,0,0,0,128,911,643,776,8,8,0,2,8192,0,0,0,0,0,128,895,780,903
2602,0,4096,5888,5632,5376,5120,4864,4608,4352,0,0,0,32768,0,34816,0,706,814,4608,4352,4224,832,919,856,16,0,0,14,8192,0,0,0,0,0,128,233,114,667,8,0,0,12,8192,0,0,0,0,0,128,784,232,684,8,0,0,10,8192,0,0,0,0,0,128,846,414,623,8,2,0,8,8192,0,0,0,0,0,128,703,528,632,8,4,0,6,8192,0,0,0,0,0,128,728,594,702,8,6,0,4,8192,0,0,0,0,0,128,922,652,787,8,8,0,2,8192,0,0,0,0,0,128,909,794,905
2606,0,4096,5888,5632,5376,5120,4864,4608,4352,0,0,0,32768,0,34816,0,126,263,5888,5632,36992,830,923,844,16,0,0,14,8192,0,0,0,0,0,128,229,116,670,8,0,0,12,8192,0,0,0,0,0,128,813,243,679,8,0,0,10,8192,0,0,0,0,0,128,814,427,622,8,2,0,8,8192,0,0,0,0,0,128,724,537,637,8,4,0,6,8192,0,0,0,0,0,128,760,600,712,8,6,0,4,8192,0,0,0,0,0,128,915,660,799,8,8,0,2,8192,0,0,0,0,0,128,893,807,906
2610,0,4096,5888,5632,5376,5120,4864,4608,4352,0,0,0,32768,0,34816,0,124,262,5888,5632,36992,831,924,831,16,0,0,14,8192,0,0,0,0,0,128,237,118,673,8,0,0,12,8192,0,0,0,0,0,128,841,255,674,8,0,0,10,8192,0,0,0,0,0,128,798,440,622,8,2,0,8,8192,0,0,0,0,0,128,720,547,643,8,4,0,6,8192,0,0,0,0,0,128,791,606,722,8,6,0,4,8192,0,0,0,0,0,128,908,667,812,0,8,0,2,8192,0,0,0,0,0,128,907,820,905
2614,0,4096,5888,5632,5376,5120,4864,4608,4352,0,0,0,32768,0,34816,0,120,253,5888,5632,4224,832,923,818,0,0,0,14,8192,0,0,0,0,0,128,245,120,676,8,0,0,12,8192,0,0,0,0,0,128,866,268,669,8,0,0,10,8192,0,0,0,0,0,128,782,452,624,8,2,0,8,8192,0,0,0,0,0,128,704,555,651,8,4,0,6,8192,0,0,0,0,0,128,819,614,732,8,6,0,4,8192,0,0,0,0,0,128,919,675,823,0,8,0,2,8192,0,0,0,0,0,128,887,833,902
2618,0,4096,5888,5632,5376,5120,4864,4608,4352,0,0,0,0,0,34816,0,115,241,5888,5632,4224,830,921,806,0,0,0,14,8192,0,0,0,0,0,128,285,123,679,8,0,0,12,8192,0,0,0,0,0,128,890,280,664,8,0,0,10,8192,0,0,0,0,0,128,766,464,625,8,2,0,8,8192,0,0,0,0,0,128,701,562,659,8,4,0,6,8192,0,0,0,0,0,128,846,621,743,0,6,0,4,8192,0,0,0,0,0,128,912,685,834,0,8,0,2,8192,0,0,0,0,0,128,855,845,898
2622,0,4096,5888,5632,5376,5120,4864,4608,4352,0,0,0,0,0,32768,0,113,232,5888,5632,36992,831,918,793,0,0,0,14,8192,0,0,0,0,0,128,333,126,682,8,0,0,12,8192,0,0,0,0,0,128,884,293,659,8,0,0,10,8192,0,0,0,0,0,128,750,476,625,8,2,0,8,8192,0,0,0,0,0,128,722,569,668,8,4,0,6,8192,0,0,0,0,0,128,870,629,754,0,6,0,4,8192,0,0,0,0,0,128,860,695,844,0,8,0,2,8192,0,0,0,0,0,128,823,856,892
2626,0,4096,5888,5632,5376,5120,4864,4608,4352,0,0,0,0,0,32768,0,221,286,5632,5376,36992,832,915,780,0,0,0,14,8192,0,0,0,0,0,128,381,130,686,8,0,0,12,8192,0,0,0,0,0,128,868,306,655,8,0,0,10,8192,0,0,0,0,0,128,734,487,625,8,2,0,8,8192,0,0,0,0,0,128,718,576,677,0,4,0,6,8192,0,0,0,0,0,128,872,636,765,0,6,0,4,8192,0,0,0,0,0,128,820,705,852,8,8,0,2,8192,0,0,0,0,0,128,795,866,886
2630,0,4096,5888,5632,5376,5120,4864,4608,4352,0,0,0,0,0,32768,0,217,275,5632,5376,4224,830,913,768,0,0,0,14,8192,0,0,0,0,0,128,435,136,689,8,0,0,12,8192,0,0,0,0,0,128,882,319,651,8,0,0,10,8192,0,0,0,0,0,128,718,499,625,8,2,0,8,8192,0,0,0,0,0,128,702,583,685,0,4,0,6,8192,0,0,0,0,0,128,816,644,776,0,6,0,4,8192,0,0,0,0,0,128,788,714,861,8,8,0,2,8192,0,0,0,0,0,128,790,877,879
2634,0,4096,5888,5632,5376,5120,4864,4608,4352,0,0,0,4,0,32768,0,217,257,5632,5376,4224,831,910,755,0,0,0,14,8192,0,0,0,0,0,128,437,141,692,8,0,0,12,8192,0,0,0,0,0,128,876,332,647,8,0,0,10,8192,0,0,0,0,0,128,702,510,626,0,2,0,8,8192,0,0,0,0,0,128,691,589,694,0,4,0,6,8192,0,0,0,0,0,128,784,650,787,8,6,0,4,8192,0,0,0,0,0,128,756,722,869,8,8,0,2,8192,0,0,0,0,0,128,818,887,872
2638,0,4096,5888,5632,5376,5120,4864,4608,4352,0,0,0,0,0,32768,0,258,315,5376,5120,4224,832,909,742,0,0,0,14,8192,0,0,0,0,0,128,421,148,695,8,0,0,12,8192,0,0,0,0,0,128,890,346,643,0,0,0,10,8192,0,0,0,0,0,128,686,520,629,0,2,0,8,8192,0,0,0,0,0,128,667,596,702,0,4,0,6,8192,0,0,0,0,0,128,752,656,797,8,6,0,4,8192,0,0,0,0,0,128,772,731,876,8,8,0,2,8192,0,0,0,0,0,128,845,897,864
2642,0,4096,5888,5632,5376,5120,4864,4608,4352,0,0,0,0,0,32768,0,257,748,5376,4352,4224,830,908,729,0,0,0,14,8192,0,0,0,0,0,128,423,154,697,8,0,0,12,8192,0,0,0,0,0,128,884,359,639,0,0,0,10,8192,0,0,0,0,0,128,705,530,633,0,2,0,8,8192,0,0,0,0,0,128,651,602,711,8,4,0,6,8192,0,0,0,0,0,128,736,662,807,8,6,0,4,8192,0,0,0,0,0,128,801,741,883,8,8,0,2,8192,0,0,0,0,0,128,869,906,854
2646,0,4096,5888,5632,5376,5120,4864,4608,4352,0,0,0,0,0,32768,0,303,550,5120,4608,36992,831,909,716,0,0,0,14,8192,0,0,0,0,0,128,425,161,698,0,0,0,12,8192,0,0,0,0,0,128,868,372,635,0,0,0,10,8192,0,0,0,0,0,128,673,540,638,0,2,0,8,8192,0,0,0,0,0,128,635,607,719,8,4,0,6,8192,0,0,0,0,0,128,768,668,816,8,6,0,4,8192,0,0,0,0,0,128,829,750,892,8,8,0,2,8192,0,0,0,0,0,128,893,915,843
2650,0,4096,5888,5632,5376,5120,4864,4608,4352,0,0,0,0,0,32768,0,519,367,4608,4864,36992,832,911,703,0,0,0,14,8192,0,0,0,0,0,128,477,168,698,0,0,0,12,8192,0,0,0,0,0,128,816,384,631,0,0,0,10,8192,0,0,0,0,0,128,641,548,644,8,2,0,8,8192,0,0,0,0,0,128,647,612,728,8,4,0,6,8192,0,0,0,0,0,128,796,675,826,8,6,0,4,8192,0,0,0,0,0,128,854,761,899,8,8,0,2,8192,0,0,0,0,0,128,907,921,831
2654,0,4096,5888,5632,5376,5120,4864,4608,4352,0,0,0,0,0,32768,0,362,65535,4864,0,4224,830,915,691,0,0,0,14,8192,0,0,0,0,0,128,493,175,697,0,0,0,12,8192,0,0,0,0,0,128,776,396,628,8,0,0,10,8192,0,0,0,0,0,128,613,555,651,8,2,0,8,8192,0,0,0,0,0,128,684,617,736,8,4,0,6,8192,0,0,0,0,0,128,824,684,835,8,6,0,4,8192,0,0,0,0,0,128,878,773,905,8,8,0,2,8192,0,0,0,0,0,128,901,927,818
2658,0,4096,5888,5632,5376,5120,4864,4608,4352,0,0,0,0,0,32768,0,351,65535,4864,0,4224,831,918,678,0,0,0,14,8192,0,0,0,0,0,128,493,183,696,0,0,0,12,8192,0,0,0,0,0,128,744,407,624,8,0,0,10,8192,0,0,0,0,0,128,611,560,658,8,2,0,8,8192,0,0,0,0,0,128,720,623,746,8,4,0,6,8192,0,0,0,0,0,128,851,694,843,8,6,0,4,8192,0,0,0,0,0,128,902,786,909,8,8,0,2,8192,0,0,0,0,0,128,895,933,806
2662,0,4096,5888,5632,5376,5120,4864,4608,4352,0,0,0,0,0,32768,0,355,65535,4864,0,36992,832,921,666,0,0,0,14,8192,0,0,0,0,0,128,493,190,695,8,0,0,12,8192,0,0,0,0,0,128,712,418,621,8,0,0,10,8192,0,0,0,0,0,128,650,565,665,8,2,0,8,8192,0,0,0,0,0,128,753,629,755,8,4,0,6,8192,0,0,0,0,0,128,875,705,852,8,6,0,4,8192,0,0,0,0,0,128,905,800,912,8,8,0,2,8192,0,0,0,0,0,128,909,939,793
2666,0,4096,5888,5632,5376,5120,4864,4608,4352,0,0,0,0,0,32768,0,497,65535,4608,0,36992,830,925,653,0,0,0,14,8192,0,0,0,0,0,128,524,198,694,8,0,0,12,8192,0,0,0,0,0,128,692,428,619,8,0,0,10,8192,0,0,0,0,0,128,686,571,673,8,2,0,8,8192,0,0,0,0,0,128,783,635,765,8,4,0,6,8192,0,0,0,0,0,128,899,715,861,8,6,0,4,8192,0,0,0,0,0,128,916,814,912,8,8,0,2,8192,0,0,0,0,0,128,893,942,779
2670,0,4096,5888,5632,5376,5120,4864,4608,4352,0,0,0,4,0,32768,0,487,65535,4608,0,4224,831,928,641,0,0,0,14,8192,0,0,0,0,0,128,568,206,691,8,0,0,12,8192,0,0,0,0,0,128,676,438,618,8,0,0,10,8192,0,0,0,0,0,128,709,578,682,8,2,0,8,8192,0,0,0,0,0,128,811,642,775,8,4,0,6,8192,0,0,0,0,0,128,910,726,870,8,6,0,4,8192,0,0,0,0,0,128,909,828,910,8,8,0,2,8192,0,0,0,0,0,128,907,943,765
2674,0,4096,5888,5632,5376,5120,4864,4608,4352,0,0,0,0,0,32768,0,480,65535,4608,0,4224,832,931,628,0,0,0,14,8192,0,0,0,0,0,128,581,215,688,8,0,0,12,8192,0,0,0,0,0,128,699,447,620,8,0,0,10,8192,0,0,0,0,0,128,693,585,690,8,2,0,8,8192,0,0,0,0,0,128,839,651,785,8,4,0,6,8192,0,0,0,0,0,128,903,737,879,8,6,0,4,8192,0,0,0,0,0,128,920,842,906,8,8,0,2,8192,0,0,0,0,0,128,901,943,751
2678,0,4096,5888,5632,5376,5120,4864,4608,4352,0,0,0,0,0,32768,0,471,65535,4608,0,36992,830,933,615,0,0,0,14,8192,0,0,0,0,0,128,593,223,685,8,0,0,12,8192,0,0,0,0,0,128,696,457,621,8,0,0,10,8192,0,0,0,0,0,128,690,592,699,8,2,0,8,8192,0,0,0,0,0,128,864,658,796,8,4,0,6,8192,0,0,0,0,0,128,914,748,888,8,6,0,4,8192,0,0,0,0,0,128,913,855,900,8,8,0,2,8192,0,0,0,0,0,128,895,943,737
2682,0,4096,5888,5632,5376,5120,4864,4608,4352,0,0,0,0,0,32768,0,463,65535,4608,0,36992,831,933,602,0,0,0,14,8192,0,0,0,0,0,128,591,232,682,8,0,0,12,8192,0,0,0,0,0,128,680,468,623,8,0,0,10,8192,0,0,0,0,0,128,725,599,707,8,2,0,8,8192,0,0,0,0,0,128,888,666,807,8,4,0,6,8192,0,0,0,0,0,128,907,759,897,8,6,0,4,8192,0,0,0,0,0,128,906,867,893,8,8,0,2,8192,0,0,0,0,0,128,909,943,723
2686,0,4096,5888,5632,5376,5120,4864,4608,4352,0,0,0,0,0,32768,0,453,65535,4608,0,4224,832,932,589,0,0,0,14,8192,0,0,0,0,0,128,589,241,679,8,0,0,12,8192,0,0,0,0,0,128,703,478,625,8,0,0,10,8192,0,0,0,0,0,128,757,605,716,8,2,0,8,8192,0,0,0,0,0,128,910,674,819,8,4,0,6,8192,0,0,0,0,0,128,901,771,904,8,6,0,4,8192,0,0,0,0,0,128,917,878,884,8,8,0,2,8192,0,0,0,0,0,128,893,943,709
2690,0,4096,5888,5632,5376,5120,4864,4608,4352,0,0,0,0,0,32768,0,446,65535,4608,0,4224,830,931,576,0,0,0,14,8192,0,0,0,0,0,128,587,249,676,8,0,0,12,8192,0,0,0,0,0,128,700,489,625,8,0,0,10,8192,0,0,0,0,0,128,788,612,726,8,2,0,8,8192,0,0,0,0,0,128,903,682,831,8,4,0,6,8192,0,0,0,0,0,128,912,784,910,8,6,0,4,8192,0,0,0,0,0,128,910,889,875,8,8,0,2,8192,0,0,0,0,0,128,907,943,695
2694,0,4096,5888,5632,5376,5120,4864,4608,4352,0,0,0,0,0,32768,0,437,65535,4608,0,36992,831,930,563,0,0,0,14,8192,0,0,0,0,0,128,585,258,673,8,0,0,12,8192,0,0,0,0,0,128,684,499,625,8,0,0,10,8192,0,0,0,0,0,128,816,618,737,8,2,0,8,8192,0,0,0,0,0,128,896,692,841,8,4,0,6,8192,0,0,0,0,0,128,905,798,913,8,6,0,4,8192,0,0,0,0,0,128,921,899,864,8,8,0,2,8192,0,0,0,0,0,128,901,943,681
2698,0,4096,5888,5632,5376,5120,4864,4608,4352,0,0,0,0,0,32768,0,427,65535,4608,0,36993,832,929,550,0,0,0,14,8192,0,0,0,0,0,128,583,266,669,8,0,0,12,8192,0,0,0,0,0,128,707,509,625,8,0,0,10,8192,0,0,0,0,0,128,843,626,748,8,2,0,8,8192,0,0,0,0,0,128,908,702,850,8,4,0,6,8192,0,0,0,0,0,128,899,812,914,8,6,0,4,8192,0,0,0,0,0,128,914,907,852,8,8,0,2,8192,0,0,0,0,0,128,895,943,667
2702,0,4096,5888,5632,5376,5120,4864,4608,4352,0,0,0,4,0,32768,0,414,65535,4608,0,4225,830,928,537,0,0,0,14,8192,0,0,0,0,0,128,581,275,666,8,0,0,12,8192,0,0,0,0,0,128,704,519,627,8,0,0,10,8192,0,0,0,0,0,128,867,633,759,8,2,0,8,8192,0,0,0,0,0,128,901,713,859,8,4,0,6,8192,0,0,0,0,0,128,910,826,913,8,6,0,4,8192,0,0,0,0,0,128,907,913,840,8,8,0,2,8192,0,0,0,0,0,128,909,943,652
2706,0,4096,5888,5632,5376,5120,4864,4608,4352,0,0,0,0,0,32768,0,408,65535,4608,0,4225,831,926,524,0,0,0,14,8192,0,0,0,0,0,128,593,283,663,8,0,0,12,8192,0,0,0,0,0,128,688,528,631,8,0,0,10,8192,0,0,0,0,0,128,881,640,771,8,2,0,8,8192,0,0,0,0,0,128,894,724,869,8,4,0,6,8192,0,0,0,0,0,128,903,839,911,8,6,0,4,8192,0,0,0,0,0,128,918,921,828,8,8,0,2,8192,0,0,0,0,0,128,893,943,638
2710,0,4096,5888,5632,5376,5120,4864,4608,4352,0,0,0,0,0,32768,0,406,65535,4608,0,36993,832,924,512,0,0,0,14,8192,0,0,0,0,0,128,591,292,660,8,0,0,12,8192,0,0,0,0,0,128,711,538,636,8,0,0,10,8192,0,0,0,0,0,128,875,647,782,8,2,0,8,8192,0,0,0,0,0,128,906,735,877,8,4,0,6,8192,0,0,0,0,0,128,914,853,906,8,6,0,4,8192,0,0,0,0,0,128,911,927,815,8,8,0,2,8192,0,0,0,0,0,128,907,943,624
2714,0,4096,5888,5632,5376,5120,4864,4608,4352,0,0,0,0,0,32768,0,394,631,4608,4352,36993,830,921,499,0,0,0,14,8192,0,0,0,0,0,128,589,301,657,8,0,0,12,8192,0,0,0,0,0,128,708,547,642,8,0,0,10,8192,0,0,0,0,0,128,889,654,794,8,2,0,8,8192,0,0,0,0,0,128,899,746,886,8,4,0,6,8192,0,0,0,0,0,128,907,865,899,8,6,0,4,8192,0,0,0,0,0,128,922,933,802,8,8,0,2,8192,0,0,0,0,0,128,901,943,610
2718,0,4096,5888,5632,5376,5120,4864,4608,4352,0,0,0,0,0,32768,0,396,634,4608,4352,4225,831,916,487,0,0,0,14,8192,0,0,0,0,0,128,587,309,654,8,0,0,12,8192,0,0,0,0,0,128,692,554,650,8,0,0,10,8192,0,0,0,0,0,128,883,662,806,8,2,0,8,8192,0,0,0,0,0,128,893,758,893,8,4,0,6,8192,0,0,0,0,0,128,901,877,891,8,6,0,4,8192,0,0,0,0,0,128,915,937,788,8,8,0,2,8192,0,0,0,0,0,128,895,943,596
2722,0,4096,5888,5632,5376,5120,4864,4608,4352,0,0,0,0,0,32768,0,395,611,4608,4352,4225,832,912,475,0,0,0,14,8192,0,0,0,0,0,128,585,318,652,8,0,0,12,8192,0,0,0,0,0,128,676,560,659,8,0,0,10,8192,0,0,0,0,0,128,877,670,817,8,2,0,8,8192,0,0,0,0,0,128,907,770,900,8,4,0,6,8192,0,0,0,0,0,128,912,888,882,8,6,0,4,8192,0,0,0,0,0,128,908,939,774,8,8,0,2,8192,0,0,0,0,0,128,909,943,582
2726,0,4096,5888,5632,5376,5120,4864,4608,4352,0,0,0,0,0,32768,0,397,601,4608,4352,36993,830,907,463,0,0,0,14,8192,0,0,0,0,0,128,583,327,649,8,0,0,12,8192,0,0,0,0,0,128,699,566,667,8,0,0,10,8192,0,0,0,0,0,128,891,678,828,8,2,0,8,8192,0,0,0,0,0,128,901,784,904,8,4,0,6,8192,0,0,0,0,0,128,905,898,872,8,6,0,4,8192,0,0,0,0,0,128,919,940,760,8,8,0,2,8192,0,0,0,0,0,128,893,943,568
2730,0,4096,5888,5632,5376,5120,4864,4608,4352,0,0,0,4,0,32768,0,398,605,4608,4352,36993,831,903,450,0,0,0,14,8192,0,0,0,0,0,128,581,336,647,8,0,0,12,8192,0,0,0,0,0,128,696,571,677,8,0,0,10,8192,0,0,0,0,0,128,885,688,838,8,2,0,8,8192,0,0,0,0,0,128,894,797,906,8,4,0,6,8192,0,0,0,0,0,128,899,907,861,8,6,0,4,8192,0,0,0,0,0,128,912,940,746,8,8,0,2,8192,0,0,0,0,0,129,903,943,554
2734,0,4096,5888,5632,5376,5120,4864,4608,4352,0,0,0,4,0,32768,0,397,581,4608,4352,36993,832,898,438,0,0,0,14,8192,0,0,0,0,0,128,593,344,644,8,0,0,12,8192,0,0,0,0,0,128,680,577,685,8,0,0,10,8192,0,0,0,0,0,128,879,698,847,8,2,0,8,8192,0,0,0,0,0,128,906,811,907,8,4,0,6,8192,0,0,0,0,0,128,910,914,849,8,6,0,4,8192,0,0,0,0,0,128,905,940,731,8,8,0,2,8192,0,0,0,0,0,129,871,942,540
2738,0,4096,5888,5632,5376,5120,4864,4608,4352,0,0,0,4,0,32768,0,405,585,4608,4352,36993,830,893,426,0,0,0,14,8192,0,0,0,0,0,128,591,353,641,8,0,0,12,8192,0,0,0,0,0,128,703,584,693,8,0,0,10,8192,0,0,0,0,0,128,893,708,856,8,2,0,8,8192,0,0,0,0,0,128,899,825,905,8,4,0,6,8192,0,0,0,0,0,128,903,919,836,8,6,0,4,8192,0,0,0,0,0,128,916,940,717,8,8,0,2,8192,0,0,0,0,0,129,839,938,527
2742,0,4096,5888,5632,5376,5120,4864,4608,4352,0,0,0,36,0,32768,0,409,575,4608,4352,36993,831,887,415,0,0,0,14,8192,0,0,0,0,0,128,589,362,638,8,0,0,12,8192,0,0,0,0,0,128,700,592,700,8,0,0,10,8192,0,0,0,0,0,128,877,719,865,8,2,0,8,8192,0,0,0,0,0,128,893,839,901,8,4,0,6,8192,0,0,0,0,0,128,914,923,822,8,6,0,4,8192,0,0,0,0,0,128,909,940,703,8,8,0,2,8192,0,0,0,0,0,129,811,934,515
2746,0,4096,5888,5632,5376,5120,4864,4608,4352,0,0,0,36,0,32768,0,409,550,4608,4352,36993,832,880,404,0,0,0,14,8192,0,0,0,0,0,128,587,371,635,8,0,0,12,8192,0,0,0,0,0,128,723,601,707,8,0,0,10,8192,0,0,0,0,0,128,891,730,874,8,2,0,8,8192,0,0,0,0,0,128,907,852,895,8,4,0,6,8192,0,0,0,0,0,128,907,929,809,8,6,0,4,8192,0,0,0,0,0,128,920,940,689,8,8,0,2,8192,0,0,0,0,0,129,795,929,503
2750,0,4096,5888,5632,5376,5120,4864,4608,4352,0,0,0,36,0,32768,0,407,554,4608,4352,36993,830,872,394,0,0,0,14,8192,0,0,0,0,0,128,585,379,633,8,0,0,12,8192,0,0,0,0,0,128,756,609,714,8,0,0,10,8192,0,0,0,0,0,128,885,741,882,8,2,0,8,8192,0,0,0,0,0,128,901,864,888,8,4,0,6,8192,0,0,0,0,0,128,901,934,796,8,6,0,4,8192,0,0,0,0,0,128,913,940,674,8,8,0,2,8192,0,0,0,0,0,129,779,923,492
2754,0,4096,5888,5632,5376,5120,4864,4608,4352,0,0,0,0,0,32768,0,416,527,4608,4352,36993,831,863,384,0,0,0,14,8192,0,0,0,0,0,128,583,388,630,8,0,0,12,8192,0,0,0,0,0,128,788,618,723,8,0,0,10,8192,0,0,0,0,0,128,879,752,890,8,2,0,8,8192,0,0,0,0,0,128,894,876,881,8,4,0,6,8192,0,0,0,0,0,128,912,937,782,8,6,0,4,8192,0,0,0,0,0,128,906,940,660,8,8,0,2,8192,0,0,0,0,0,129,763,919,481
2758,0,4096,5888,5632,5376,5120,4864,4608,4352,0,0,0,0,0,32768,0,104,416,5888,4608,4225,832,853,376,0,0,0,14,8192,0,0,0,0,0,128,581,397,628,8,0,0,12,8192,0,0,0,0,0,128,817,625,733,8,0,0,10,8192,0,0,0,0,0,128,893,764,897,8,2,0,8,8192,0,0,0,0,0,128,906,887,873,8,4,0,6,8192,0,0,0,0,0,128,905,938,768,8,6,0,4,8192,0,0,0,0,0,128,917,940,646,8,8,0,2,8192,0,0,0,0,0,129,747,914,471
2762,0,4096,5888,5632,5376,5120,4864,4608,4352,0,0,0,0,0,32768,0,106,427,5888,4608,4225,830,842,369,0,0,0,14,8192,0,0,0,0,0,128,579,406,625,8,0,0,12,8192,0,0,0,0,0,128,845,631,744,8,0,0,10,8192,0,0,0,0,0,128,877,777,902,8,2,0,8,8192,0,0,0,0,0,128,899,897,863,8,4,0,6,8192,0,0,0,0,0,128,899,938,754,8,6,0,4,8192,0,0,0,0,0,128,910,940,632,0,8,0,2,8192,0,0,0,0,0,129,731,909,461
2766,0,4096,5888,5632,5376,5120,4864,4608,4352,0,0,0,0,0,32768,0,108,434,5888,4608,36993,831,831,363,0,0,0,14,8192,0,0,0,0,0,128,563,414,623,8,0,0,12,8192,0,0,0,0,0,128,870,638,756,8,0,0,10,8192,0,0,0,0,0,128,891,790,905,8,2,0,8,8192,0,0,0,0,0,128,893,906,852,8,4,0,6,8192,0,0,0,0,0,128,910,938,740,8,6,0,4,8192,0,0,0,0,0,128,921,940,617,0,8,0,2,8192,0,0,0,0,0,129,711,903,452
2770,0,4096,5888,5632,5376,5120,4864,4608,4352,0,0,0,0,0,32768,0,109,436,5888,4608,36993,832,819,358,0,0,0,14,8192,0,0,0,0,0,128,547,423,622,8,0,0,12,8192,0,0,0,0,0,128,894,644,768,8,0,0,10,8192,0,0,0,0,0,128,885,804,907,8,2,0,8,8192,0,0,0,0,0,128,907,913,840,8,4,0,6,8192,0,0,0,0,0,128,903,938,726,0,6,0,4,8192,0,0,0,0,0,128,914,940,603,0,8,0,2,8192,0,0,0,0,0,129,679,897,444
2774,0,4096,5888,5632,5376,5120,4864,4608,4352,0,0,0,0,0,32768,0,111,445,5888,4608,4225,830,807,354,0,0,0,14,8192,0,0,0,0,0,128,531,432,622,8,0,0,12,8192,0,0,0,0,0,128,888,652,780,8,0,0,10,8192,0,0,0,0,0,128,879,818,906,8,2,0,8,8192,0,0,0,0,0,128,901,921,828,8,4,0,6,8192,0,0,0,0,0,128,914,938,712,0,6,0,4,8192,0,0,0,0,0,128,886,940,589,0,8,0,2,8192,0,0,0,0,0,129,647,890,437
2778,0,4096,5888,5632,5376,5120,4864,4608,4352,0,0,0,0,0,32768,0,113,453,5888,4608,4225,831,794,350,0,0,0,14,8192,0,0,0,0,0,128,515,440,624,8,0,0,12,8192,0,0,0,0,0,128,872,659,792,8,0,0,10,8192,0,0,0,0,0,128,893,831,903,8,2,0,8,8192,0,0,0,0,0,128,894,927,815,0,4,0,6,8192,0,0,0,0,0,128,894,938,698,0,6,0,4,8192,0,0,0,0,0,128,854,940,575,0,8,0,2,8192,0,0,0,0,0,129,619,883,430
2782,0,4096,5888,5632,5376,5120,4864,4608,4352,0,0,0,0,0,32768,0,465,438,4608,4352,36993,832,782,346,0,0,0,14,8192,0,0,0,0,0,128,499,448,624,8,0,0,12,8192,0,0,0,0,0,128,886,665,805,8,0,0,10,8192,0,0,0,0,0,128,877,844,898,8,2,0,8,8192,0,0,0,0,0,128,906,933,803,0,4,0,6,8192,0,0,0,0,0,128,862,938,684,0,6,0,4,8192,0,0,0,0,0,128,822,940,562,0,8,0,2,8192,0,0,0,0,0,129,603,877,423
2786,0,4096,5888,5632,5376,5120,4864,4608,4352,0,0,0,0,0,32768,0,482,425,4608,4352,36993,830,770,341,0,0,0,14,8192,0,0,0,0,0,128,499,455,624,8,0,0,12,8192,0,0,0,0,0,128,880,670,818,8,0,0,10,8192,0,0,0,0,0,128,891,856,892,0,2,0,8,8192,0,0,0,0,0,128,891,937,789,0,4,0,6,8192,0,0,0,0,0,128,830,938,671,0,6,0,4,8192,0,0,0,0,0,129,766,939,550,8,8,0,2,8192,0,0,0,0,0,129,587,872,416
2790,0,4096,5888,5632,5376,5120,4864,4608,4352,0,0,0,0,0,32768,0,496,418,4608,4352,4225,831,758,337,0,0,0,14,8192,0,0,0,0,0,128,499,463,624,8,0,0,12,8192,0,0,0,0,0,128,894,676,831,0,0,0,10,8192,0,0,0,0,0,128,885,868,885,0,2,0,8,8192,0,0,0,0,0,128,859,940,776,0,4,0,6,8192,0,0,0,0,0,128,802,938,658,0,6,0,4,8192,0,0,0,0,0,129,726,938,538,8,8,0,2,8192,0,0,0,0,0,129,586,867,408
2794,0,4096,5888,5632,5376,5120,4864,4608,4352,0,0,0,0,0,32768,0,504,406,4608,4352,4225,832,745,332,0,0,0,14,8192,0,0,0,0,0,128,499,471,624,8,0,0,12,8192,0,0,0,0,0,128,888,685,843,0,0,0,10,8192,0,0,0,0,0,128,865,880,877,0,2,0,8,8192,0,0,0,0,0,128,827,940,762,0,4,0,6,8192,0,0,0,0,0,128,786,938,645,8,6,0,4,8192,0,0,0,0,0,129,694,935,527,8,8,0,2,8192,0,0,0,0,0,129,626,861,400
2798,0,4096,5888,5632,5376,5120,4864,4608,4352,0,0,0,0,0,32768,0,522,397,4608,4352,36993,830,733,328,0,0,0,14,8192,0,0,0,0,0,128,499,478,624,0,0,0,12,8192,0,0,0,0,0,128,872,694,853,0,0,0,10,8192,0,0,0,0,0,128,809,890,869,0,2,0,8,8192,0,0,0,0,0,128,795,940,750,0,4,0,6,8192,0,0,0,0,0,128,770,938,633,8,6,0,4,8192,0,0,0,0,0,129,713,931,517,8,8,0,2,8192,0,0,0,0,0,129,665,854,393
2802,0,4096,5888,5632,5376,5120,4864,4608,4352,0,0,0,0,0,32768,0,129,387,5888,4352,36993,831,721,323,0,0,0,14,8192,0,0,0,0,0,128,499,486,624,0,0,0,12,8192,0,0,0,0,0,128,820,705,861,0,0,0,10,8192,0,0,0,0,0,128,777,899,860,0,2,0,8,8192,0,0,0,0,0,128,775,940,737,8,4,0,6,8192,0,0,0,0,0,128,766,938,621,8,6,0,4,8192,0,0,0,0,0,129,734,927,507,8,8,0,2,8192,0,0,0,0,0,129,701,845,388
2806,0,4096,5888,5632,5376,5120,4864,4608,4352,0,0,0,0,0,32768,0,131,373,5888,4352,4225,832,709,317,0,0,0,14,8192,0,0,0,0,0,128,499,494,624,0,0,0,12,8192,0,0,0,0,0,128,780,716,868,0,0,0,10,8192,0,0,0,0,0,128,745,906,851,0,2,0,8,8192,0,0,0,0,0,128,759,940,725,8,4,0,6,8192,0,0,0,0,0,128,797,938,609,8,6,0,4,8192,0,0,0,0,0,129,730,923,496,8,8,0,2,8192,0,0,0,0,0,129,736,836,381
2810,0,4096,5888,5632,5376,5120,4864,4608,4352,0,0,0,0,0,32768,0,137,366,5888,4352,4225,830,698,311,0,0,0,14,8192,0,0,0,0,0,128,499,501,625,0,0,0,12,8192,0,0,0,0,0,128,748,725,876,0,0,0,10,8192,0,0,0,0,0,128,713,911,841,8,2,0,8,8192,0,0,0,0,0,128,767,940,714,8,4,0,6,8192,0,0,0,0,0,128,825,938,597,8,6,0,4,8192,0,0,0,0,0,129,714,919,485,8,8,0,2,8192,0,0,0,0,0,129,768,826,375
2814,0,4096,5888,5632,5376,5120,4864,4608,4352,0,0,0,0,0,32768,0,137,362,5888,4352,36993,831,686,305,0,0,0,14,8192,0,0,0,0,0,128,499,509,626,0,0,0,12,8192,0,0,0,0,0,128,716,734,883,8,0,0,10,8192,0,0,0,0,0,128,697,917,831,8,2,0,8,8192,0,0,0,0,0,128,796,940,702,8,4,0,6,8192,0,0,0,0,0,128,852,938,583,8,6,0,4,8192,0,0,0,0,0,129,734,915,475,8,8,0,2,8192,0,0,0,0,0,129,796,816,369
2818,0,4096,5888,5632,5376,5120,4864,4608,4352,0,0,0,0,0,32768,0,139,364,5888,4352,36993,832,675,299,0,0,0,14,8192,0,0,0,0,0,128,499,516,628,0,0,0,12,8192,0,0,0,0,0,128,696,743,889,8,0,0,10,8192,0,0,0,0,0,128,694,922,822,8,2,0,8,8192,0,0,0,0,0,128,824,940,689,8,4,0,6,8192,0,0,0,0,0,128,876,938,570,8,6,0,4,8192,0,0,0,0,0,129,730,910,464,8,8,0,2,8192,0,0,0,0,0,129,824,806,361
2822,0,4096,5888,5632,5376,5120,4864,4608,4352,0,0,0,0,0,32768,0,364,65535,4352,0,4225,830,663,294,0,0,0,14,8192,0,0,0,0,0,128,499,523,631,8,0,0,12,8192,0,0,0,0,0,128,680,752,895,8,0,0,10,8192,0,0,0,0,0,128,729,927,812,8,2,0,8,8192,0,0,0,0,0,128,850,940,676,8,4,0,6,8196,0,0,0,0,0,129,900,938,556,8,6,0,4,8192,0,0,0,0,0,129,714,905,454,8,8,0,2,8192,0,0,0,0,0,129,851,796,354
2826,0,4096,5888,5632,5376,5120,4864,4608,4352,0,0,0,0,0,32768,0,367,65535,4352,0,4225,831,652,287,0,0,0,14,8192,0,0,0,0,0,128,499,529,636,8,0,0,12,8192,0,0,0,0,0,128,703,761,901,8,0,0,10,8192,0,0,0,0,0,128,761,932,801,16,2,0,8,8192,0,0,0,0,0,128,846,940,663,8,4,0,6,8192,0,0,0,0,0,129,868,938,542,8,6,0,4,8192,0,0,0,0,0,129,734,899,445,8,8,0,2,8192,0,0,0,0,0,129,875,785,346
2830,0,4096,5888,5632,5376,5120,4864,4608,4352,0,0,0,0,0,32768,0,366,65535,4352,0,36993,832,641,281,0,0,0,14,8192,0,0,0,0,0,128,499,535,641,8,0,0,12,8192,0,0,0,0,0,128,736,771,906,16,0,0,10,8192,0,0,0,0,0,128,792,934,789,16,2,0,8,8192,0,0,0,0,0,128,814,940,650,8,4,0,6,8192,0,0,0,0,0,129,836,935,529,8,6,0,4,8192,0,0,0,0,0,129,730,892,436,8,8,0,2,8192,0,0,0,0,0,129,899,773,339
2834,0,4096,5888,5632,5376,5120,4864,4608,4352,0,0,0,0,0,32768,0,374,65535,4352,0,36993,830,630,274,0,0,0,14,8192,0,0,0,0,0,128,499,540,647,8,0,0,12,8192,0,0,0,0,0,128,768,782,909,16,0,0,10,8192,0,0,0,0,0,128,805,935,777,16,2,0,8,8192,0,0,0,0,0,128,782,940,637,8,4,0,6,8192,0,0,0,0,0,129,820,931,517,8,6,0,4,8192,0,0,0,0,0,129,714,885,427,8,8,0,2,8192,0,0,0,0,0,129,893,761,331
2838,0,4096,5888,5632,5376,5120,4864,4608,4352,0,0,0,0,0,32768,0,388,65535,4352,0,4225,831,619,267,0,0,0,14,8192,0,0,0,0,0,128,499,546,653,16,0,0,12,8192,0,0,0,0,0,128,797,795,910,16,0,0,10,8192,0,0,0,0,0,128,773,936,765,16,2,0,8,8192,0,0,0,0,0,128,750,940,625,8,4,0,6,8192,0,0,0,0,0,129,804,926,505,8,6,0,4,8192,0,0,0,0,0,129,734,878,418,8,8,0,2,8192,0,0,0,0,0,129,907,749,323
2842,0,4096,5888,5632,5376,5120,4864,4608,4352,0,0,0,0,0,32768,0,131,65535,5888,0,4225,832,608,259,0,0,0,14,8192,0,0,0,0,0,128,499,551,659,16,0,0,12,8192,0,0,0,0,0,128,780,807,910,16,0,0,10,8192,0,0,0,0,0,128,741,936,753,16,2,0,8,8192,0,0,0,0,0,128,726,940,614,8,4,0,6,8192,0,0,0,0,0,129,788,922,493,8,6,0,4,8192,0,0,0,0,0,129,730,870,409,8,8,0,2,8192,0,0,0,0,0,129,901,738,316
2846,0,4096,5888,5632,5376,5120,4864,4608,4352,0,0,0,0,0,32768,0,130,65535,5888,0,36993,830,597,252,0,0,0,14,8192,0,0,0,0,0,128,499,557,664,16,0,0,12,8192,0,0,0,0,0,128,748,819,909,16,0,0,10,8192,0,0,0,0,0,128,713,936,741,16,2,0,8,8192,0,0,0,0,0,128,710,940,602,8,4,0,6,8192,0,0,0,0,0,129,772,918,482,8,6,0,4,8192,0,0,0,0,0,129,714,863,401,8,8,0,2,8192,0,0,0,0,0,129,895,725,309
2850,0,4096,5888,5632,5376,5120,4864,4608,4352,0,0,0,0,0,32768,0,129,65535,5888,0,36993,831,586,245,0,0,0,14,8192,0,0,0,0,0,128,499,563,668,16,0,0,12,8192,0,0,0,0,0,128,716,830,907,16,0,0,10,8192,0,0,0,0,0,128,697,936,730,16,2,0,8,8192,0,0,0,0,0,128,694,940,591,8,4,0,6,8192,0,0,0,0,0,129,756,914,471,8,6,0,4,8192,0,0,0,0,0,129,734,856,392,8,8,0,2,8192,0,0,0,0,0,129,909,713,302
2854,0,4096,5888,5632,5376,5120,4864,4608,4352,0,0,0,0,0,32768,0,128,65535,5888,0,4225,833,575,238,0,0,0,14,8192,0,0,0,0,0,128,499,568,674,16,0,0,12,8192,0,0,0,0,0,128,696,841,903,16,0,0,10,8192,0,0,0,0,0,128,681,936,720,16,2,0,8,8192,0,0,0,0,0,128,678,940,581,8,4,0,6,8192,0,0,0,0,0,129,740,909,460,8,6,0,4,8192,0,0,0,0,0,129,766,847,385,8,8,0,2,8192,0,0,0,0,0,129,893,701,295
2858,0,4096,5888,5632,5376,5120,4864,4608,4352,0,0,0,4,0,32768,0,130,65535,5888,0,4225,835,564,231,0,0,0,14,8192,0,0,0,0,0,128,499,574,679,16,0,0,12,8192,0,0,0,0,0,128,680,850,899,16,0,0,10,8192,0,0,0,0,0,128,665,936,709,16,2,0,8,8192,0,0,0,0,0,128,662,940,570,8,4,0,6,8192,0,0,0,0,0,129,724,902,451,8,6,0,4,8192,0,0,0,0,0,129,795,837,378,8,8,0,2,8192,0,0,0,0,0,129,907,688,290
2862,0,4096,5888,5632,5376,5120,4864,4608,4352,0,0,0,0,0,32768,0,129,65535,5888,0,4225,837,553,224,0,0,0,14,8192,0,0,0,0,0,128,499,580,684,16,0,0,12,8192,0,0,0,0,0,128,664,859,893,16,0,0,10,8192,0,0,0,0,0,128,649,936,699,16,2,0,8,8192,0,0,0,0,0,128,646,940,560,8,4,0,6,8192,0,0,0,0,0,129,720,896,442,8,6,0,4,8192,0,0,0,0,0,129,823,827,371,8,8,0,2,8192,0,0,0,0,0,129,901,675,284
2866,0,4096,5888,5632,5376,5120,4864,4608,4352,0,0,0,0,0,32768,0,128,65535,5888,0,4225,839,542,218,0,0,0,14,8192,0,0,0,0,0,128,499,586,689,16,0,0,12,8192,0,0,0,0,0,128,648,868,887,16,0,0,10,8192,0,0,0,0,0,128,633,936,689,16,2,0,8,8192,0,0,0,0,0,129,618,940,550,8,4,0,6,8192,0,0,0,0,0,129,716,888,433,8,6,0,4,8192,0,0,0,0,0,129,849,816,363,8,8,0,2,8192,0,0,0,0,0,129,895,662,279
2870,0,4096,5888,5632,5376,5120,4864,4608,4352,0,0,0,0,0,32768,0,126,65535,5888,0,36993,841,530,213,0,0,0,14,8192,0,0,0,0,0,128,499,591,694,16,0,0,12,8192,0,0,0,0,0,128,632,876,882,16,0,0,10,8192,0,0,0,0,0,128,617,936,679,16,2,0,8,8192,0,0,0,0,0,129,598,939,540,8,4,0,6,8192,0,0,0,0,0,129,712,882,424,8,6,0,4,8192,0,0,0,0,0,129,873,804,356,8,8,0,2,8192,0,0,0,0,0,129,909,649,274
2874,0,4096,5888,5632,5376,5120,4864,4608,4352,0,0,0,0,0,32768,0,126,65535,5888,0,36993,843,517,208,0,0,0,14,8192,0,0,0,0,0,128,530,597,699,16,0,0,12,8192,0,0,0,0,0,128,616,884,876,16,0,0,10,8192,0,0,0,0,0,128,601,936,669,8,2,0,8,8192,0,0,0,0,0,129,610,937,531,8,4,0,6,8192,0,0,0,0,0,129,732,875,416,8,6,0,4,8192,0,0,0,0,0,129,897,793,349,0,8,0,2,8192,0,0,0,0,0,129,893,637,267
2878,0,4096,5888,5632,5376,5120,4864,4608,4352,0,0,0,0,0,32768,0,124,65535,5888,0,4225,845,505,203,0,0,0,14,8192,0,0,0,0,0,128,574,604,705,16,0,0,12,8192,0,0,0,0,0,128,600,891,870,16,0,0,10,8192,0,0,0,0,0,128,599,936,660,8,2,0,8,8192,0,0,0,0,0,129,650,933,522,8,4,0,6,8192,0,0,0,0,0,129,716,868,406,8,6,0,4,8192,0,0,0,0,0,129,918,781,341,0,8,0,2,8192,0,0,0,0,0,129,903,624,260
2882,0,4096,5888,5632,5376,5120,4864,4608,4352,0,0,0,0,0,32768,0,124,65535,5888,0,4225,847,493,199,0,0,0,14,8192,0,0,0,0,0,128,587,609,712,16,0,0,12,8192,0,0,0,0,0,128,584,898,864,16,0,0,10,8192,0,0,0,0,0,128,597,936,651,8,2,0,8,8192,0,0,0,0,0,129,687,929,513,8,4,0,6,8192,0,0,0,0,0,129,712,861,398,0,6,0,4,8192,0,0,0,0,0,129,911,769,333,0,8,0,2,8192,0,0,0,0,0,129,871,612,255
2886,0,4096,5888,5632,5376,5120,4864,4608,4352,0,0,0,0,0,32768,0,122,65535,5888,0,36993,847,480,194,0,0,0,14,8192,0,0,0,0,0,128,585,614,720,16,0,0,12,8192,0,0,0,0,0,128,568,904,857,16,0,0,10,8192,0,0,0,0,0,128,595,936,642,8,2,0,8,8192,0,0,0,0,0,129,721,925,503,8,4,0,6,8192,0,0,0,0,0,129,744,853,390,0,6,0,4,8192,0,0,0,0,0,129,883,757,326,0,8,0,2,8192,0,0,0,0,0,129,839,599,250
2890,0,4096,5888,5632,5376,5120,4864,4608,4352,0,0,0,0,0,32768,0,124,65535,5888,0,36993,847,468,189,0,0,0,14,8192,0,0,0,0,0,128,583,619,728,16,0,0,12,8192,0,0,0,0,0,128,552,908,849,16,0,0,10,8192,0,0,0,0,0,128,593,936,632,8,2,0,8,8192,0,0,0,0,0,129,717,922,492,0,4,0,6,8192,0,0,0,0,0,129,760,844,382,0,6,0,4,8192,0,0,0,0,0,129,851,746,318,0,8,0,2,8192,0,0,0,0,0,129,807,587,244
2894,0,4096,5888,5632,5376,5120,4864,4608,4352,0,0,0,0,0,32768,0,124,65535,5888,0,4225,847,456,185,0,0,0,14,8192,0,0,0,0,0,128,581,623,736,16,0,0,12,8192,0,0,0,0,0,128,581,912,841,16,0,0,10,8192,0,0,0,0,0,128,591,936,623,8,2,0,8,8192,0,0,0,0,0,129,701,918,481,0,4,0,6,8192,0,0,0,0,0,129,732,834,376,0,6,0,4,8192,0,0,0,0,0,129,819,735,311,0,8,0,2,8192,0,0,0,0,0,129,779,576,239
2898,0,4096,5888,5632,5376,5120,4864,4608,4352,0,0,0,0,0,32768,0,126,65535,5888,0,4225,847,443,180,0,0,0,14,8192,0,0,0,0,0,128,593,628,744,16,0,0,12,8192,0,0,0,0,0,128,580,917,834,16,0,0,10,8192,0,0,0,0,0,128,617,936,614,0,2,0,8,8192,0,0,0,0,0,129,690,914,471,0,4,0,6,8192,0,0,0,0,0,129,716,825,369,0,6,0,4,8192,0,0,0,0,0,129,799,724,304,0,8,0,2,8192,0,0,0,0,0,129,759,566,234
2902,0,4096,5888,5632,5376,5120,4864,4608,4352,0,0,0,0,0,32768,0,128,65535,5888,0,36993,847,431,175,0,0,0,14,8192,0,0,0,0,0,128,591,632,752,16,0,0,12,8192,0,0,0,0,0,128,564,921,826,16,0,0,10,8192,0,0,0,0,0,128,601,936,604,0,2,0,8,8192,0,0,0,0,0,129,658,909,462,0,4,0,6,8192,0,0,0,0,0,129,700,816,362,0,6,0,4,8192,0,0,0,0,0,129,783,714,297,0,8,0,2,8192,0,0,0,0,0,129,731,555,230
2906,0,4096,5888,5632,5376,5120,4864,4608,4352,0,0,0,0,0,32768,0,129,65535,5888,0,36993,849,418,170,0,0,0,14,8192,0,0,0,0,0,128,589,637,760,16,0,0,12,8192,0,0,0,0,0,128,548,925,818,16,0,0,10,8192,0,0,0,0,0,128,599,936,595,0,2,0,8,8192,0,0,0,0,0,129,634,904,453,0,4,0,6,8192,0,0,0,0,0,129,684,808,356,0,6,0,4,8192,0,0,0,0,0,129,767,704,291,8,8,0,2,8192,0,0,0,0,0,129,715,544,225
2910,0,4096,5888,5632,5376,5120,4864,4608,4352,0,0,0,0,0,32768,0,129,65535,5888,0,4225,851,406,166,0,0,0,14,8192,0,0,0,0,0,128,587,642,767,16,0,0,12,8192,0,0,0,0,0,128,577,929,810,16,0,0,10,8192,0,0,0,0,0,128,597,936,586,0,2,0,8,8192,0,0,0,0,0,129,618,899,445,0,4,0,6,8192,0,0,0,0,0,129,681,799,350,0,6,0,4,8192,0,0,0,0,0,129,751,693,286,8,8,0,2,8192,0,0,0,0,0,129,712,534,221
2914,0,4096,5888,5632,5376,5120,4864,4608,4352,0,0,0,0,0,32768,0,131,65535,5888,0,4225,853,394,161,0,0,0,14,8192,0,0,0,0,0,128,585,647,775,16,0,0,12,8192,0,0,0,0,0,128,618,932,802,16,0,0,10,8192,0,0,0,0,0,128,595,936,577,0,2,0,8,8192,0,0,0,0,0,129,602,893,437,0,4,0,6,8192,0,0,0,0,0,129,678,789,345,8,6,0,4,8192,0,0,0,0,0,129,735,683,280,8,8,0,2,8192,0,0,0,0,0,129,744,524,217
2918,0,4096,5888,5632,5376,5120,4864,4608,4352,0,0,0,0,0,32768,0,136,65535,5888,0,36993,855,381,156,0,0,0,14,8192,0,0,0,0,0,128,583,651,783,16,0,0,12,8192,0,0,0,0,0,128,616,936,792,16,0,0,10,8192,0,0,0,0,0,128,593,936,567,0,2,0,8,8192,0,0,0,0,0,129,586,887,430,0,4,0,6,8192,0,0,0,0,0,129,701,780,340,8,6,0,4,8192,0,0,0,0,0,129,755,672,276,8,8,0,2,8192,0,0,0,0,0,129,775,513,212
2922,0,4096,5888,5632,5376,5120,4864,4608,4352,0,0,0,0,0,32768,0,137,65535,5888,0,36993,855,369,151,0,0,0,14,8192,0,0,0,0,0,128,581,656,791,16,0,0,12,8192,0,0,0,0,0,128,600,938,783,16,0,0,10,8196,0,0,0,0,0,129,591,936,558,0,2,0,8,8192,0,0,0,0,0,129,570,881,423,8,4,0,6,8192,0,0,0,0,0,129,698,771,334,8,6,0,4,8192,0,0,0,0,0,129,785,661,271,8,8,0,2,8192,0,0,0,0,0,129,803,502,207
2926,0,4096,5888,5632,5376,5120,4864,4608,4352,0,0,0,0,0,32768,0,138,65535,5888,0,4225,857,356,147,0,0,0,14,8192,0,0,0,0,0,128,593,661,799,16,0,0,12,8192,0,0,0,0,0,128,584,939,774,16,0,0,10,8192,0,0,0,0,0,129,575,935,549,0,2,0,8,8192,0,0,0,0,0,129,554,876,416,8,4,0,6,8192,0,0,0,0,0,129,733,761,328,8,6,0,4,8192,0,0,0,0,0,129,813,650,265,8,8,0,2,8192,0,0,0,0,0,129,831,491,202
2930,0,4096,5888,5632,5376,5120,4864,4608,4352,0,0,0,0,0,32768,0,139,65535,5888,0,4225,859,344,142,0,0,0,14,8192,0,0,0,0,0,128,591,665,807,16,0,0,12,8192,0,0,0,0,0,128,610,939,765,16,0,0,10,8192,0,0,0,0,0,129,559,934,540,8,2,0,8,8192,0,0,0,0,0,129,568,870,410,8,4,0,6,8192,0,0,0,0,0,129,765,751,322,8,6,0,4,8192,0,0,0,0,0,129,841,638,260,8,8,0,2,8192,0,0,0,0,0,129,858,479,196
2934,0,4096,5888,5632,5376,5120,4864,4608,4352,0,0,0,0,0,32768,0,136,65535,5888,0,36993,861,331,137,0,0,0,14,8192,0,0,0,0,0,128,589,670,815,16,0,0,12,8192,0,0,0,0,0,128,608,939,755,16,0,0,10,8192,0,0,0,0,0,129,543,932,532,8,2,0,8,8192,0,0,0,0,0,129,609,865,402,8,4,0,6,8192,0,0,0,0,0,129,796,741,315,8,6,0,4,8192,0,0,0,0,0,129,866,626,255,8,8,0,2,8192,0,0,0,0,0,129,882,467,190
2938,0,4096,5888,5632,5376,5120,4864,4608,4352,0,0,0,0,0,32768,0,138,65535,5888,0,36993,863,318,132,0,0,0,14,8192,0,0,0,0,0,128,587,675,822,16,0,0,12,8192,0,0,0,0,0,128,592,939,746,16,0,0,10,8192,0,0,0,0,0,129,527,929,524,8,2,0,8,8192,0,0,0,0,0,129,649,858,395,8,4,0,6,8192,0,0,0,0,0,129,824,731,308,8,6,0,4,8192,0,0,0,0,0,129,890,614,248,8,8,0,2,8192,0,0,0,0,0,129,892,455,184
2942,0,4096,5888,5632,5376,5120,4864,4608,4352,0,0,0,0,0,32768,0,138,65535,5888,0,4225,863,306,127,0,0,0,14,8192,0,0,0,0,0,128,585,681,829,16,0,0,12,8192,0,0,0,0,0,128,618,939,737,16,0,0,10,8192,0,0,0,0,0,129,511,926,517,8,2,0,8,8192,0,0,0,0,0,129,686,850,388,8,4,0,6,8192,0,0,0,0,0,129,851,720,301,8,6,0,4,8192,0,0,0,0,0,129,911,601,242,8,8,0,2,8192,0,0,0,0,0,129,860,442,179
2946,0,4096,5888,5632,5376,5120,4864,4608,4352,0,0,0,0,0,32768,0,138,65535,5888,0,4225,863,293,122,0,0,0,14,8192,0,0,0,0,0,128,583,688,835,16,0,0,12,8192,0,0,0,0,0,128,616,939,727,16,0,0,10,8192,0,0,0,0,0,129,495,923,509,8,2,0,8,8192,0,0,0,0,0,129,720,842,382,8,4,0,6,8192,0,0,0,0,0,129,875,709,294,8,6,0,4,8192,0,0,0,0,0,129,922,588,236,8,8,0,2,8192,0,0,0,0,0,129,828,429,174
2950,0,4096,5888,5632,5376,5120,4864,4608,4352,0,0,0,32772,0,34816,0,139,65535,5888,0,36993,863,281,118,0,0,0,14,8192,0,0,0,0,0,128,581,695,841,16,0,0,12,8192,0,0,0,0,0,128,600,939,717,16,0,0,10,8192,0,0,0,0,0,129,479,921,502,8,2,0,8,8192,0,0,0,0,0,129,752,833,374,8,4,0,6,8192,0,0,0,0,0,129,899,696,288,8,6,0,4,8192,0,0,0,0,0,129,915,575,231,8,8,0,2,8192,0,0,0,0,0,129,812,417,170
2954,0,4096,5888,5632,5376,5120,4864,4608,4352,0,0,0,32772,0,34816,0,136,65535,5888,0,36993,863,268,113,0,0,0,14,8192,0,0,0,0,0,128,593,702,847,16,0,0,12,8192,0,0,0,0,0,128,584,939,708,16,0,0,10,8192,0,0,0,0,0,129,463,919,495,8,2,0,8,8192,0,0,0,0,0,129,782,823,367,8,4,0,6,8192,0,0,0,0,0,129,910,684,281,8,6,0,4,8192,0,0,0,0,0,129,908,562,225,8,8,0,2,8192,0,0,0,0,0,129,796,405,167
2958,0,4096,5888,5632,5376,5120,4864,4608,4352,0,0,0,32804,0,34816,0,138,65535,5888,0,36993,863,256,107,0,0,0,14,8192,0,0,0,0,0,128,591,709,853,16,0,0,12,8192,0,0,0,0,0,128,610,939,699,8,0,0,10,8192,0,0,0,0,0,129,495,916,488,8,2,0,8,8192,0,0,0,0,0,129,810,814,360,8,4,0,6,8192,0,0,0,0,0,129,903,671,275,8,6,0,4,8192,0,0,0,0,0,129,919,549,219,8,8,0,2,8192,0,0,0,0,0,129,780,394,162
2962,0,4096,5888,5632,5376,5120,4864,4608,4352,0,0,0,32804,0,34816,0,143,65535,5888,0,36993,863,243,102,0,0,0,14,8192,0,0,0,0,0,128,589,716,859,16,0,0,12,8192,0,0,0,0,0,128,608,939,689,8,0,0,10,8192,0,0,0,0,0,129,495,913,481,8,2,0,8,8192,0,0,0,0,0,129,838,803,353,8,4,0,6,8192,0,0,0,0,0,129,914,658,269,8,6,0,4,8192,0,0,0,0,0,129,912,536,213,8,8,0,2,8192,0,0,0,0,0,129,764,383,158
2966,0,4096,5888,5632,5376,5120,4864,4608,4352,0,0,0,36,0,34816,0,145,65535,5888,0,36993,863,230,99,0,0,0,14,8192,0,0,0,0,0,128,587,723,865,8,0,0,12,8192,0,0,0,0,0,128,592,939,680,8,0,0,10,8192,0,0,0,0,0,129,542,911,473,8,2,0,8,8192,0,0,0,0,0,129,863,792,346,8,4,0,6,8192,0,0,0,0,0,129,907,645,263,8,6,0,4,8192,0,0,0,0,0,129,905,523,206,8,8,0,2,8192,0,0,0,0,0,129,748,373,154
2970,0,4096,5888,5632,5376,5120,4864,4608,4352,0,0,0,36,0,32768,0,144,65535,5888,0,36993,863,217,97,0,0,0,14,8192,0,0,0,0,0,128,585,730,871,8,0,0,12,8192,0,0,0,0,0,128,618,939,671,8,0,0,10,8192,0,0,0,0,0,129,586,908,465,8,2,0,8,8192,0,0,0,0,0,129,887,780,339,8,4,0,6,8192,0,0,0,0,0,129,901,632,258,8,6,0,4,8192,0,0,0,0,0,129,916,511,200,8,8,0,2,8192,0,0,0,0,0,129,732,362,150
2974,0,4096,5888,5632,5376,5120,4864,4608,4352,0,0,0,36,0,32768,0,150,65535,5888,0,36993,863,203,96,0,0,0,14,8192,0,0,0,0,0,128,583,737,877,8,0,0,12,8192,0,0,0,0,0,128,658,939,661,8,0,0,10,8192,0,0,0,0,0,129,626,907,455,8,2,0,8,8192,0,0,0,0,0,129,909,768,332,8,4,0,6,8192,0,0,0,0,0,129,912,620,251,8,6,0,4,8192,0,0,0,0,0,129,909,498,194,8,8,0,2,8192,0,0,0,0,0,129,716,353,145
2978,0,4096,5888,5632,5376,5120,4864,4608,4352,0,0,0,36,0,32768,0,153,65535,5888,0,36993,863,190,96,0,0,0,14,8192,0,0,0,0,0,128,581,744,883,8,0,0,12,8192,0,0,0,0,0,128,695,939,650,8,0,0,10,8192,0,0,0,0,0,129,665,904,446,8,2,0,8,8192,0,0,0,0,0,129,902,756,324,8,4,0,6,8192,0,0,0,0,0,129,905,607,245,8,6,0,4,8192,0,0,0,0,0,129,920,485,188,8,8,0,2,8192,0,0,0,0,0,129,712,343,141
2982,0,4096,5888,5632,5376,5120,4864,4608,4352,0,0,0,36,0,32768,0,151,65535,5888,0,36993,863,177,98,0,0,0,14,8192,0,0,0,0,0,128,593,752,888,8,0,0,12,8192,0,0,0,0,0,128,728,939,639,8,0,0,10,8192,0,0,0,0,0,129,688,900,436,8,2,0,8,8192,0,0,0,0,0,129,895,744,316,8,4,0,6,8192,0,0,0,0,0,129,899,594,239,8,6,0,4,8192,0,0,0,0,0,129,913,472,182,8,8,0,2,8192,0,0,0,0,0,129,709,334,137
2986,0,4096,5888,5632,5376,5120,4864,4608,4352,0,0,0,36,0,32768,0,157,65535,5888,0,36993,863,163,101,0,0,0,14,8192,0,0,0,0,0,128,633,760,893,8,0,0,12,8192,0,0,0,0,0,128,760,939,628,8,0,0,10,8192,0,0,0,0,0,129,711,894,427,8,2,0,8,8192,0,0,0,0,0,129,907,733,308,8,4,0,6,8192,0,0,0,0,0,129,910,581,233,8,6,0,4,8192,0,0,0,0,0,129,906,459,175,8,8,0,2,8192,0,0,0,0,0,129,706,324,134
2990,0,4096,5888,5632,5376,5120,4864,4608,4352,0,0,0,36,0,32768,0,156,65535,5888,0,36993,863,150,105,0,0,0,14,8192,0,0,0,0,0,128,657,769,897,8,0,0,12,8192,0,0,0,0,0,128,789,939,616,8,0,0,10,8192,0,0,0,0,0,129,695,887,418,8,2,0,8,8192,0,0,0,0,0,129,900,721,300,8,4,0,6,8192,0,0,0,0,0,129,903,569,227,8,6,0,4,8192,0,0,0,0,0,129,878,446,170,8,8,0,2,8192,0,0,0,0,0,129,703,314,132
2994,0,4096,5888,5632,5376,5120,4864,4608,4352,0,0,0,36,0,32768,0,1012,65535,4352,0,36993,863,138,110,0,0,0,14,8192,0,0,0,0,0,128,654,779,900,8,0,0,12,8192,0,0,0,0,0,128,817,939,603,8,0,0,10,8192,0,0,0,0,0,129,692,880,410,8,2,0,8,8192,0,0,0,0,0,129,893,709,292,8,4,0,6,8192,0,0,0,0,0,129,914,556,221,8,6,0,4,8192,0,0,0,0,0,129,846,434,165,8,8,0,2,8192,0,0,0,0,0,129,726,304,129
2998,0,4096,5888,5632,5376,5120,4864,4608,4352,0,0,0,36,0,32768,0,158,1013,5888,4352,36993,863,126,117,0,0,0,14,8192,0,0,0,0,0,128,651,789,902,8,0,0,12,8192,0,0,0,0,0,128,845,939,590,8,0,0,10,8192,0,0,0,0,0,129,689,872,403,8,2,0,8,8192,0,0,0,0,0,129,907,697,286,8,4,0,6,8192,0,0,0,0,0,129,907,543,215,8,6,0,4,8192,0,0,0,0,0,129,826,422,160,8,8,0,2,8192,0,0,0,0,0,129,710,293,126
3002,0,4096,5888,5632,5376,5120,4864,4608,4352,0,0,0,36,0,32768,0,159,1031,5888,4352,36993,863,115,124,0,0,0,14,8192,0,0,0,0,0,128,648,799,902,8,0,0,12,8192,0,0,0,0,0,128,870,939,577,8,0,0,10,8192,0,0,0,0,0,129,686,865,395,8,2,0,8,8192,0,0,0,0,0,129,901,684,280,8,4,0,6,8192,0,0,0,0,0,129,901,530,209,8,6,0,4,8192,0,0,0,0,0,129,810,410,155,8,8,0,2,8192,0,0,0,0,0,129,707,284,124
3006,0,4096,5888,5632,5376,5120,4864,4608,4352,0,0,0,36,0,32768,0,164,929,5888,4608,36993,863,105,133,0,0,0,14,8192,0,0,0,0,0,128,645,809,902,8,0,0,12,8192,0,0,0,0,0,128,894,939,563,8,0,0,10,8192,0,0,0,0,0,129,721,857,388,8,2,0,8,8192,0,0,0,0,0,129,894,671,274,8,4,0,6,8192,0,0,0,0,0,129,912,517,203,8,6,0,4,8192,0,0,0,0,0,129,794,398,152,8,8,0,2,8192,0,0,0,0,0,129,704,274,122
3010,0,4096,5888,5632,5376,5120,4864,4608,4352,0,0,0,36,0,32768,0,165,928,5888,4608,36993,863,95,142,0,0,0,14,8192,0,0,0,0,0,128,655,819,900,8,0,0,12,8192,0,0,0,0,0,129,888,939,549,8,0,0,10,8192,0,0,0,0,0,129,753,848,381,8,2,0,8,8192,0,0,0,0,0,129,906,658,268,8,4,0,6,8192,0,0,0,0,0,129,905,504,197,8,6,0,4,8192,0,0,0,0,0,129,778,386,147,8,8,0,2,8192,0,0,0,0,0,129,724,264,119
3014,0,4096,5888,5632,5376,5120,4864,4608,4352,0,0,0,0,0,32768,0,163,925,5888,4608,36993,863,86,153,0,0,0,14,8192,0,0,0,0,0,128,652,828,896,16,0,0,12,8192,0,0,0,0,0,129,860,939,535,8,0,0,10,8192,0,0,0,0,0,129,784,837,374,8,2,0,8,8192,0,0,0,0,0,129,899,645,263,8,4,0,6,8192,0,0,0,0,0,129,899,492,191,8,6,0,4,8192,0,0,0,0,0,129,762,375,143,8,8,0,2,8192,0,0,0,0,0,129,708,254,116
3018,0,4096,5888,5632,5376,5120,4864,4608,4352,0,0,0,0,0,32768,0,776,923,4864,4608,36993,863,79,164,0,0,0,14,8192,0,0,0,0,0,128,649,838,892,16,0,0,12,8192,0,0,0,0,0,129,780,937,523,8,0,0,10,8192,0,0,0,0,0,129,812,827,368,8,2,0,8,8192,0,0,0,0,0,129,893,632,258,8,4,0,6,8192,0,0,0,0,0,129,910,479,185,8,6,0,4,8192,0,0,0,0,0,129,746,364,138,8,8,0,2,8192,0,0,0,0,0,129,705,244,113
3022,0,4096,5888,5632,5376,5120,4864,4608,4352,0,0,0,0,0,32768,0,272,395,5632,5376,4225,863,74,176,0,0,0,14,8192,0,0,0,0,0,128,646,847,888,16,0,0,12,8192,0,0,0,0,0,129,708,934,511,8,0,0,10,8192,0,0,0,0,0,129,839,817,360,8,2,0,8,8192,0,0,0,0,0,129,907,620,251,8,4,0,6,8192,0,0,0,0,0,129,903,466,179,8,6,0,4,8192,0,0,0,0,0,129,730,353,134,8,8,0,2,8192,0,0,0,0,0,129,702,234,109
3026,0,4096,5888,5632,5376,5120,4864,4608,4352,0,0,0,0,0,32768,0,277,387,5632,5376,4225,863,69,189,0,0,0,14,8192,0,0,0,0,0,128,656,856,884,16,0,0,12,8192,0,0,0,0,0,129,668,930,501,8,0,0,10,8192,0,0,0,0,0,129,863,806,352,8,2,0,8,8192,0,0,0,0,0,129,901,607,246,8,4,0,6,8192,0,0,0,0,0,129,910,454,172,8,6,0,4,8192,0,0,0,0,0,129,714,343,130,8,8,0,2,8192,0,0,0,0,0,129,725,223,106
3030,0,4096,5888,5632,5376,5120,4864,4608,4352,0,0,0,0,0,32768,0,274,374,5632,5376,36993,863,66,202,0,0,0,14,8192,0,0,0,0,0,128,653,865,879,8,0,0,12,8192,0,0,0,0,0,129,636,926,492,8,0,0,10,8192,0,0,0,0,0,129,877,795,345,8,2,0,8,8192,0,0,0,0,0,129,894,594,239,8,4,0,6,8192,0,0,0,0,0,129,878,441,167,8,6,0,4,8192,0,0,0,0,0,129,734,332,126,8,8,0,2,8192,0,0,0,0,0,129,693,212,104
3034,0,4096,5888,5632,5376,5120,4864,4608,4352,0,0,0,0,0,32768,0,272,365,5632,5376,36993,863,64,215,0,0,0,14,8192,0,0,0,0,0,128,650,874,874,8,0,0,12,8192,0,0,0,0,0,129,658,921,483,8,0,0,10,8192,0,0,0,0,0,129,891,783,338,8,2,0,8,8192,0,0,0,0,0,129,906,582,233,8,4,0,6,8192,0,0,0,0,0,129,846,428,162,8,6,0,4,8192,0,0,0,0,0,129,730,323,121,8,8,0,2,8192,0,0,0,0,0,129,661,202,105
3038,0,4096,5888,5632,5376,5120,4864,4608,4352,0,0,0,0,0,32768,0,263,363,5632,5376,4225,863,62,229,0,0,0,14,8192,0,0,0,0,0,128,647,884,871,8,0,0,12,8192,0,0,0,0,0,129,695,918,473,8,0,0,10,8192,0,0,0,0,0,129,885,771,331,8,2,0,8,8192,0,0,0,0,0,129,899,569,227,8,4,0,6,8192,0,0,0,0,0,129,818,416,157,8,6,0,4,8192,0,0,0,0,0,129,714,313,118,8,8,0,2,8192,0,0,0,0,0,129,633,192,106
3042,0,4096,5888,5632,5376,5120,4864,4608,4352,0,0,0,0,0,32768,0,262,351,5632,5376,4225,863,60,242,0,0,0,14,8192,0,0,0,0,0,128,631,893,866,8,0,0,12,8192,0,0,0,0,0,129,692,913,463,8,0,0,10,8192,0,0,0,0,0,129,879,759,324,8,2,0,8,8192,0,0,0,0,0,129,893,556,221,8,4,0,6,8192,0,0,0,0,0,129,802,404,153,8,6,0,4,8192,0,0,0,0,0,129,734,303,116,8,8,0,2,8192,0,0,0,0,0,129,617,182,109
3046,0,4096,5888,5632,5376,5120,4864,4608,4352,0,0,0,0,0,32768,0,342,490,5376,5120,36993,863,60,256,0,0,0,14,8192,0,0,0,0,0,128,615,901,861,8,0,0,12,8192,0,0,0,0,0,129,676,908,454,8,0,0,10,8192,0,0,0,0,0,129,893,747,317,8,2,0,8,8192,0,0,0,0,0,129,907,544,215,8,4,0,6,8192,0,0,0,0,0,129,786,392,149,8,6,0,4,8192,0,0,0,0,0,129,730,291,113,8,8,0,2,8192,0,0,0,0,0,129,601,173,113
3050,0,4096,5888,5632,5376,5120,4864,4608,4352,0,0,0,0,0,32768,0,339,480,5376,5120,36993,863,59,269,0,0,0,14,8192,0,0,0,0,0,128,599,908,855,8,0,0,12,8192,0,0,0,0,0,129,699,902,445,8,0,0,10,8192,0,0,0,0,0,129,877,735,310,8,2,0,8,8192,0,0,0,0,0,129,901,531,209,8,4,0,6,8192,0,0,0,0,0,129,770,382,144,8,6,0,4,8192,0,0,0,0,0,129,714,280,111,8,8,0,2,8192,0,0,0,0,0,129,585,164,116
3054,0,4096,5888,5632,5376,5120,4864,4608,4352,0,0,0,0,0,32768,0,341,470,5376,5120,4225,863,59,283,0,0,0,14,8192,0,0,0,0,0,128,583,915,848,8,0,0,12,8192,0,0,0,0,0,129,696,895,436,8,0,0,10,8192,0,0,0,0,0,129,891,723,303,8,2,0,8,8192,0,0,0,0,0,129,894,518,203,8,4,0,6,8192,0,0,0,0,0,129,754,372,140,8,6,0,4,8192,0,0,0,0,0,129,734,269,109,8,8,0,2,8192,0,0,0,0,0,129,584,156,118
3058,0,4096,5888,5632,5376,5120,4864,4608,4352,0,0,0,0,0,32768,0,453,658,5120,4864,4225,863,59,296,0,0,0,14,8192,0,0,0,0,0,128,581,920,841,8,0,0,12,8192,0,0,0,0,0,129,680,888,428,8,0,0,10,8192,0,0,0,0,0,129,885,711,296,8,2,0,8,8192,0,0,0,0,0,129,906,506,197,8,4,0,6,8192,0,0,0,0,0,129,738,361,135,8,6,0,4,8192,0,0,0,0,0,129,730,258,107,8,8,0,2,8192,0,0,0,0,0,129,624,147,120
3062,0,4096,5888,5632,5376,5120,4864,4608,4352,0,0,0,0,0,32768,0,446,633,5120,4864,36993,863,59,310,0,0,0,14,8192,0,0,0,0,0,128,593,924,833,8,0,0,12,8192,0,0,0,0,0,129,703,882,420,8,0,0,10,8192,0,0,0,0,0,129,879,699,290,8,2,0,8,8192,0,0,0,0,0,129,899,494,191,8,4,0,6,8192,0,0,0,0,0,129,722,350,132,8,6,0,4,8192,0,0,0,0,0,129,714,247,106,8,8,0,2,8192,0,0,0,0,0,129,663,138,124
3066,0,4096,5888,5632,5376,5120,4864,4608,4352,0,0,0,0,0,32768,0,443,633,5120,4864,36993,863,60,323,0,0,0,14,8192,0,0,0,0,0,128,591,928,825,8,0,0,12,8192,0,0,0,0,0,129,700,875,411,8,0,0,10,8192,0,0,0,0,0,129,893,687,283,8,2,0,8,8192,0,0,0,0,0,129,893,482,185,8,4,0,6,8192,0,0,0,0,0,129,718,340,127,8,6,0,4,8192,0,0,0,0,0,129,734,236,105,8,8,0,2,8192,0,0,0,0,0,129,699,129,130
3070,0,4096,5888,5632,5376,5120,4864,4608,4352,0,0,0,0,0,32768,0,436,607,5120,4864,4225,863,62,336,0,0,0,14,8192,0,0,0,0,0,128,589,932,816,8,0,0,12,8192,0,0,0,0,0,129,684,868,403,8,0,0,10,8192,0,0,0,0,0,129,877,674,278,8,2,0,8,8192,0,0,0,0,0,129,907,470,179,8,4,0,6,8192,0,0,0,0,0,129,714,330,123,8,6,0,4,8192,0,0,0,0,0,129,730,224,103,8,8,0,2,8192,0,0,0,0,0,129,722,120,138
3074,0,4096,5888,5632,5376,5120,4864,4608,4352,0,0,0,0,0,32768,0,428,609,5120,4864,4225,863,64,350,0,0,0,14,8192,0,0,0,0,0,128,615,935,807,8,0,0,12,8192,0,0,0,0,0,129,707,861,395,8,0,0,10,8192,0,0,0,0,0,129,891,661,272,8,2,0,8,8192,0,0,0,0,0,129,901,459,173,8,4,0,6,8192,0,0,0,0,0,129,711,319,121,8,6,0,4,8192,0,0,0,0,0,129,702,213,101,8,8,0,2,8192,0,0,0,0,0,129,718,113,146
3078,0,4096,5888,5632,5376,5120,4864,4608,4352,0,0,0,0,0,32768,0,428,583,5120,4864,36993,863,66,363,0,0,0,14,8192,0,0,0,0,0,128,654,936,798,8,0,0,12,8192,0,0,0,0,0,129,740,854,386,8,0,0,10,8192,0,0,0,0,0,129,885,649,266,8,2,0,8,8192,0,0,0,0,0,129,873,447,167,8,4,0,6,8192,0,0,0,0,0,129,731,308,119,8,6,0,4,8192,0,0,0,0,0,129,670,202,101,8,8,0,2,8192,0,0,0,0,0,129,750,107,156
3082,0,4096,5888,5632,5376,5120,4864,4608,4352,0,0,0,0,0,32768,0,582,771,4864,4608,36993,863,68,376,0,0,0,14,8192,0,0,0,0,0,128,651,937,788,8,0,0,12,8192,0,0,0,0,0,129,772,845,379,8,0,0,10,8192,0,0,0,0,0,129,879,637,260,8,2,0,8,8192,0,0,0,0,0,129,841,435,162,8,4,0,6,8192,0,0,0,0,0,129,715,297,117,8,6,0,4,8192,0,0,0,0,0,129,646,192,103,8,8,0,2,8192,0,0,0,0,0,129,781,103,167
3086,0,4096,5888,5632,5376,5120,4864,4608,4352,0,0,0,0,0,32768,0,573,770,4864,4608,4225,863,70,390,0,0,0,14,8192,0,0,0,0,0,128,648,937,777,8,0,0,12,8192,0,0,0,0,0,129,801,835,372,8,0,0,10,8192,0,0,0,0,0,129,893,626,254,8,2,0,8,8192,0,0,0,0,0,129,821,422,157,8,4,0,6,8192,0,0,0,0,0,129,712,286,115,8,6,0,4,8192,0,0,0,0,0,129,630,182,106,8,8,0,2,8192,0,0,0,0,0,129,809,99,179
3090,0,4096,5888,5632,5376,5120,4864,4608,4352,0,0,0,0,0,32768,0,551,748,4864,4608,4225,863,72,403,0,0,0,14,8192,0,0,0,0,0,128,645,937,767,8,0,0,12,8192,0,0,0,0,0,129,829,824,364,8,0,0,10,8192,0,0,0,0,0,129,877,614,248,8,2,0,8,8192,0,0,0,0,0,129,805,410,154,8,4,0,6,8192,0,0,0,0,0,129,732,275,112,8,6,0,4,8192,0,0,0,0,0,129,614,173,109,8,8,0,2,8192,0,0,0,0,0,129,837,94,191
3094,0,4096,5888,5632,5376,5120,4864,4608,4352,0,0,0,0,0,32768,0,557,748,4864,4608,36993,863,74,417,0,0,0,14,8192,0,0,0,0,0,128,655,937,757,8,0,0,12,8192,0,0,0,0,0,129,854,813,358,8,0,0,10,8192,0,0,0,0,0,129,891,602,242,8,2,0,8,8192,0,0,0,0,0,129,789,398,150,8,4,0,6,8192,0,0,0,0,0,129,716,264,109,8,6,0,4,8192,0,0,0,0,0,129,598,165,113,8,8,0,2,8192,0,0,0,0,0,129,861,90,203
3098,0,4096,5888,5632,5376,5120,4864,4608,4352,0,0,0,0,0,32768,0,551,724,4864,4608,36993,863,76,430,0,0,0,14,8192,0,0,0,0,0,128,652,937,747,8,0,0,12,8192,0,0,0,0,0,129,878,801,351,8,0,0,10,8192,0,0,0,0,0,129,885,591,235,8,2,0,8,8192,0,0,0,0,0,129,773,387,145,8,4,0,6,8192,0,0,0,0,0,129,712,253,108,8,6,0,4,8192,0,0,0,0,0,129,582,157,118,8,8,0,2,8192,0,0,0,0,0,129,885,88,217
3102,0,4096,5888,5632,5376,5120,4864,4608,4352,0,0,0,0,0,32768,0,545,725,4864,4608,4225,863,77,443,0,0,0,14,8192,0,0,0,0,0,128,649,937,737,8,0,0,12,8192,0,0,0,0,0,129,872,790,344,8,0,0,10,8192,0,0,0,0,0,129,879,580,230,8,2,0,8,8192,0,0,0,0,0,129,757,376,141,8,4,0,6,8192,0,0,0,0,0,129,732,242,106,8,6,0,4,8192,0,0,0,0,0,129,608,148,122,8,8,0,2,8192,0,0,0,0,0,129,899,87,231
3106,0,4096,5888,5632,5376,5120,4864,4608,4352,0,0,0,0,0,32768,0,711,895,4608,4352,4225,863,79,457,0,0,0,14,8192,0,0,0,0,0,128,646,937,727,8,0,0,12,8192,0,0,0,0,0,129,886,779,337,8,0,0,10,8192,0,0,0,0,0,129,893,567,224,8,2,0,8,8192,0,0,0,0,0,129,741,364,138,8,4,0,6,8192,0,0,0,0,0,129,716,230,105,8,6,0,4,8192,0,0,0,0,0,129,648,140,127,8,8,0,2,8192,0,0,0,0,0,129,893,86,245
3110,0,4096,5888,5632,5376,5120,4864,4608,4352,0,0,0,0,0,32768,0,701,887,4608,4352,36993,863,81,470,0,0,0,14,8192,0,0,0,0,0,128,656,937,717,8,0,0,12,8192,0,0,0,0,0,129,880,767,330,8,0,0,10,8192,0,0,0,0,0,129,877,555,218,8,2,0,8,8192,0,0,0,0,0,129,725,354,134,8,4,0,6,8192,0,0,0,0,0,129,696,219,103,8,6,0,4,8192,0,0,0,0,0,129,685,132,134,8,8,0,2,8192,0,0,0,0,0,129,907,84,259
3114,0,4096,5888,5632,5376,5120,4864,4608,4352,0,0,0,0,0,32768,0,681,887,4608,4352,36993,863,83,483,0,0,0,14,8192,0,0,0,0,0,128,653,937,706,8,0,0,12,8192,0,0,0,0,0,129,894,756,323,8,0,0,10,8192,0,0,0,0,0,129,891,542,212,8,2,0,8,8192,0,0,0,0,0,129,709,343,130,8,4,0,6,8192,0,0,0,0,0,129,664,209,102,8,6,0,4,8192,0,0,0,0,0,129,721,125,141,8,8,0,2,8192,0,0,0,0,0,129,901,82,273
3118,0,4096,5888,5632,5376,5120,4864,4608,4352,0,0,0,0,0,32768,0,686,871,4608,4352,4225,863,85,497,0,0,0,14,8192,0,0,0,0,0,128,650,937,696,8,0,0,12,8192,0,0,0,0,0,129,888,745,316,8,0,0,10,8192,0,0,0,0,0,129,885,530,206,8,2,0,8,8192,0,0,0,0,0,129,705,333,126,8,4,0,6,8192,0,0,0,0,0,129,636,199,103,8,6,0,4,8192,0,0,0,0,0,129,742,117,149,8,8,0,2,8192,0,0,0,0,0,129,895,80,286
3122,0,4096,5888,5632,5376,5120,4864,4608,4352,0,0,0,0,0,32768,0,679,873,4608,4352,4225,863,87,510,0,0,0,14,8192,0,0,0,0,0,128,647,937,686,8,0,0,12,8192,0,0,0,0,0,129,872,734,309,8,0,0,10,8192,0,0,0,0,0,129,879,517,201,8,2,0,8,8192,0,0,0,0,0,129,702,323,122,8,4,0,6,8192,0,0,0,0,0,129,620,189,105,8,6,0,4,8192,0,0,0,0,0,129,774,110,159,8,8,0,2,8192,0,0,0,0,0,129,909,77,300
3126,0,4096,5888,5632,5376,5120,4864,4608,4352,0,0,0,0,0,32768,0,660,856,4608,4352,36993,863,88,523,0,0,0,14,8192,0,0,0,0,0,128,657,937,676,8,0,0,12,8192,0,0,0,0,0,129,886,723,302,8,0,0,10,8192,0,0,0,0,0,129,893,504,195,8,2,0,8,8192,0,0,0,0,0,129,723,312,119,8,4,0,6,8192,0,0,0,0,0,129,604,180,108,8,6,0,4,8192,0,0,0,0,0,129,803,104,170,8,8,0,2,8192,0,0,0,0,0,129,893,76,314
3130,0,4096,5888,5632,5376,5120,4864,4608,4352,0,0,0,0,0,32768,0,654,850,4608,4352,36993,863,90,537,0,0,0,14,8192,0,0,0,0,0,128,654,937,666,8,0,0,12,8192,0,0,0,0,0,129,880,713,294,8,0,0,10,8192,0,0,0,0,0,129,877,492,189,8,2,0,8,8192,0,0,0,0,0,129,719,301,117,8,4,0,6,8192,0,0,0,0,0,129,588,171,112,8,6,0,4,8192,0,0,0,0,0,129,831,100,182,8,8,0,2,8192,0,0,0,0,0,129,907,76,328
3134,0,4096,5888,5632,5376,5120,4864,4608,4352,0,0,0,0,0,32768,0,661,854,4608,4352,4225,863,92,550,0,0,0,14,8192,0,0,0,0,0,128,651,937,656,8,0,0,12,8192,0,0,0,0,0,129,894,701,288,8,0,0,10,8192,0,0,0,0,0,129,891,479,184,8,2,0,8,8192,0,0,0,0,0,129,703,290,114,8,4,0,6,8192,0,0,0,0,0,129,572,163,115,8,6,0,4,8192,0,0,0,0,0,129,856,95,194,8,8,0,2,8192,0,0,0,0,0,129,901,77,342
3138,0,4096,5888,5632,5376,5120,4864,4608,4352,0,0,0,32772,0,34816,0,658,850,4608,4352,4225,863,93,564,0,0,0,14,8192,0,0,0,0,0,128,648,937,645,8,0,0,12,8192,0,0,0,0,0,129,888,690,282,8,0,0,10,8192,0,0,0,0,0,129,885,467,178,16,2,0,8,8192,0,0,0,0,0,129,692,279,112,8,4,0,6,8192,0,0,0,0,0,129,571,154,117,8,6,0,4,8192,0,0,0,0,0,129,880,90,207,8,8,0,2,8192,0,0,0,0,0,129,895,78,356
3142,0,4096,5888,5632,5376,5120,4864,4608,4352,0,0,0,32804,0,34816,0,654,836,4608,4352,4225,863,94,577,0,0,0,14,8192,0,0,0,0,0,128,645,937,635,8,0,0,12,8192,0,0,0,0,0,129,872,678,277,16,0,0,10,8192,0,0,0,0,0,129,865,454,171,16,2,0,8,8192,0,0,0,0,0,129,660,269,110,8,4,0,6,8192,0,0,0,0,0,129,614,145,120,8,6,0,4,8192,0,0,0,0,0,129,904,87,220,8,8,0,2,8192,0,0,0,0,0,129,909,79,370
3146,0,4096,5888,5632,5376,5120,4864,4608,4352,0,0,0,32804,0,34816,0,639,834,4608,4352,4225,863,95,591,0,0,0,14,8192,0,0,0,0,0,128,655,937,625,8,0,0,12,8192,0,0,0,0,0,129,886,666,271,16,0,0,10,8192,0,0,0,0,0,129,825,442,166,16,2,0,8,8192,0,0,0,0,0,129,628,259,109,8,4,0,6,8192,0,0,0,0,0,129,653,137,124,8,6,0,4,8192,0,0,0,0,0,129,907,85,234,8,8,0,2,8192,0,0,0,0,0,129,893,80,384
3150,0,4096,5888,5632,5376,5120,4864,4608,4352,0,0,0,32804,0,34816,0,637,832,4608,4352,4225,863,95,604,0,0,0,14,8192,0,0,0,0,0,128,652,937,615,16,0,0,12,8192,0,0,0,0,0,129,880,654,265,16,0,0,10,8192,0,0,0,0,0,129,761,430,162,16,2,0,8,8192,0,0,0,0,0,129,596,249,108,8,4,0,6,8192,0,0,0,0,0,129,689,128,130,8,6,0,4,8192,0,0,0,0,0,129,918,84,249,8,8,0,2,8192,0,0,0,0,0,129,907,80,398
3154,0,4096,5888,5632,5376,5120,4864,4608,4352,0,0,0,36,0,32768,0,636,832,4608,4352,4225,863,95,618,0,0,0,14,8192,0,0,0,0,0,128,649,937,605,16,0,0,12,8192,0,0,0,0,0,129,828,642,260,16,0,0,10,8192,0,0,0,0,0,129,705,420,158,16,2,0,8,8192,0,0,0,0,0,129,576,240,106,8,4,0,6,8192,0,0,0,0,0,129,712,120,137,8,6,0,4,8192,0,0,0,0,0,129,911,82,263,8,8,0,2,8192,0,0,0,0,0,129,901,79,412
3158,0,4096,5888,5632,5376,5120,4864,4608,4352,0,0,0,36,0,32768,0,638,832,4608,4352,4225,863,96,631,0,0,0,14,8192,0,0,0,0,0,128,646,937,595,16,0,0,12,8192,0,0,0,0,0,129,788,631,255,16,0,0,10,8192,0,0,0,0,0,129,673,410,154,16,2,0,8,8192,0,0,0,0,0,129,560,231,105,8,4,0,6,8192,0,0,0,0,0,129,744,112,146,8,6,0,4,8192,0,0,0,0,0,129,922,80,277,8,8,0,2,8192,0,0,0,0,0,129,895,78,426
3162,0,4096,5888,5632,5376,5120,4864,4608,4352,0,0,0,36,0,32768,0,638,832,4608,4352,4225,863,97,644,0,0,0,14,8192,0,0,0,0,0,128,656,937,584,16,0,0,12,8192,0,0,0,0,0,129,756,620,250,16,0,0,10,8192,0,0,0,0,0,129,641,400,151,16,2,0,8,8192,0,0,0,0,0,129,544,223,104,8,4,0,6,8192,0,0,0,0,0,129,775,106,156,8,6,0,4,8192,0,0,0,0,0,129,915,78,291,8,8,0,2,8192,0,0,0,0,0,129,909,80,440
3166,0,4096,5888,5632,5376,5120,4864,4608,4352,0,0,0,36,0,32768,0,652,833,4608,4352,4225,863,99,658,0,0,0,14,8192,0,0,0,0,0,128,653,937,574,16,0,0,12,8192,0,0,0,0,0,129,724,610,245,16,0,0,10,8192,0,0,0,0,0,129,609,391,147,16,2,0,8,8192,0,0,0,0,0,129,492,215,102,8,4,0,6,8192,0,0,0,0,0,129,803,102,167,8,6,0,4,8192,0,0,0,0,0,129,908,77,305,8,8,0,2,8192,0,0,0,0,0,129,889,82,454
3170,0,4096,5888,5632,5376,5120,4864,4608,4352,0,0,0,36,0,32768,0,197,575,5888,4864,4225,863,104,670,0,0,0,14,8192,0,0,0,0,0,128,650,937,564,16,0,0,12,8192,0,0,0,0,0,129,692,600,240,16,0,0,10,8192,0,0,0,0,0,129,581,382,144,8,2,0,8,8192,0,0,0,0,0,129,492,207,102,8,4,0,6,8192,0,0,0,0,0,129,831,98,179,8,6,0,4,8192,0,0,0,0,0,129,919,78,320,8,8,0,2,8192,0,0,0,0,0,129,857,83,467
3174,0,4096,5888,5632,5376,5120,4864,4608,4352,0,0,0,36,0,32768,0,194,583,5888,4864,4225,863,110,682,0,0,0,14,8192,0,0,0,0,0,129,639,937,554,16,0,0,12,8192,0,0,0,0,0,129,672,590,236,8,0,0,10,8192,0,0,0,0,0,129,565,374,141,8,2,0,8,8192,0,0,0,0,0,129,538,199,103,8,4,0,6,8192,0,0,0,0,0,129,858,93,192,8,6,0,4,8192,0,0,0,0,0,129,912,79,334,8,8,0,2,8192,0,0,0,0,0,129,825,83,480
3178,0,4096,5888,5632,5376,5120,4864,4608,4352,0,0,0,36,0,32768,0,198,603,5888,4864,4225,863,118,693,0,0,0,14,8192,0,0,0,0,0,129,611,936,544,16,0,0,12,8192,0,0,0,0,0,129,656,580,232,8,0,0,10,8192,0,0,0,0,0,129,564,365,138,8,2,0,8,8192,0,0,0,0,0,129,537,191,105,8,4,0,6,8192,0,0,0,0,0,129,882,89,205,8,6,0,4,8192,0,0,0,0,0,129,905,80,348,8,8,0,2,8192,0,0,0,0,0,129,809,83,491
3182,0,4096,5888,5632,5376,5120,4864,4608,4352,0,0,0,36,0,32768,0,198,608,5888,4864,4225,863,129,701,0,0,0,14,8192,0,0,0,0,0,129,595,934,535,8,0,0,12,8192,0,0,0,0,0,129,640,571,227,8,0,0,10,8192,0,0,0,0,0,129,607,357,134,8,2,0,8,8192,0,0,0,0,0,129,521,183,108,8,4,0,6,8192,0,0,0,0,0,129,905,86,218,8,6,0,4,8192,0,0,0,0,0,129,916,81,362,8,8,0,2,8192,0,0,0,0,0,129,793,83,503
3186,0,4096,5888,5632,5376,5120,4864,4608,4352,0,0,0,36,0,32768,0,194,580,5888,5120,4225,863,141,708,0,0,0,14,8192,0,0,0,0,0,129,579,931,526,8,0,0,12,8192,0,0,0,0,0,129,666,562,223,8,0,0,10,8192,0,0,0,0,0,129,647,348,131,8,2,0,8,8192,0,0,0,0,0,129,535,176,111,8,4,0,6,8192,0,0,0,0,0,129,899,85,232,8,6,0,4,8192,0,0,0,0,0,129,909,80,377,8,8,0,2,8192,0,0,0,0,0,129,777,83,514
3190,0,4096,5888,5632,5376,5120,4864,4608,4352,0,0,0,32768,0,34816,0,465,582,5376,5120,4225,863,153,713,0,0,0,14,8192,0,0,0,0,0,129,563,927,518,8,0,0,12,8192,0,0,0,0,0,129,703,552,219,8,0,0,10,8192,0,0,0,0,0,129,683,338,127,8,2,0,8,8192,0,0,0,0,0,129,534,168,114,8,4,0,6,8192,0,0,0,0,0,129,910,84,246,8,6,0,4,8192,0,0,0,0,0,129,920,79,391,8,8,0,2,8192,0,0,0,0,0,129,761,83,526
3194,0,4096,5888,5632,5376,5120,4864,4608,4352,0,0,0,32768,0,34816,0,193,318,5888,5632,4225,863,166,715,0,0,0,14,8192,0,0,0,0,0,129,547,924,510,8,0,0,12,8192,0,0,0,0,0,129,736,542,214,8,0,0,10,8192,0,0,0,0,0,129,706,328,123,8,2,0,8,8192,0,0,0,0,0,129,518,160,116,8,4,0,6,8192,0,0,0,0,0,129,903,83,260,8,6,0,4,8192,0,0,0,0,0,129,913,80,405,8,8,0,2,8192,0,0,0,0,0,129,745,83,538
3198,0,4096,5888,5632,5376,5120,4864,4608,4352,0,0,0,32768,0,34816,0,189,316,5888,5632,36993,863,180,714,0,0,0,14,8192,0,0,0,0,0,129,531,922,502,8,0,0,12,8192,0,0,0,0,0,129,768,532,209,8,0,0,10,8192,0,0,0,0,0,129,690,317,121,8,2,0,8,8192,0,0,0,0,0,129,547,152,118,8,4,0,6,8192,0,0,0,0,0,129,914,81,275,8,6,0,4,8192,0,0,0,0,0,129,906,81,419,8,8,0,2,8192,0,0,0,0,0,129,729,83,549
3202,0,4096,5888,5632,5376,5120,4864,4608,4352,0,0,0,32768,0,34816,0,182,304,5888,5632,36993,863,193,710,0,0,0,14,8192,0,0,0,0,0,129,515,920,494,8,0,0,12,8192,0,0,0,0,0,129,797,521,204,8,0,0,10,8192,0,0,0,0,0,129,687,307,119,8,2,0,8,8192,0,0,0,0,0,129,591,144,121,8,4,0,6,8192,0,0,0,0,0,129,907,78,289,8,6,0,4,8192,0,0,0,0,0,129,917,80,433,8,8,0,2,8192,0,0,0,0,0,129,713,83,560
3206,0,4096,5888,5632,5376,5120,4864,4608,4352,0,0,0,0,0,34816,0,181,292,5888,5632,4225,863,205,705,0,0,0,14,8192,0,0,0,0,0,129,499,917,487,8,0,0,12,8192,0,0,0,0,0,129,825,509,198,16,0,0,10,8192,0,0,0,0,0,129,710,296,117,8,2,0,8,8192,0,0,0,0,0,129,632,135,126,8,4,0,6,8192,0,0,0,0,0,129,901,77,303,8,6,0,4,8192,0,0,0,0,0,129,910,78,448,8,8,0,2,8192,0,0,0,0,0,129,710,82,570
3210,0,4096,5888,5632,5376,5120,4864,4608,4352,0,0,0,0,0,32768,0,175,274,5888,5632,4225,863,218,700,0,0,0,14,8192,0,0,0,0,0,129,499,914,479,8,0,0,12,8192,0,0,0,0,0,129,850,497,193,16,0,0,10,8192,0,0,0,0,0,129,690,285,115,8,2,0,8,8192,0,0,0,0,0,129,669,127,132,8,4,0,6,8192,0,0,0,0,0,129,912,77,317,8,6,0,4,8192,0,0,0,0,0,129,882,77,462,8,8,0,2,8192,0,0,0,0,0,129,707,82,580
3214,0,4096,5888,5632,5376,5120,4864,4608,4352,0,0,0,0,0,32768,0,261,395,5632,5376,36993,863,230,694,0,0,0,14,8192,0,0,0,0,0,129,499,911,472,16,0,0,12,8192,0,0,0,0,0,129,874,485,187,16,0,0,10,8192,0,0,0,0,0,129,658,275,112,8,2,0,8,8192,0,0,0,0,0,129,705,120,139,8,4,0,6,8192,0,0,0,0,0,129,905,78,331,8,6,0,4,8192,0,0,0,0,0,129,850,77,474,8,8,0,2,8192,0,0,0,0,0,129,704,81,591
3218,0,4096,5888,5632,5376,5120,4864,4608,4352,0,0,0,0,0,32768,0,259,386,5632,5376,36993,863,242,688,0,0,0,14,8192,0,0,0,0,0,129,499,908,465,16,0,0,12,8192,0,0,0,0,0,129,832,473,182,16,0,0,10,8192,0,0,0,0,0,129,626,265,110,8,2,0,8,8192,0,0,0,0,0,129,726,113,148,8,4,0,6,8192,0,0,0,0,0,129,899,79,345,8,6,0,4,8192,0,0,0,0,0,129,830,78,487,8,8,0,2,8192,0,0,0,0,0,129,720,81,602
3222,0,4096,5888,5632,5376,5120,4864,4608,4352,0,0,0,0,0,32768,0,252,367,5632,5376,4225,863,254,681,0,0,0,14,8192,0,0,0,0,0,129,499,905,458,16,0,0,12,8192,0,0,0,0,0,129,768,461,177,16,0,0,10,8192,0,0,0,0,0,129,594,256,108,8,2,0,8,8192,0,0,0,0,0,129,758,108,159,8,4,0,6,8192,0,0,0,0,0,129,910,80,359,8,6,0,4,8192,0,0,0,0,0,129,814,80,499,8,8,0,2,8192,0,0,0,0,0,129,688,82,613
3226,0,4096,5888,5632,5376,5120,4864,4608,4352,0,0,0,0,0,32768,0,352,522,5376,5120,4225,863,265,675,0,0,0,14,8192,0,0,0,0,0,129,499,902,451,16,0,0,12,8192,0,0,0,0,0,129,704,451,172,16,0,0,10,8192,0,0,0,0,0,129,566,247,107,8,2,0,8,8192,0,0,0,0,0,129,788,104,170,8,4,0,6,8192,0,0,0,0,0,129,903,79,373,8,6,0,4,8192,0,0,0,0,0,129,798,81,511,8,8,0,2,8192,0,0,0,0,0,129,656,85,623
3230,0,4096,5888,5632,5376,5120,4864,4608,4352,0,0,0,4,0,32768,0,340,523,5376,5120,36993,863,277,668,0,0,0,14,8192,0,0,0,0,0,129,499,898,445,16,0,0,12,8192,0,0,0,0,0,129,664,441,168,16,0,0,10,8192,0,0,0,0,0,129,550,238,106,8,2,0,8,8192,0,0,0,0,0,129,816,100,182,8,4,0,6,8192,0,0,0,0,0,129,914,78,386,8,6,0,4,8192,0,0,0,0,0,129,782,81,523,8,8,0,2,8192,0,0,0,0,0,129,628,89,633
3234,0,4096,5888,5632,5376,5120,4864,4608,4352,0,0,0,0,0,32768,0,331,512,5376,5120,36993,863,289,662,0,0,0,14,8192,0,0,0,0,0,129,499,893,439,16,0,0,12,8192,0,0,0,0,0,129,632,431,164,16,0,0,10,8192,0,0,0,0,0,129,534,230,105,8,2,0,8,8192,0,0,0,0,0,129,844,95,194,8,4,0,6,8192,0,0,0,0,0,129,907,79,399,8,6,0,4,8192,0,0,0,0,0,129,766,81,535,8,8,0,2,8192,0,0,0,0,0,129,612,94,641
3238,0,4096,5888,5632,5376,5120,4864,4608,4352,0,0,0,0,0,32768,0,329,498,5376,5120,4225,863,302,657,0,0,0,14,8192,0,0,0,0,0,129,499,888,433,16,0,0,12,8192,0,0,0,0,0,129,600,422,161,8,0,0,10,8192,0,0,0,0,0,129,506,221,104,8,2,0,8,8192,0,0,0,0,0,129,869,90,206,8,4,0,6,8192,0,0,0,0,0,129,901,81,412,8,6,0,4,8192,0,0,0,0,0,129,750,81,547,8,8,0,2,8192,0,0,0,0,0,129,596,99,649
3242,0,4096,5888,5632,5376,5120,4864,4608,4352,0,0,0,0,0,32768,0,490,545,5120,4864,4225,863,315,653,0,0,0,14,8192,0,0,0,0,0,129,499,884,426,16,0,0,12,8192,0,0,0,0,0,129,568,414,157,8,0,0,10,8192,0,0,0,0,0,129,470,214,103,8,2,0,8,8192,0,0,0,0,0,129,893,87,219,8,4,0,6,8192,0,0,0,0,0,129,912,81,426,8,6,0,4,8192,0,0,0,0,0,129,734,81,559,8,8,0,2,8192,0,0,0,0,0,129,580,105,656
3246,0,4096,5888,5632,5376,5120,4864,4608,4352,0,0,0,0,0,32768,0,482,544,5120,4864,36993,863,328,650,0,0,0,14,8192,0,0,0,0,0,129,499,878,421,8,0,0,12,8192,0,0,0,0,0,129,548,406,154,8,0,0,10,8192,0,0,0,0,0,129,502,206,103,8,2,0,8,8192,0,0,0,0,0,129,896,85,232,8,4,0,6,8192,0,0,0,0,0,129,905,80,440,8,6,0,4,8192,0,0,0,0,0,129,718,81,570,8,8,0,2,8192,0,0,0,0,0,129,564,109,664
3250,0,4096,5888,5632,5376,5120,4864,4608,4352,0,0,0,0,0,32768,0,471,545,5120,4864,36993,863,341,646,0,0,0,14,8192,0,0,0,0,0,129,499,874,415,8,0,0,12,8192,0,0,0,0,0,129,577,397,151,8,0,0,10,8192,0,0,0,0,0,129,502,199,105,8,2,0,8,8192,0,0,0,0,0,129,908,84,245,8,4,0,6,8192,0,0,0,0,0,129,885,76,454,8,6,0,4,8192,0,0,0,0,0,129,714,81,581,8,8,0,2,8192,0,0,0,0,0,129,548,115,670
3254,0,4096,5888,5632,5376,5120,4864,4608,4352,0,0,0,0,0,32768,0,465,544,5120,4864,4225,863,354,642,0,0,0,14,8192,0,0,0,0,0,129,499,869,408,8,0,0,12,8192,0,0,0,0,0,129,618,389,148,8,0,0,10,8192,0,0,0,0,0,129,502,191,107,8,2,0,8,8192,0,0,0,0,0,129,901,82,258,8,4,0,6,8192,0,0,0,0,0,129,853,73,467,8,6,0,4,8192,0,0,0,0,0,129,734,81,593,8,8,0,2,8192,0,0,0,0,0,129,532,121,677
3258,0,4096,5888,5632,5376,5120,4864,4608,4352,0,0,0,0,0,32768,0,544,491,4864,4608,4225,863,366,638,0,0,0,14,8192,0,0,0,0,0,129,499,864,402,8,0,0,12,8192,0,0,0,0,0,129,658,379,144,8,0,0,10,8192,0,0,0,0,0,129,502,184,109,8,2,0,8,8192,0,0,0,0,0,129,894,80,272,8,4,0,6,8192,0,0,0,0,0,129,825,72,480,8,6,0,4,8192,0,0,0,0,0,129,718,82,604,8,8,0,2,8192,0,0,0,0,0,129,516,126,683
3262,0,4096,5888,5632,5376,5120,4864,4608,4352,0,0,0,0,0,32768,0,545,489,4864,4608,36993,863,379,635,0,0,0,14,8192,0,0,0,0,0,129,530,859,396,8,0,0,12,8192,0,0,0,0,0,129,695,370,140,8,0,0,10,8192,0,0,0,0,0,129,502,176,111,8,2,0,8,8192,0,0,0,0,0,129,906,78,286,8,4,0,6,8192,0,0,0,0,0,129,809,73,493,8,6,0,4,8192,0,0,0,0,0,129,686,83,615,8,8,0,2,8192,0,0,0,0,0,129,516,132,688
3266,0,4096,5888,5632,5376,5120,4864,4608,4352,0,0,0,0,0,32768,0,547,496,4864,4608,36993,863,392,631,0,0,0,14,8192,0,0,0,0,0,129,574,853,391,8,0,0,12,8192,0,0,0,0,0,129,692,360,136,8,0,0,10,8192,0,0,0,0,0,129,502,169,113,8,2,0,8,8192,0,0,0,0,0,129,899,77,300,8,4,0,6,8192,0,0,0,0,0,129,793,74,505,8,6,0,4,8192,0,0,0,0,0,129,654,87,625,8,8,0,2,8192,0,0,0,0,0,129,516,139,692
3270,0,4096,5888,5632,5376,5120,4864,4608,4352,0,0,0,0,0,32768,0,550,497,4864,4608,4225,863,405,627,0,0,0,14,8192,0,0,0,0,0,129,587,846,385,16,0,0,12,8192,0,0,0,0,0,129,676,350,132,8,0,0,10,8192,0,0,0,0,0,129,502,161,115,8,2,0,8,8192,0,0,0,0,0,129,893,78,314,8,4,0,6,8192,0,0,0,0,0,129,777,77,517,8,6,0,4,8192,0,0,0,0,0,129,634,91,634,8,8,0,2,8192,0,0,0,0,0,129,516,146,695
3274,0,4096,5888,5632,5376,5120,4864,4608,4352,0,0,0,0,0,32768,0,555,498,4864,4608,4225,863,418,623,0,0,0,14,8192,0,0,0,0,0,129,585,839,379,16,0,0,12,8192,0,0,0,0,0,129,648,340,129,8,0,0,10,8192,0,0,0,0,0,129,502,153,115,8,2,0,8,8192,0,0,0,0,0,129,907,79,328,8,4,0,6,8192,0,0,0,0,0,129,761,79,529,16,6,0,4,8192,0,0,0,0,0,129,618,96,642,8,8,0,2,8192,0,0,0,0,0,129,516,154,697
3278,0,4096,5888,5632,5376,5120,4864,4608,4352,0,0,0,4,0,32768,0,574,498,4864,4608,4225,863,431,620,0,0,0,14,8192,0,0,0,0,0,129,583,831,374,16,0,0,12,8192,0,0,0,0,0,129,616,331,125,8,0,0,10,8192,0,0,0,0,0,129,549,146,117,8,2,0,8,8192,0,0,0,0,0,129,901,80,342,8,4,0,6,8192,0,0,0,0,0,129,745,82,541,16,6,0,4,8192,0,0,0,0,0,129,566,102,650,8,8,0,2,8192,0,0,0,0,0,129,516,162,698
3282,0,4096,5888,5632,5376,5120,4864,4608,4352,0,0,0,4,0,32768,0,504,464,4608,4352,4225,863,444,617,0,0,0,14,8192,0,0,0,0,0,129,581,824,368,16,0,0,12,8192,0,0,0,0,0,129,584,322,121,8,0,0,10,8192,0,0,0,0,0,129,592,137,120,8,2,0,8,8192,0,0,0,0,0,129,894,79,356,16,4,0,6,8192,0,0,0,0,0,129,725,84,552,16,6,0,4,8192,0,0,0,0,0,129,502,105,658,8,8,0,2,8192,0,0,0,0,0,129,560,170,697
3286,0,4096,5888,5632,5376,5120,4864,4608,4352,0,0,0,36,0,32768,0,514,444,4608,4352,4225,863,458,615,0,0,0,14,8192,0,0,0,0,0,129,593,817,363,16,0,0,12,8192,0,0,0,0,0,129,564,314,118,8,0,0,10,8192,0,0,0,0,0,129,632,130,125,8,2,0,8,8192,0,0,0,0,0,129,906,79,370,16,4,0,6,8192,0,0,0,0,0,129,693,85,563,16,6,0,4,8192,0,0,0,0,0,129,462,109,664,8,8,0,2,8192,0,0,0,0,0,129,603,179,696
3290,0,4096,5888,5632,5376,5120,4864,4608,4352,0,0,0,36,0,32768,0,520,434,4608,4352,4225,863,471,614,0,0,0,14,8192,0,0,0,0,0,129,619,809,358,16,0,0,12,8192,0,0,0,0,0,129,548,305,117,8,0,0,10,8192,0,0,0,0,0,129,671,122,132,16,2,0,8,8192,0,0,0,0,0,129,875,80,384,16,4,0,6,8192,0,0,0,0,0,129,661,85,574,16,6,0,4,8192,0,0,0,0,0,129,430,113,670,8,8,0,2,8192,0,0,0,0,0,129,643,189,695
3294,0,4096,5888,5632,5376,5120,4864,4608,4352,0,0,0,36,0,32768,0,513,415,4608,4352,4225,863,485,614,0,0,0,14,8192,0,0,0,0,0,129,645,800,352,16,0,0,12,8192,0,0,0,0,0,129,532,297,115,16,0,0,10,8192,0,0,0,0,0,129,694,115,140,16,2,0,8,8192,0,0,0,0,0,129,835,81,397,16,4,0,6,8192,0,0,0,0,0,129,629,85,584,16,6,0,4,8192,0,0,0,0,0,129,398,117,675,8,8,0,2,8192,0,0,0,0,0,129,679,199,694
3298,0,4096,5888,5632,5376,5120,4864,4608,4352,0,0,0,36,0,32768,0,291,405,5888,4352,4225,863,498,615,0,0,0,14,8192,0,0,0,0,0,129,655,792,347,16,0,0,12,8192,0,0,0,0,0,129,516,289,113,16,0,0,10,8192,0,0,0,0,0,129,678,109,149,16,2,0,8,8192,0,0,0,0,0,129,803,81,410,16,4,0,6,8192,0,0,0,0,0,129,601,85,594,8,6,0,4,8192,0,0,0,0,0,129,378,121,679,8,8,0,2,8192,0,0,0,0,0,129,714,210,690
3302,0,4096,5888,5632,5376,5120,4864,4608,4352,0,0,0,36,0,32768,0,291,388,5888,4352,4225,863,511,618,0,0,0,14,8192,0,0,0,0,0,129,652,783,342,16,0,0,12,8192,0,0,0,0,0,129,500,281,112,16,0,0,10,8192,0,0,0,0,0,129,662,105,159,16,2,0,8,8192,0,0,0,0,0,129,771,79,423,16,4,0,6,8192,0,0,0,0,0,129,537,85,603,8,6,0,4,8192,0,0,0,0,0,129,414,126,683,8,8,0,2,8192,0,0,0,0,0,129,746,221,685
3306,0,4096,5888,5632,5376,5120,4864,4608,4352,0,0,0,0,0,32768,0,291,385,5888,4352,4225,863,524,622,0,0,0,14,8192,0,0,0,0,0,129,649,774,337,16,0,0,12,8192,0,0,0,0,0,129,484,273,110,16,0,0,10,8192,0,0,0,0,0,129,646,101,168,16,2,0,8,8192,0,0,0,0,0,129,739,76,434,8,4,0,6,8192,0,0,0,0,0,129,501,86,610,8,6,0,4,8192,0,0,0,0,0,129,470,132,686,8,8,0,2,8192,0,0,0,0,0,129,777,232,681
3310,0,4096,5888,5632,5376,5120,4864,4608,4352,0,0,0,0,0,32768,0,291,377,5888,4352,36993,863,536,627,0,0,0,14,8192,0,0,0,0,0,129,646,766,331,16,0,0,12,8192,0,0,0,0,0,129,468,266,109,16,0,0,10,8192,0,0,0,0,0,129,630,98,178,16,2,0,8,8192,0,0,0,0,0,129,719,75,445,8,4,0,6,8192,0,0,0,0,0,129,533,89,618,8,6,0,4,8192,0,0,0,0,0,129,520,139,691,8,8,0,2,8192,0,0,0,0,0,129,805,244,677
3314,0,4096,5888,5632,5376,5120,4864,4608,4352,0,0,0,0,0,32768,0,289,374,5888,4352,36993,863,548,634,0,0,0,14,8192,0,0,0,0,0,129,656,757,326,16,0,0,12,8192,0,0,0,0,0,129,452,259,108,16,0,0,10,8192,0,0,0,0,0,129,614,94,187,8,2,0,8,8192,0,0,0,0,0,129,723,75,457,8,4,0,6,8192,0,0,0,0,0,129,517,92,626,8,6,0,4,8192,0,0,0,0,0,129,550,146,694,8,8,0,2,8192,0,0,0,0,0,129,833,256,672
3318,0,4096,5888,5632,5376,5120,4864,4608,4352,0,0,0,0,0,32768,0,367,65535,4352,0,4225,863,559,643,0,0,0,14,8192,0,0,0,0,0,129,653,749,320,16,0,0,12,8192,0,0,0,0,0,129,484,252,108,8,0,0,10,8192,0,0,0,0,0,129,598,91,196,8,2,0,8,8192,0,0,0,0,0,129,719,76,468,8,4,0,6,8192,0,0,0,0,0,129,546,97,633,8,6,0,4,8192,0,0,0,0,0,129,549,154,697,8,8,0,2,8192,0,0,0,0,0,129,857,268,667
3322,0,4096,5888,5632,5376,5120,4864,4608,4352,0,0,0,4,0,32768,0,376,65535,4352,0,4225,863,569,651,0,0,0,14,8192,0,0,0,0,0,129,650,741,313,16,0,0,12,8192,0,0,0,0,0,129,484,244,107,8,0,0,10,8192,0,0,0,0,0,129,596,89,205,8,2,0,8,8192,0,0,0,0,0,129,703,77,479,8,4,0,6,8192,0,0,0,0,0,129,530,101,640,8,6,0,4,8192,0,0,0,0,0,129,533,163,698,8,8,0,2,8192,0,0,0,0,0,129,881,281,662
3326,0,4096,5888,5632,5376,5120,4864,4608,4352,0,0,0,4,0,32768,0,376,65535,4352,0,4225,863,579,660,0,0,0,14,8192,0,0,0,0,0,129,647,733,308,16,0,0,12,8192,0,0,0,0,0,129,468,237,106,8,0,0,10,8192,0,0,0,0,0,129,636,89,215,8,2,0,8,8192,0,0,0,0,0,129,724,79,490,8,4,0,6,8192,0,0,0,0,0,129,529,105,647,8,6,0,4,8192,0,0,0,0,0,129,562,171,699,8,8,0,2,8192,0,0,0,0,0,129,895,294,657
3330,0,4096,5888,5632,5376,5120,4864,4608,4352,0,0,0,36,0,32768,0,387,65535,4352,0,4225,863,589,670,0,0,0,14,8192,0,0,0,0,0,129,657,725,302,16,0,0,12,8192,0,0,0,0,0,129,452,229,105,8,0,0,10,8192,0,0,0,0,0,129,675,88,225,8,2,0,8,8192,0,0,0,0,0,129,720,81,501,8,4,0,6,8192,0,0,0,0,0,129,528,108,655,8,6,0,4,8192,0,0,0,0,0,129,604,180,698,8,8,0,2,8192,0,0,0,0,0,129,909,308,653
3334,0,4096,5888,5632,5376,5120,4864,4608,4352,0,0,0,0,0,32768,0,396,65535,4352,0,4225,863,598,679,0,0,0,14,8192,0,0,0,0,0,129,654,718,296,16,0,0,12,8192,0,0,0,0,0,129,484,222,104,8,0,0,10,8192,0,0,0,0,0,129,711,87,235,8,2,0,8,8192,0,0,0,0,0,129,704,81,512,8,4,0,6,8192,0,0,0,0,0,129,527,112,662,8,6,0,4,8192,0,0,0,0,0,129,644,190,697,8,8,0,2,8192,0,0,0,0,0,129,893,321,649
3338,0,4096,5888,5632,5376,5120,4864,4608,4352,0,0,0,0,0,32768,0,263,65535,5888,0,4225,863,607,690,0,0,0,14,8192,0,0,0,0,0,129,651,709,291,16,0,0,12,8192,0,0,0,0,0,129,448,215,103,8,0,0,10,8192,0,0,0,0,0,129,743,86,247,8,2,0,8,8192,0,0,0,0,0,129,701,81,523,8,4,0,6,8192,0,0,0,0,0,129,526,115,669,8,6,0,4,8192,0,0,0,0,0,129,681,200,695,8,8,0,2,8192,0,0,0,0,0,129,907,335,646
3342,0,4096,5888,5632,5376,5120,4864,4608,4352,0,0,0,0,0,32768,0,261,65535,5888,0,36993,863,614,701,0,0,0,14,8192,0,0,0,0,0,129,648,699,287,8,0,0,12,8192,0,0,0,0,0,129,408,208,102,8,0,0,10,8192,0,0,0,0,0,129,775,85,258,8,2,0,8,8192,0,0,0,0,0,129,722,81,534,8,4,0,6,8192,0,0,0,0,0,129,525,118,677,8,6,0,4,8192,0,0,0,0,0,129,717,210,691,8,8,0,2,8192,0,0,0,0,0,129,901,348,641
3346,0,4096,5888,5632,5376,5120,4864,4608,4352,0,0,0,0,0,32768,0,258,65535,5888,0,36993,863,621,713,0,0,0,14,8192,0,0,0,0,0,129,645,690,283,8,0,0,12,8192,0,0,0,0,0,129,442,202,103,8,0,0,10,8192,0,0,0,0,0,129,803,83,271,8,2,0,8,8192,0,0,0,0,0,129,718,81,546,8,4,0,6,8192,0,0,0,0,0,129,524,121,685,8,6,0,4,8192,0,0,0,0,0,129,750,221,687,8,8,0,2,8192,0,0,0,0,0,129,895,361,637
3350,0,4096,5888,5632,5376,5120,4864,4608,4352,0,0,0,0,0,32768,0,262,65535,5888,0,4225,863,627,725,0,0,0,14,8192,0,0,0,0,0,129,655,681,279,8,0,0,12,8192,0,0,0,0,0,129,492,195,105,8,0,0,10,8192,0,0,0,0,0,129,831,81,283,8,2,0,8,8192,0,0,0,0,0,129,702,81,557,8,4,0,6,8192,0,0,0,0,0,129,523,124,692,8,6,0,4,8192,0,0,0,0,0,129,782,232,683,8,8,0,2,8192,0,0,0,0,0,129,909,375,634
3354,0,4096,5888,5632,5376,5120,4864,4608,4352,0,0,0,0,0,32768,0,261,65535,5888,0,4225,863,632,737,0,0,0,14,8192,0,0,0,0,0,129,652,671,275,8,0,0,12,8192,0,0,0,0,0,129,492,187,107,8,0,0,10,8192,0,0,0,0,0,129,858,79,296,8,2,0,8,8192,0,0,0,0,0,129,723,81,568,8,4,0,6,8192,0,0,0,0,0,129,523,129,698,8,6,0,4,8192,0,0,0,0,0,129,811,243,679,8,8,0,2,8192,0,0,0,0,0,129,893,389,630
3358,0,4096,5888,5632,5376,5120,4864,4608,4352,0,0,0,0,0,32768,0,260,65535,5888,0,36993,863,638,749,0,0,0,14,8192,0,0,0,0,0,129,649,662,270,8,0,0,12,8192,0,0,0,0,0,129,524,180,110,8,0,0,10,8192,0,0,0,0,0,129,882,77,310,8,2,0,8,8192,0,0,0,0,0,129,719,81,579,8,4,0,6,8192,0,0,0,0,0,129,523,135,704,8,6,0,4,8192,0,0,0,0,0,129,839,255,675,8,8,0,2,8192,0,0,0,0,0,129,907,402,626
3362,0,4096,5888,5632,5376,5120,4864,4608,4352,0,0,0,0,0,32768,0,261,65535,5888,0,36993,863,643,762,0,0,0,14,8192,0,0,0,0,0,129,646,653,266,8,0,0,12,8192,0,0,0,0,0,129,524,172,113,8,0,0,10,8192,0,0,0,0,0,129,876,78,323,8,2,0,8,8192,0,0,0,0,0,129,703,81,590,8,4,0,6,8192,0,0,0,0,0,129,523,141,709,8,6,0,4,8192,0,0,0,0,0,129,864,268,670,8,8,0,2,8192,0,0,0,0,0,129,875,416,622
3366,0,4096,5888,5632,5376,5120,4864,4608,4352,0,0,0,0,0,32768,0,262,65535,5888,0,4225,863,649,774,0,0,0,14,8192,0,0,0,0,0,129,656,644,262,8,0,0,12,8192,0,0,0,0,0,129,508,165,116,8,0,0,10,8192,0,0,0,0,0,129,890,79,337,8,2,0,8,8192,0,0,0,0,0,129,675,81,601,8,4,0,6,8192,0,0,0,0,0,129,523,148,713,8,6,0,4,8192,0,0,0,0,0,129,888,280,664,8,8,0,2,8192,0,0,0,0,0,129,843,429,620
3370,0,4096,5888,5632,5376,5120,4864,4608,4352,0,0,0,4,0,32768,0,263,65535,5888,0,4225,863,656,786,0,0,0,14,8192,0,0,0,0,0,129,653,634,258,8,0,0,12,8192,0,0,0,0,0,129,492,157,118,8,0,0,10,8192,0,0,0,0,0,129,884,80,351,8,2,0,8,8192,0,0,0,0,0,129,643,83,611,8,4,0,6,8192,0,0,0,0,0,129,567,156,716,8,6,0,4,8192,0,0,0,0,0,129,910,293,659,8,8,0,2,8192,0,0,0,0,0,129,815,442,620
3374,0,4096,5888,5632,5376,5120,4864,4608,4352,0,0,0,0,0,32768,0,258,65535,5888,0,36993,863,663,797,0,0,0,14,8192,0,0,0,0,0,129,650,625,253,8,0,0,12,8192,0,0,0,0,0,129,524,150,119,8,0,0,10,8192,0,0,0,0,0,129,878,80,365,8,2,0,8,8192,0,0,0,0,0,129,623,86,621,8,4,0,6,8192,0,0,0,0,0,129,610,165,718,8,6,0,4,8192,0,0,0,0,0,129,921,307,655,8,8,0,2,8192,0,0,0,0,0,129,799,456,621
3378,0,4096,5888,5632,5376,5120,4864,4608,4352,0,0,0,0,0,32768,0,259,65535,5888,0,36993,863,672,807,0,0,0,14,8192,0,0,0,0,0,129,647,616,249,8,0,0,12,8192,0,0,0,0,0,129,569,142,122,8,0,0,10,8192,0,0,0,0,0,129,892,79,378,16,2,0,8,8192,0,0,0,0,0,129,583,90,629,8,4,0,6,8192,0,0,0,0,0,129,649,175,718,8,6,0,4,8192,0,0,0,0,0,129,914,321,651,8,8,0,2,8192,0,0,0,0,0,129,783,469,623
3382,0,4096,5888,5632,5376,5120,4864,4608,4352,0,0,0,0,0,32768,0,262,65535,5888,0,4225,863,681,817,0,0,0,14,8192,0,0,0,0,0,129,657,607,245,8,0,0,12,8192,0,0,0,0,0,129,610,134,127,16,0,0,10,8192,0,0,0,0,0,129,886,79,392,16,2,0,8,8192,0,0,0,0,0,129,519,95,637,8,4,0,6,8192,0,0,0,0,0,129,685,185,717,8,6,0,4,8192,0,0,0,0,0,129,907,334,647,8,8,0,2,8192,0,0,0,0,0,129,767,481,624
3386,0,4096,5888,5632,5376,5120,4864,4608,4352,0,0,0,0,0,32768,0,273,65535,5888,0,4225,863,691,826,0,0,0,14,8192,0,0,0,0,0,129,654,598,240,8,0,0,12,8192,0,0,0,0,0,129,650,126,133,16,0,0,10,8192,0,0,0,0,0,129,858,81,406,16,2,0,8,8192,0,0,0,0,0,129,479,99,643,8,4,0,6,8192,0,0,0,0,0,129,720,196,715,8,6,0,4,8192,0,0,0,0,0,129,918,348,643,8,8,0,2,8192,0,0,0,0,0,129,751,494,625
3390,0,4096,5888,5632,5376,5120,4864,4608,4352,0,0,0,4,0,32768,0,272,65535,5888,0,4225,863,701,835,0,0,0,14,8192,0,0,0,0,0,129,651,589,235,16,0,0,12,8192,0,0,0,0,0,129,687,119,140,16,0,0,10,8192,0,0,0,0,0,129,802,81,419,16,2,0,8,8192,0,0,0,0,0,129,447,102,650,8,4,0,6,8192,0,0,0,0,0,129,752,206,710,8,6,0,4,8192,0,0,0,0,0,129,911,361,638,8,8,0,2,8192,0,0,0,0,0,129,735,506,624
3394,0,4096,5888,5632,5376,5120,4864,4608,4352,0,0,0,4,0,32768,0,277,65535,5888,0,4225,863,712,843,0,0,0,14,8192,0,0,0,0,0,129,648,580,231,16,0,0,12,8192,0,0,0,0,0,129,672,112,149,16,0,0,10,8192,0,0,0,0,0,129,770,81,431,16,2,0,8,8192,0,0,0,0,0,129,415,105,656,8,4,0,6,8192,0,0,0,0,0,129,783,217,705,8,6,0,4,8192,0,0,0,0,0,129,922,375,633,8,8,0,2,8192,0,0,0,0,0,129,719,518,624
3398,0,4096,5888,5632,5376,5120,4864,4608,4352,0,0,0,36,0,32768,0,289,65535,5888,0,4225,863,724,850,0,0,0,14,8192,0,0,0,0,0,129,645,570,227,16,0,0,12,8192,0,0,0,0,0,129,652,107,158,16,0,0,10,8192,0,0,0,0,0,129,738,79,443,16,2,0,8,8192,0,0,0,0,0,129,383,108,662,8,4,0,6,8192,0,0,0,0,0,129,811,228,699,8,6,0,4,8192,0,0,0,0,0,129,915,389,629,8,8,0,2,8192,0,0,0,0,0,129,703,529,626
3402,0,4096,5888,5632,5376,5120,4864,4608,4352,0,0,0,32804,0,34816,0,292,65535,5888,0,4225,863,736,855,0,0,0,14,8192,0,0,0,0,0,129,629,561,223,16,0,0,12,8192,0,0,0,0,0,129,636,103,167,16,0,0,10,8192,0,0,0,0,0,129,706,77,454,16,2,0,8,8192,0,0,0,0,0,129,363,111,666,8,4,0,6,8192,0,0,0,0,0,129,838,239,693,8,6,0,4,8192,0,0,0,0,0,129,908,402,625,8,8,0,2,8192,0,0,0,0,0,129,726,539,629
3406,0,4096,5888,5632,5376,5120,4864,4608,4352,0,0,0,32804,0,34816,0,288,65535,5888,0,4225,863,748,861,0,0,0,14,8192,0,0,0,0,0,129,613,553,218,16,0,0,12,8192,0,0,0,0,0,129,620,100,176,16,0,0,10,8192,0,0,0,0,0,129,674,77,465,16,2,0,8,8192,0,0,0,0,0,129,347,115,671,8,4,0,6,8192,0,0,0,0,0,129,862,251,687,8,6,0,4,8192,0,0,0,0,0,129,880,416,621,8,8,0,2,8192,0,0,0,0,0,129,710,549,634
3410,0,4096,5888,5632,5376,5120,4864,4608,4352,0,0,0,32804,0,34816,0,290,65535,5888,0,4225,863,761,866,0,0,0,14,8192,0,0,0,0,0,129,597,544,215,16,0,0,12,8192,0,0,0,0,0,129,604,97,185,16,0,0,10,8192,0,0,0,0,0,129,642,78,475,8,2,0,8,8192,0,0,0,0,0,129,363,118,675,8,4,0,6,8192,0,0,0,0,0,129,886,263,681,8,6,0,4,8192,0,0,0,0,0,129,848,429,619,8,8,0,2,8192,0,0,0,0,0,129,707,558,640
3414,0,4096,5888,5632,5376,5120,4864,4608,4352,0,0,0,32804,0,34816,0,292,65535,5888,0,4225,863,773,871,0,0,0,14,8192,0,0,0,0,0,129,581,535,211,16,0,0,12,8192,0,0,0,0,0,129,588,93,194,8,0,0,10,8192,0,0,0,0,0,129,610,79,485,8,2,0,8,8192,0,0,0,0,0,129,415,122,680,8,4,0,6,8192,0,0,0,0,0,129,909,276,675,8,6,0,4,8192,0,0,0,0,0,129,828,442,619,8,8,0,2,8192,0,0,0,0,0,129,704,565,647
3418,0,4096,5888,5632,5376,5120,4864,4608,4352,0,0,0,36,0,34816,0,301,65535,5888,0,4225,863,786,876,0,0,0,14,8192,0,0,0,0,0,129,593,527,207,16,0,0,12,8192,0,0,0,0,0,129,572,90,203,8,0,0,10,8192,0,0,0,0,0,129,596,80,494,8,2,0,8,8192,0,0,0,0,0,129,471,127,684,8,4,0,6,8192,0,0,0,0,0,129,902,288,668,8,6,0,4,8192,0,0,0,0,0,129,812,455,621,8,8,0,2,8192,0,0,0,0,0,129,724,571,655
3422,0,4096,5888,5632,5376,5120,4864,4608,4352,0,0,0,36,0,32768,0,304,65535,5888,0,4225,863,799,881,0,0,0,14,8192,0,0,0,0,0,129,591,519,203,8,0,0,12,8192,0,0,0,0,0,129,556,87,211,8,0,0,10,8192,0,0,0,0,0,129,636,81,504,8,2,0,8,8192,0,0,0,0,0,129,521,134,688,8,4,0,6,8192,0,0,0,0,0,129,913,300,661,8,6,0,4,8192,0,0,0,0,0,129,796,467,623,8,8,0,2,8192,0,0,0,0,0,129,708,576,664
3426,0,4096,5888,5632,5376,5120,4864,4608,4352,0,0,0,36,0,32768,0,729,65535,4352,0,4225,863,812,882,0,0,0,14,8192,0,0,0,0,0,129,589,511,199,8,0,0,12,8192,0,0,0,0,0,129,585,86,220,8,0,0,10,8192,0,0,0,0,0,129,675,81,514,8,2,0,8,8192,0,0,0,0,0,129,521,141,693,8,4,0,6,8192,0,0,0,0,0,129,906,313,656,8,6,0,4,8192,0,0,0,0,0,129,780,480,625,8,8,0,2,8192,0,0,0,0,0,129,705,580,674
3430,0,4096,5888,5632,5376,5120,4864,4608,4352,0,0,0,36,0,32768,0,306,751,5888,4352,4225,863,825,882,0,0,0,14,8192,0,0,0,0,0,129,587,502,195,8,0,0,12,8192,0,0,0,0,0,129,626,85,229,8,0,0,10,8192,0,0,0,0,0,129,698,81,525,8,2,0,8,8192,0,0,0,0,0,129,535,148,696,8,4,0,6,8192,0,0,0,0,0,129,900,327,651,8,6,0,4,8192,0,0,0,0,0,129,764,492,625,8,8,0,2,8192,0,0,0,0,0,129,702,585,683
3434,0,4096,5888,5632,5376,5120,4864,4608,4352,0,0,0,36,0,32768,0,300,752,5888,4352,4225,863,839,880,0,0,0,14,8192,0,0,0,0,0,129,585,494,191,8,0,0,12,8192,0,0,0,0,0,129,666,85,239,8,0,0,10,8192,0,0,0,0,0,129,695,81,536,8,2,0,8,8192,0,0,0,0,0,129,534,156,698,8,4,0,6,8192,0,0,0,0,0,129,911,340,647,8,6,0,4,8192,0,0,0,0,0,129,748,503,625,8,8,0,2,8192,0,0,0,0,0,129,725,589,693
3438,0,4096,5888,5632,5376,5120,4864,4608,4352,0,0,0,36,0,32768,0,300,774,5888,4352,4225,863,852,876,0,0,0,14,8192,0,0,0,0,0,129,583,486,187,8,0,0,12,8192,0,0,0,0,0,129,703,84,250,8,0,0,10,8192,0,0,0,0,0,129,692,81,546,8,2,0,8,8192,0,0,0,0,0,129,548,164,699,8,4,0,6,8192,0,0,0,0,0,129,904,354,643,8,6,0,4,8192,0,0,0,0,0,129,732,515,627,8,8,0,2,8192,0,0,0,0,0,129,721,594,702
3442,0,4096,5888,5632,5376,5120,4864,4608,4352,0,0,0,36,0,32768,0,306,773,5888,4352,4225,863,864,871,0,0,0,14,8192,0,0,0,0,0,129,581,477,184,8,0,0,12,8192,0,0,0,0,0,129,736,82,261,8,0,0,10,8192,0,0,0,0,0,129,689,81,557,8,2,0,8,8192,0,0,0,0,0,129,592,173,699,8,4,0,6,8192,0,0,0,0,0,129,915,367,638,8,6,0,4,8192,0,0,0,0,0,129,716,526,630,8,8,0,2,8192,0,0,0,0,0,129,753,599,711
3446,0,4096,5888,5632,5376,5120,4864,4608,4352,0,0,0,0,0,32768,0,980,791,4608,4352,36993,863,876,864,0,0,0,14,8192,0,0,0,0,0,129,593,469,180,8,0,0,12,8192,0,0,0,0,0,129,768,81,272,8,0,0,10,8192,0,0,0,0,0,129,686,81,568,8,2,0,8,8192,0,0,0,0,0,129,633,183,698,8,4,0,6,8192,0,0,0,0,0,129,908,381,634,8,6,0,4,8192,0,0,0,0,0,129,736,536,634,8,8,0,2,8192,0,0,0,0,0,129,784,606,721
3450,0,4096,5888,5632,5376,5120,4864,4608,4352,0,0,0,0,0,32768,0,837,301,4864,5888,36993,863,886,856,0,0,0,14,8192,0,0,0,0,0,129,577,461,176,8,0,0,12,8192,0,0,0,0,0,129,797,79,284,8,0,0,10,8192,0,0,0,0,0,129,709,80,578,8,2,0,8,8192,0,0,0,0,0,129,670,193,697,8,4,0,6,8192,0,0,0,0,0,129,901,394,630,8,6,0,4,8192,0,0,0,0,0,129,732,546,641,8,8,0,2,8192,0,0,0,0,0,129,812,613,731
3454,0,4096,5888,5632,5376,5120,4864,4608,4352,0,0,0,32768,0,34816,0,852,289,4864,5888,4225,863,896,846,0,0,0,14,8192,0,0,0,0,0,129,561,453,172,8,0,0,12,8192,0,0,0,0,0,129,825,77,297,16,0,0,10,8192,0,0,0,0,0,129,693,79,589,8,2,0,8,8192,0,0,0,0,0,129,706,203,695,8,4,0,6,8192,0,0,0,0,0,129,908,408,626,8,6,0,4,8192,0,0,0,0,0,129,716,554,648,8,8,0,2,8192,0,0,0,0,0,129,839,620,741
3458,0,4096,5888,5632,5376,5120,4864,4608,4352,0,0,0,32768,0,34816,0,703,855,5120,4864,4225,863,903,835,0,0,0,14,8192,0,0,0,0,0,129,545,444,169,8,0,0,12,8192,0,0,0,0,0,129,850,76,310,16,0,0,10,8192,0,0,0,0,0,129,657,80,600,8,2,0,8,8192,0,0,0,0,0,129,739,213,691,8,4,0,6,8192,0,0,0,0,0,129,876,421,622,8,6,0,4,8192,0,0,0,0,0,129,736,562,657,8,8,0,2,8192,0,0,0,0,0,129,863,628,752
3462,0,4096,5888,5632,5376,5120,4864,4608,4352,0,0,0,32768,0,34816,0,686,276,5120,5888,36993,863,908,823,0,0,0,14,8192,0,0,0,0,0,129,529,437,166,16,0,0,12,8192,0,0,0,0,0,129,874,77,323,16,0,0,10,8192,0,0,0,0,0,129,569,81,609,8,2,0,8,8192,0,0,0,0,0,129,771,224,687,8,4,0,6,8192,0,0,0,0,0,129,844,435,621,8,6,0,4,8192,0,0,0,0,0,129,732,569,666,8,8,0,2,8192,0,0,0,0,0,129,887,635,764
3466,0,4096,5888,5632,5376,5120,4864,4608,4352,0,0,0,32768,0,34816,0,677,274,5120,5888,36993,863,911,810,0,0,0,14,8192,0,0,0,0,0,129,513,429,163,16,0,0,12,8192,0,0,0,0,0,129,832,78,337,16,0,0,10,8192,0,0,0,0,0,129,505,84,618,8,2,0,8,8192,0,0,0,0,0,129,800,236,682,8,4,0,6,8192,0,0,0,0,0,129,816,448,622,8,6,0,4,8192,0,0,0,0,0,129,716,576,675,8,8,0,2,8192,0,0,0,0,0,129,901,643,775
3470,0,4096,5888,5632,5376,5120,4864,4608,4352,0,0,0,0,0,32768,0,678,837,5120,4864,4225,863,915,796,0,0,0,14,8192,0,0,0,0,0,129,497,422,160,16,0,0,12,8192,0,0,0,0,0,129,792,79,349,8,0,0,10,8192,0,0,0,0,0,129,449,87,624,8,2,0,8,8192,0,0,0,0,0,129,828,248,678,8,4,0,6,8192,0,0,0,0,0,129,800,460,624,8,6,0,4,8192,0,0,0,0,0,129,736,582,684,8,8,0,2,8192,0,0,0,0,0,129,895,650,787
3474,0,4096,5888,5632,5376,5120,4864,4608,4352,0,0,0,0,0,32768,0,259,658,5888,5120,4225,863,918,783,0,0,0,14,8192,0,0,0,0,0,129,497,414,157,16,0,0,12,8192,0,0,0,0,0,129,760,80,362,8,0,0,10,8192,0,0,0,0,0,129,439,90,630,8,2,0,8,8192,0,0,0,0,0,129,853,260,674,8,4,0,6,8192,0,0,0,0,0,129,784,473,625,8,6,0,4,8192,0,0,0,0,0,129,732,587,694,8,8,0,2,8192,0,0,0,0,0,129,909,657,799
3478,0,4096,5888,5632,5376,5120,4864,4608,4352,0,0,0,0,0,32768,0,257,661,5888,5120,36993,863,921,770,0,0,0,14,8192,0,0,0,0,0,129,497,407,155,8,0,0,12,8192,0,0,0,0,0,129,728,81,373,8,0,0,10,8192,0,0,0,0,0,129,493,94,636,8,2,0,8,8192,0,0,0,0,0,129,877,272,669,8,4,0,6,8192,0,0,0,0,0,129,768,485,625,8,6,0,4,8192,0,0,0,0,0,129,716,594,704,8,8,0,2,8192,0,0,0,0,0,129,893,664,810
3482,0,4096,5888,5632,5376,5120,4864,4608,4352,0,0,0,0,0,32768,0,257,329,5888,5632,36993,863,922,757,0,0,0,14,8192,0,0,0,0,0,129,497,400,152,8,0,0,12,8192,0,0,0,0,0,129,744,80,385,8,0,0,10,8192,0,0,0,0,0,129,525,99,643,8,2,0,8,8192,0,0,0,0,0,129,901,286,664,8,4,0,6,8192,0,0,0,0,0,129,752,497,625,8,6,0,4,8192,0,0,0,0,0,129,736,601,712,8,8,0,2,8192,0,0,0,0,0,129,907,671,822
3486,0,4096,5888,5632,5376,5120,4864,4608,4352,0,0,0,0,0,32768,0,257,314,5888,5632,4225,863,923,743,0,0,0,14,8192,0,0,0,0,0,129,497,393,150,8,0,0,12,8192,0,0,0,0,0,129,776,79,396,8,0,0,10,8192,0,0,0,0,0,129,509,103,650,8,2,0,8,8192,0,0,0,0,0,129,895,299,660,8,4,0,6,8192,0,0,0,0,0,129,736,508,626,8,6,0,4,8192,0,0,0,0,0,129,768,607,722,8,8,0,2,8192,0,0,0,0,0,129,901,679,833
3490,0,4096,5888,5632,5376,5120,4864,4608,4352,0,0,0,0,0,32768,0,258,306,5888,5632,4225,863,924,730,0,0,0,14,8192,0,0,0,0,0,129,497,386,147,8,0,0,12,8192,0,0,0,0,0,129,805,77,409,8,0,0,10,8192,0,0,0,0,0,129,493,106,657,8,2,0,8,8192,0,0,0,0,0,129,907,312,655,8,4,0,6,8192,0,0,0,0,0,129,720,519,628,8,6,0,4,8192,0,0,0,0,0,129,797,614,732,8,8,0,2,8192,0,0,0,0,0,129,895,688,842
3494,0,4096,5888,5632,5376,5120,4864,4608,4352,0,0,0,0,0,32768,0,306,818,5632,4864,36993,863,925,716,0,0,0,14,8192,0,0,0,0,0,129,497,378,144,8,0,0,12,8192,0,0,0,0,0,129,833,78,421,8,0,0,10,8192,0,0,0,0,0,129,525,110,664,8,2,0,8,8192,0,0,0,0,0,129,900,326,651,8,4,0,6,8192,0,0,0,0,0,129,716,530,632,8,6,0,4,8192,0,0,0,0,0,129,825,620,743,8,8,0,2,8192,0,0,0,0,0,129,909,699,851
3498,0,4096,5888,5632,5376,5120,4864,4608,4352,0,0,0,0,0,32768,0,302,814,5632,4864,36993,863,925,703,0,0,0,14,8192,0,0,0,0,0,129,497,371,141,8,0,0,12,8192,0,0,0,0,0,129,858,80,434,8,0,0,10,8192,0,0,0,0,0,129,509,115,670,8,2,0,8,8192,0,0,0,0,0,129,893,339,647,8,4,0,6,8192,0,0,0,0,0,129,712,540,637,8,6,0,4,8192,0,0,0,0,0,129,850,626,753,8,8,0,2,8192,0,0,0,0,0,129,893,710,860
3502,0,4096,5888,5632,5376,5120,4864,4608,4352,0,0,0,0,0,32768,0,300,798,5632,4864,4225,863,926,690,0,0,0,14,8192,0,0,0,0,0,129,497,364,139,8,0,0,12,8192,0,0,0,0,0,129,882,83,448,8,0,0,10,8192,0,0,0,0,0,129,493,120,677,8,2,0,8,8192,0,0,0,0,0,129,907,352,643,8,4,0,6,8192,0,0,0,0,0,129,732,549,644,8,6,0,4,8192,0,0,0,0,0,129,874,633,765,8,8,0,2,8192,0,0,0,0,0,129,907,721,869
3506,0,4096,5888,5632,5376,5120,4864,4608,4352,0,0,0,0,0,32768,0,292,792,5632,4864,4225,863,925,676,0,0,0,14,8192,0,0,0,0,0,129,497,357,136,8,0,0,12,8192,0,0,0,0,0,129,864,84,461,8,0,0,10,8192,0,0,0,0,0,129,525,125,683,8,2,0,8,8192,0,0,0,0,0,129,901,366,638,8,4,0,6,8192,0,0,0,0,0,129,716,557,652,8,6,0,4,8192,0,0,0,0,0,129,898,640,776,8,8,0,2,8192,0,0,0,0,0,129,901,732,877
3510,0,4096,5888,5632,5376,5120,4864,4608,4352,0,0,0,0,0,32768,0,292,364,5632,5376,36993,863,923,663,0,0,0,14,8192,0,0,0,0,0,129,497,350,134,8,0,0,12,8192,0,0,0,0,0,129,832,84,475,8,0,0,10,8192,0,0,0,0,0,129,509,131,689,8,2,0,8,8192,0,0,0,0,0,129,894,379,634,8,4,0,6,8192,0,0,0,0,0,129,712,564,661,8,6,0,4,8192,0,0,0,0,0,129,919,648,787,8,8,0,2,8192,0,0,0,0,0,129,895,743,886
3514,0,4096,5888,5632,5376,5120,4864,4608,4352,0,0,0,0,0,32768,0,302,356,5632,5376,36993,863,922,649,0,0,0,14,8192,0,0,0,0,0,129,497,343,131,8,0,0,12,8192,0,0,0,0,0,129,800,84,487,8,0,0,10,8192,0,0,0,0,0,129,493,137,693,8,2,0,8,8192,0,0,0,0,0,129,906,392,630,8,4,0,6,8192,0,0,0,0,0,129,732,570,670,8,6,0,4,8192,0,0,0,0,0,129,912,655,799,8,8,0,2,8192,0,0,0,0,0,129,909,755,894
3518,0,4096,5888,5632,5376,5120,4864,4608,4352,0,0,0,0,0,32768,0,306,342,5632,5376,4225,863,920,636,0,0,0,14,8192,0,0,0,0,0,129,497,336,127,8,0,0,12,8192,0,0,0,0,0,129,780,84,500,8,0,0,10,8192,0,0,0,0,0,129,525,144,697,8,2,0,8,8192,0,0,0,0,0,129,899,406,625,8,4,0,6,8192,0,0,0,0,0,129,716,577,679,8,6,0,4,8192,0,0,0,0,0,129,905,662,811,8,8,0,2,8192,0,0,0,0,0,129,893,767,901
3522,0,4096,5888,5632,5376,5120,4864,4608,4352,0,0,0,0,0,32768,0,342,774,5376,4864,4225,863,918,623,0,0,0,14,8192,0,0,0,0,0,129,497,328,125,8,0,0,12,8192,0,0,0,0,0,129,764,84,512,8,0,0,10,8192,0,0,0,0,0,129,509,152,699,8,2,0,8,8192,0,0,0,0,0,129,871,419,621,8,4,0,6,8192,0,0,0,0,0,129,712,583,688,8,6,0,4,8192,0,0,0,0,0,129,916,670,823,8,8,0,2,8192,0,0,0,0,0,129,907,780,906
3526,0,4096,5888,5632,5376,5120,4864,4608,4352,0,0,0,0,0,32768,0,339,755,5376,4864,36993,863,917,609,0,0,0,14,8192,0,0,0,0,0,129,497,321,123,8,0,0,12,8192,0,0,0,0,0,129,748,84,524,8,0,0,10,8192,0,0,0,0,0,129,493,160,700,8,2,0,8,8192,0,0,0,0,0,129,839,432,619,8,4,0,6,8192,0,0,0,0,0,129,732,588,698,8,6,0,4,8192,0,0,0,0,0,129,909,679,833,8,8,0,2,8192,0,0,0,0,0,129,901,794,908
3530,0,4096,5888,5632,5376,5120,4864,4608,4352,0,0,0,0,0,32768,0,756,472,4864,5120,36993,863,915,596,0,0,0,14,8192,0,0,0,0,0,129,497,313,121,8,0,0,12,8192,0,0,0,0,0,129,732,84,535,8,0,0,10,8192,0,0,0,0,0,129,540,167,701,8,2,0,8,8192,0,0,0,0,0,129,819,445,619,8,4,0,6,8192,0,0,0,0,0,129,728,596,706,8,6,0,4,8192,0,0,0,0,0,129,920,690,843,8,8,0,2,8192,0,0,0,0,0,129,895,808,909
3534,0,4096,5888,5632,5376,5120,4864,4608,4352,0,0,0,0,0,32768,0,749,463,4864,5120,4225,863,914,582,0,0,0,14,8192,0,0,0,0,0,129,497,306,120,16,0,0,12,8192,0,0,0,0,0,129,716,84,547,8,0,0,10,8192,0,0,0,0,0,129,584,175,700,8,2,0,8,8192,0,0,0,0,0,129,803,458,621,8,4,0,6,8192,0,0,0,0,0,129,760,603,715,8,6,0,4,8192,0,0,0,0,0,129,913,701,852,8,8,0,2,8192,0,0,0,0,0,129,909,822,908
3538,0,4096,5888,5632,5376,5120,4864,4608,4352,0,0,0,0,0,32768,0,730,446,4864,5120,4225,863,912,569,0,0,0,14,8192,0,0,0,0,0,129,497,298,118,16,0,0,12,8192,0,0,0,0,0,129,688,84,558,8,0,0,10,8192,0,0,0,0,0,129,624,183,699,8,2,0,8,8192,0,0,0,0,0,129,787,470,623,8,4,0,6,8192,0,0,0,0,0,129,791,610,725,8,6,0,4,8192,0,0,0,0,0,129,906,712,861,8,8,0,2,8192,0,0,0,0,0,129,893,836,905
3542,0,4096,5888,5632,5376,5120,4864,4608,4352,0,0,0,0,0,32768,0,436,818,5120,4608,36994,863,910,556,0,0,0,14,8192,0,0,0,0,0,129,497,291,117,16,0,0,12,8192,0,0,0,0,0,129,656,84,568,8,0,0,10,8192,0,0,0,0,0,129,663,193,698,8,2,0,8,8192,0,0,0,0,0,129,771,482,625,8,4,0,6,8192,0,0,0,0,0,129,819,616,736,8,6,0,4,8192,0,0,0,0,0,129,917,723,870,8,8,0,2,8192,0,0,0,0,0,129,907,849,899
3546,0,4096,5888,5632,5376,5120,4864,4608,4352,0,0,0,0,0,32768,0,426,816,5120,4608,36994,863,909,542,0,0,0,14,8192,0,0,0,0,0,129,497,283,115,16,0,0,12,8192,0,0,0,0,0,129,624,84,578,8,0,0,10,8192,0,0,0,0,0,129,699,203,696,8,2,0,8,8192,0,0,0,0,0,129,755,493,626,8,4,0,6,8192,0,0,0,0,0,129,846,624,747,8,6,0,4,8192,0,0,0,0,0,129,910,734,879,8,8,0,2,8192,0,0,0,0,0,129,901,861,892
3550,0,4096,5888,5632,5376,5120,4864,4608,4352,0,0,0,0,0,32768,0,416,815,5120,4608,4226,863,907,529,0,0,0,14,8192,0,0,0,0,0,129,497,276,113,16,0,0,12,8192,0,0,0,0,0,129,592,84,588,8,0,0,10,8192,0,0,0,0,0,129,734,214,692,8,2,0,8,8192,0,0,0,0,0,129,739,504,626,8,4,0,6,8192,0,0,0,0,0,129,870,631,758,8,6,0,4,8192,0,0,0,0,0,129,921,746,887,8,8,0,2,8192,0,0,0,0,0,129,895,873,885
3554,0,4096,5888,5632,5376,5120,4864,4608,4352,0,0,0,32772,0,34816,0,408,815,5120,4608,4226,863,905,515,0,0,0,14,8192,0,0,0,0,0,129,497,268,112,16,0,0,12,8192,0,0,0,0,0,129,572,84,597,8,0,0,10,8192,0,0,0,0,0,129,766,224,687,8,2,0,8,8192,0,0,0,0,0,129,723,514,628,8,4,0,6,8192,0,0,0,0,0,129,894,638,769,8,6,0,4,8192,0,0,0,0,0,129,914,758,895,8,8,0,2,8192,0,0,0,0,0,129,909,885,877
3558,0,4096,5888,5632,5376,5120,4864,4608,4352,0,0,0,32804,0,34816,0,395,815,5120,4608,4226,863,904,502,0,0,0,14,8192,0,0,0,0,0,129,497,261,110,16,0,0,12,8192,0,0,0,0,0,129,520,85,606,8,0,0,10,8192,0,0,0,0,0,129,797,236,683,8,2,0,8,8192,0,0,0,0,0,129,707,525,632,8,4,0,6,8192,0,0,0,0,0,129,908,647,780,8,6,0,4,8192,0,0,0,0,0,129,907,771,901,8,8,0,2,8192,0,0,0,0,0,129,893,895,867
3562,0,4096,5888,5632,5376,5120,4864,4608,4352,0,0,0,32804,0,34816,0,683,816,4864,4608,4226,863,903,489,0,0,0,14,8192,0,0,0,0,0,129,497,253,108,16,0,0,12,8192,0,0,0,0,0,129,456,86,613,8,0,0,10,8192,0,0,0,0,0,129,825,248,679,8,2,0,8,8192,0,0,0,0,0,129,704,535,637,8,4,0,6,8192,0,0,0,0,0,129,901,655,792,8,6,0,4,8192,0,0,0,0,0,129,918,784,906,8,8,0,2,8192,0,0,0,0,0,129,907,904,856
3566,0,4096,5888,5632,5376,5120,4864,4608,4352,0,0,0,32804,0,34816,0,397,395,5376,5120,4226,863,902,475,0,0,0,14,8192,0,0,0,0,0,129,497,246,108,16,0,0,12,8192,0,0,0,0,0,129,416,87,620,8,0,0,10,8192,0,0,0,0,0,129,852,260,675,8,2,0,8,8192,0,0,0,0,0,129,701,544,643,8,4,0,6,8192,0,0,0,0,0,129,912,663,804,8,6,0,4,8192,0,0,0,0,0,129,911,798,908,8,8,0,2,8192,0,0,0,0,0,129,901,911,844
3570,0,4096,5888,5632,5376,5120,4864,4608,4352,0,0,0,36,0,32768,0,408,394,5376,5120,4226,863,901,462,0,0,0,14,8192,0,0,0,0,0,129,497,238,107,16,0,0,12,8192,0,0,0,0,0,129,384,89,626,8,0,0,10,8192,0,0,0,0,0,129,876,272,669,8,2,0,8,8192,0,0,0,0,0,129,722,552,650,8,4,0,6,8192,0,0,0,0,0,129,905,670,816,8,6,0,4,8192,0,0,0,0,0,129,922,813,908,8,8,0,2,8192,0,0,0,0,0,129,895,918,832
3574,0,4096,5888,5632,5376,5120,4864,4608,4352,0,0,0,36,0,32768,0,425,397,5376,5120,4226,863,900,448,0,0,0,14,8192,0,0,0,0,0,129,497,231,105,8,0,0,12,8192,0,0,0,0,0,129,352,92,631,8,0,0,10,8192,0,0,0,0,0,129,890,285,664,8,2,0,8,8192,0,0,0,0,0,129,718,559,659,8,4,0,6,8192,0,0,0,0,0,129,899,678,828,8,6,0,4,8192,0,0,0,0,0,129,915,827,906,8,8,0,2,8192,0,0,0,0,0,129,909,925,820
3578,0,4096,5888,5632,5376,5120,4864,4608,4352,0,0,0,0,0,32768,0,445,395,5376,5120,4226,863,896,435,0,0,0,14,8192,0,0,0,0,0,129,497,223,104,8,0,0,12,8192,0,0,0,0,0,129,380,95,636,8,0,0,10,8192,0,0,0,0,0,129,884,298,659,8,2,0,8,8192,0,0,0,0,0,129,702,566,668,8,4,0,6,8192,0,0,0,0,0,129,910,687,839,8,6,0,4,8192,0,0,0,0,0,129,908,841,903,8,8,0,2,8192,0,0,0,0,0,129,893,931,807
3582,0,4096,5888,5632,5376,5120,4864,4608,4352,0,0,0,32768,0,34816,0,455,404,5376,5120,36994,863,890,423,0,0,0,14,8192,0,0,0,0,0,129,481,215,103,8,0,0,12,8192,0,0,0,0,0,129,434,98,641,8,0,0,10,8192,0,0,0,0,0,129,878,311,655,8,2,0,8,8192,0,0,0,0,0,129,723,573,677,8,4,0,6,8192,0,0,0,0,0,129,903,698,848,8,6,0,4,8192,0,0,0,0,0,129,919,853,897,8,8,0,2,8192,0,0,0,0,0,129,907,936,794
3586,0,4096,5888,5632,5376,5120,4864,4608,4352,0,0,0,32768,0,34816,0,471,406,5376,5120,36994,863,882,413,0,0,0,14,8192,0,0,0,0,0,129,465,208,103,8,0,0,12,8192,0,0,0,0,0,129,484,101,648,8,0,0,10,8192,0,0,0,0,0,129,892,324,651,8,2,0,8,8192,0,0,0,0,0,129,719,580,685,8,4,0,6,8192,0,0,0,0,0,129,914,709,858,8,6,0,4,8192,0,0,0,0,0,129,912,866,890,8,8,0,2,8192,0,0,0,0,0,129,901,939,780
3590,0,4096,5888,5632,5376,5120,4864,4608,4352,0,0,0,32768,0,34816,0,479,406,5376,5120,4226,863,872,404,0,0,0,14,8192,0,0,0,0,0,129,449,201,104,8,0,0,12,8192,0,0,0,0,0,129,484,105,654,8,0,0,10,8192,0,0,0,0,0,129,886,338,647,8,2,0,8,8192,0,0,0,0,0,129,703,587,694,8,4,0,6,8192,0,0,0,0,0,129,907,720,867,8,6,0,4,8192,0,0,0,0,0,129,905,878,882,8,8,0,2,8192,0,0,0,0,0,129,895,940,767
3594,0,4096,5888,5632,5376,5120,4864,4608,4352,0,0,0,32768,0,34816,0,489,406,5376,5120,4226,863,860,398,0,0,0,14,8192,0,0,0,0,0,129,433,194,106,8,0,0,12,8192,0,0,0,0,0,129,516,108,661,8,0,0,10,8192,0,0,0,0,0,129,880,351,643,8,2,0,8,8192,0,0,0,0,0,129,724,595,702,8,4,0,6,8192,0,0,0,0,0,129,901,730,877,8,6,0,4,8192,0,0,0,0,0,129,916,889,873,8,8,0,2,8192,0,0,0,0,0,129,909,940,752
3598,0,4096,5888,5632,5376,5120,4864,4608,4352,0,0,0,0,0,34816,0,497,396,5376,5120,36994,863,847,392,0,0,0,14,8192,0,0,0,0,0,129,435,188,108,8,0,0,12,8192,0,0,0,0,0,129,516,113,668,8,0,0,10,8192,0,0,0,0,0,129,894,364,639,8,2,0,8,8192,0,0,0,0,0,129,756,604,709,8,4,0,6,8192,0,0,0,0,0,129,912,741,887,8,6,0,4,8192,0,0,0,0,0,129,909,899,863,8,8,0,2,8192,0,0,0,0,0,129,893,940,738
3602,0,4096,5888,5632,5376,5120,4864,4608,4352,0,0,0,0,0,32768,0,506,399,5376,5120,36994,863,835,387,0,0,0,14,8192,0,0,0,0,0,129,437,182,110,8,0,0,12,8192,0,0,0,0,0,129,500,118,674,8,0,0,10,8192,0,0,0,0,0,129,878,377,634,8,2,0,8,8192,0,0,0,0,0,129,786,612,718,8,4,0,6,8192,0,0,0,0,0,129,905,752,896,8,6,0,4,8192,0,0,0,0,0,129,920,907,851,8,8,0,2,8192,0,0,0,0,0,129,907,940,724
3606,0,4096,5888,5632,5376,5120,4864,4608,4352,0,0,0,0,0,32768,0,520,395,5376,5120,4226,863,822,383,0,0,0,14,8192,0,0,0,0,0,129,421,175,113,8,0,0,12,8192,0,0,0,0,0,129,484,123,680,8,0,0,10,8192,0,0,0,0,0,129,892,390,631,8,2,0,8,8192,0,0,0,0,0,129,814,619,728,8,4,0,6,8192,0,0,0,0,0,129,899,764,904,8,6,0,4,8192,0,0,0,0,0,129,913,913,838,8,8,0,2,8192,0,0,0,0,0,129,901,940,710
3610,0,4096,5888,5632,5376,5120,4864,4608,4352,0,0,0,0,0,32768,0,514,399,5376,5120,4226,863,810,378,0,0,0,14,8192,0,0,0,0,0,129,423,169,115,8,0,0,12,8192,0,0,0,0,0,129,516,128,685,8,0,0,10,8192,0,0,0,0,0,129,872,404,626,8,2,0,8,8192,0,0,0,0,0,129,842,625,739,8,4,0,6,8192,0,0,0,0,0,129,910,777,910,8,6,0,4,8192,0,0,0,0,0,129,906,921,826,8,8,0,2,8192,0,0,0,0,0,129,895,940,696
3614,0,4096,5888,5632,5376,5120,4864,4608,4352,0,0,0,0,0,32768,0,520,408,5376,5120,36994,863,797,373,0,0,0,14,8192,0,0,0,0,0,129,425,162,116,8,0,0,12,8192,0,0,0,0,0,129,516,135,690,8,0,0,10,8192,0,0,0,0,0,129,840,417,623,8,2,0,8,8192,0,0,0,0,0,129,867,632,751,8,4,0,6,8192,0,0,0,0,0,129,903,790,914,8,6,0,4,8192,0,0,0,0,0,129,917,927,813,8,8,0,2,8192,0,0,0,0,0,129,909,940,682
3618,0,4096,5888,5632,5376,5120,4864,4608,4352,0,0,0,4,0,32768,0,543,416,5376,5120,36994,863,784,369,0,0,0,14,8192,0,0,0,0,0,129,461,156,118,8,0,0,12,8192,0,0,0,0,0,129,500,142,694,8,0,0,10,8192,0,0,0,0,0,129,808,429,622,8,2,0,8,8192,0,0,0,0,0,129,891,639,763,8,4,0,6,8192,0,0,0,0,0,129,914,804,916,8,6,0,4,8192,0,0,0,0,0,129,910,933,800,8,8,0,2,8192,0,0,0,0,0,129,893,940,668
3622,0,4096,5888,5632,5376,5120,4864,4608,4352,0,0,0,0,0,32768,0,426,428,5120,4864,4226,863,772,364,0,0,0,14,8192,0,0,0,0,0,129,493,149,120,8,0,0,12,8192,0,0,0,0,0,129,484,149,698,8,0,0,10,8192,0,0,0,0,0,129,792,442,623,8,2,0,8,8192,0,0,0,0,0,129,894,646,775,8,4,0,6,8192,0,0,0,0,0,129,907,818,916,8,6,0,4,8192,0,0,0,0,0,129,921,937,787,8,8,0,2,8192,0,0,0,0,0,129,907,940,654
3626,0,4096,5888,5632,5376,5120,4864,4608,4352,0,0,0,0,0,32768,0,434,409,5120,4864,4226,863,760,358,0,0,0,14,8192,0,0,0,0,0,129,493,142,123,8,0,0,12,8192,0,0,0,0,0,129,516,156,700,8,0,0,10,8192,0,0,0,0,0,129,776,454,625,8,2,0,8,8192,0,0,0,0,0,129,906,652,788,8,4,0,6,8192,0,0,0,0,0,129,901,832,913,8,6,0,4,8192,0,0,0,0,0,129,914,939,773,8,8,0,2,8192,0,0,0,0,0,129,901,940,640
3630,0,4096,5888,5632,5376,5120,4864,4608,4352,0,0,0,0,0,32768,0,453,396,5120,4864,36994,863,748,351,0,0,0,14,8192,0,0,0,0,0,129,493,135,127,8,0,0,12,8192,0,0,0,0,0,129,516,164,701,8,0,0,10,8192,0,0,0,0,0,129,760,466,626,8,2,0,8,8192,0,0,0,0,0,129,899,659,801,8,4,0,6,8192,0,0,0,0,0,129,912,845,908,8,6,0,4,8192,0,0,0,0,0,129,907,940,758,8,8,0,2,8192,0,0,0,0,0,129,895,940,626
3634,0,4096,5888,5632,5376,5120,4864,4608,4352,0,0,0,0,0,32768,0,463,388,5120,4864,36994,863,736,345,0,0,0,14,8192,0,0,0,0,0,129,493,129,132,8,0,0,12,8192,0,0,0,0,0,129,545,172,701,8,0,0,10,8192,0,0,0,0,0,129,744,478,626,8,2,0,8,8192,0,0,0,0,0,129,893,667,814,8,4,0,6,8192,0,0,0,0,0,129,905,858,902,8,6,0,4,8192,0,0,0,0,0,129,918,940,744,8,8,0,2,8192,0,0,0,0,0,129,909,940,612
3638,0,4096,5888,5632,5376,5120,4864,4608,4352,0,0,0,0,0,32768,0,479,376,5120,4864,4226,863,724,338,0,0,0,14,8192,0,0,0,0,0,129,493,124,137,8,0,0,12,8192,0,0,0,0,0,129,589,181,700,8,0,0,10,8192,0,0,0,0,0,129,728,489,626,8,2,0,8,8192,0,0,0,0,0,129,907,674,826,8,4,0,6,8192,0,0,0,0,0,129,899,869,893,8,6,0,4,8192,0,0,0,0,0,129,911,940,730,8,8,0,2,8192,0,0,0,0,0,129,893,940,598
3642,0,4096,5888,5632,5376,5120,4864,4608,4352,0,0,0,0,0,32768,0,499,366,5120,4864,4226,863,713,332,0,0,0,14,8192,0,0,0,0,0,129,493,119,143,8,0,0,12,8192,0,0,0,0,0,129,630,190,699,8,0,0,10,8192,0,0,0,0,0,129,712,501,626,8,2,0,8,8192,0,0,0,0,0,129,901,683,837,8,4,0,6,8192,0,0,0,0,0,129,910,880,884,8,6,0,4,8192,0,0,0,0,0,129,922,940,716,8,8,0,2,8192,0,0,0,0,0,129,907,940,584
3646,0,4096,5888,5632,5376,5120,4864,4608,4352,0,0,0,0,0,32768,0,515,353,5120,4864,36994,863,701,325,0,0,0,14,8192,0,0,0,0,0,129,524,115,150,8,0,0,12,8192,0,0,0,0,0,129,667,200,697,8,0,0,10,8192,0,0,0,0,0,129,696,512,627,8,2,0,8,8192,0,0,0,0,0,129,894,694,847,8,4,0,6,8192,0,0,0,0,0,129,903,891,875,8,6,0,4,8192,0,0,0,0,0,129,915,940,701,8,8,0,2,8192,0,0,0,0,0,129,901,940,570
3650,0,4096,5888,5632,5376,5120,4864,4608,4352,0,0,0,0,0,32768,0,516,354,5120,4864,36994,863,689,318,0,0,0,14,8192,0,0,0,0,0,129,568,111,157,8,0,0,12,8192,0,0,0,0,0,129,703,210,694,8,0,0,10,8192,0,0,0,0,0,129,693,522,629,8,2,0,8,8192,0,0,0,0,0,129,906,704,857,8,4,0,6,8192,0,0,0,0,0,129,914,900,864,8,6,0,4,8192,0,0,0,0,0,129,908,940,687,8,8,0,2,8192,0,0,0,0,0,130,881,940,556
3654,0,4096,5888,5632,5376,5120,4864,4608,4352,0,0,0,0,0,32768,0,352,602,4864,4608,4226,863,677,312,0,0,0,14,8192,0,0,0,0,0,129,581,108,166,8,0,0,12,8192,0,0,0,0,0,129,736,221,689,8,0,0,10,8192,0,0,0,0,0,129,690,532,634,8,2,0,8,8192,0,0,0,0,0,129,899,715,865,8,4,0,6,8192,0,0,0,0,0,129,907,907,852,8,6,0,4,8192,0,0,0,0,0,129,919,940,673,8,8,0,2,8192,0,0,0,0,0,130,849,939,542
3658,0,4096,5888,5632,5376,5120,4864,4608,4352,0,0,0,0,0,32768,0,355,585,4864,4608,4226,863,666,305,0,0,0,14,8192,0,0,0,0,0,129,593,105,175,8,0,0,12,8192,0,0,0,0,0,129,768,231,685,8,0,0,10,8192,0,0,0,0,0,129,687,540,640,8,2,0,8,8192,0,0,0,0,0,129,893,726,874,8,4,0,6,8192,0,0,0,0,0,129,901,914,840,8,6,0,4,8192,0,0,0,0,0,129,912,940,659,8,8,0,2,8192,0,0,0,0,0,130,821,936,529
3662,0,4096,5888,5632,5376,5120,4864,4608,4352,0,0,0,0,0,32768,0,362,556,4864,4608,36994,863,654,298,0,0,0,14,8192,0,0,0,0,0,129,591,102,183,8,0,0,12,8192,0,0,0,0,0,129,797,243,681,8,0,0,10,8192,0,0,0,0,0,129,710,548,648,8,2,0,8,8192,0,0,0,0,0,129,907,737,883,8,4,0,6,8192,0,0,0,0,0,129,912,919,826,8,6,0,4,8192,0,0,0,0,0,129,905,940,644,8,8,0,2,8192,0,0,0,0,0,130,805,932,517
3666,0,4096,5888,5632,5376,5120,4864,4608,4352,0,0,0,0,0,32768,0,365,554,4864,4608,36994,863,642,292,0,0,0,14,8192,0,0,0,0,0,129,589,98,192,8,0,0,12,8192,0,0,0,0,0,129,825,255,676,8,0,0,10,8192,0,0,0,0,0,129,694,556,657,8,2,0,8,8192,0,0,0,0,0,129,901,749,891,8,4,0,6,8192,0,0,0,0,0,129,905,924,813,8,6,0,4,8192,0,0,0,0,0,129,916,940,630,8,8,0,2,8192,0,0,0,0,0,130,789,927,506
3670,0,4096,5888,5632,5376,5120,4864,4608,4352,0,0,0,0,0,32768,0,375,522,4864,4608,4226,863,630,286,0,0,0,14,8192,0,0,0,0,0,129,587,95,200,8,0,0,12,8192,0,0,0,0,0,129,850,267,671,8,0,0,10,8192,0,0,0,0,0,129,691,562,666,8,2,0,8,8192,0,0,0,0,0,129,894,760,899,8,4,0,6,8192,0,0,0,0,0,129,899,930,801,8,6,0,4,8192,0,0,0,0,0,129,909,940,616,8,8,0,2,8192,0,0,0,0,0,130,773,923,495
3674,0,4096,5888,5632,5376,5120,4864,4608,4352,0,0,0,0,0,32768,0,386,521,4864,4608,4226,863,618,280,0,0,0,14,8192,0,0,0,0,0,129,585,93,209,8,0,0,12,8192,0,0,0,0,0,129,874,279,666,8,0,0,10,8192,0,0,0,0,0,129,688,569,675,8,2,0,8,8192,0,0,0,0,0,129,906,773,905,8,4,0,6,8192,0,0,0,0,0,129,910,934,787,8,6,0,4,8192,0,0,0,0,0,129,920,940,602,8,8,0,2,8192,0,0,0,0,0,130,757,919,483
3678,0,4096,5888,5632,5376,5120,4864,4608,4352,0,0,0,0,0,32768,0,398,505,4864,4608,36994,863,605,275,0,0,0,14,8192,0,0,0,0,0,129,583,92,218,8,0,0,12,8192,0,0,0,0,0,129,868,292,661,8,0,0,10,8192,0,0,0,0,0,129,711,576,684,8,2,0,8,8192,0,0,0,0,0,129,899,786,910,8,4,0,6,8192,0,0,0,0,0,129,903,935,773,8,6,0,4,8192,0,0,0,0,0,129,913,940,587,8,8,0,2,8192,0,0,0,0,0,130,741,914,472
3682,0,4096,5888,5632,5376,5120,4864,4608,4352,0,0,0,0,0,32768,0,417,491,4864,4608,36994,863,593,269,0,0,0,14,8192,0,0,0,0,0,129,581,92,228,8,0,0,12,8192,0,0,0,0,0,129,882,305,657,8,0,0,10,8192,0,0,0,0,0,129,695,583,692,8,2,0,8,8192,0,0,0,0,0,129,893,800,912,8,4,0,6,8192,0,0,0,0,0,129,914,935,759,8,6,0,4,8192,0,0,0,0,0,129,906,940,573,8,8,0,2,8192,0,0,0,0,0,130,725,909,462
3686,0,4096,5888,5632,5376,5120,4864,4608,4352,0,0,0,0,0,32768,0,427,473,4864,4608,4226,863,581,263,0,0,0,14,8192,0,0,0,0,0,129,593,91,237,8,0,0,12,8192,0,0,0,0,0,129,876,318,653,8,0,0,10,8192,0,0,0,0,0,129,692,591,701,8,2,0,8,8192,0,0,0,0,0,129,907,814,912,8,4,0,6,8192,0,0,0,0,0,129,907,935,745,8,6,0,4,8196,0,0,0,0,0,130,917,940,559,8,8,0,2,8192,0,0,0,0,0,130,709,904,452
3690,0,4096,5888,5632,5376,5120,4864,4608,4352,0,0,0,0,0,32768,0,445,464,4864,4608,4226,863,569,257,0,0,0,14,8192,0,0,0,0,0,129,591,90,246,8,0,0,12,8192,0,0,0,0,0,129,890,331,648,8,0,0,10,8192,0,0,0,0,0,129,689,599,708,8,2,0,8,8192,0,0,0,0,0,129,901,828,910,8,4,0,6,8192,0,0,0,0,0,129,901,935,731,8,6,0,4,8192,0,0,0,0,0,130,898,939,545,8,8,0,2,8192,0,0,0,0,0,130,706,898,443
3694,0,4096,5888,5632,5376,5120,4864,4608,4352,0,0,0,0,0,32768,0,455,453,4864,4608,36994,863,557,251,0,0,0,14,8192,0,0,0,0,0,129,589,89,255,8,0,0,12,8192,0,0,0,0,0,129,884,344,644,8,0,0,10,8192,0,0,0,0,0,129,724,607,715,8,2,0,8,8192,0,0,0,0,0,129,894,842,907,8,4,0,6,8192,0,0,0,0,0,129,912,935,716,8,6,0,4,8192,0,0,0,0,0,130,866,937,531,8,8,0,2,8192,0,0,0,0,0,130,703,891,435
3698,0,4096,5888,5632,5376,5120,4864,4608,4352,0,0,0,0,0,32768,0,472,437,4864,4608,36994,863,545,245,0,0,0,14,8192,0,0,0,0,0,129,587,88,264,8,0,0,12,8192,0,0,0,0,0,129,868,357,640,8,0,0,10,8192,0,0,0,0,0,129,756,615,724,8,2,0,8,8192,0,0,0,0,0,129,906,854,901,8,4,0,6,8192,0,0,0,0,0,129,905,935,702,8,6,0,4,8192,0,0,0,0,0,130,834,933,518,8,8,0,2,8192,0,0,0,0,0,130,726,884,426
3702,0,4096,5888,5632,5376,5120,4864,4608,4352,0,0,0,0,0,32768,0,425,455,4608,4352,4226,863,533,239,0,0,0,14,8192,0,0,0,0,0,129,585,86,273,8,0,0,12,8192,0,0,0,0,0,129,882,370,637,8,0,0,10,8192,0,0,0,0,0,129,787,622,734,8,2,0,8,8192,0,0,0,0,0,129,899,866,893,8,4,0,6,8192,0,0,0,0,0,129,899,935,688,8,6,0,4,8192,0,0,0,0,0,130,814,928,506,8,8,0,2,8192,0,0,0,0,0,130,710,877,417
3706,0,4096,5888,5632,5376,5120,4864,4608,4352,0,0,0,0,0,32768,0,419,445,4608,4352,4226,863,521,233,0,0,0,14,8192,0,0,0,0,0,129,583,85,282,8,0,0,12,8192,0,0,0,0,0,129,876,383,634,8,0,0,10,8192,0,0,0,0,0,129,815,628,745,8,2,0,8,8192,0,0,0,0,0,129,893,877,884,8,4,0,6,8192,0,0,0,0,0,129,910,935,674,8,6,0,4,8192,0,0,0,0,0,130,798,923,495,8,8,0,2,8192,0,0,0,0,0,130,707,870,408
3710,0,4096,5888,5632,5376,5120,4864,4608,4352,0,0,0,0,0,32768,0,419,436,4608,4352,36994,863,508,227,0,0,0,14,8192,0,0,0,0,0,129,581,83,291,8,0,0,12,8192,0,0,0,0,0,129,890,395,631,8,0,0,10,8192,0,0,0,0,0,129,842,634,756,8,2,0,8,8192,0,0,0,0,0,129,907,888,876,8,4,0,6,8192,0,0,0,0,0,129,903,935,660,8,6,0,4,8192,0,0,0,0,0,130,782,919,483,8,8,0,2,8192,0,0,0,0,0,130,704,864,400
3714,0,4096,5888,5632,5376,5120,4864,4608,4352,0,0,0,0,0,32768,0,409,428,4608,4352,36994,863,496,221,0,0,0,14,8192,0,0,0,0,0,129,593,80,300,8,0,0,12,8192,0,0,0,0,0,129,884,408,628,8,0,0,10,8192,0,0,0,0,0,129,866,641,768,8,2,0,8,8192,0,0,0,0,0,129,901,898,865,8,4,0,6,8192,0,0,0,0,0,129,914,935,646,8,6,0,4,8192,0,0,0,0,0,130,766,915,472,8,8,0,2,8192,0,0,0,0,0,130,736,856,391
3718,0,4096,5888,5632,5376,5120,4864,4608,4352,0,0,0,0,0,32768,0,406,417,4608,4352,4226,863,484,216,0,0,0,14,8192,0,0,0,0,0,129,605,78,309,8,0,0,12,8192,0,0,0,0,0,129,856,421,625,8,0,0,10,8192,0,0,0,0,0,129,880,648,779,8,2,0,8,8192,0,0,0,0,0,129,894,905,853,8,4,0,6,8192,0,0,0,0,0,129,907,935,632,8,6,0,4,8192,0,0,0,0,0,130,750,910,461,8,8,0,2,8192,0,0,0,0,0,130,768,848,383
3722,0,4096,5888,5632,5376,5120,4864,4608,4352,0,0,0,0,0,32768,0,408,416,4608,4352,4226,863,472,210,0,0,0,14,8192,0,0,0,0,0,129,645,76,318,8,0,0,12,8192,0,0,0,0,0,129,824,433,624,8,0,0,10,8192,0,0,0,0,0,129,894,655,791,8,2,0,8,8192,0,0,0,0,0,129,906,912,841,8,4,0,6,8192,0,0,0,0,0,129,901,935,617,8,6,0,4,8192,0,0,0,0,0,130,734,904,451,8,8,0,2,8192,0,0,0,0,0,130,796,839,375
3726,0,4096,5888,5632,5376,5120,4864,4608,4352,0,0,0,0,0,32768,0,416,405,4608,4352,36994,863,460,204,0,0,0,14,8192,0,0,0,0,0,129,655,75,328,8,0,0,12,8192,0,0,0,0,0,129,792,446,624,8,0,0,10,8192,0,0,0,0,0,129,878,663,803,8,2,0,8,8192,0,0,0,0,0,129,899,919,829,8,4,0,6,8192,0,0,0,0,0,129,912,935,603,8,6,0,4,8192,0,0,0,0,0,130,718,898,442,8,8,0,2,8192,0,0,0,0,0,130,824,828,368
3730,0,4096,5888,5632,5376,5120,4864,4608,4352,0,0,0,0,0,32768,0,418,399,4608,4352,36994,863,448,198,0,0,0,14,8192,0,0,0,0,0,129,652,75,339,8,0,0,12,8192,0,0,0,0,0,129,772,457,625,8,0,0,10,8192,0,0,0,0,0,129,892,671,814,8,2,0,8,8192,0,0,0,0,0,129,893,925,816,8,4,0,6,8192,0,0,0,0,0,129,905,935,589,8,6,0,4,8192,0,0,0,0,0,130,714,890,433,8,8,0,2,8192,0,0,0,0,0,130,851,818,360
3734,0,4096,5888,5632,5376,5120,4864,4608,4352,0,0,0,0,0,32768,0,425,398,4608,4352,4226,863,436,192,0,0,0,14,8192,0,0,0,0,0,129,649,76,349,8,0,0,12,8192,0,0,0,0,0,129,756,469,626,8,0,0,10,8192,0,0,0,0,0,129,886,678,826,8,2,0,8,8192,0,0,0,0,0,129,907,931,804,8,4,0,6,8192,0,0,0,0,0,129,899,935,575,8,6,0,4,8192,0,0,0,0,0,130,734,883,424,8,8,0,2,8192,0,0,0,0,0,130,875,807,352
3738,0,4096,5888,5632,5376,5120,4864,4608,4352,0,0,0,0,0,32768,0,434,387,4608,4352,4226,863,424,186,0,0,0,14,8192,0,0,0,0,0,129,646,76,359,8,0,0,12,8192,0,0,0,0,0,129,740,480,627,8,0,0,10,8192,0,0,0,0,0,129,880,687,837,8,2,0,8,8192,0,0,0,0,0,129,901,935,790,8,4,0,6,8192,0,0,0,0,0,129,910,935,561,8,6,0,4,8192,0,0,0,0,0,130,730,876,416,8,8,0,2,8192,0,0,0,0,0,130,899,795,345
3742,0,4096,5888,5632,5376,5120,4864,4608,4352,0,0,0,0,0,32768,0,443,386,4608,4352,36994,863,411,180,0,0,0,14,8192,0,0,0,0,0,129,656,77,369,8,0,0,12,8192,0,0,0,0,0,129,724,491,628,8,0,0,10,8192,0,0,0,0,0,129,894,697,846,8,2,0,8,8192,0,0,0,0,0,129,894,938,776,8,4,0,6,8192,0,0,0,0,0,130,890,935,547,8,6,0,4,8192,0,0,0,0,0,130,714,869,407,8,8,0,2,8192,0,0,0,0,0,130,893,783,338
3746,0,4096,5888,5632,5376,5120,4864,4608,4352,0,0,0,0,0,32768,0,453,377,4608,4352,36994,863,399,174,0,0,0,14,8192,0,0,0,0,0,129,653,78,379,8,0,0,12,8192,0,0,0,0,0,129,708,502,629,8,0,0,10,8192,0,0,0,0,0,129,878,708,855,8,2,0,8,8192,0,0,0,0,0,129,906,938,762,8,4,0,6,8192,0,0,0,0,0,130,858,934,533,8,6,0,4,8192,0,0,0,0,0,130,734,862,398,8,8,0,2,8192,0,0,0,0,0,130,907,771,331
3750,0,4096,5888,5632,5376,5120,4864,4608,4352,0,0,0,0,0,32768,0,465,375,4608,4352,4226,863,387,168,0,0,0,14,8192,0,0,0,0,0,129,650,79,389,8,0,0,12,8192,0,0,0,0,0,129,692,513,630,8,0,0,10,8192,0,0,0,0,0,129,892,718,864,8,2,0,8,8192,0,0,0,0,0,129,899,938,748,8,4,0,6,8192,0,0,0,0,0,130,830,931,520,8,6,0,4,8192,0,0,0,0,0,130,766,854,389,8,8,0,2,8192,0,0,0,0,0,130,901,759,324
3754,0,4096,5888,5632,5376,5120,4864,4608,4352,0,0,0,0,0,32768,0,480,374,4608,4352,4226,863,375,162,0,0,0,14,8192,0,0,0,0,0,129,647,80,399,8,0,0,12,8192,0,0,0,0,0,129,676,523,633,8,0,0,10,8192,0,0,0,0,0,129,886,729,873,8,2,0,8,8192,0,0,0,0,0,129,893,938,734,8,4,0,6,8192,0,0,0,0,0,130,814,926,508,8,6,0,4,8192,0,0,0,0,0,130,795,845,381,8,8,0,2,8192,0,0,0,0,0,130,895,747,316
3758,0,4096,5888,5632,5376,5120,4864,4608,4352,0,0,0,0,0,32768,0,496,374,4608,4352,36994,863,363,156,0,0,0,14,8192,0,0,0,0,0,129,657,80,410,8,0,0,12,8192,0,0,0,0,0,129,699,532,637,8,0,0,10,8192,0,0,0,0,0,129,880,740,881,8,2,0,8,8192,0,0,0,0,0,129,907,938,720,8,4,0,6,8192,0,0,0,0,0,130,798,922,497,8,6,0,4,8192,0,0,0,0,0,130,823,835,374,8,8,0,2,8192,0,0,0,0,0,130,909,735,310
3762,0,4096,5888,5632,5376,5120,4864,4608,4352,0,0,0,0,0,32768,0,517,376,4608,4352,36994,863,351,150,0,0,0,14,8192,0,0,0,0,0,129,654,79,420,8,0,0,12,8192,0,0,0,0,0,129,696,542,643,8,0,0,10,8192,0,0,0,0,0,129,894,751,889,8,2,0,8,8192,0,0,0,0,0,129,901,938,706,8,4,0,6,8192,0,0,0,0,0,130,782,918,485,8,6,0,4,8192,0,0,0,0,0,130,849,824,367,8,8,0,2,8192,0,0,0,0,0,130,893,722,303
3766,0,4096,5888,5632,5376,5120,4864,4608,4352,0,0,0,0,0,32768,0,522,385,4608,4352,4226,863,339,145,0,0,0,14,8192,0,0,0,0,0,129,651,78,430,8,0,0,12,8192,0,0,0,0,0,129,680,550,650,8,0,0,10,8192,0,0,0,0,0,129,878,763,897,8,2,0,8,8192,0,0,0,0,0,129,894,938,692,8,4,0,6,8192,0,0,0,0,0,130,766,914,473,8,6,0,4,8192,0,0,0,0,0,130,873,813,358,8,8,0,2,8192,0,0,0,0,0,130,907,710,295
3770,0,4096,5888,5632,5376,5120,4864,4608,4352,0,0,0,32768,0,34816,0,557,388,4608,4352,4226,863,326,140,0,0,0,14,8192,0,0,0,0,0,129,648,78,440,8,0,0,12,8192,0,0,0,0,0,129,703,558,658,8,0,0,10,8192,0,0,0,0,0,129,892,775,904,8,2,0,8,8192,0,0,0,0,0,129,906,938,678,8,4,0,6,8192,0,0,0,0,0,130,750,909,463,8,6,0,4,8192,0,0,0,0,0,130,897,802,351,8,8,0,2,8192,0,0,0,0,0,130,901,698,289
3774,0,4096,5888,5632,5376,5120,4864,4608,4352,0,0,0,32772,0,34816,0,578,386,4608,4352,36994,863,314,135,0,0,0,14,8192,0,0,0,0,0,129,641,79,450,8,0,0,12,8192,0,0,0,0,0,129,700,565,667,8,0,0,10,8192,0,0,0,0,0,129,886,788,909,8,2,0,8,8192,0,0,0,0,0,129,899,938,664,8,4,0,6,8192,0,0,0,0,0,130,734,903,453,8,6,0,4,8192,0,0,0,0,0,130,918,790,344,8,8,0,2,8192,0,0,0,0,0,130,895,685,283
3778,0,4096,5888,5632,5376,5120,4864,4608,4352,0,0,0,32772,0,34816,0,387,396,5888,4352,36994,863,302,128,0,0,0,14,8192,0,0,0,0,0,129,609,80,460,8,0,0,12,8192,0,0,0,0,0,129,684,572,675,8,0,0,10,8192,0,0,0,0,0,129,880,801,911,8,2,0,8,8192,0,0,0,0,0,129,893,938,650,8,4,0,6,8192,0,0,0,0,0,130,718,897,443,8,6,0,4,8192,0,0,0,0,0,130,911,777,337,8,8,0,2,8192,0,0,0,0,0,130,909,672,278
3782,0,4096,5888,5632,5376,5120,4864,4608,4352,0,0,0,32804,0,34816,0,386,398,5888,4352,36994,863,290,121,0,0,0,14,8192,0,0,0,0,0,129,593,80,469,8,0,0,12,8192,0,0,0,0,0,129,707,579,683,8,0,0,10,8192,0,0,0,0,0,129,894,815,912,8,2,0,8,8192,0,0,0,0,0,129,907,938,636,8,4,0,6,8192,0,0,0,0,0,130,714,889,435,8,6,0,4,8192,0,0,0,0,0,130,922,765,329,8,8,0,2,8192,0,0,0,0,0,130,893,659,273
3786,0,4096,5888,5632,5376,5120,4864,4608,4352,0,0,0,32804,0,34816,0,386,406,5888,4352,36994,863,279,113,0,0,0,14,8192,0,0,0,0,0,129,577,80,478,8,0,0,12,8192,0,0,0,0,0,129,704,587,691,8,0,0,10,8192,0,0,0,0,0,129,878,829,911,8,2,0,8,8192,0,0,0,0,0,129,901,938,622,8,4,0,6,8192,0,0,0,0,0,130,711,883,426,8,6,0,4,8192,0,0,0,0,0,130,915,753,322,8,8,0,2,8192,0,0,0,0,0,130,907,646,267
3790,0,4096,5888,5632,5376,5120,4864,4608,4352,0,0,0,36,0,32768,0,386,419,5888,4352,36994,863,268,106,0,0,0,14,8192,0,0,0,0,0,129,561,80,487,8,0,0,12,8192,0,0,0,0,0,129,688,595,699,8,0,0,10,8192,0,0,0,0,0,129,892,842,908,8,2,0,8,8192,0,0,0,0,0,129,894,938,608,8,4,0,6,8192,0,0,0,0,0,130,731,875,417,8,6,0,4,8192,0,0,0,0,0,130,908,741,314,8,8,0,2,8192,0,0,0,0,0,130,901,634,262
3794,0,4096,5888,5632,5376,5120,4864,4608,4352,0,0,0,36,0,32768,0,687,425,4608,4352,36994,863,257,98,0,0,0,14,8192,0,0,0,0,0,129,545,80,496,8,0,0,12,8192,0,0,0,0,0,129,711,602,707,8,0,0,10,8192,0,0,0,0,0,129,886,855,902,8,2,0,8,8192,0,0,0,0,0,129,906,938,594,8,4,0,6,8192,0,0,0,0,0,130,715,869,408,8,6,0,4,8192,0,0,0,0,0,130,919,728,307,8,8,0,2,8192,0,0,0,0,0,130,895,621,256
3798,0,4096,5888,5632,5376,5120,4864,4608,4352,0,0,0,36,0,32768,0,385,435,5888,4352,36994,863,245,91,0,0,0,14,8192,0,0,0,0,0,129,529,80,504,8,0,0,12,8192,0,0,0,0,0,129,744,609,716,8,0,0,10,8192,0,0,0,0,0,129,880,867,895,8,2,0,8,8192,0,0,0,0,0,129,899,938,580,8,4,0,6,8192,0,0,0,0,0,130,712,862,399,8,6,0,4,8192,0,0,0,0,0,130,912,716,299,8,8,0,2,8192,0,0,0,0,0,130,909,609,250
3802,0,4096,5888,5632,5376,5120,4864,4608,4352,0,0,0,36,0,32768,0,735,444,4608,4352,36994,863,232,88,0,0,0,14,8192,0,0,0,0,0,129,513,80,513,8,0,0,12,8192,0,0,0,0,0,129,776,616,726,8,0,0,10,8192,0,0,0,0,0,129,894,878,887,8,2,0,8,8192,0,0,0,0,0,129,893,938,566,8,4,0,6,8192,0,0,0,0,0,130,744,855,391,8,6,0,4,8192,0,0,0,0,0,130,905,704,293,8,8,0,2,8192,0,0,0,0,0,130,893,597,244
3806,0,4096,5888,5632,5376,5120,4864,4608,4352,0,0,0,36,0,32768,0,755,455,4608,4352,36994,863,219,86,0,0,0,14,8192,0,0,0,0,0,129,497,80,521,8,0,0,12,8192,0,0,0,0,0,129,805,622,737,8,0,0,10,8192,0,0,0,0,0,129,878,889,878,8,2,0,8,8192,0,0,0,0,0,130,879,938,552,8,4,0,6,8192,0,0,0,0,0,130,775,845,384,8,6,0,4,8192,0,0,0,0,0,130,916,691,287,8,8,0,2,8192,0,0,0,0,0,130,907,584,237
3810,0,4096,5888,5632,5376,5120,4864,4608,4352,0,0,0,36,0,32768,0,776,454,4608,4352,36994,863,206,85,0,0,0,14,8192,0,0,0,0,0,129,497,80,528,8,0,0,12,8192,0,0,0,0,0,129,833,628,748,8,0,0,10,8192,0,0,0,0,0,129,892,899,869,8,2,0,8,8192,0,0,0,0,0,130,847,936,538,8,4,0,6,8192,0,0,0,0,0,130,803,836,376,8,6,0,4,8192,0,0,0,0,0,130,909,678,280,8,8,0,2,8192,0,0,0,0,0,130,901,571,232
3814,0,4096,5888,5632,5376,5120,4864,4608,4352,0,0,0,36,0,32768,0,797,462,4608,4352,36994,863,192,87,0,0,0,14,8192,0,0,0,0,0,129,497,80,536,8,0,0,12,8192,0,0,0,0,0,129,858,636,758,8,0,0,10,8192,0,0,0,0,0,129,886,908,858,8,2,0,8,8192,0,0,0,0,0,130,823,932,526,8,4,0,6,8192,0,0,0,0,0,130,831,826,368,8,6,0,4,8192,0,0,0,0,0,130,920,665,274,8,8,0,2,8192,0,0,0,0,0,130,895,559,225
3818,0,4096,5888,5632,5376,5120,4864,4608,4352,0,0,0,36,0,32768,0,1050,812,4864,4608,36994,863,179,89,0,0,0,14,8192,0,0,0,0,0,129,497,80,544,8,0,0,12,8192,0,0,0,0,0,129,882,643,770,8,0,0,10,8192,0,0,0,0,0,129,880,914,846,8,2,0,8,8192,0,0,0,0,0,130,807,928,514,8,4,0,6,8192,0,0,0,0,0,130,858,815,360,8,6,0,4,8192,0,0,0,0,0,130,913,652,268,8,8,0,2,8192,0,0,0,0,0,130,909,546,219
3822,0,4096,5888,5632,5376,5120,4864,4608,4352,0,0,0,36,0,32768,0,376,1054,5888,4864,36994,863,166,94,0,0,0,14,8192,0,0,0,0,0,129,497,80,551,8,0,0,12,8192,0,0,0,0,0,129,876,650,782,8,0,0,10,8192,0,0,0,0,0,129,894,919,833,8,2,0,8,8192,0,0,0,0,0,130,791,923,502,8,4,0,6,8192,0,0,0,0,0,130,882,804,352,8,6,0,4,8192,0,0,0,0,0,130,906,639,263,8,8,0,2,8192,0,0,0,0,0,130,893,534,213
3826,0,4096,5888,5632,5376,5120,4864,4608,4352,0,0,0,0,0,32768,0,374,1054,5888,4864,36994,863,154,100,0,0,0,14,8192,0,0,0,0,0,129,497,80,559,8,0,0,12,8192,0,0,0,0,0,129,890,657,794,8,0,0,10,8192,0,0,0,0,0,129,878,924,820,8,2,0,8,8192,0,0,0,0,0,130,775,920,490,8,4,0,6,8192,0,0,0,0,0,130,905,793,345,8,6,0,4,8192,0,0,0,0,0,130,917,626,257,8,8,0,2,8192,0,0,0,0,0,130,907,522,208
3830,0,4096,5888,5632,5376,5120,4864,4608,4352,0,0,0,32768,0,34816,0,856,1052,5120,4864,4226,863,143,107,0,0,0,14,8192,0,0,0,0,0,129,497,80,567,8,0,0,12,8192,0,0,0,0,0,129,884,665,805,8,0,0,10,8192,0,0,0,0,0,129,892,929,807,8,2,0,8,8192,0,0,0,0,0,130,759,917,479,8,4,0,6,8192,0,0,0,0,0,130,899,780,338,8,6,0,4,8192,0,0,0,0,0,130,910,613,251,8,8,0,2,8192,0,0,0,0,0,130,901,510,201
3834,0,4096,5888,5632,5376,5120,4864,4608,4352,0,0,0,32768,0,34816,0,853,1050,5120,4864,4226,863,134,118,0,0,0,14,8192,0,0,0,0,0,129,497,80,574,8,0,0,12,8192,0,0,0,0,0,129,868,673,817,8,0,0,10,8192,0,0,0,0,0,129,886,934,794,8,2,0,8,8192,0,0,0,0,0,130,743,913,469,8,4,0,6,8192,0,0,0,0,0,130,910,769,330,8,6,0,4,8192,0,0,0,0,0,130,921,600,244,8,8,0,2,8192,0,0,0,0,0,130,895,498,194
3838,0,4096,5888,5632,5376,5120,4864,4608,4352,0,0,0,32768,0,34816,0,659,849,5376,5120,36994,863,128,130,0,0,0,14,8192,0,0,0,0,0,129,497,80,582,8,0,0,12,8192,0,0,0,0,0,129,882,680,828,8,0,0,10,8192,0,0,0,0,0,129,880,937,781,8,2,0,8,8192,0,0,0,0,0,130,727,908,458,8,4,0,6,8192,0,0,0,0,0,130,903,756,323,8,6,0,4,8192,0,0,0,0,0,130,914,588,238,8,8,0,2,8192,0,0,0,0,0,130,909,485,188
3842,0,4096,5888,5632,5376,5120,4864,4608,4352,0,0,0,32768,0,34816,0,633,831,5376,5120,36994,863,124,143,0,0,0,14,8192,0,0,0,0,0,129,497,80,590,8,0,0,12,8192,0,0,0,0,0,129,876,690,838,8,0,0,10,8192,0,0,0,0,0,129,894,939,767,8,2,0,8,8192,0,0,0,0,0,130,711,902,449,8,4,0,6,8192,0,0,0,0,0,130,914,744,315,8,6,0,4,8192,0,0,0,0,0,130,907,575,231,8,8,0,2,8192,0,0,0,0,0,130,893,472,183
3846,0,4096,5888,5632,5376,5120,4864,4608,4352,0,0,0,0,0,32768,0,633,830,5376,5120,4226,863,120,155,0,0,0,14,8192,0,0,0,0,0,129,481,80,597,8,0,0,12,8192,0,0,0,0,0,129,890,700,847,8,0,0,10,8192,0,0,0,0,0,129,878,939,753,8,2,0,8,8192,0,0,0,0,0,130,707,895,440,8,4,0,6,8192,0,0,0,0,0,130,907,732,309,8,6,0,4,8192,0,0,0,0,0,130,918,562,225,8,8,0,2,8192,0,0,0,0,0,130,903,459,176
3850,0,4096,5888,5632,5376,5120,4864,4608,4352,0,0,0,4,0,32768,0,607,810,5376,5120,4226,863,117,168,0,0,0,14,8192,0,0,0,0,0,129,465,81,605,8,0,0,12,8192,0,0,0,0,0,129,884,711,856,8,0,0,10,8192,0,0,0,0,0,129,892,939,740,8,2,0,8,8192,0,0,0,0,0,130,704,887,432,8,4,0,6,8192,0,0,0,0,0,130,901,720,302,8,6,0,4,8192,0,0,0,0,0,130,911,549,219,8,8,0,2,8192,0,0,0,0,0,130,871,447,171
3854,0,4096,5888,5632,5376,5120,4864,4608,4352,0,0,0,4,0,32768,0,607,798,5376,5120,4226,863,113,181,0,0,0,14,8192,0,0,0,0,0,129,449,83,612,8,0,0,12,8192,0,0,0,0,0,129,868,722,864,8,0,0,10,8192,0,0,0,0,0,129,886,939,726,8,2,0,8,8192,0,0,0,0,0,130,701,881,423,8,4,0,6,8192,0,0,0,0,0,130,912,708,294,8,6,0,4,8192,0,0,0,0,0,130,922,536,213,8,8,0,2,8192,0,0,0,0,0,130,839,434,166
3858,0,4096,5888,5632,5376,5120,4864,4608,4352,0,0,0,0,0,32768,0,415,585,5632,5376,4226,863,110,195,0,0,0,14,8192,0,0,0,0,0,129,433,86,618,8,0,0,12,8192,0,0,0,0,0,129,882,732,873,8,0,0,10,8192,0,0,0,0,0,129,880,939,712,8,2,0,8,8192,0,0,0,0,0,130,722,874,414,8,4,0,6,8192,0,0,0,0,0,130,905,696,288,8,6,0,4,8192,0,0,0,0,0,130,915,524,206,8,8,0,2,8192,0,0,0,0,0,130,811,422,161
3862,0,4096,5888,5632,5376,5120,4864,4608,4352,0,0,0,0,0,32768,0,405,586,5632,5376,36994,863,108,208,0,0,0,14,8192,0,0,0,0,0,129,435,89,624,8,0,0,12,8192,0,0,0,0,0,129,876,743,881,8,0,0,10,8192,0,0,0,0,0,129,894,939,698,8,2,0,8,8192,0,0,0,0,0,130,718,867,405,8,4,0,6,8192,0,0,0,0,0,130,899,683,281,8,6,0,4,8192,0,0,0,0,0,130,908,512,200,8,8,0,2,8192,0,0,0,0,0,130,795,410,156
3866,0,4096,5888,5632,5376,5120,4864,4608,4352,0,0,0,0,0,32768,0,395,572,5632,5376,36994,863,107,221,0,0,0,14,8192,0,0,0,0,0,129,437,92,630,8,0,0,12,8192,0,0,0,0,0,129,890,754,889,8,0,0,10,8192,0,0,0,0,0,129,878,939,684,8,2,0,8,8192,0,0,0,0,0,130,702,860,396,8,4,0,6,8192,0,0,0,0,0,130,910,670,275,8,6,0,4,8192,0,0,0,0,0,130,919,500,194,8,8,0,2,8192,0,0,0,0,0,130,779,399,152
3870,0,4096,5888,5632,5376,5120,4864,4608,4352,0,0,0,0,0,32768,0,385,544,5632,5376,4226,863,108,235,0,0,0,14,8192,0,0,0,0,0,129,421,96,635,8,0,0,12,8192,0,0,0,0,0,129,884,766,897,8,0,0,10,8192,0,0,0,0,0,129,892,939,670,8,2,0,8,8192,0,0,0,0,0,130,723,853,388,8,4,0,6,8192,0,0,0,0,0,130,903,658,269,8,6,0,4,8192,0,0,0,0,0,130,912,488,188,8,8,0,2,8192,0,0,0,0,0,130,763,388,148
3874,0,4096,5888,5632,5376,5120,4864,4608,4352,0,0,0,0,0,32768,0,374,543,5632,5376,4226,863,108,248,0,0,0,14,8192,0,0,0,0,0,129,423,99,641,8,0,0,12,8192,0,0,0,0,0,129,868,778,902,8,0,0,10,8192,0,0,0,0,0,129,886,939,657,8,2,0,8,8192,0,0,0,0,0,130,755,845,381,8,4,0,6,8192,0,0,0,0,0,130,914,645,263,8,6,0,4,8192,0,0,0,0,0,130,905,476,183,8,8,0,2,8192,0,0,0,0,0,130,747,377,144
3878,0,4096,5888,5632,5376,5120,4864,4608,4352,0,0,0,0,0,32768,0,366,514,5632,5376,36994,863,109,262,0,0,0,14,8192,0,0,0,0,0,129,425,102,647,8,0,0,12,8192,0,0,0,0,0,129,882,791,906,8,0,0,10,8192,0,0,0,0,0,129,880,939,643,8,2,0,8,8192,0,0,0,0,0,130,785,835,374,8,4,0,6,8192,0,0,0,0,0,130,907,632,257,8,6,0,4,8192,0,0,0,0,0,130,916,464,177,8,8,0,2,8192,0,0,0,0,0,130,731,366,139
3882,0,4096,5888,5632,5376,5120,4864,4608,4352,0,0,0,0,0,32768,0,352,516,5632,5376,36994,863,109,275,0,0,0,14,8192,0,0,0,0,0,129,427,105,653,8,0,0,12,8192,0,0,0,0,0,129,876,805,908,8,0,0,10,8192,0,0,0,0,0,129,894,939,629,8,2,0,8,8192,0,0,0,0,0,130,813,824,367,8,4,0,6,8192,0,0,0,0,0,130,901,619,251,8,6,0,4,8192,0,0,0,0,0,130,897,452,171,8,8,0,2,8192,0,0,0,0,0,130,715,355,135
3886,0,4096,5888,5632,5376,5120,4864,4608,4352,0,0,0,0,0,32768,0,496,702,5376,5120,4226,863,110,289,0,0,0,14,8192,0,0,0,0,0,129,429,108,659,8,0,0,12,8192,0,0,0,0,0,129,890,819,907,8,0,0,10,8192,0,0,0,0,0,129,878,939,615,8,2,0,8,8192,0,0,0,0,0,130,841,814,359,8,4,0,6,8192,0,0,0,0,0,130,912,607,245,8,6,0,4,8192,0,0,0,0,0,130,865,440,166,8,8,0,2,8192,0,0,0,0,0,130,712,345,131
3890,0,4096,5888,5632,5376,5120,4864,4608,4352,0,0,0,0,0,32768,0,490,701,5376,5120,4226,863,111,302,0,0,0,14,8192,0,0,0,0,0,129,431,112,665,8,0,0,12,8192,0,0,0,0,0,129,884,832,905,8,0,0,10,8192,0,0,0,0,0,129,892,939,601,8,2,0,8,8192,0,0,0,0,0,130,866,803,352,8,4,0,6,8192,0,0,0,0,0,130,905,595,239,8,6,0,4,8192,0,0,0,0,0,130,833,427,161,8,8,0,2,8192,0,0,0,0,0,130,709,335,127
3894,0,4096,5888,5632,5376,5120,4864,4608,4352,0,0,0,0,0,32768,0,480,687,5376,5120,36994,863,111,316,0,0,0,14,8192,0,0,0,0,0,129,433,116,670,8,0,0,12,8192,0,0,0,0,0,129,868,846,901,8,0,0,10,8192,0,0,0,0,0,129,886,939,587,8,2,0,8,8192,0,0,0,0,0,130,890,791,345,8,4,0,6,8192,0,0,0,0,0,130,899,583,233,8,6,0,4,8192,0,0,0,0,0,130,813,415,156,8,8,0,2,8192,0,0,0,0,0,130,706,325,123
3898,0,4096,5888,5632,5376,5120,4864,4608,4352,0,0,0,0,0,32768,0,470,661,5376,5120,36994,863,112,329,0,0,0,14,8192,0,0,0,0,0,129,435,119,676,8,0,0,12,8192,0,0,0,0,0,129,882,858,895,8,0,0,10,8192,0,0,0,0,0,129,880,939,574,8,2,0,8,8192,0,0,0,0,0,130,893,779,338,8,4,0,6,8192,0,0,0,0,0,130,910,571,227,16,6,0,4,8192,0,0,0,0,0,130,797,403,152,8,8,0,2,8192,0,0,0,0,0,130,703,314,121
3902,0,4096,5888,5632,5376,5120,4864,4608,4352,0,0,0,0,0,32768,0,463,660,5376,5120,4226,863,111,343,0,0,0,14,8192,0,0,0,0,0,129,437,123,681,8,0,0,12,8192,0,0,0,0,0,129,876,869,888,8,0,0,10,8192,0,0,0,0,0,129,894,939,560,8,2,0,8,8192,0,0,0,0,0,130,907,767,331,8,4,0,6,8192,0,0,0,0,0,130,903,559,221,16,6,0,4,8192,0,0,0,0,0,130,745,392,148,8,8,0,2,8192,0,0,0,0,0,130,726,303,118
3906,0,4096,5888,5632,5376,5120,4864,4608,4352,0,0,0,0,0,32768,0,634,853,5120,4864,4226,863,110,356,0,0,0,14,8192,0,0,0,0,0,129,421,128,686,8,0,0,12,8192,0,0,0,0,0,129,890,881,881,8,0,0,10,8192,0,0,0,0,0,130,874,939,546,8,2,0,8,8192,0,0,0,0,0,130,901,755,324,16,4,0,6,8192,0,0,0,0,0,130,902,547,215,16,6,0,4,8192,0,0,0,0,0,130,705,381,144,8,8,0,2,8192,0,0,0,0,0,130,710,292,116
3910,0,4096,5888,5632,5376,5120,4864,4608,4352,0,0,0,0,0,32768,0,638,837,5120,4864,36994,863,109,370,0,0,0,14,8192,0,0,0,0,0,129,423,133,691,8,0,0,12,8192,0,0,0,0,0,129,884,892,872,8,0,0,10,8192,0,0,0,0,0,130,842,937,533,8,2,0,8,8192,0,0,0,0,0,130,894,744,317,16,4,0,6,8192,0,0,0,0,0,130,838,534,209,16,6,0,4,8192,0,0,0,0,0,130,673,371,141,8,8,0,2,8192,0,0,0,0,0,130,707,281,114
3914,0,4096,5888,5632,5376,5120,4864,4608,4352,0,0,0,0,0,32768,0,631,831,5120,4864,36994,863,108,383,0,0,0,14,8192,0,0,0,0,0,129,425,139,694,8,0,0,12,8192,0,0,0,0,0,129,868,901,862,8,0,0,10,8192,0,0,0,0,0,130,810,934,520,16,2,0,8,8192,0,0,0,0,0,130,864,734,308,16,4,0,6,8192,0,0,0,0,0,130,806,523,204,16,6,0,4,8192,0,0,0,0,0,130,641,361,138,8,8,0,2,8192,0,0,0,0,0,130,704,270,111
3918,0,4096,5888,5632,5376,5120,4864,4608,4352,0,0,0,0,0,32768,0,611,833,5120,4864,4226,863,107,397,0,0,0,14,8192,0,0,0,0,0,129,427,145,697,8,0,0,12,8192,0,0,0,0,0,129,882,909,851,16,0,0,10,8192,0,0,0,0,0,130,794,930,508,16,2,0,8,8192,0,0,0,0,0,130,824,724,301,16,4,0,6,8192,0,0,0,0,0,130,774,511,199,16,6,0,4,8192,0,0,0,0,0,130,609,352,134,8,8,0,2,8192,0,0,0,0,0,130,724,259,109
3922,0,4096,5888,5632,5376,5120,4864,4608,4352,0,0,0,0,0,32768,0,605,816,5120,4864,4226,863,106,410,0,0,0,14,8192,0,0,0,0,0,129,429,151,699,8,0,0,12,8192,0,0,0,0,0,129,876,915,838,16,0,0,10,8192,0,0,0,0,0,130,766,924,497,16,2,0,8,8192,0,0,0,0,0,130,792,715,294,16,4,0,6,8192,0,0,0,0,0,130,742,501,194,8,6,0,4,8192,0,0,0,0,0,130,589,343,131,8,8,0,2,8192,0,0,0,0,0,130,708,248,108
3926,0,4096,5888,5632,5376,5120,4864,4608,4352,0,0,0,0,0,32768,0,601,809,5120,4864,36994,863,105,423,0,0,0,14,8192,0,0,0,0,0,129,431,157,701,16,0,0,12,8192,0,0,0,0,0,129,890,921,826,16,0,0,10,8192,0,0,0,0,0,130,710,920,487,16,2,0,8,8192,0,0,0,0,0,130,760,705,288,16,4,0,6,8192,0,0,0,0,0,130,710,490,188,8,6,0,4,8192,0,0,0,0,0,130,615,335,127,8,8,0,2,8192,0,0,0,0,0,130,705,237,107
3930,0,4096,5888,5632,5376,5120,4864,4608,4352,0,0,0,0,0,32768,0,813,272,4864,4352,36994,863,104,437,0,0,0,14,8192,0,0,0,0,0,129,451,164,701,16,0,0,12,8192,0,0,0,0,0,129,848,926,813,16,0,0,10,8192,0,0,0,0,0,130,678,917,477,16,2,0,8,8192,0,0,0,0,0,130,728,695,283,8,4,0,6,8192,0,0,0,0,0,130,707,480,184,8,6,0,4,8192,0,0,0,0,0,130,655,325,123,8,8,0,2,8192,0,0,0,0,0,130,702,227,105
3934,0,4096,5888,5632,5376,5120,4864,4608,4352,0,0,0,0,0,32768,0,810,261,4864,4352,4226,863,103,450,0,0,0,14,8192,0,0,0,0,0,129,499,171,701,16,0,0,12,8192,0,0,0,0,0,129,808,931,801,16,0,0,10,8192,0,0,0,0,0,130,646,913,467,16,2,0,8,8192,0,0,0,0,0,130,708,684,279,8,4,0,6,8192,0,0,0,0,0,130,739,470,180,8,6,0,4,8192,0,0,0,0,0,130,692,315,121,8,8,0,2,8192,0,0,0,0,0,130,721,216,103
3938,0,4096,5888,5632,5376,5120,4864,4608,4352,0,0,0,0,0,32768,0,796,256,4864,4352,4226,863,102,464,0,0,0,14,8192,0,0,0,0,0,129,499,179,700,16,0,0,12,8192,0,0,0,0,0,129,776,934,789,16,0,0,10,8192,0,0,0,0,0,130,614,910,458,8,2,0,8,8192,0,0,0,0,0,130,718,674,275,8,4,0,6,8192,0,0,0,0,0,130,759,459,175,8,6,0,4,8192,0,0,0,0,0,130,726,304,119,8,8,0,2,8192,0,0,0,0,0,130,689,205,102
3942,0,4096,5888,5632,5376,5120,4864,4608,4352,0,0,0,0,0,32768,0,794,245,4864,4352,36994,863,101,477,0,0,0,14,8192,0,0,0,0,0,129,499,187,699,16,0,0,12,8192,0,0,0,0,0,129,744,937,778,8,0,0,10,8192,0,0,0,0,0,130,586,906,450,8,2,0,8,8192,0,0,0,0,0,130,751,664,270,8,4,0,6,8192,0,0,0,0,0,130,743,448,170,8,6,0,4,8192,0,0,0,0,0,130,722,293,117,8,8,0,2,8192,0,0,0,0,0,130,657,194,103
3946,0,4096,5888,5632,5376,5120,4864,4608,4352,0,0,0,4,0,32768,0,793,235,4864,4352,36994,863,100,491,0,0,0,14,8192,0,0,0,0,0,129,499,194,698,16,0,0,12,8192,0,0,0,0,0,129,712,938,766,8,0,0,10,8192,0,0,0,0,0,130,585,901,443,8,2,0,8,8192,0,0,0,0,0,130,783,653,265,8,4,0,6,8192,0,0,0,0,0,130,727,437,167,8,6,0,4,8192,0,0,0,0,0,130,718,282,114,8,8,0,2,8192,0,0,0,0,0,130,629,184,105
3950,0,4096,5888,5632,5376,5120,4864,4608,4352,0,0,0,4,0,32768,0,790,223,4864,4352,36994,863,99,504,0,0,0,14,8192,0,0,0,0,0,129,545,202,696,8,0,0,12,8192,0,0,0,0,0,129,692,938,755,8,0,0,10,8192,0,0,0,0,0,130,625,896,436,8,2,0,8,8192,0,0,0,0,0,130,812,642,260,8,4,0,6,8192,0,0,0,0,0,130,711,427,162,8,6,0,4,8192,0,0,0,0,0,130,714,271,112,8,8,0,2,8192,0,0,0,0,0,130,613,175,109
3954,0,4096,5888,5632,5376,5120,4864,4608,4352,0,0,0,0,0,32768,0,796,213,4864,4352,36994,863,99,518,0,0,0,14,8192,0,0,0,0,0,129,588,210,693,8,0,0,12,8192,0,0,0,0,0,129,715,938,744,8,0,0,10,8192,0,0,0,0,0,130,664,891,429,8,2,0,8,8192,0,0,0,0,0,130,840,630,255,8,4,0,6,8192,0,0,0,0,0,130,731,417,158,16,6,0,4,8192,0,0,0,0,0,130,734,260,110,8,8,0,2,8192,0,0,0,0,0,130,597,166,113
3958,0,4096,5888,5632,5376,5120,4864,4608,4352,0,0,0,0,0,32768,0,793,203,4864,4352,4226,863,100,531,0,0,0,14,8192,0,0,0,0,0,129,586,219,690,8,0,0,12,8192,0,0,0,0,0,129,748,938,733,8,0,0,10,8192,0,0,0,0,0,130,687,885,420,8,2,0,8,8192,0,0,0,0,0,130,865,618,249,8,4,0,6,8192,0,0,0,0,0,130,715,406,155,16,6,0,4,8192,0,0,0,0,0,130,718,249,108,8,8,0,2,8192,0,0,0,0,0,130,581,158,116
3962,0,4096,5888,5632,5376,5120,4864,4608,4352,0,0,0,0,0,32768,0,584,778,5120,4864,4226,863,102,544,0,0,0,14,8192,0,0,0,0,0,129,584,227,686,8,0,0,12,8192,0,0,0,0,0,129,780,938,721,8,0,0,10,8192,0,0,0,0,0,130,710,878,412,8,2,0,8,8192,0,0,0,0,0,130,889,606,243,16,4,0,6,8192,0,0,0,0,0,130,695,395,151,16,6,0,4,8192,0,0,0,0,0,130,686,238,107,8,8,0,2,8192,0,0,0,0,0,130,621,149,120
3966,0,4096,5888,5632,5376,5120,4864,4608,4352,0,0,0,0,0,32768,0,583,773,5120,4864,36994,863,106,557,0,0,0,14,8192,0,0,0,0,0,129,582,236,683,8,0,0,12,8192,0,0,0,0,0,129,809,938,709,8,0,0,10,8192,0,0,0,0,0,130,694,871,404,8,2,0,8,8192,0,0,0,0,0,130,893,595,237,16,4,0,6,8192,0,0,0,0,0,130,663,385,147,16,6,0,4,8192,0,0,0,0,0,130,654,228,105,8,8,0,2,8192,0,0,0,0,0,130,660,141,125
3970,0,4096,5888,5632,5376,5120,4864,4608,4352,0,0,0,32772,0,34816,0,581,777,5120,4864,36994,863,109,571,0,0,0,14,8192,0,0,0,0,0,129,594,245,680,8,0,0,12,8192,0,0,0,0,0,129,837,938,696,8,0,0,10,8192,0,0,0,0,0,130,691,864,395,16,2,0,8,8192,0,0,0,0,0,130,863,583,230,16,4,0,6,8192,0,0,0,0,0,130,631,376,143,16,6,0,4,8192,0,0,0,0,0,130,606,218,104,8,8,0,2,8192,0,0,0,0,0,130,696,132,131
3974,0,4096,5888,5632,5376,5120,4864,4608,4352,0,0,0,32804,0,34816,0,580,771,5120,4864,36994,863,112,584,0,0,0,14,8192,0,0,0,0,0,129,592,253,677,8,0,0,12,8192,0,0,0,0,0,129,862,938,683,16,0,0,10,8192,0,0,0,0,0,130,726,856,387,16,2,0,8,8192,0,0,0,0,0,130,823,572,224,16,4,0,6,8192,0,0,0,0,0,130,603,367,140,16,6,0,4,8192,0,0,0,0,0,130,542,209,103,8,8,0,2,8192,0,0,0,0,0,130,719,125,139
3978,0,4096,5888,5632,5376,5120,4864,4608,4352,0,0,0,32804,0,34816,0,582,756,5120,4864,36994,863,114,597,0,0,0,14,8192,0,0,0,0,0,129,590,262,673,8,0,0,12,8192,0,0,0,0,0,129,886,938,669,16,0,0,10,8192,0,0,0,0,0,130,742,847,380,16,2,0,8,8192,0,0,0,0,0,130,791,561,219,16,4,0,6,8192,0,0,0,0,0,130,587,358,137,16,6,0,4,8192,0,0,0,0,0,130,502,200,103,8,8,0,2,8192,0,0,0,0,0,130,715,117,148
3982,0,4096,5888,5632,5376,5120,4864,4608,4352,0,0,0,32804,0,34816,0,584,750,5120,4864,36994,863,115,611,0,0,0,14,8192,0,0,0,0,0,129,588,270,669,16,0,0,12,8192,0,0,0,0,0,129,880,938,655,16,0,0,10,8192,0,0,0,0,0,130,710,838,374,16,2,0,8,8192,0,0,0,0,0,130,759,551,214,16,4,0,6,8192,0,0,0,0,0,130,571,349,134,16,6,0,4,8192,0,0,0,0,0,130,470,193,105,8,8,0,2,8192,0,0,0,0,0,130,747,112,157
3986,0,4096,5888,5632,5376,5120,4864,4608,4352,0,0,0,36,0,32768,0,574,163,5120,4352,36994,863,117,624,0,0,0,14,8192,0,0,0,0,0,129,586,279,666,16,0,0,12,8192,0,0,0,0,0,129,828,938,642,16,0,0,10,8192,0,0,0,0,0,130,682,828,368,16,2,0,8,8192,0,0,0,0,0,130,727,541,208,16,4,0,6,8192,0,0,0,0,0,130,555,341,131,8,6,0,4,8192,0,0,0,0,0,130,438,186,106,8,8,0,2,8192,0,0,0,0,0,130,778,107,168
3990,0,4096,5888,5632,5376,5120,4864,4608,4352,0,0,0,36,0,32768,0,578,166,5120,4352,36994,863,119,637,0,0,0,14,8192,0,0,0,0,0,129,584,287,663,16,0,0,12,8192,0,0,0,0,0,129,788,938,629,16,0,0,10,8192,0,0,0,0,0,130,666,820,361,16,2,0,8,8192,0,0,0,0,0,130,695,532,203,16,4,0,6,8192,0,0,0,0,0,130,539,333,127,8,6,0,4,8192,0,0,0,0,0,130,472,179,109,8,8,0,2,8192,0,0,0,0,0,130,806,103,180
3994,0,4096,5888,5632,5376,5120,4864,4608,4352,0,0,0,36,0,32768,0,584,170,5120,4352,36994,863,122,651,0,0,0,14,8192,0,0,0,0,0,129,582,296,660,16,0,0,12,8192,0,0,0,0,0,129,756,938,617,16,0,0,10,8192,0,0,0,0,0,130,650,812,355,16,2,0,8,8192,0,0,0,0,0,130,675,522,199,8,4,0,6,8192,0,0,0,0,0,130,538,326,124,8,6,0,4,8192,0,0,0,0,0,130,522,172,112,8,8,0,2,8192,0,0,0,0,0,130,834,98,192
3998,0,4096,5888,5632,5376,5120,4864,4608,4352,0,0,0,36,0,32768,0,551,603,5376,5120,36994,863,125,663,0,0,0,14,8192,0,0,0,0,0,129,594,305,658,16,0,0,12,8192,0,0,0,0,0,129,724,938,605,16,0,0,10,8192,0,0,0,0,0,130,634,803,350,16,2,0,8,8192,0,0,0,0,0,130,659,512,195,8,4,0,6,8192,0,0,0,0,0,130,582,317,122,8,6,0,4,8192,0,0,0,0,0,130,522,165,115,8,8,0,2,8192,0,0,0,0,0,130,858,93,204
4002,0,4096,5888,5632,5376,5120,4864,4608,4352,0,0,0,36,0,32768,0,577,608,5376,5120,36994,863,131,676,0,0,0,14,8192,0,0,0,0,0,129,592,314,655,16,0,0,12,8192,0,0,0,0,0,129,692,938,594,16,0,0,10,8192,0,0,0,0,0,130,618,795,345,8,2,0,8,8192,0,0,0,0,0,130,669,503,190,8,4,0,6,8192,0,0,0,0,0,130,622,308,119,8,6,0,4,8192,0,0,0,0,0,130,521,157,117,8,8,0,2,8192,0,0,0,0,0,130,882,91,217
4006,0,4096,5888,5632,5376,5120,4864,4608,4352,0,0,0,36,0,32768,0,585,186,5376,4352,36994,863,138,687,0,0,0,14,8192,0,0,0,0,0,129,590,322,652,16,0,0,12,8192,0,0,0,0,0,129,672,938,584,8,0,0,10,8192,0,0,0,0,0,130,602,786,341,8,2,0,8,8192,0,0,0,0,0,130,705,493,186,8,4,0,6,8192,0,0,0,0,0,130,661,299,117,8,6,0,4,8192,0,0,0,0,0,130,550,149,118,8,8,0,2,8192,0,0,0,0,0,130,896,90,231
4010,0,4096,5888,5632,5376,5120,4864,4608,4352,0,0,0,36,0,32768,0,555,580,5632,5376,36994,863,147,697,0,0,0,14,8192,0,0,0,0,0,129,588,331,649,16,0,0,12,8192,0,0,0,0,0,129,656,938,573,8,0,0,10,8192,0,0,0,0,0,130,600,778,336,8,2,0,8,8192,0,0,0,0,0,130,738,483,182,8,4,0,6,8192,0,0,0,0,0,130,697,288,115,8,6,0,4,8192,0,0,0,0,0,130,594,140,121,8,8,0,2,8192,0,0,0,0,0,130,907,88,245
4014,0,4096,5888,5632,5376,5120,4864,4608,4352,0,0,0,36,0,32768,0,576,601,5632,5376,36994,863,157,706,0,0,0,14,8192,0,0,0,0,0,129,586,340,647,8,0,0,12,8192,0,0,0,0,0,129,640,938,563,8,0,0,10,8192,0,0,0,0,0,130,640,770,331,8,2,0,8,8192,0,0,0,0,0,130,770,472,177,8,4,0,6,8192,0,0,0,0,0,130,720,277,113,8,6,0,4,8192,0,0,0,0,0,130,635,132,126,8,8,0,2,8192,0,0,0,0,0,130,901,87,259
4018,0,4096,5888,5632,5376,5120,4864,4608,4352,0,0,0,0,0,32768,0,445,580,5888,5632,36994,863,169,712,0,0,0,14,8192,0,0,0,0,0,129,584,349,644,8,0,0,12,8192,0,0,0,0,0,130,666,938,553,8,0,0,10,8192,0,0,0,0,0,130,676,761,326,8,2,0,8,8192,0,0,0,0,0,130,799,461,172,8,4,0,6,8192,0,0,0,0,0,130,716,267,111,8,6,0,4,8192,0,0,0,0,0,130,672,124,132,8,8,0,2,8192,0,0,0,0,0,130,895,85,273
4022,0,4096,5888,5632,5376,5120,4864,4608,4352,0,0,0,32768,0,34816,0,65535,438,0,5888,4226,863,182,715,16,0,0,14,8192,0,0,0,0,0,129,582,357,641,8,0,0,12,8192,0,0,0,0,0,130,703,937,542,8,0,0,10,8192,0,0,0,0,0,130,712,752,320,8,2,0,8,8192,0,0,0,0,0,130,794,449,167,8,4,0,6,8192,0,0,0,0,0,130,712,256,109,8,6,0,4,8192,0,0,0,0,0,130,708,117,139,8,8,0,2,8192,0,0,0,0,0,130,909,82,286
4026,0,4096,5888,5632,5376,5120,4864,4608,4352,0,0,0,32768,0,34816,0,65535,435,0,5888,4226,863,195,716,16,0,0,14,8192,0,0,0,0,0,129,566,366,638,8,0,0,12,8192,0,0,0,0,0,130,700,936,532,8,0,0,10,8192,0,0,0,0,0,130,744,743,314,8,2,0,8,8192,0,0,0,0,0,130,778,438,163,8,4,0,6,8192,0,0,0,0,0,130,732,244,108,8,6,0,4,8192,0,0,0,0,0,130,741,110,149,8,8,0,2,8192,0,0,0,0,0,130,893,79,300
4030,0,4096,5888,5632,5376,5120,4864,4608,4352,0,0,0,32768,0,34816,0,65535,425,0,5888,36994,863,209,713,16,0,0,14,8192,0,0,0,0,0,129,550,374,635,8,0,0,12,8192,0,0,0,0,0,130,684,932,521,8,0,0,10,8192,0,0,0,0,0,130,775,732,308,8,2,0,8,8192,0,0,0,0,0,130,762,427,159,8,4,0,6,8192,0,0,0,0,0,130,716,233,106,8,6,0,4,8192,0,0,0,0,0,130,773,105,159,8,8,0,2,8192,0,0,0,0,0,130,907,77,314
4034,0,4096,5888,5632,5376,5120,4864,4608,4352,0,0,0,32768,0,34816,0,65535,408,0,5888,36994,863,221,708,16,0,0,14,8192,0,0,0,0,0,129,549,382,633,8,0,0,12,8192,0,0,0,0,0,130,707,928,511,8,0,0,10,8192,0,0,0,0,0,130,803,722,302,8,2,0,8,8192,0,0,0,0,0,130,746,415,155,8,4,0,6,8192,0,0,0,0,0,130,712,222,105,8,6,0,4,8192,0,0,0,0,0,130,802,101,171,8,8,0,2,8192,0,0,0,0,0,130,901,76,328
4038,0,4096,5888,5632,5376,5120,4864,4608,4352,0,0,0,0,0,32768,0,65535,394,0,5888,4226,863,234,703,16,0,0,14,8192,0,0,0,0,0,129,563,391,630,8,0,0,12,8192,0,0,0,0,0,130,704,924,501,8,0,0,10,8192,0,0,0,0,0,130,831,711,295,8,2,0,8,8192,0,0,0,0,0,130,730,404,151,8,4,0,6,8192,0,0,0,0,0,130,680,211,103,8,6,0,4,8192,0,0,0,0,0,130,830,97,183,8,8,0,2,8192,0,0,0,0,0,130,895,77,342
4042,0,4096,5888,5632,5376,5120,4864,4608,4352,0,0,0,0,0,32768,0,65535,387,0,5888,4226,863,246,697,16,0,0,14,8192,0,0,0,0,0,129,562,399,628,8,0,0,12,8192,0,0,0,0,0,130,688,921,490,8,0,0,10,8192,0,0,0,0,0,130,858,699,289,8,2,0,8,8192,0,0,0,0,0,130,714,394,147,8,4,0,6,8192,0,0,0,0,0,130,648,201,104,8,6,0,4,8192,0,0,0,0,0,130,855,92,195,8,8,0,2,8192,0,0,0,0,0,130,909,78,356
4046,0,4096,5888,5632,5376,5120,4864,4608,4352,0,0,0,0,0,32768,0,65535,373,0,5888,36994,863,258,691,16,0,0,14,8192,0,0,0,0,0,129,546,407,625,8,0,0,12,8192,0,0,0,0,0,130,711,918,480,8,0,0,10,8192,0,0,0,0,0,130,882,687,283,8,2,0,8,8192,0,0,0,0,0,130,722,383,143,8,4,0,6,8192,0,0,0,0,0,130,620,191,105,8,6,0,4,8192,0,0,0,0,0,130,879,89,208,8,8,0,2,8192,0,0,0,0,0,130,893,79,370
4050,0,4096,5888,5632,5376,5120,4864,4608,4352,0,0,0,0,0,32768,0,353,505,5888,5632,36994,863,270,685,16,0,0,14,8192,0,0,0,0,0,129,530,416,624,8,0,0,12,8192,0,0,0,0,0,130,708,914,470,8,0,0,10,8192,0,0,0,0,0,130,876,675,277,8,2,0,8,8192,0,0,0,0,0,130,718,373,140,8,4,0,6,8192,0,0,0,0,0,130,604,182,108,8,6,0,4,8192,0,0,0,0,0,130,903,87,222,8,8,0,2,8192,0,0,0,0,0,130,907,81,384
4054,0,4096,5888,5632,5376,5120,4864,4608,4352,0,0,0,0,0,32768,0,341,490,5888,5632,4226,863,282,679,16,0,0,14,8192,0,0,0,0,0,129,514,424,623,8,0,0,12,8192,0,0,0,0,0,130,692,909,460,8,0,0,10,8192,0,0,0,0,0,130,890,662,272,8,2,0,8,8192,0,0,0,0,0,130,702,362,136,8,4,0,6,8192,0,0,0,0,0,130,588,173,112,8,6,0,4,8192,0,0,0,0,0,130,906,86,236,8,8,0,2,8192,0,0,0,0,0,130,901,80,397
4058,0,4096,5888,5632,5376,5120,4864,4608,4352,0,0,0,0,0,32768,0,339,473,5888,5632,4226,863,294,673,16,0,0,14,8192,0,0,0,0,0,129,498,432,623,8,0,0,12,8192,0,0,0,0,0,130,676,903,451,8,0,0,10,8192,0,0,0,0,0,130,884,650,265,8,2,0,8,8192,0,0,0,0,0,130,723,352,133,8,4,0,6,8192,0,0,0,0,0,130,572,165,115,8,6,0,4,8192,0,0,0,0,0,130,917,85,250,8,8,0,2,8192,0,0,0,0,0,130,895,78,410
4062,0,4096,5888,5632,5376,5120,4864,4608,4352,0,0,0,0,0,32768,0,327,465,5888,5632,36994,863,306,666,16,0,0,14,8192,0,0,0,0,0,129,482,439,624,8,0,0,12,8192,0,0,0,0,0,130,699,897,442,8,0,0,10,8192,0,0,0,0,0,130,878,638,259,8,2,0,8,8192,0,0,0,0,0,130,719,341,129,8,4,0,6,8192,0,0,0,0,0,130,571,156,117,8,6,0,4,8192,0,0,0,0,0,130,910,83,264,8,8,0,2,8192,0,0,0,0,0,130,909,77,423
4066,0,4096,5888,5632,5376,5120,4864,4608,4352,0,0,0,0,0,32768,0,447,554,5632,5376,36994,863,318,660,16,0,0,14,8192,0,0,0,0,0,129,466,447,624,8,0,0,12,8192,0,0,0,0,0,130,696,891,433,8,0,0,10,8192,0,0,0,0,0,130,892,625,253,8,2,0,8,8192,0,0,0,0,0,130,703,331,124,8,4,0,6,8192,0,0,0,0,0,130,614,147,120,8,6,0,4,8192,0,0,0,0,0,130,921,81,278,8,8,0,2,8192,0,0,0,0,0,130,893,79,437
4070,0,4096,5888,5632,5376,5120,4864,4608,4352,0,0,0,0,0,32768,0,437,551,5632,5376,4226,863,329,653,16,0,0,14,8192,0,0,0,0,0,129,466,454,624,8,0,0,12,8192,0,0,0,0,0,130,680,883,425,8,0,0,10,8192,0,0,0,0,0,130,886,612,248,8,2,0,8,8192,0,0,0,0,0,130,724,320,122,8,4,0,6,8192,0,0,0,0,0,130,653,138,124,8,6,0,4,8192,0,0,0,0,0,130,914,78,291,8,8,0,2,8192,0,0,0,0,0,130,907,82,451
4074,0,4096,5888,5632,5376,5120,4864,4608,4352,0,0,0,4,0,32768,0,434,547,5632,5376,4226,863,341,647,16,0,0,14,8192,0,0,0,0,0,129,466,461,624,8,0,0,12,8192,0,0,0,0,0,130,703,876,417,8,0,0,10,8192,0,0,0,0,0,130,880,600,242,8,2,0,8,8192,0,0,0,0,0,130,720,309,120,8,4,0,6,8192,0,0,0,0,0,130,689,130,129,8,6,0,4,8192,0,0,0,0,0,130,907,75,304,8,8,0,2,8192,0,0,0,0,0,130,875,86,464
4078,0,4096,5888,5632,5376,5120,4864,4608,4352,0,0,0,4,0,32768,0,557,121,5376,4352,4226,863,354,641,16,0,0,14,8192,0,0,0,0,0,129,466,468,624,8,0,0,12,8192,0,0,0,0,0,130,700,869,409,8,0,0,10,8192,0,0,0,0,0,130,894,588,236,8,2,0,8,8192,0,0,0,0,0,130,704,298,117,8,4,0,6,8192,0,0,0,0,0,130,712,121,136,8,6,0,4,8192,0,0,0,0,0,130,918,75,318,8,8,0,2,8192,0,0,0,0,0,130,843,87,478
4082,0,4096,5888,5632,5376,5120,4864,4608,4352,0,0,0,0,0,32768,0,553,512,5376,5120,4226,863,366,636,16,0,0,14,8192,0,0,0,0,0,129,466,475,624,8,0,0,12,8192,0,0,0,0,0,130,684,862,400,8,0,0,10,8192,0,0,0,0,0,130,878,575,230,8,2,0,8,8192,0,0,0,0,0,130,701,287,115,8,4,0,6,8192,0,0,0,0,0,130,732,114,144,8,6,0,4,8192,0,0,0,0,0,130,911,76,333,8,8,0,2,8192,0,0,0,0,0,130,815,87,491
4086,0,4096,5888,5632,5376,5120,4864,4608,4352,0,0,0,0,0,32768,0,550,512,5376,5120,36994,863,379,632,16,0,0,14,8192,0,0,0,0,0,129,466,483,624,8,0,0,12,8192,0,0,0,0,0,130,707,855,392,8,0,0,10,8192,0,0,0,0,0,130,892,563,224,8,2,0,8,8192,0,0,0,0,0,130,722,277,113,8,4,0,6,8192,0,0,0,0,0,130,764,108,153,8,6,0,4,8192,0,0,0,0,0,130,922,77,347,8,8,0,2,8192,0,0,0,0,0,130,799,87,503
4090,0,4096,5888,5632,5376,5120,4864,4608,4352,0,0,0,0,0,32768,0,517,104,5120,4352,36994,863,392,630,16,0,0,14,8192,0,0,0,0,0,129,466,490,624,8,0,0,12,8192,0,0,0,0,0,130,740,847,385,8,0,0,10,8192,0,0,0,0,0,130,886,550,218,8,2,0,8,8192,0,0,0,0,0,130,718,265,109,8,4,0,6,8192,0,0,0,0,0,130,795,103,164,8,6,0,4,8192,0,0,0,0,0,130,915,78,361,8,8,0,2,8192,0,0,0,0,0,130,783,87,516
4094,0,4096,5888,5632,5376,5120,4864,4608,4352,0,0,0,0,0,32768,0,523,96,5120,4352,4226,863,405,629,16,0,0,14,8192,0,0,0,0,0,129,466,497,624,8,0,0,12,8192,0,0,0,0,0,130,772,837,378,8,0,0,10,8192,0,0,0,0,0,130,880,538,212,8,2,0,8,8192,0,0,0,0,0,130,702,254,107,8,4,0,6,8192,0,0,0,0,0,130,823,99,176,8,6,0,4,8192,0,0,0,0,0,130,908,79,375,8,8,0,2,8192,0,0,0,0,0,130,767,87,528
4098,0,4096,5888,5632,5376,5120,4864,4608,4352,0,0,0,0,0,32768,0,547,91,5120,4352,4226,863,419,628,16,0,0,14,8192,0,0,0,0,0,129,466,504,625,8,0,0,12,8192,0,0,0,0,0,130,801,827,371,8,0,0,10,8192,0,0,0,0,0,130,894,525,206,8,2,0,8,8192,0,0,0,0,0,130,723,243,105,8,4,0,6,8192,0,0,0,0,0,130,850,94,188,8,6,0,4,8192,0,0,0,0,0,130,919,80,390,8,8,0,2,8192,0,0,0,0,0,130,751,87,540
4102,0,4096,5888,5632,5376,5120,4864,4608,4352,0,0,0,0,0,32768,0,557,86,5120,4352,36994,863,432,629,16,0,0,14,8192,0,0,0,0,0,129,466,511,626,8,0,0,12,8192,0,0,0,0,0,130,829,817,364,8,0,0,10,8192,0,0,0,0,0,130,878,513,200,8,2,0,8,8192,0,0,0,0,0,130,719,232,102,8,4,0,6,8192,0,0,0,0,0,130,874,90,201,8,6,0,4,8192,0,0,0,0,0,130,912,81,404,8,8,0,2,8192,0,0,0,0,0,130,735,87,551
4106,0,4096,5888,5632,5376,5120,4864,4608,4352,0,0,0,0,0,32768,0,555,437,5120,4864,36994,863,446,629,16,0,0,14,8192,0,0,0,0,0,129,466,518,628,8,0,0,12,8192,0,0,0,0,0,130,854,807,356,8,0,0,10,8192,0,0,0,0,0,130,892,500,195,8,2,0,8,8192,0,0,0,0,0,130,703,221,100,8,4,0,6,8192,0,0,0,0,0,130,898,87,214,8,6,0,4,8192,0,0,0,0,0,130,905,80,418,8,8,0,2,8192,0,0,0,0,0,130,719,87,563
4110,0,4096,5888,5632,5376,5120,4864,4608,4352,0,0,0,0,0,32768,0,580,435,5120,4864,4226,863,459,629,16,0,0,14,8192,0,0,0,0,0,129,466,525,630,8,0,0,12,8192,0,0,0,0,0,130,878,795,349,8,0,0,10,8192,0,0,0,0,0,130,886,487,188,8,2,0,8,8192,0,0,0,0,0,130,675,211,97,8,4,0,6,8192,0,0,0,0,0,130,909,86,228,8,6,0,4,8192,0,0,0,0,0,130,916,78,432,8,8,0,2,8192,0,0,0,0,0,130,703,87,574
4114,0,4096,5888,5632,5376,5120,4864,4608,4352,0,0,0,0,0,32768,0,579,438,5120,4864,4226,863,473,630,16,0,0,14,8192,0,0,0,0,0,129,466,531,634,8,0,0,12,8192,0,0,0,0,0,130,872,783,342,8,0,0,10,8192,0,0,0,0,0,130,880,475,183,8,2,0,8,8192,0,0,0,0,0,130,643,200,96,8,4,0,6,8192,0,0,0,0,0,130,902,85,242,8,6,0,4,8192,0,0,0,0,0,130,909,77,446,8,8,0,2,8192,0,0,0,0,0,130,726,87,585
4118,0,4096,5888,5632,5376,5120,4864,4608,4352,0,0,0,32768,0,34816,0,447,57,4864,4352,36994,863,486,630,16,0,0,14,8192,0,0,0,0,0,129,466,537,638,8,0,0,12,8192,0,0,0,0,0,130,886,772,334,8,0,0,10,8192,0,0,0,0,0,130,894,462,176,8,2,0,8,8192,0,0,0,0,0,130,623,190,97,8,4,0,6,8192,0,0,0,0,0,130,913,83,256,8,6,0,4,8192,0,0,0,0,0,130,881,77,460,8,8,0,2,8192,0,0,0,0,0,130,706,87,596
4122,0,4096,5888,5632,5376,5120,4864,4608,4352,0,0,0,32772,0,34816,0,456,50,4864,4352,36994,863,500,629,16,0,0,14,8192,0,0,0,0,0,129,466,543,642,8,0,0,12,8192,0,0,0,0,0,130,880,760,327,8,0,0,10,8192,0,0,0,0,0,130,862,450,169,8,2,0,8,8192,0,0,0,0,0,130,607,181,100,8,4,0,6,8192,0,0,0,0,0,130,906,81,270,8,6,0,4,8192,0,0,0,0,0,130,849,79,474,8,8,0,2,8192,0,0,0,0,0,130,674,88,607
4126,0,4096,5888,5632,5376,5120,4864,4608,4352,0,0,0,32804,0,34816,0,462,45,4864,4352,36994,863,513,627,16,0,0,14,8192,0,0,0,0,0,129,466,548,647,8,0,0,12,8192,0,0,0,0,0,130,894,748,320,8,0,0,10,8192,0,0,0,0,0,130,830,438,164,8,2,0,8,8192,0,0,0,0,0,130,591,172,103,8,4,0,6,8192,0,0,0,0,0,130,900,79,284,8,6,0,4,8192,0,0,0,0,0,130,829,81,487,8,8,0,2,8192,0,0,0,0,0,130,642,90,617
4130,0,4096,5888,5632,5376,5120,4864,4608,4352,0,0,0,32804,0,34816,0,474,40,4864,4352,36994,863,526,624,16,0,0,14,8192,0,0,0,0,0,129,466,553,652,8,0,0,12,8192,0,0,0,0,0,130,888,736,313,8,0,0,10,8192,0,0,0,0,0,130,802,426,158,8,2,0,8,8192,0,0,0,0,0,130,575,164,107,8,4,0,6,8192,0,0,0,0,0,130,911,78,298,8,6,0,4,8192,0,0,0,0,0,130,813,81,500,8,8,0,2,8192,0,0,0,0,0,130,614,94,626
4134,0,4096,5888,5632,5376,5120,4864,4608,4352,0,0,0,36,0,32768,0,482,39,4864,4352,36994,863,540,622,16,0,0,14,8192,0,0,0,0,0,129,466,557,658,8,0,0,12,8192,0,0,0,0,0,130,872,724,307,8,0,0,10,8192,0,0,0,0,0,130,786,414,153,8,2,0,8,8192,0,0,0,0,0,130,559,156,112,8,4,0,6,8192,0,0,0,0,0,130,904,78,313,8,6,0,4,8192,0,0,0,0,0,130,797,81,512,8,8,0,2,8192,0,0,0,0,0,130,598,99,634
4138,0,4096,5888,5632,5376,5120,4864,4608,4352,0,0,0,36,0,32768,0,490,42,4864,4352,36994,863,553,621,16,0,0,14,8192,0,0,0,0,0,129,466,562,663,8,0,0,12,8192,0,0,0,0,0,130,886,713,299,8,0,0,10,8192,0,0,0,0,0,130,770,403,148,8,2,0,8,8192,0,0,0,0,0,130,588,149,116,8,4,0,6,8192,0,0,0,0,0,130,915,79,327,8,6,0,4,8192,0,0,0,0,0,130,781,81,525,8,8,0,2,8192,0,0,0,0,0,130,582,103,643
4142,0,4096,5888,5632,5376,5120,4864,4608,4352,0,0,0,36,0,32768,0,355,45,4608,4352,36994,863,566,621,16,0,0,14,8192,0,0,0,0,0,129,466,567,669,8,0,0,12,8192,0,0,0,0,0,130,880,702,290,8,0,0,10,8192,0,0,0,0,0,130,754,392,144,8,2,0,8,8192,0,0,0,0,0,130,629,142,123,8,4,0,6,8192,0,0,0,0,0,130,908,80,341,8,6,0,4,8192,0,0,0,0,0,130,765,81,537,8,8,0,2,8192,0,0,0,0,0,130,566,107,651
4146,0,4096,5888,5632,5376,5120,4864,4608,4352,0,0,0,36,0,32768,0,352,51,4608,4352,36994,863,580,622,16,0,0,14,8192,0,0,0,0,0,129,466,571,675,8,0,0,12,8192,0,0,0,0,0,130,894,690,283,8,0,0,10,8192,0,0,0,0,0,130,738,381,140,8,2,0,8,8192,0,0,0,0,0,130,667,135,130,8,4,0,6,8192,0,0,0,0,0,130,901,80,355,8,6,0,4,8192,0,0,0,0,0,130,749,81,549,8,8,0,2,8192,0,0,0,0,0,130,550,111,658
4150,0,4096,5888,5632,5376,5120,4864,4608,4352,0,0,0,36,0,32768,0,354,54,4608,4352,36994,863,593,625,16,0,0,14,8192,0,0,0,0,0,129,466,576,680,8,0,0,12,8192,0,0,0,0,0,130,888,679,276,8,0,0,10,8192,0,0,0,0,0,130,722,370,137,8,2,0,8,8192,0,0,0,0,0,130,703,128,138,8,4,0,6,8192,0,0,0,0,0,130,912,79,369,8,6,0,4,8192,0,0,0,0,0,130,733,81,560,8,8,0,2,8192,0,0,0,0,0,130,534,115,666
4154,0,4096,5888,5632,5376,5120,4864,4608,4352,0,0,0,36,0,32768,0,355,59,4608,4352,36994,863,606,629,16,0,0,14,8192,0,0,0,0,0,129,466,581,685,8,0,0,12,8192,0,0,0,0,0,130,872,667,270,8,0,0,10,8192,0,0,0,0,0,130,706,360,133,8,2,0,8,8192,0,0,0,0,0,130,724,121,146,8,4,0,6,8192,0,0,0,0,0,130,905,79,383,8,6,0,4,8192,0,0,0,0,0,130,717,81,572,8,8,0,2,8192,0,0,0,0,0,130,518,119,673
4158,0,4096,5888,5632,5376,5120,4864,4608,4352,0,0,0,36,0,32768,0,362,62,4608,4352,36994,863,618,635,16,0,0,14,8192,0,0,0,0,0,129,466,585,691,8,0,0,12,8192,0,0,0,0,0,130,886,655,264,8,0,0,10,8192,0,0,0,0,0,130,690,349,130,8,2,0,8,8192,0,0,0,0,0,130,756,114,156,8,4,0,6,8192,0,0,0,0,0,130,899,80,397,8,6,0,4,8192,0,0,0,0,0,130,713,81,583,8,8,0,2,8192,0,0,0,0,0,130,518,123,680
4162,0,4096,5888,5632,5376,5120,4864,4608,4352,0,0,0,32804,0,34816,0,496,64,5888,4352,36994,815,629,642,16,0,0,14,8192,0,0,0,0,0,129,466,590,696,8,0,0,12,8192,0,0,0,0,0,130,880,642,260,8,0,0,10,8192,0,0,0,0,0,130,687,339,126,8,2,0,8,8192,0,0,0,0,0,130,786,109,166,8,4,0,6,8192,0,0,0,0,0,130,910,80,411,8,6,0,4,8192,0,0,0,0,0,130,733,81,594,8,8,0,2,8192,0,0,0,0,0,130,518,129,686
4166,0,4096,5888,5632,5376,5120,4864,4608,4352,0,0,0,32768,0,34816,0,497,65,5888,4352,36994,729,640,649,16,0,0,14,8192,0,0,0,0,0,129,482,595,701,8,0,0,12,8192,0,0,0,0,0,130,894,630,254,8,0,0,10,8192,0,0,0,0,0,130,710,329,122,8,2,0,8,8192,0,0,0,0,0,130,814,104,178,8,4,0,6,8192,0,0,0,0,0,130,903,79,425,8,6,0,4,8192,0,0,0,0,0,130,717,81,605,8,8,0,2,8192,0,0,0,0,0,130,518,135,691
4170,0,4096,5888,5632,5376,5120,4864,4608,4352,0,0,0,32768,0,34816,0,498,68,5888,4352,36994,667,647,657,16,0,0,14,8192,0,0,0,0,0,129,529,601,707,8,0,0,12,8192,0,0,0,0,0,130,888,617,248,8,0,0,10,8192,0,0,0,0,0,130,694,318,120,8,2,0,8,8192,0,0,0,0,0,130,842,100,190,8,4,0,6,8192,0,0,0,0,0,130,914,77,440,8,6,0,4,8192,0,0,0,0,0,130,685,83,616,8,8,0,2,8192,0,0,0,0,0,130,518,143,696
4174,0,4096,5888,5632,5376,5120,4864,4608,4352,0,0,0,32768,0,34816,0,498,68,5888,4352,36994,605,652,665,16,0,0,14,8192,0,0,0,0,0,129,558,606,714,8,0,0,12,8192,0,0,0,0,0,130,872,604,242,8,0,0,10,8192,0,0,0,0,0,130,691,308,118,8,2,0,8,8192,0,0,0,0,0,130,867,95,203,8,4,0,6,8192,0,0,0,0,0,130,894,78,454,8,6,0,4,8192,0,0,0,0,0,130,653,86,626,8,8,0,2,8192,0,0,0,0,0,130,518,150,700
4178,0,4096,5888,5632,5376,5120,4864,4608,4352,0,0,0,0,0,32768,0,549,496,5632,5888,36994,582,656,674,16,0,0,14,8192,0,0,0,0,0,129,557,611,721,8,0,0,12,8192,0,0,0,0,0,130,886,592,236,8,0,0,10,8192,0,0,0,0,0,130,688,297,116,8,2,0,8,8192,0,0,0,0,0,130,891,92,216,8,4,0,6,8192,0,0,0,0,0,130,862,80,467,16,6,0,4,8192,0,0,0,0,0,130,633,91,635,8,8,0,2,8192,0,0,0,0,0,130,518,157,703
4182,0,4096,5888,5632,5376,5120,4864,4608,4352,0,0,0,0,0,32768,0,608,548,5376,5632,36994,578,658,683,16,0,0,14,8192,0,0,0,0,0,129,556,615,728,8,0,0,12,8192,0,0,0,0,0,130,880,580,230,8,0,0,10,8192,0,0,0,0,0,130,711,287,114,8,2,0,8,8192,0,0,0,0,0,130,894,91,230,8,4,0,6,8192,0,0,0,0,0,130,834,81,481,16,6,0,4,8192,0,0,0,0,0,130,581,97,643,8,8,0,2,8192,0,0,0,0,0,130,518,165,704
4186,0,4096,5888,5632,5376,5120,4864,4608,4352,0,0,0,0,0,32768,0,607,545,5376,5632,36994,594,659,692,16,0,0,14,8192,0,0,0,0,0,129,555,619,736,8,0,0,12,8192,0,0,0,0,0,130,894,567,224,8,0,0,10,8192,0,0,0,0,0,130,695,276,111,8,2,0,8,8192,0,0,0,0,0,130,906,90,244,16,4,0,6,8192,0,0,0,0,0,130,806,82,494,16,6,0,4,8192,0,0,0,0,0,130,517,102,650,8,8,0,2,8192,0,0,0,0,0,130,562,173,705
4190,0,4096,5888,5632,5376,5120,4864,4608,4352,0,0,0,0,0,32768,0,606,556,5376,5632,36994,590,660,701,16,0,0,14,8192,0,0,0,0,0,129,554,624,743,8,0,0,12,8192,0,0,0,0,0,130,888,554,219,8,0,0,10,8192,0,0,0,0,0,130,692,265,109,8,2,0,8,8192,0,0,0,0,0,130,899,88,258,16,4,0,6,8192,0,0,0,0,0,130,742,83,506,16,6,0,4,8192,0,0,0,0,0,130,477,106,657,8,8,0,2,8192,0,0,0,0,0,130,605,182,704
4194,0,4096,5888,5632,5376,5120,4864,4608,4352,0,0,0,0,0,32768,0,605,553,5376,5632,36994,586,659,710,16,0,0,14,8192,0,0,0,0,0,129,553,629,750,8,0,0,12,8192,0,0,0,0,0,130,872,542,213,8,0,0,10,8192,0,0,0,0,0,130,689,255,108,16,2,0,8,8192,0,0,0,0,0,130,869,87,272,16,4,0,6,8192,0,0,0,0,0,130,710,84,518,16,6,0,4,8192,0,0,0,0,0,130,445,109,663,8,8,0,2,8192,0,0,0,0,0,130,645,192,702
4198,0,4096,5888,5632,5376,5120,4864,4608,4352,0,0,0,0,0,32768,0,603,549,5376,5632,4226,602,658,719,16,0,0,14,8192,0,0,0,0,0,129,552,633,758,8,0,0,12,8192,0,0,0,0,0,130,886,529,208,16,0,0,10,8192,0,0,0,0,0,130,686,244,107,16,2,0,8,8192,0,0,0,0,0,130,805,84,285,16,4,0,6,8192,0,0,0,0,0,130,678,85,529,16,6,0,4,8192,0,0,0,0,0,130,413,113,669,8,8,0,2,8192,0,0,0,0,0,130,681,202,699
4202,0,4096,5888,5632,5376,5120,4864,4608,4352,0,0,0,0,0,32768,0,601,545,5376,5632,4226,618,657,729,16,0,0,14,8192,0,0,0,0,0,129,551,638,765,8,0,0,12,8192,0,0,0,0,0,130,880,517,202,16,0,0,10,8192,0,0,0,0,0,130,705,233,106,16,2,0,8,8192,0,0,0,0,0,130,765,82,297,16,4,0,6,8192,0,0,0,0,0,130,646,86,539,16,6,0,4,8192,0,0,0,0,0,130,389,117,674,8,8,0,2,8192,0,0,0,0,0,130,716,212,695
4206,0,4096,5888,5632,5376,5120,4864,4608,4352,0,0,0,4,0,32768,0,524,437,5632,5888,4226,634,656,739,16,0,0,14,8192,0,0,0,0,0,129,550,643,772,16,0,0,12,8192,0,0,0,0,0,130,894,504,196,16,0,0,10,8192,0,0,0,0,0,130,673,222,104,16,2,0,8,8192,0,0,0,0,0,130,733,78,308,16,4,0,6,8192,0,0,0,0,0,130,614,86,549,16,6,0,4,8192,0,0,0,0,0,130,373,121,678,8,8,0,2,8192,0,0,0,0,0,130,748,222,690
4210,0,4096,5888,5632,5376,5120,4864,4608,4352,0,0,0,4,0,32768,0,520,35,5632,4352,4226,646,656,749,16,0,0,14,8192,0,0,0,0,0,129,549,647,780,16,0,0,12,8192,0,0,0,0,0,130,852,492,190,16,0,0,10,8192,0,0,0,0,0,130,585,213,103,16,2,0,8,8192,0,0,0,0,0,130,713,75,319,16,4,0,6,8192,0,0,0,0,0,130,598,86,559,8,6,0,4,8192,0,0,0,0,0,130,357,124,682,8,8,0,2,8192,0,0,0,0,0,130,779,233,686
4214,0,4096,5888,5632,5376,5120,4864,4608,4352,0,0,0,36,0,32768,0,517,32,5632,4352,4226,654,656,759,16,0,0,14,8192,0,0,0,0,0,129,563,652,787,16,0,0,12,8192,0,0,0,0,0,130,788,480,185,16,0,0,10,8192,0,0,0,0,0,130,521,204,102,16,2,0,8,8192,0,0,0,0,0,130,697,73,330,16,4,0,6,8192,0,0,0,0,0,130,582,86,568,8,6,0,4,8192,0,0,0,0,0,130,389,128,685,8,8,0,2,8192,0,0,0,0,0,130,807,245,682
4218,0,4096,5888,5632,5376,5120,4864,4608,4352,0,0,0,0,0,32768,0,514,30,5632,4352,4226,662,656,769,16,0,0,14,8192,0,0,0,0,0,129,562,657,794,16,0,0,12,8192,0,0,0,0,0,130,748,469,180,16,0,0,10,8192,0,0,0,0,0,130,465,196,103,16,2,0,8,8192,0,0,0,0,0,130,681,72,341,8,4,0,6,8192,0,0,0,0,0,130,581,86,577,8,6,0,4,8192,0,0,0,0,0,130,443,132,689,8,8,0,2,8192,0,0,0,0,0,130,835,257,677
4222,0,4096,5888,5632,5376,5120,4864,4608,4352,0,0,0,0,0,32768,0,399,26,5888,4352,36994,670,659,779,16,0,0,14,8192,0,0,0,0,0,129,561,662,801,16,0,0,12,8192,0,0,0,0,0,130,716,459,175,16,0,0,10,8192,0,0,0,0,0,130,433,189,105,16,2,0,8,8192,0,0,0,0,0,130,665,72,351,8,4,0,6,8192,0,0,0,0,0,130,621,86,586,8,6,0,4,8192,0,0,0,0,0,130,493,138,692,8,8,0,2,8192,0,0,0,0,0,130,859,268,672
4226,0,4096,5888,5632,5376,5120,4864,4608,4352,0,0,0,4,0,32768,0,399,23,5888,4352,36994,678,662,789,16,0,0,14,8192,0,0,0,0,0,129,560,666,809,16,0,0,12,8192,0,0,0,0,0,130,684,449,170,16,0,0,10,8192,0,0,0,0,0,130,401,183,107,8,2,0,8,8192,0,0,0,0,0,130,675,73,361,8,4,0,6,8192,0,0,0,0,0,130,643,86,596,8,6,0,4,8192,0,0,0,0,0,130,539,146,696,8,8,0,2,8192,0,0,0,0,0,130,883,279,666
4230,0,4096,5888,5632,5376,5120,4864,4608,4352,0,0,0,4,0,32768,0,396,20,5888,4352,36994,686,667,799,16,0,0,14,8192,0,0,0,0,0,129,559,671,816,16,0,0,12,8192,0,0,0,0,0,130,652,439,166,8,0,0,10,8192,0,0,0,0,0,130,369,177,109,8,2,0,8,8192,0,0,0,0,0,130,711,74,372,8,4,0,6,8192,0,0,0,0,0,130,627,87,606,8,6,0,4,8192,0,0,0,0,0,130,538,154,698,8,8,0,2,8192,0,0,0,0,0,130,897,291,662
4234,0,4096,5888,5632,5376,5120,4864,4608,4352,0,0,0,36,0,32768,0,388,18,5888,4352,36994,694,672,808,16,0,0,14,8192,0,0,0,0,0,129,558,676,823,16,0,0,12,8192,0,0,0,0,0,130,620,430,163,8,0,0,10,8192,0,0,0,0,0,130,357,172,111,8,2,0,8,8192,0,0,0,0,0,130,744,75,383,16,4,0,6,8192,0,0,0,0,0,130,599,90,616,8,6,0,4,8192,0,0,0,0,0,130,522,162,699,8,8,0,2,8192,0,0,0,0,0,130,891,304,658
4238,0,4096,5888,5632,5376,5120,4864,4608,4352,0,0,0,36,0,32768,0,387,16,5888,4352,4226,702,678,817,16,0,0,14,8192,0,0,0,0,0,129,557,682,829,8,0,0,12,8192,0,0,0,0,0,130,588,421,159,8,0,0,10,8192,0,0,0,0,0,130,407,167,114,8,2,0,8,8192,0,0,0,0,0,130,776,76,395,16,4,0,6,8192,0,0,0,0,0,130,535,93,624,8,6,0,4,8192,0,0,0,0,0,130,551,170,699,8,8,0,2,8192,0,0,0,0,0,130,905,316,654
4242,0,4096,5888,5632,5376,5120,4864,4608,4352,0,0,0,36,0,32768,0,385,13,5888,4352,4226,708,684,826,16,0,0,14,8192,0,0,0,0,0,129,556,689,835,8,0,0,12,8192,0,0,0,0,0,130,610,412,156,8,0,0,10,8192,0,0,0,0,0,130,461,161,117,16,2,0,8,8192,0,0,0,0,0,130,775,77,407,16,4,0,6,8192,0,0,0,0,0,130,479,96,631,8,6,0,4,8192,0,0,0,0,0,130,595,179,698,8,8,0,2,8192,0,0,0,0,0,130,899,329,651
4246,0,4096,5888,5632,5376,5120,4864,4608,4352,0,0,0,0,0,32768,0,385,11,5888,4352,4226,714,692,834,16,0,0,14,8192,0,0,0,0,0,129,555,695,841,8,0,0,12,8192,0,0,0,0,0,130,650,403,153,16,0,0,10,8192,0,0,0,0,0,130,509,154,119,16,2,0,8,8192,0,0,0,0,0,130,743,80,419,16,4,0,6,8192,0,0,0,0,0,130,447,100,638,8,6,0,4,8192,0,0,0,0,0,130,636,188,697,8,8,0,2,8192,0,0,0,0,0,130,893,342,648
4250,0,4096,5888,5632,5376,5120,4864,4608,4352,0,0,0,0,0,32768,0,387,8,5888,4352,4226,720,701,841,16,0,0,14,8192,0,0,0,0,0,129,554,702,847,8,0,0,12,8192,0,0,0,0,0,130,687,393,149,16,0,0,10,8192,0,0,0,0,0,130,541,146,122,16,2,0,8,8192,0,0,0,0,0,130,723,81,430,16,4,0,6,8192,0,0,0,0,0,130,415,102,644,8,6,0,4,8192,0,0,0,0,0,130,673,198,695,8,8,0,2,8192,0,0,0,0,0,130,907,355,644
4254,0,4096,5888,5632,5376,5120,4864,4608,4352,0,0,0,0,0,32768,0,394,7,5888,4352,36994,726,710,847,16,0,0,14,8192,0,0,0,0,0,129,553,708,852,16,0,0,12,8192,0,0,0,0,0,130,684,383,146,16,0,0,10,8192,0,0,0,0,0,130,525,138,125,16,2,0,8,8192,0,0,0,0,0,130,707,82,442,16,4,0,6,8192,0,0,0,0,0,130,387,105,650,8,6,0,4,8192,0,0,0,0,0,130,709,209,692,8,8,0,2,8192,0,0,0,0,0,130,901,367,640
4258,0,4096,5888,5632,5376,5120,4864,4608,4352,0,0,0,0,0,32768,0,397,6,5888,4352,36994,732,720,852,16,0,0,14,8192,0,0,0,0,0,129,552,715,858,16,0,0,12,8192,0,0,0,0,0,130,656,373,142,16,0,0,10,8192,0,0,0,0,0,130,509,131,129,16,2,0,8,8192,0,0,0,0,0,130,691,81,453,8,4,0,6,8192,0,0,0,0,0,130,387,107,655,8,6,0,4,8192,0,0,0,0,0,130,742,219,688,8,8,0,2,8192,0,0,0,0,0,130,895,380,636
4262,0,4096,5888,5632,5376,5120,4864,4608,4352,0,0,0,0,0,32768,0,9,65535,4352,0,4226,738,731,856,16,0,0,14,8192,0,0,0,0,0,129,551,721,864,16,0,0,12,8192,0,0,0,0,0,130,624,364,137,16,0,0,10,8192,0,0,0,0,0,130,493,125,134,16,2,0,8,8192,0,0,0,0,0,130,663,80,463,8,4,0,6,8192,0,0,0,0,0,130,443,110,661,8,6,0,4,8192,0,0,0,0,0,130,774,230,684,8,8,0,2,8192,0,0,0,0,0,130,909,393,632
4266,0,4096,5888,5632,5376,5120,4864,4608,4352,0,0,0,0,0,32768,0,13,65535,4352,0,4226,744,742,860,16,0,0,14,8192,0,0,0,0,0,129,550,728,869,16,0,0,12,8192,0,0,0,0,0,130,592,355,134,16,0,0,10,8192,0,0,0,0,0,130,477,120,139,8,2,0,8,8192,0,0,0,0,0,130,665,79,473,8,4,0,6,8192,0,0,0,0,0,130,497,114,667,8,6,0,4,8192,0,0,0,0,0,130,803,242,680,0,8,0,2,8192,0,0,0,0,0,130,889,407,628
4270,0,4096,5888,5632,5376,5120,4864,4608,4352,0,0,0,0,0,32768,0,16,65535,4352,0,36994,750,753,864,16,0,0,14,8192,0,0,0,0,0,129,549,735,875,16,0,0,12,8192,0,0,0,0,0,130,572,346,131,8,0,0,10,8192,0,0,0,0,0,130,477,115,145,8,2,0,8,8192,0,0,0,0,0,130,701,80,484,8,4,0,6,8192,0,0,0,0,0,130,529,118,674,8,6,0,4,8192,0,0,0,0,0,130,831,254,676,0,8,0,2,8192,0,0,0,0,0,130,849,420,625
4274,0,4096,5888,5632,5376,5120,4864,4608,4352,0,0,0,0,0,32768,0,21,65535,4352,0,36994,756,764,867,16,0,0,14,8192,0,0,0,0,0,129,563,742,880,16,0,0,12,8192,0,0,0,0,0,130,556,338,128,8,0,0,10,8192,0,0,0,0,0,130,524,111,152,8,2,0,8,8192,0,0,0,0,0,130,722,80,495,8,4,0,6,8192,0,0,0,0,0,130,528,122,681,0,6,0,4,8192,0,0,0,0,0,130,856,266,671,0,8,0,2,8192,0,0,0,0,0,130,785,433,623
4278,0,4096,5888,5632,5376,5120,4864,4608,4352,0,0,0,0,0,32768,0,26,65535,4352,0,4226,762,776,871,16,0,0,14,8192,0,0,0,0,0,129,562,748,887,8,0,0,12,8192,0,0,0,0,0,130,540,330,125,8,0,0,10,8192,0,0,0,0,0,130,568,107,159,8,2,0,8,8192,0,0,0,0,0,130,718,80,506,8,4,0,6,8192,0,0,0,0,0,130,527,128,687,0,6,0,4,8192,0,0,0,0,0,130,838,278,665,0,8,0,2,8192,0,0,0,0,0,130,729,445,623
4282,0,4096,5888,5632,5376,5120,4864,4608,4352,0,0,0,0,0,32768,0,32,65535,4352,0,4226,768,787,874,16,0,0,14,8192,0,0,0,0,0,129,561,754,895,8,0,0,12,8192,0,0,0,0,0,130,569,322,122,8,0,0,10,8192,0,0,0,0,0,130,611,105,168,8,2,0,8,8192,0,0,0,0,0,130,702,80,517,0,4,0,6,8192,0,0,0,0,0,130,511,134,692,0,6,0,4,8192,0,0,0,0,0,130,806,290,661,0,8,0,2,8192,0,0,0,0,0,130,697,456,625
4286,0,4096,5888,5632,5376,5120,4864,4608,4352,0,0,0,0,0,32768,0,39,65535,4352,0,36994,772,799,876,16,0,0,14,8192,0,0,0,0,0,129,589,762,902,16,0,0,12,8192,0,0,0,0,0,130,610,313,121,8,0,0,10,8192,0,0,0,0,0,130,650,102,177,8,2,0,8,8192,0,0,0,0,0,130,723,80,528,0,4,0,6,8192,0,0,0,0,0,130,495,140,697,0,6,0,4,8192,0,0,0,0,0,130,774,302,657,0,8,0,2,8192,0,0,0,0,0,130,665,467,626
4290,0,4096,5888,5632,5376,5120,4864,4608,4352,0,0,0,4,0,32768,0,45,65535,4352,0,36994,776,811,878,16,0,0,14,8192,0,0,0,0,0,129,587,770,909,16,0,0,12,8192,0,0,0,0,0,130,596,304,119,8,0,0,10,8192,0,0,0,0,0,130,686,98,187,0,2,0,8,8192,0,0,0,0,0,130,711,80,540,0,4,0,6,8192,0,0,0,0,0,130,479,147,700,0,6,0,4,8192,0,0,0,0,0,130,742,313,653,0,8,0,2,8192,0,0,0,0,0,130,633,477,626
4294,0,4096,5888,5632,5376,5120,4864,4608,4352,0,0,0,4,0,32768,0,49,65535,4352,0,36994,780,823,879,16,0,0,14,8192,0,0,0,0,0,129,585,779,913,16,0,0,12,8192,0,0,0,0,0,130,564,295,117,0,0,0,10,8192,0,0,0,0,0,130,721,94,197,0,2,0,8,8192,0,0,0,0,0,130,679,80,551,0,4,0,6,8192,0,0,0,0,0,130,463,154,703,0,6,0,4,8192,0,0,0,0,0,130,722,324,650,0,8,0,2,8192,0,0,0,0,0,130,617,487,626
4298,0,4096,5888,5632,5376,5120,4864,4608,4352,0,0,0,4,0,32768,0,54,65535,4352,0,36994,784,835,879,16,0,0,14,8192,0,0,0,0,0,129,583,788,917,16,0,0,12,8192,0,0,0,0,0,130,544,286,116,0,0,0,10,8192,0,0,0,0,0,130,737,90,208,0,2,0,8,8192,0,0,0,0,0,130,647,80,561,0,4,0,6,8192,0,0,0,0,0,130,463,161,704,0,6,0,4,8192,0,0,0,0,0,130,706,335,647,0,8,0,2,8192,0,0,0,0,0,130,601,496,626
4302,0,4096,5888,5632,5376,5120,4864,4608,4352,0,0,0,36,0,32768,0,58,65535,4352,0,36994,788,847,878,16,0,0,14,8192,0,0,0,0,0,129,581,797,919,16,0,0,12,8192,0,0,0,0,0,130,528,278,114,0,0,0,10,8192,0,0,0,0,0,130,709,88,219,0,2,0,8,8192,0,0,0,0,0,130,627,80,571,0,4,0,6,8192,0,0,0,0,0,130,511,169,705,0,6,0,4,8192,0,0,0,0,0,130,690,345,644,0,8,0,2,8192,0,0,0,0,0,130,585,505,626
4306,0,4096,5888,5632,5376,5120,4864,4608,4352,0,0,0,36,0,32768,0,61,65535,4352,0,36994,792,859,876,16,0,0,14,8192,0,0,0,0,0,129,593,807,920,16,0,0,12,8192,0,0,0,0,0,130,512,270,112,0,0,0,10,8192,0,0,0,0,0,130,693,87,230,0,2,0,8,8192,0,0,0,0,0,130,611,80,581,0,4,0,6,8192,0,0,0,0,0,130,543,177,705,0,6,0,4,8192,0,0,0,0,0,130,674,356,641,0,8,0,2,8192,0,0,0,0,0,130,569,514,628
4310,0,4096,5888,5632,5376,5120,4864,4608,4352,0,0,0,36,0,32768,0,65,65535,4352,0,4226,796,871,872,16,0,0,14,8192,0,0,0,0,0,129,591,816,920,16,0,0,12,8192,0,0,0,0,0,130,496,262,110,0,0,0,10,8192,0,0,0,0,0,130,677,86,241,0,2,0,8,8192,0,0,0,0,0,130,595,80,590,0,4,0,6,8192,0,0,0,0,0,130,527,185,704,0,6,0,4,8192,0,0,0,0,0,130,658,365,637,0,8,0,2,8192,0,0,0,0,0,130,553,523,630
4314,0,4096,5888,5632,5376,5120,4864,4608,4352,0,0,0,36,0,32768,0,69,65535,4352,0,4226,800,883,868,16,0,0,14,8192,0,0,0,0,0,129,589,826,919,16,0,0,12,8192,0,0,0,0,0,130,480,255,109,0,0,0,10,8192,0,0,0,0,0,130,661,85,251,0,2,0,8,8192,0,0,0,0,0,130,567,80,599,0,4,0,6,8192,0,0,0,0,0,130,526,193,702,0,6,0,4,8192,0,0,0,0,0,130,642,375,634,0,8,0,2,8192,0,0,0,0,0,130,537,530,634
4318,0,4096,5888,5632,5376,5120,4864,4608,4352,0,0,0,36,0,32768,0,72,65535,4352,0,4226,804,894,862,16,0,0,14,8192,0,0,0,0,0,129,587,835,916,16,0,0,12,8192,0,0,0,0,0,130,464,247,108,0,0,0,10,8192,0,0,0,0,0,130,645,84,261,0,2,0,8,8192,0,0,0,0,0,130,547,81,608,0,4,0,6,8192,0,0,0,0,0,130,570,201,699,0,6,0,4,8192,0,0,0,0,0,130,626,385,632,0,8,0,2,8192,0,0,0,0,0,130,521,538,638
4322,0,4096,5888,5632,5376,5120,4864,4608,4352,0,0,0,36,0,32768,0,76,65535,4352,0,4226,808,905,855,16,0,0,14,8192,0,0,0,0,0,129,585,844,913,16,0,0,12,8192,0,0,0,0,0,130,496,240,108,0,0,0,10,8192,0,0,0,0,0,130,629,83,271,0,2,0,8,8192,0,0,0,0,0,130,531,84,616,0,4,0,6,8192,0,0,0,0,0,130,613,209,696,0,6,0,4,8192,0,0,0,0,0,130,624,394,629,0,8,0,2,8192,0,0,0,0,0,130,521,544,643
4326,0,4096,5888,5632,5376,5120,4864,4608,4352,0,0,0,36,0,32768,0,997,65535,4608,0,36994,812,915,848,16,0,0,14,8192,0,0,0,0,0,129,583,852,908,0,0,0,12,8192,0,0,0,0,0,130,496,232,106,0,0,0,10,8192,0,0,0,0,0,130,613,81,281,0,2,0,8,8192,0,0,0,0,0,130,515,87,624,0,4,0,6,8192,0,0,0,0,0,130,639,219,692,0,6,0,4,8192,0,0,0,0,0,130,622,403,626,0,8,0,2,8192,0,0,0,0,0,130,521,550,648
4330,0,4096,5888,5632,5376,5120,4864,4608,4352,0,0,0,36,0,32768,0,1013,65535,4608,0,36994,816,924,839,16,0,0,14,8192,0,0,0,0,0,129,581,859,902,0,0,0,12,8192,0,0,0,0,0,130,528,224,105,0,0,0,10,8192,0,0,0,0,0,130,597,79,290,0,2,0,8,8192,0,0,0,0,0,130,499,90,631,0,4,0,6,8192,0,0,0,0,0,130,623,228,688,0,6,0,4,8192,0,0,0,0,0,130,606,413,623,8,8,0,2,8192,0,0,0,0,0,130,521,555,654
4334,0,4096,5888,5632,5376,5120,4864,4608,4352,0,0,0,0,0,32768,0,1011,65535,4608,0,4226,820,932,829,16,0,0,14,8192,0,0,0,0,0,129,593,866,896,0,0,0,12,8192,0,0,0,0,0,130,528,216,104,0,0,0,10,8192,0,0,0,0,0,130,595,78,299,0,2,0,8,8192,0,0,0,0,0,130,483,95,637,0,4,0,6,8192,0,0,0,0,0,130,621,236,684,0,6,0,4,8192,0,0,0,0,0,130,590,422,621,8,8,0,2,8192,0,0,0,0,0,130,521,560,661
4338,0,4096,5888,5632,5376,5120,4864,4608,4352,0,0,0,32768,0,34816,0,1015,65535,4608,0,4226,824,940,819,16,0,0,14,8192,0,0,0,0,0,129,591,873,890,0,0,0,12,8192,0,0,0,0,0,130,512,208,104,0,0,0,10,8192,0,0,0,0,0,130,593,77,309,0,2,0,8,8192,0,0,0,0,0,130,467,99,644,0,4,0,6,8192,0,0,0,0,0,130,619,245,680,8,6,0,4,8192,0,0,0,0,0,130,574,431,621,8,8,0,2,8192,0,0,0,0,0,130,565,565,667
4342,0,4096,5888,5632,5376,5120,4864,4608,4352,0,0,0,32768,0,34816,0,1026,65535,4608,0,36994,828,945,807,16,0,0,14,8192,0,0,0,0,0,129,589,880,884,0,0,0,12,8192,0,0,0,0,0,130,496,200,104,0,0,0,10,8192,0,0,0,0,0,130,633,77,318,0,2,0,8,8192,0,0,0,0,0,130,451,102,650,0,4,0,6,8192,0,0,0,0,0,130,617,254,677,8,6,0,4,8192,0,0,0,0,0,130,601,440,622,8,8,0,2,8192,0,0,0,0,0,130,608,571,675
4346,0,4096,5888,5632,5376,5120,4864,4608,4352,0,0,0,32768,0,34816,0,1025,65535,4608,0,36994,832,947,795,16,0,0,14,8192,0,0,0,0,0,129,587,887,878,0,0,0,12,8192,0,0,0,0,0,130,480,193,106,0,0,0,10,8192,0,0,0,0,0,130,659,78,328,0,2,0,8,8192,0,0,0,0,0,130,453,105,656,8,4,0,6,8192,0,0,0,0,0,130,615,263,673,8,6,0,4,8192,0,0,0,0,0,130,641,449,623,8,8,0,2,8192,0,0,0,0,0,130,648,577,682
4350,0,4096,5888,5632,5376,5120,4864,4608,4352,0,0,0,32768,0,34816,0,980,1013,4864,4608,4226,834,948,782,16,0,0,14,8192,0,0,0,0,0,129,571,893,872,0,0,0,12,8192,0,0,0,0,0,130,464,186,108,0,0,0,10,8192,0,0,0,0,0,130,656,79,338,0,2,0,8,8192,0,0,0,0,0,130,453,108,663,8,4,0,6,8192,0,0,0,0,0,130,654,272,669,8,6,0,4,8192,0,0,0,0,0,130,678,459,625,8,8,0,2,8192,0,0,0,0,0,130,684,584,689
4354,0,4096,5888,5632,5376,5120,4864,4608,4352,0,0,0,32768,0,34816,0,504,964,5632,4864,4226,836,949,769,16,0,0,14,8192,0,0,0,0,0,129,555,898,865,0,0,0,12,8192,0,0,0,0,0,130,448,179,111,0,0,0,10,8192,0,0,0,0,0,130,679,79,349,8,2,0,8,8192,0,0,0,0,0,130,485,112,669,8,4,0,6,8192,0,0,0,0,0,130,690,282,665,8,6,0,4,8192,0,0,0,0,0,130,714,470,625,8,8,0,2,8192,0,0,0,0,0,130,707,592,697
4358,0,4096,5888,5632,5376,5120,4864,4608,4352,0,0,0,0,0,32768,0,655,489,5376,5632,36994,838,950,756,16,0,0,14,8192,0,0,0,0,0,129,554,903,857,0,0,0,12,8192,0,0,0,0,0,130,432,173,114,8,0,0,10,8192,0,0,0,0,0,130,663,80,359,8,2,0,8,8192,0,0,0,0,0,130,533,117,675,8,4,0,6,8192,0,0,0,0,0,130,725,292,662,8,6,0,4,8192,0,0,0,0,0,130,735,482,625,8,8,0,2,8192,0,0,0,0,0,130,739,599,705
4362,0,4096,5888,5632,5376,5120,4864,4608,4352,0,0,0,0,0,32768,0,107,343,4352,5888,36994,840,950,742,16,0,0,14,8192,0,0,0,0,0,129,553,907,849,0,0,0,12,8192,0,0,0,0,0,130,470,166,115,8,0,0,10,8192,0,0,0,0,0,130,660,80,370,8,2,0,8,8192,0,0,0,0,0,130,533,122,681,8,4,0,6,8192,0,0,0,0,0,130,757,303,658,8,6,0,4,8192,0,0,0,0,0,130,731,493,625,0,8,0,2,8192,0,0,0,0,0,130,771,606,715
4366,0,4096,5888,5632,5376,5120,4864,4608,4352,0,0,0,0,0,32768,0,110,340,4352,5888,4226,842,951,729,16,0,0,14,8192,0,0,0,0,0,129,552,912,842,8,0,0,12,8192,0,0,0,0,0,130,472,159,117,8,0,0,10,8192,0,0,0,0,0,130,696,79,380,8,2,0,8,8192,0,0,0,0,0,130,517,128,687,8,4,0,6,8192,0,0,0,0,0,130,788,314,654,8,6,0,4,8192,0,0,0,0,0,130,715,504,625,0,8,0,2,8192,0,0,0,0,0,130,784,613,725
4370,0,4096,5888,5632,5376,5120,4864,4608,4352,0,0,0,0,0,32768,0,326,810,5888,5120,4226,844,951,716,16,0,0,14,8192,0,0,0,0,0,129,551,917,834,8,0,0,12,8192,0,0,0,0,0,130,504,151,118,8,0,0,10,8192,0,0,0,0,0,130,731,79,391,8,2,0,8,8192,0,0,0,0,0,130,516,134,692,8,4,0,6,8192,0,0,0,0,0,130,816,326,651,0,6,0,4,8192,0,0,0,0,0,130,735,515,627,8,8,0,2,8192,0,0,0,0,0,130,752,619,735
4374,0,4096,5888,5632,5376,5120,4864,4608,4352,0,0,0,0,0,32768,0,811,608,5120,5376,36994,846,952,703,16,0,0,14,8192,0,0,0,0,0,129,550,920,826,8,0,0,12,8192,0,0,0,0,0,130,549,144,121,8,0,0,10,8192,0,0,0,0,0,130,763,80,403,8,2,0,8,8192,0,0,0,0,0,130,515,141,696,8,4,0,6,8192,0,0,0,0,0,130,843,339,648,0,6,0,4,8192,0,0,0,0,0,130,719,526,631,8,8,0,2,8192,0,0,0,0,0,130,736,624,745
4378,0,4096,5888,5632,5376,5120,4864,4608,4352,0,0,0,0,0,32768,0,794,609,5120,5376,36994,848,952,690,16,0,0,14,8192,0,0,0,0,0,129,549,924,818,8,0,0,12,8192,0,0,0,0,0,130,593,136,126,8,0,0,10,8192,0,0,0,0,0,130,794,81,415,8,2,0,8,8192,0,0,0,0,0,130,515,149,699,0,4,0,6,8192,0,0,0,0,0,130,853,351,643,8,6,0,4,8192,0,0,0,0,0,130,687,536,635,8,8,0,2,8192,0,0,0,0,0,130,768,630,755
4382,0,4096,5888,5632,5376,5120,4864,4608,4352,0,0,0,0,0,32768,0,797,581,5120,5376,4226,850,952,677,16,0,0,14,8192,0,0,0,0,0,129,578,928,811,8,0,0,12,8192,0,0,0,0,0,130,634,128,131,8,0,0,10,8192,0,0,0,0,0,130,822,79,427,8,2,0,8,8192,0,0,0,0,0,130,515,157,701,0,4,0,6,8192,0,0,0,0,0,130,821,364,639,8,6,0,4,8192,0,0,0,0,0,130,706,546,641,8,8,0,2,8192,0,0,0,0,0,130,796,637,766
4386,0,4096,5888,5632,5376,5120,4864,4608,4352,0,0,0,0,0,32768,0,319,791,5888,5120,4226,852,952,663,16,0,0,14,8192,0,0,0,0,0,129,590,931,802,8,0,0,12,8192,0,0,0,0,0,130,671,121,139,8,0,0,10,8192,0,0,0,0,0,130,849,77,440,0,2,0,8,8192,0,0,0,0,0,130,515,165,702,8,4,0,6,8192,0,0,0,0,0,130,804,376,635,8,6,0,4,8192,0,0,0,0,0,130,715,554,648,8,8,0,2,8192,0,0,0,0,0,130,824,643,776
4390,0,4096,5888,5632,5376,5120,4864,4608,4352,0,0,0,0,0,32768,0,329,773,5888,5120,36994,854,950,650,16,0,0,14,8192,0,0,0,0,0,129,588,934,793,8,0,0,12,8192,0,0,0,0,0,130,707,115,147,0,0,0,10,8192,0,0,0,0,0,130,859,77,453,0,2,0,8,8192,0,0,0,0,0,130,515,173,702,8,4,0,6,8192,0,0,0,0,0,130,832,388,632,8,6,0,4,8192,0,0,0,0,0,130,735,561,657,8,8,0,2,8192,0,0,0,0,0,130,851,649,788
4394,0,4096,5888,5632,5376,5120,4864,4608,4352,0,0,0,0,0,32768,0,332,385,5888,5632,36994,856,948,637,16,0,0,14,8192,0,0,0,0,0,129,586,935,784,8,0,0,12,8192,0,0,0,0,0,130,740,110,157,0,0,0,10,8192,0,0,0,0,0,130,819,79,467,8,2,0,8,8192,0,0,0,0,0,130,545,181,701,8,4,0,6,8192,0,0,0,0,0,130,856,401,628,8,6,0,4,8192,0,0,0,0,0,130,731,569,666,8,8,0,2,8192,0,0,0,0,0,130,875,655,799
4398,0,4096,5888,5632,5376,5120,4864,4608,4352,0,0,0,0,0,32768,0,328,377,5888,5632,4226,858,946,624,16,0,0,14,8192,0,0,0,0,0,129,584,935,775,0,0,0,12,8192,0,0,0,0,0,130,772,105,168,8,0,0,10,8192,0,0,0,0,0,130,755,80,479,8,2,0,8,8192,0,0,0,0,0,130,589,190,699,8,4,0,6,8192,0,0,0,0,0,130,828,413,624,8,6,0,4,8192,0,0,0,0,0,130,715,575,675,8,8,0,2,8192,0,0,0,0,0,130,899,663,810
4402,0,4096,5888,5632,5376,5120,4864,4608,4352,0,0,0,0,0,32768,0,341,365,5888,5632,4226,860,943,610,16,0,0,14,8192,0,0,0,0,0,129,582,935,766,0,0,0,12,8192,0,0,0,0,0,130,756,101,180,8,0,0,10,8192,0,0,0,0,0,130,703,81,490,8,2,0,8,8192,0,0,0,0,0,130,630,199,698,8,4,0,6,8192,0,0,0,0,0,130,812,426,623,8,6,0,4,8192,0,0,0,0,0,130,735,582,684,8,8,0,2,8192,0,0,0,0,0,130,893,670,822
4406,0,4096,5888,5632,5376,5120,4864,4608,4352,0,0,0,0,0,32768,0,366,733,5632,5120,36994,862,941,597,16,0,0,14,8192,0,0,0,0,0,129,594,935,757,8,0,0,12,8192,0,0,0,0,0,130,724,98,191,8,0,0,10,8192,0,0,0,0,0,130,687,81,501,8,2,0,8,8192,0,0,0,0,0,130,667,208,695,8,4,0,6,8192,0,0,0,0,0,130,796,439,623,8,6,0,4,8192,0,0,0,0,0,130,731,587,694,8,8,0,2,8192,0,0,0,0,0,130,907,678,833
4410,0,4096,5888,5632,5376,5120,4864,4608,4352,0,0,0,0,0,32768,0,365,733,5632,5120,36994,862,938,584,16,0,0,14,8192,0,0,0,0,0,129,592,935,747,8,0,0,12,8192,0,0,0,0,0,130,740,94,201,8,0,0,10,8192,0,0,0,0,0,130,710,81,512,8,2,0,8,8192,0,0,0,0,0,130,703,218,691,8,4,0,6,8192,0,0,0,0,0,130,780,451,625,8,6,0,4,8192,0,0,0,0,0,130,715,592,704,8,8,0,2,8192,0,0,0,0,0,130,901,689,842
4414,0,4096,5888,5632,5376,5120,4864,4608,4352,0,0,0,0,0,32768,0,364,711,5632,5120,4226,862,936,571,16,0,0,14,8192,0,0,0,0,0,129,590,935,738,8,0,0,12,8192,0,0,0,0,0,130,772,91,213,8,0,0,10,8192,0,0,0,0,0,130,694,81,523,8,2,0,8,8192,0,0,0,0,0,130,736,229,686,8,4,0,6,8192,0,0,0,0,0,130,764,463,626,8,6,0,4,8192,0,0,0,0,0,130,735,598,713,8,8,0,2,8192,0,0,0,0,0,130,895,699,851
4418,0,4096,5888,5632,5376,5120,4864,4608,4352,0,0,0,0,0,32772,0,366,710,5632,5120,4227,862,933,558,16,0,0,14,8192,0,0,0,0,0,129,588,935,729,8,0,0,12,8192,0,0,0,0,0,130,801,90,225,8,0,0,10,8192,0,0,0,0,0,130,691,81,534,8,2,0,8,8192,0,0,0,0,0,130,768,240,682,8,4,0,6,8192,0,0,0,0,0,130,748,475,626,8,6,0,4,8192,0,0,0,0,0,130,767,604,722,8,8,0,2,8192,0,0,0,0,0,130,909,711,860
4422,0,4096,5888,5632,5376,5120,4864,4608,4352,0,0,0,0,0,32768,0,684,454,5120,5376,36995,862,931,544,16,0,0,14,8192,0,0,0,0,0,129,586,935,720,8,0,0,12,8192,0,0,0,0,0,130,829,89,237,8,0,0,10,8192,0,0,0,0,0,130,688,81,545,8,2,0,8,8192,0,0,0,0,0,130,797,251,678,8,4,0,6,8192,0,0,0,0,0,130,732,486,626,8,6,0,4,8192,0,0,0,0,0,130,796,611,732,8,8,0,2,8192,0,0,0,0,0,130,893,722,869
4426,0,4096,5888,5632,5376,5120,4864,4608,4352,0,0,0,0,0,32768,0,683,446,5120,5376,36995,862,929,531,16,0,0,14,8192,0,0,0,0,0,129,584,935,711,8,0,0,12,8192,0,0,0,0,0,130,854,87,250,8,0,0,10,8192,0,0,0,0,0,130,711,81,556,8,2,0,8,8192,0,0,0,0,0,130,825,263,674,8,4,0,6,8192,0,0,0,0,0,130,716,498,626,8,6,0,4,8192,0,0,0,0,0,130,824,618,743,8,8,0,2,8192,0,0,0,0,0,130,907,733,877
4430,0,4096,5888,5632,5376,5120,4864,4608,4352,0,0,0,4,0,32768,0,377,663,5632,5120,4227,862,926,518,16,0,0,14,8192,0,0,0,0,0,129,582,935,702,8,0,0,12,8192,0,0,0,0,0,130,878,86,264,8,0,0,10,8192,0,0,0,0,0,130,695,81,567,8,2,0,8,8192,0,0,0,0,0,130,850,274,668,8,4,0,6,8192,0,0,0,0,0,130,712,509,626,8,6,0,4,8192,0,0,0,0,0,130,850,625,753,8,8,0,2,8192,0,0,0,0,0,130,901,744,886
4434,0,4096,5888,5632,5376,5120,4864,4608,4352,0,0,0,0,0,32768,0,385,426,5632,5376,4227,862,923,505,16,0,0,14,8192,0,0,0,0,0,129,594,935,692,8,0,0,12,8192,0,0,0,0,0,130,872,84,278,8,0,0,10,8192,0,0,0,0,0,130,692,81,577,8,2,0,8,8192,0,0,0,0,0,130,874,287,663,8,4,0,6,8192,0,0,0,0,0,130,732,520,629,8,6,0,4,8192,0,0,0,0,0,130,874,632,764,8,8,0,2,8192,0,0,0,0,0,130,895,755,894
4438,0,4096,5888,5632,5376,5120,4864,4608,4352,0,0,0,0,0,32768,0,388,417,5632,5376,36995,862,919,492,16,0,0,14,8192,0,0,0,0,0,129,592,935,683,8,0,0,12,8192,0,0,0,0,0,130,886,82,291,8,0,0,10,8192,0,0,0,0,0,130,689,81,588,8,2,0,8,8192,0,0,0,0,0,130,898,300,659,8,4,0,6,8192,0,0,0,0,0,130,716,530,633,8,6,0,4,8192,0,0,0,0,0,130,898,639,776,8,8,0,2,8192,0,0,0,0,0,130,909,768,901
4442,0,4096,5888,5632,5376,5120,4864,4608,4352,0,0,0,4,0,32768,0,397,404,5632,5376,36995,862,914,479,16,0,0,14,8192,0,0,0,0,0,129,590,935,674,8,0,0,12,8192,0,0,0,0,0,130,880,79,304,8,0,0,10,8192,0,0,0,0,0,130,669,81,599,8,2,0,8,8192,0,0,0,0,0,130,910,313,655,8,4,0,6,8192,0,0,0,0,0,130,712,540,638,8,6,0,4,8192,0,0,0,0,0,130,919,647,788,8,8,0,2,8192,0,0,0,0,0,130,893,781,905
4446,0,4096,5888,5632,5376,5120,4864,4608,4352,0,0,0,4,0,32768,0,408,398,5632,5376,36995,862,909,467,16,0,0,14,8192,0,0,0,0,0,129,588,935,665,8,0,0,12,8192,0,0,0,0,0,130,894,75,318,8,0,0,10,8192,0,0,0,0,0,130,637,82,609,8,2,0,8,8192,0,0,0,0,0,130,903,327,650,8,4,0,6,8192,0,0,0,0,0,130,732,549,645,8,6,0,4,8192,0,0,0,0,0,130,912,654,800,8,8,0,2,8192,0,0,0,0,0,130,907,795,908
4450,0,4096,5888,5632,5376,5120,4864,4608,4352,0,0,0,4,0,32768,0,419,399,5632,5376,36995,862,903,455,16,0,0,14,8192,0,0,0,0,0,129,586,935,656,8,0,0,12,8192,0,0,0,0,0,130,888,73,332,8,0,0,10,8192,0,0,0,0,0,130,609,84,619,8,2,0,8,8192,0,0,0,0,0,130,896,340,646,8,4,0,6,8192,0,0,0,0,0,130,716,557,653,8,6,0,4,8192,0,0,0,0,0,130,905,661,812,8,8,0,2,8192,0,0,0,0,0,130,901,809,909
4454,0,4096,5888,5632,5376,5120,4864,4608,4352,0,0,0,36,0,32768,0,436,396,5632,5376,36995,862,896,443,16,0,0,14,8192,0,0,0,0,0,129,584,935,647,8,0,0,12,8192,0,0,0,0,0,130,872,73,345,8,0,0,10,8192,0,0,0,0,0,130,593,87,627,8,2,0,8,8192,0,0,0,0,0,130,908,354,642,8,4,0,6,8192,0,0,0,0,0,130,712,564,661,8,6,0,4,8192,0,0,0,0,0,130,916,669,824,8,8,0,2,8192,0,0,0,0,0,130,895,823,908
4458,0,4096,5888,5632,5376,5120,4864,4608,4352,0,0,0,0,0,32768,0,445,397,5632,5376,36995,862,888,432,16,0,0,14,8192,0,0,0,0,0,129,582,935,637,8,0,0,12,8192,0,0,0,0,0,130,886,74,359,8,0,0,10,8192,0,0,0,0,0,130,577,92,635,8,2,0,8,8192,0,0,0,0,0,130,901,367,637,8,4,0,6,8192,0,0,0,0,0,130,732,571,670,8,6,0,4,8192,0,0,0,0,0,130,909,677,836,8,8,0,2,8192,0,0,0,0,0,130,909,836,904
4462,0,4096,5888,5632,5376,5120,4864,4608,4352,0,0,0,0,0,32768,0,456,397,5632,5376,4227,862,880,422,16,0,0,14,8192,0,0,0,0,0,129,594,935,628,8,0,0,12,8192,0,0,0,0,0,130,880,75,373,8,0,0,10,8192,0,0,0,0,0,130,561,97,643,8,2,0,8,8192,0,0,0,0,0,130,894,380,632,8,4,0,6,8192,0,0,0,0,0,130,716,578,679,8,6,0,4,8192,0,0,0,0,0,130,920,687,846,8,8,0,2,8192,0,0,0,0,0,130,893,850,899
4466,0,4096,5888,5632,5376,5120,4864,4608,4352,0,0,0,0,0,32768,0,464,396,5632,5376,4227,862,869,413,16,0,0,14,8192,0,0,0,0,0,129,592,935,619,8,0,0,12,8192,0,0,0,0,0,130,894,76,386,8,0,0,10,8192,0,0,0,0,0,130,545,101,650,8,2,0,8,8192,0,0,0,0,0,130,906,394,628,8,4,0,6,8192,0,0,0,0,0,130,712,583,689,8,6,0,4,8192,0,0,0,0,0,130,913,699,855,8,8,0,2,8192,0,0,0,0,0,130,907,862,892
4470,0,4096,5888,5632,5376,5120,4864,4608,4352,0,0,0,0,0,32768,0,474,398,5632,5376,36995,862,858,405,16,0,0,14,8192,0,0,0,0,0,129,590,935,610,8,0,0,12,8192,0,0,0,0,0,130,888,78,400,8,0,0,10,8192,0,0,0,0,0,130,529,105,658,8,2,0,8,8192,0,0,0,0,0,130,891,407,624,8,4,0,6,8192,0,0,0,0,0,130,732,589,699,8,6,0,4,8192,0,0,0,0,0,130,906,710,864,8,8,0,2,8192,0,0,0,0,0,130,901,874,885
4474,0,4096,5888,5632,5376,5120,4864,4608,4352,0,0,0,0,0,32768,0,487,399,5632,5376,36995,862,847,398,16,0,0,14,8192,0,0,0,0,0,129,588,935,601,8,0,0,12,8192,0,0,0,0,0,130,872,80,414,8,0,0,10,8192,0,0,0,0,0,130,513,109,665,8,2,0,8,8192,0,0,0,0,0,130,859,421,621,8,4,0,6,8192,0,0,0,0,0,130,728,596,708,8,6,0,4,8192,0,0,0,0,0,130,917,720,874,8,8,0,2,8192,0,0,0,0,0,130,895,885,877
4478,0,4096,5888,5632,5376,5120,4864,4608,4352,0,0,0,0,0,32768,0,496,398,5632,5376,4227,862,835,392,16,0,0,14,8192,0,0,0,0,0,129,586,935,591,8,0,0,12,8192,0,0,0,0,0,130,886,81,428,8,0,0,10,8192,0,0,0,0,0,130,497,114,671,8,2,0,8,8192,0,0,0,0,0,130,827,434,621,8,4,0,6,8192,0,0,0,0,0,130,760,603,717,8,6,0,4,8192,0,0,0,0,0,130,910,732,883,8,8,0,2,8192,0,0,0,0,0,130,909,896,867
4482,0,4096,5888,5632,5376,5120,4864,4608,4352,0,0,0,0,0,32768,0,507,395,5632,5376,4227,862,823,386,16,0,0,14,8192,0,0,0,0,0,129,584,935,582,8,0,0,12,8192,0,0,0,0,0,130,880,82,441,8,0,0,10,8192,0,0,0,0,0,130,497,119,677,8,2,0,8,8192,0,0,0,0,0,130,807,447,622,8,4,0,6,8192,0,0,0,0,0,130,791,610,727,8,6,0,4,8192,0,0,0,0,0,130,921,743,892,8,8,0,2,8192,0,0,0,0,0,130,893,904,856
4486,0,4096,5888,5632,5376,5120,4864,4608,4352,0,0,0,0,0,32768,0,518,398,5632,5376,36995,862,810,381,16,0,0,14,8192,0,0,0,0,0,129,582,935,573,8,0,0,12,8192,0,0,0,0,0,130,894,80,455,8,0,0,10,8192,0,0,0,0,0,130,497,124,683,8,2,0,8,8192,0,0,0,0,0,130,791,459,624,8,4,0,6,8192,0,0,0,0,0,130,819,616,738,8,6,0,4,8192,0,0,0,0,0,130,914,754,901,8,8,0,2,8192,0,0,0,0,0,130,907,911,844
4490,0,4096,5888,5632,5376,5120,4864,4608,4352,0,0,0,0,0,32768,0,406,416,5376,5120,36995,862,798,374,16,0,0,14,8192,0,0,0,0,0,129,594,935,564,8,0,0,12,8192,0,0,0,0,0,130,876,76,469,8,0,0,10,8192,0,0,0,0,0,130,497,130,688,8,2,0,8,8192,0,0,0,0,0,130,775,471,626,8,4,0,6,8192,0,0,0,0,0,130,846,623,749,8,6,0,4,8192,0,0,0,0,0,130,907,767,907,8,8,0,2,8192,0,0,0,0,0,130,901,919,832
4494,0,4096,5888,5632,5376,5120,4864,4608,4352,0,0,0,0,0,32768,0,419,406,5376,5120,4227,862,787,368,16,0,0,14,8192,0,0,0,0,0,130,574,935,555,16,0,0,12,8192,0,0,0,0,0,130,844,75,482,8,0,0,10,8192,0,0,0,0,0,130,497,136,692,8,2,0,8,8192,0,0,0,0,0,130,759,483,626,8,4,0,6,8192,0,0,0,0,0,130,870,630,761,8,6,0,4,8192,0,0,0,0,0,130,918,781,912,8,8,0,2,8192,0,0,0,0,0,130,895,925,820
4498,0,4096,5888,5632,5376,5120,4864,4608,4352,0,0,0,0,0,32768,0,425,387,5376,5120,4227,862,775,360,16,0,0,14,8192,0,0,0,0,0,130,558,934,546,16,0,0,12,8192,0,0,0,0,0,130,788,75,495,8,0,0,10,8192,0,0,0,0,0,130,497,143,695,8,2,0,8,8192,0,0,0,0,0,130,743,495,626,8,4,0,6,8192,0,0,0,0,0,130,894,637,773,8,6,0,4,8192,0,0,0,0,0,130,911,795,914,8,8,0,2,8192,0,0,0,0,0,130,909,932,807
4502,0,4096,5888,5632,5376,5120,4864,4608,4352,0,0,0,0,0,32768,0,437,375,5376,5120,36995,862,764,353,16,0,0,14,8192,0,0,0,0,0,130,542,933,538,16,0,0,12,8192,0,0,0,0,0,130,724,77,507,8,0,0,10,8192,0,0,0,0,0,130,497,151,697,8,2,0,8,8192,0,0,0,0,0,130,727,506,626,8,4,0,6,8192,0,0,0,0,0,130,908,646,785,8,6,0,4,8192,0,0,0,0,0,130,922,809,914,8,8,0,2,8192,0,0,0,0,0,130,893,937,794
4506,0,4096,5888,5632,5376,5120,4864,4608,4352,0,0,0,0,0,32768,0,455,365,5376,5120,36995,862,753,346,16,0,0,14,8192,0,0,0,0,0,130,526,930,530,16,0,0,12,8192,0,0,0,0,0,130,684,79,518,8,0,0,10,8192,0,0,0,0,0,130,497,158,698,8,2,0,8,8192,0,0,0,0,0,130,711,517,628,8,4,0,6,8192,0,0,0,0,0,130,901,654,797,8,6,0,4,8192,0,0,0,0,0,130,915,823,912,8,8,0,2,8192,0,0,0,0,0,130,907,940,780
4510,0,4096,5888,5632,5376,5120,4864,4608,4352,0,0,0,0,0,32768,0,470,365,5376,5120,4227,862,741,339,16,0,0,14,8192,0,0,0,0,0,130,510,927,522,16,0,0,12,8192,0,0,0,0,0,130,652,81,528,8,0,0,10,8192,0,0,0,0,0,130,497,166,698,8,2,0,8,8192,0,0,0,0,0,130,707,528,632,8,4,0,6,8192,0,0,0,0,0,130,912,662,809,8,6,0,4,8192,0,0,0,0,0,130,908,837,909,8,8,0,2,8192,0,0,0,0,0,130,901,941,766
4514,0,4096,5888,5632,5376,5120,4864,4608,4352,0,0,0,0,0,32768,0,481,355,5376,5120,4227,862,730,332,16,0,0,14,8192,0,0,0,0,0,130,494,925,515,16,0,0,12,8192,0,0,0,0,0,130,620,83,538,8,0,0,10,8192,0,0,0,0,0,130,544,174,697,8,2,0,8,8192,0,0,0,0,0,130,704,538,637,8,4,0,6,8192,0,0,0,0,0,130,905,669,821,8,6,0,4,8192,0,0,0,0,0,130,919,850,903,8,8,0,2,8192,0,0,0,0,0,130,895,941,752
4518,0,4096,5888,5632,5376,5120,4864,4608,4352,0,0,0,0,0,32768,0,354,660,5120,4864,36995,862,718,325,16,0,0,14,8192,0,0,0,0,0,130,478,922,507,16,0,0,12,8192,0,0,0,0,0,130,588,84,547,8,0,0,10,8192,0,0,0,0,0,130,587,183,697,8,2,0,8,8192,0,0,0,0,0,130,701,547,643,8,4,0,6,8192,0,0,0,0,0,130,899,678,833,8,6,0,4,8192,0,0,0,0,0,130,912,862,895,8,8,0,2,8192,0,0,0,0,0,130,909,941,738
4522,0,4096,5888,5632,5376,5120,4864,4608,4352,0,0,0,0,0,32768,0,364,633,5120,4864,36995,862,707,318,16,0,0,14,8192,0,0,0,0,0,130,462,920,500,16,0,0,12,8192,0,0,0,0,0,130,568,84,556,8,0,0,10,8192,0,0,0,0,0,130,627,192,695,8,2,0,8,8192,0,0,0,0,0,130,722,554,651,8,4,0,6,8192,0,0,0,0,0,130,910,688,842,8,6,0,4,8192,0,0,0,0,0,130,905,873,886,8,8,0,2,8192,0,0,0,0,0,130,893,941,724
4526,0,4096,5888,5632,5376,5120,4864,4608,4352,0,0,0,0,0,32768,0,365,632,5120,4864,4227,862,695,310,16,0,0,14,8192,0,0,0,0,0,130,462,918,493,16,0,0,12,8192,0,0,0,0,0,130,552,84,565,8,0,0,10,8192,0,0,0,0,0,130,666,202,693,8,2,0,8,8192,0,0,0,0,0,130,718,561,661,8,4,0,6,8192,0,0,0,0,0,130,903,699,851,8,6,0,4,8192,0,0,0,0,0,130,916,884,877,8,8,0,2,8192,0,0,0,0,0,130,907,941,710
4530,0,4096,5888,5632,5376,5120,4864,4608,4352,0,0,0,0,0,32768,0,374,605,5120,4864,4227,862,684,303,16,0,0,14,8192,0,0,0,0,0,130,462,916,487,16,0,0,12,8192,0,0,0,0,0,130,536,84,574,8,0,0,10,8192,0,0,0,0,0,130,702,212,690,8,2,0,8,8192,0,0,0,0,0,130,702,568,670,8,4,0,6,8192,0,0,0,0,0,130,914,711,860,8,6,0,4,8192,0,0,0,0,0,130,909,895,868,8,8,0,2,8192,0,0,0,0,0,130,901,941,696
4534,0,4096,5888,5632,5376,5120,4864,4608,4352,0,0,0,0,0,32768,0,385,604,5120,4864,36995,862,673,296,16,0,0,14,8192,0,0,0,0,0,130,462,913,480,16,0,0,12,8192,0,0,0,0,0,130,520,84,582,8,0,0,10,8192,0,0,0,0,0,130,737,222,685,8,2,0,8,8192,0,0,0,0,0,130,723,575,679,8,4,0,6,8192,0,0,0,0,0,130,907,722,869,8,6,0,4,8192,0,0,0,0,0,130,920,905,858,8,8,0,2,8192,0,0,0,0,0,130,895,941,682
4538,0,4096,5888,5632,5376,5120,4864,4608,4352,0,0,0,0,0,32768,0,397,574,5120,4864,36995,862,661,289,16,0,0,14,8192,0,0,0,0,0,130,462,910,473,16,0,0,12,8192,0,0,0,0,0,130,504,84,590,8,0,0,10,8192,0,0,0,0,0,130,769,233,682,8,2,0,8,8192,0,0,0,0,0,130,719,582,688,8,4,0,6,8192,0,0,0,0,0,130,901,733,877,8,6,0,4,8192,0,0,0,0,0,130,913,913,846,8,8,0,2,8192,0,0,0,0,0,130,909,941,668
4542,0,4096,5888,5632,5376,5120,4864,4608,4352,0,0,0,0,0,32768,0,409,574,5120,4864,4227,862,650,282,16,0,0,14,8192,0,0,0,0,0,130,462,908,467,16,0,0,12,8192,0,0,0,0,0,130,452,84,598,8,0,0,10,8192,0,0,0,0,0,130,797,245,678,8,2,0,8,8192,0,0,0,0,0,130,703,589,698,8,4,0,6,8192,0,0,0,0,0,130,912,744,886,8,6,0,4,8192,0,0,0,0,0,130,906,919,833,8,8,0,2,8192,0,0,0,0,0,130,893,941,654
4546,0,4096,5888,5632,5376,5120,4864,4608,4352,0,0,0,0,0,32768,0,427,545,5120,4864,4227,862,638,275,16,0,0,14,8192,0,0,0,0,0,130,462,906,460,16,0,0,12,8192,0,0,0,0,0,130,412,85,604,8,0,0,10,8192,0,0,0,0,0,130,825,257,674,8,2,0,8,8192,0,0,0,0,0,130,724,596,706,8,4,0,6,8192,0,0,0,0,0,130,905,756,894,8,6,0,4,8192,0,0,0,0,0,130,917,924,820,8,8,0,2,8192,0,0,0,0,0,130,907,941,640
4550,0,4096,5888,5632,5376,5120,4864,4608,4352,0,0,0,0,0,32768,0,436,544,5120,4864,36995,862,627,267,16,0,0,14,8192,0,0,0,0,0,130,462,904,453,16,0,0,12,8192,0,0,0,0,0,130,380,86,610,8,0,0,10,8192,0,0,0,0,0,130,852,268,668,8,2,0,8,8192,0,0,0,0,0,130,756,603,716,8,4,0,6,8192,0,0,0,0,0,130,899,768,901,8,6,0,4,8192,0,0,0,0,0,130,910,930,807,8,8,0,2,8192,0,0,0,0,0,130,901,941,626
4554,0,4096,5888,5632,5376,5120,4864,4608,4352,0,0,0,0,0,32768,0,453,515,5120,4864,36995,862,615,260,16,0,0,14,8192,0,0,0,0,0,130,462,901,446,16,0,0,12,8192,0,0,0,0,0,130,348,88,616,8,0,0,10,8192,0,0,0,0,0,130,876,281,663,8,2,0,8,8192,0,0,0,0,0,130,786,609,727,8,4,0,6,8192,0,0,0,0,0,130,910,781,905,8,6,0,4,8192,0,0,0,0,0,130,921,935,793,8,8,0,2,8192,0,0,0,0,0,130,895,941,612
4558,0,4096,5888,5632,5376,5120,4864,4608,4352,0,0,0,0,0,32768,0,472,518,5120,4864,4227,862,604,253,16,0,0,14,8192,0,0,0,0,0,130,462,897,440,16,0,0,12,8192,0,0,0,0,0,130,328,90,621,8,0,0,10,8192,0,0,0,0,0,130,890,294,659,8,2,0,8,8192,0,0,0,0,0,130,814,616,737,8,4,0,6,8192,0,0,0,0,0,130,903,795,908,8,6,0,4,8192,0,0,0,0,0,130,914,938,779,8,8,0,2,8192,0,0,0,0,0,130,909,941,598
4562,0,4096,5888,5632,5376,5120,4864,4608,4352,0,0,0,0,0,32768,0,491,504,5120,4864,4227,862,593,246,16,0,0,14,8192,0,0,0,0,0,130,462,893,434,16,0,0,12,8192,0,0,0,0,0,130,312,92,625,8,0,0,10,8192,0,0,0,0,0,130,884,307,655,8,2,0,8,8192,0,0,0,0,0,130,842,622,749,8,4,0,6,8192,0,0,0,0,0,130,914,809,909,8,6,0,4,8192,0,0,0,0,0,130,907,938,765,8,8,0,2,8192,0,0,0,0,0,130,893,941,583
4566,0,4096,5888,5632,5376,5120,4864,4608,4352,0,0,0,0,0,32768,0,515,488,5120,4864,36995,862,581,239,16,0,0,14,8192,0,0,0,0,0,130,462,888,429,16,0,0,12,8192,0,0,0,0,0,130,296,95,629,8,0,0,10,8192,0,0,0,0,0,130,878,320,651,8,2,0,8,8192,0,0,0,0,0,130,867,629,761,8,4,0,6,8192,0,0,0,0,0,130,907,823,908,8,6,0,4,8192,0,0,0,0,0,130,918,938,751,8,8,0,2,8192,0,0,0,0,0,130,907,941,569
4570,0,4096,5888,5632,5376,5120,4864,4608,4352,0,0,0,0,0,32768,0,479,609,4864,4608,36995,862,570,232,16,0,0,14,8192,0,0,0,0,0,130,462,884,423,16,0,0,12,8192,0,0,0,0,0,130,280,97,633,8,0,0,10,8192,0,0,0,0,0,130,892,333,647,8,2,0,8,8192,0,0,0,0,0,130,891,637,772,8,4,0,6,8192,0,0,0,0,0,130,901,837,905,8,6,0,4,8192,0,0,0,0,0,130,911,938,737,8,8,0,2,8192,0,0,0,0,0,131,887,941,555
4574,0,4096,5888,5632,5376,5120,4864,4608,4352,0,0,0,0,0,32768,0,471,606,4864,4608,4227,862,558,224,16,0,0,14,8192,0,0,0,0,0,130,462,879,418,8,0,0,12,8192,0,0,0,0,0,130,264,99,637,8,0,0,10,8192,0,0,0,0,0,130,886,346,644,8,2,0,8,8192,0,0,0,0,0,130,894,645,784,8,4,0,6,8192,0,0,0,0,0,130,912,850,899,8,6,0,4,8192,0,0,0,0,0,130,922,938,722,8,8,0,2,8192,0,0,0,0,0,131,855,940,542
4578,0,4096,5888,5632,5376,5120,4864,4608,4352,0,0,0,0,0,32768,0,462,603,4864,4608,4227,862,547,217,16,0,0,14,8192,0,0,0,0,0,130,462,875,412,8,0,0,12,8192,0,0,0,0,0,130,296,101,641,8,0,0,10,8192,0,0,0,0,0,130,880,359,640,8,2,0,8,8192,0,0,0,0,0,130,906,652,796,8,4,0,6,8192,0,0,0,0,0,130,905,862,892,8,6,0,4,8192,0,0,0,0,0,130,915,938,708,8,8,0,2,8192,0,0,0,0,0,131,827,937,529
4582,0,4096,5888,5632,5376,5120,4864,4608,4352,0,0,0,0,0,32768,0,452,602,4864,4608,36995,854,536,210,16,0,0,14,8192,0,0,0,0,0,130,462,870,407,8,0,0,12,8192,0,0,0,0,0,130,344,103,645,8,0,0,10,8192,0,0,0,0,0,130,894,371,636,8,2,0,8,8192,0,0,0,0,0,130,899,661,807,8,4,0,6,8192,0,0,0,0,0,130,899,875,885,8,6,0,4,8192,0,0,0,0,0,130,908,938,694,8,8,0,2,8192,0,0,0,0,0,131,811,932,517
4586,0,4096,5888,5632,5376,5120,4864,4608,4352,0,0,0,0,0,32768,0,447,601,4864,4608,36995,816,524,203,16,0,0,14,8192,0,0,0,0,0,130,462,866,401,8,0,0,12,8192,0,0,0,0,0,130,392,105,650,8,0,0,10,8192,0,0,0,0,0,130,878,384,633,8,2,0,8,8192,0,0,0,0,0,130,893,668,819,8,4,0,6,8192,0,0,0,0,0,130,910,886,877,8,6,0,4,8192,0,0,0,0,0,130,919,938,680,8,8,0,2,8192,0,0,0,0,0,131,795,928,505
4590,0,4096,5888,5632,5376,5120,4864,4608,4352,0,0,0,0,0,32768,0,447,612,4864,4608,36995,778,513,198,16,0,0,14,8192,0,0,0,0,0,130,478,861,395,8,0,0,12,8192,0,0,0,0,0,130,446,108,656,8,0,0,10,8192,0,0,0,0,0,130,892,397,630,8,2,0,8,8192,0,0,0,0,0,130,907,676,830,8,4,0,6,8192,0,0,0,0,0,130,903,896,867,8,6,0,4,8192,0,0,0,0,0,130,912,938,665,8,8,0,2,8192,0,0,0,0,0,131,779,922,494
4594,0,4096,5888,5632,5376,5120,4864,4608,4352,0,0,0,0,0,32768,0,437,611,4864,4608,36995,744,502,193,16,0,0,14,8192,0,0,0,0,0,130,525,855,390,8,0,0,12,8192,0,0,0,0,0,130,496,112,662,8,0,0,10,8192,0,0,0,0,0,130,872,409,627,8,2,0,8,8192,0,0,0,0,0,130,901,686,841,8,4,0,6,8192,0,0,0,0,0,130,914,905,856,8,6,0,4,8192,0,0,0,0,0,130,905,938,651,8,8,0,2,8192,0,0,0,0,0,131,763,918,483
4598,0,4096,5888,5632,5376,5120,4864,4608,4352,0,0,0,0,0,32768,0,435,610,4864,4608,36995,732,491,188,16,0,0,14,8192,0,0,0,0,0,130,554,849,385,8,0,0,12,8192,0,0,0,0,0,130,496,116,669,8,0,0,10,8192,0,0,0,0,0,130,840,422,625,8,2,0,8,8192,0,0,0,0,0,130,894,697,850,8,4,0,6,8192,0,0,0,0,0,130,907,912,844,8,6,0,4,8192,0,0,0,0,0,130,916,938,637,8,8,0,2,8192,0,0,0,0,0,131,747,913,472
4602,0,4096,5888,5632,5376,5120,4864,4608,4352,0,0,0,0,0,32768,0,436,610,4864,4608,36995,738,481,184,16,0,0,14,8192,0,0,0,0,0,130,553,842,380,8,0,0,12,8192,0,0,0,0,0,130,528,119,676,8,0,0,10,8192,0,0,0,0,0,130,808,435,624,8,2,0,8,8192,0,0,0,0,0,130,906,707,859,8,4,0,6,8192,0,0,0,0,0,130,901,918,831,8,6,0,4,8192,0,0,0,0,0,130,909,938,623,8,8,0,2,8192,0,0,0,0,0,131,731,908,462
4606,0,4096,5888,5632,5376,5120,4864,4608,4352,0,0,0,0,0,32768,0,438,611,4864,4608,4227,744,470,180,16,0,0,14,8192,0,0,0,0,0,130,552,835,375,8,0,0,12,8192,0,0,0,0,0,130,528,122,684,8,0,0,10,8192,0,0,0,0,0,130,792,447,625,8,2,0,8,8192,0,0,0,0,0,130,899,719,867,8,4,0,6,8192,0,0,0,0,0,130,912,924,818,8,6,0,4,8192,0,0,0,0,0,130,920,938,608,8,8,0,2,8192,0,0,0,0,0,131,715,903,452
4610,0,4096,5888,5632,5376,5120,4864,4608,4352,0,0,0,0,0,32768,0,447,613,4864,4608,4227,750,459,176,16,0,0,14,8192,0,0,0,0,0,130,551,827,370,8,0,0,12,8192,0,0,0,0,0,130,512,126,691,8,0,0,10,8192,0,0,0,0,0,130,776,459,626,8,2,0,8,8192,0,0,0,0,0,130,893,730,876,8,4,0,6,8192,0,0,0,0,0,130,905,930,805,8,6,0,4,8192,0,0,0,0,0,130,913,938,594,8,8,0,2,8192,0,0,0,0,0,131,712,897,443
4614,0,4096,5888,5632,5376,5120,4864,4608,4352,0,0,0,0,0,32768,0,447,600,4864,4608,36995,756,448,172,16,0,0,14,8192,0,0,0,0,0,130,550,821,365,8,0,0,12,8192,0,0,0,0,0,130,496,131,697,8,0,0,10,8192,0,0,0,0,0,130,760,470,627,8,2,0,8,8192,0,0,0,0,0,130,907,741,885,8,4,0,6,8192,0,0,0,0,0,130,899,936,792,8,6,0,4,8192,0,0,0,0,0,130,906,938,580,8,8,0,2,8192,0,0,0,0,0,131,709,889,434
4618,0,4096,5888,5632,5376,5120,4864,4608,4352,0,0,0,0,0,32768,0,453,600,4864,4608,36995,762,437,167,16,0,0,14,8192,0,0,0,0,0,130,564,813,360,8,0,0,12,8192,0,0,0,0,0,130,528,136,703,8,0,0,10,8192,0,0,0,0,0,130,744,482,628,8,2,0,8,8192,0,0,0,0,0,130,901,753,893,8,4,0,6,8192,0,0,0,0,0,130,910,939,779,8,6,0,4,8192,0,0,0,0,0,130,917,938,566,8,8,0,2,8192,0,0,0,0,0,131,706,883,425
4622,0,4096,5888,5632,5376,5120,4864,4608,4352,0,0,0,0,0,32768,0,461,601,4864,4608,4227,768,426,163,16,0,0,14,8192,0,0,0,0,0,130,592,806,355,8,0,0,12,8192,0,0,0,0,0,130,528,143,708,8,0,0,10,8192,0,0,0,0,0,130,728,493,629,8,2,0,8,8192,0,0,0,0,0,130,894,764,900,8,4,0,6,8192,0,0,0,0,0,130,903,940,765,8,6,0,4,8192,0,0,0,0,0,131,902,938,551,8,8,0,2,8192,0,0,0,0,0,131,703,876,417
4626,0,4096,5888,5632,5376,5120,4864,4608,4352,0,0,0,0,0,32768,0,474,600,4864,4608,4227,772,414,160,16,0,0,14,8192,0,0,0,0,0,130,590,798,350,8,0,0,12,8192,0,0,0,0,0,130,557,150,712,8,0,0,10,8192,0,0,0,0,0,130,712,504,630,8,2,0,8,8192,0,0,0,0,0,130,906,777,906,8,4,0,6,8192,0,0,0,0,0,130,914,940,750,8,6,0,4,8192,0,0,0,0,0,131,870,936,537,8,8,0,2,8192,0,0,0,0,0,131,726,869,408
4630,0,4096,5888,5632,5376,5120,4864,4608,4352,0,0,0,0,0,32768,0,482,611,4864,4608,36995,776,403,156,16,0,0,14,8192,0,0,0,0,0,130,588,790,345,8,0,0,12,8192,0,0,0,0,0,130,601,159,715,8,0,0,10,8192,0,0,0,0,0,130,696,515,632,8,2,0,8,8192,0,0,0,0,0,130,899,791,910,8,4,0,6,8192,0,0,0,0,0,130,907,940,736,8,6,0,4,8192,0,0,0,0,0,131,838,933,525,8,8,0,2,8192,0,0,0,0,0,131,710,862,399
4634,0,4096,5888,5632,5376,5120,4864,4608,4352,0,0,0,0,0,32768,0,491,608,4864,4608,36995,780,391,153,16,0,0,14,8192,0,0,0,0,0,130,586,782,341,8,0,0,12,8192,0,0,0,0,0,130,642,168,717,8,0,0,10,8192,0,0,0,0,0,130,693,525,636,8,2,0,8,8192,0,0,0,0,0,130,893,805,911,8,4,0,6,8192,0,0,0,0,0,130,901,940,722,8,6,0,4,8192,0,0,0,0,0,131,818,928,513,8,8,0,2,8192,0,0,0,0,0,131,742,855,391
4638,0,4096,5888,5632,5376,5120,4864,4608,4352,0,0,0,0,0,32768,0,507,604,4864,4608,4227,784,379,149,16,0,0,14,8192,0,0,0,0,0,130,584,774,336,8,0,0,12,8192,0,0,0,0,0,130,679,178,718,8,0,0,10,8192,0,0,0,0,0,130,690,534,641,8,2,0,8,8192,0,0,0,0,0,130,907,819,911,8,4,0,6,8192,0,0,0,0,0,130,912,940,708,8,6,0,4,8192,0,0,0,0,0,131,802,923,501,8,8,0,2,8192,0,0,0,0,0,131,774,846,383
4642,0,4096,5888,5632,5376,5120,4864,4608,4352,0,0,0,0,0,32768,0,523,600,4864,4608,4227,788,368,146,16,0,0,14,8192,0,0,0,0,0,130,582,767,331,8,0,0,12,8192,0,0,0,0,0,130,676,189,717,8,0,0,10,8192,0,0,0,0,0,130,687,543,647,8,2,0,8,8192,0,0,0,0,0,130,901,833,909,8,4,0,6,8192,0,0,0,0,0,130,905,940,694,8,6,0,4,8192,0,0,0,0,0,131,786,920,489,8,8,0,2,8192,0,0,0,0,0,131,802,836,376
4646,0,4096,5888,5632,5376,5120,4864,4608,4352,0,0,0,0,0,32768,0,524,582,4864,4608,36995,792,356,142,16,0,0,14,8192,0,0,0,0,0,130,594,759,326,8,0,0,12,8192,0,0,0,0,0,130,699,199,714,8,0,0,10,8192,0,0,0,0,0,130,710,551,655,8,2,0,8,8192,0,0,0,0,0,130,894,846,905,8,4,0,6,8192,0,0,0,0,0,130,899,940,680,8,6,0,4,8192,0,0,0,0,0,131,770,915,477,8,8,0,2,8192,0,0,0,0,0,131,830,825,369
4650,0,4096,5888,5632,5376,5120,4864,4608,4352,0,0,0,0,0,32768,0,575,65535,4608,0,36995,796,344,139,16,0,0,14,8192,0,0,0,0,0,130,592,751,321,8,0,0,12,8192,0,0,0,0,0,130,732,209,711,8,0,0,10,8192,0,0,0,0,0,130,694,559,663,8,2,0,8,8192,0,0,0,0,0,130,906,859,898,8,4,0,6,8192,0,0,0,0,0,130,910,940,666,8,6,0,4,8192,0,0,0,0,0,131,754,911,466,8,8,0,2,8192,0,0,0,0,0,131,857,815,361
4654,0,4096,5888,5632,5376,5120,4864,4608,4352,0,0,0,0,0,32768,0,582,65535,4608,0,4227,800,332,135,16,0,0,14,8192,0,0,0,0,0,130,590,743,316,8,0,0,12,8192,0,0,0,0,0,130,764,219,706,8,0,0,10,8192,0,0,0,0,0,130,691,567,670,8,2,0,8,8192,0,0,0,0,0,130,899,870,890,8,4,0,6,8192,0,0,0,0,0,130,903,940,652,8,6,0,4,8192,0,0,0,0,0,131,738,905,456,8,8,0,2,8192,0,0,0,0,0,131,881,804,353
4658,0,4096,5888,5632,5376,5120,4864,4608,4352,0,0,0,0,0,32768,0,577,65535,4608,0,4227,804,320,132,16,0,0,14,8192,0,0,0,0,0,130,588,735,311,8,0,0,12,8192,0,0,0,0,0,130,793,229,701,8,0,0,10,8192,0,0,0,0,0,130,688,574,678,8,2,0,8,8192,0,0,0,0,0,130,893,881,882,8,4,0,6,8192,0,0,0,0,0,130,914,940,637,8,6,0,4,8192,0,0,0,0,0,131,722,899,446,8,8,0,2,8192,0,0,0,0,0,131,895,792,346
4662,0,4096,5888,5632,5376,5120,4864,4608,4352,0,0,0,0,0,32768,0,557,65535,4608,0,36995,808,308,128,16,0,0,14,8192,0,0,0,0,0,130,586,727,307,8,0,0,12,8192,0,0,0,0,0,130,821,240,696,8,0,0,10,8192,0,0,0,0,0,130,711,582,686,8,2,0,8,8192,0,0,0,0,0,130,907,892,873,8,4,0,6,8192,0,0,0,0,0,130,907,940,623,8,6,0,4,8192,0,0,0,0,0,131,718,892,437,8,8,0,2,8192,0,0,0,0,0,131,909,780,339
4666,0,4096,5888,5632,5376,5120,4864,4608,4352,0,0,0,0,0,32768,0,553,65535,4608,0,36995,812,296,125,16,0,0,14,8192,0,0,0,0,0,130,584,720,302,8,0,0,12,8192,0,0,0,0,0,130,849,251,691,8,0,0,10,8192,0,0,0,0,0,130,695,590,694,8,2,0,8,8192,0,0,0,0,0,130,901,902,862,8,4,0,6,8192,0,0,0,0,0,130,901,940,609,8,6,0,4,8192,0,0,0,0,0,131,714,885,429,8,8,0,2,8192,0,0,0,0,0,131,893,768,331
4670,0,4096,5888,5632,5376,5120,4864,4608,4352,0,0,0,0,0,32768,0,549,65535,4608,0,4227,816,283,121,16,0,0,14,8192,0,0,0,0,0,130,582,712,297,8,0,0,12,8192,0,0,0,0,0,130,874,263,685,8,0,0,10,8192,0,0,0,0,0,130,692,597,701,8,2,0,8,8192,0,0,0,0,0,130,894,909,851,8,4,0,6,8192,0,0,0,0,0,130,912,940,595,8,6,0,4,8192,0,0,0,0,0,131,734,878,420,8,8,0,2,8192,0,0,0,0,0,131,907,756,324
4674,0,4096,5888,5632,5376,5120,4864,4608,4352,0,0,0,4,0,32768,0,546,65535,4608,0,4227,820,271,117,16,0,0,14,8192,0,0,0,0,0,130,594,704,293,8,0,0,12,8192,0,0,0,0,0,130,868,274,679,8,0,0,10,8192,0,0,0,0,0,130,727,605,709,8,2,0,8,8192,0,0,0,0,0,130,906,916,838,8,4,0,6,8192,0,0,0,0,0,130,905,940,581,8,6,0,4,8192,0,0,0,0,0,131,730,871,411,8,8,0,2,8192,0,0,0,0,0,131,901,744,317
4678,0,4096,5888,5632,5376,5120,4864,4608,4352,0,0,0,4,0,32768,0,543,65535,4608,0,4227,824,259,114,16,0,0,14,8192,0,0,0,0,0,130,592,696,289,8,0,0,12,8192,0,0,0,0,0,130,882,286,674,8,0,0,10,8192,0,0,0,0,0,130,759,612,719,8,2,0,8,8192,0,0,0,0,0,130,899,920,825,8,4,0,6,8192,0,0,0,0,0,130,899,940,567,8,6,0,4,8192,0,0,0,0,0,131,714,865,402,8,8,0,2,8192,0,0,0,0,0,131,895,731,310
4682,0,4096,5888,5632,5376,5120,4864,4608,4352,0,0,0,4,0,32768,0,557,65535,4608,0,4227,828,246,112,16,0,0,14,8192,0,0,0,0,0,130,590,688,284,8,0,0,12,8192,0,0,0,0,0,130,876,298,668,8,0,0,10,8192,0,0,0,0,0,130,790,618,729,8,2,0,8,8192,0,0,0,0,0,130,893,925,812,8,4,0,6,8192,0,0,0,0,0,131,906,940,553,8,6,0,4,8192,0,0,0,0,0,131,734,857,393,8,8,0,2,8192,0,0,0,0,0,131,909,719,303
4686,0,4096,5888,5632,5376,5120,4864,4608,4352,0,0,0,36,0,32768,0,556,65535,4608,0,4227,832,233,110,16,0,0,14,8192,0,0,0,0,0,130,588,679,281,8,0,0,12,8192,0,0,0,0,0,130,890,310,663,8,0,0,10,8192,0,0,0,0,0,130,818,624,740,8,2,0,8,8192,0,0,0,0,0,130,907,931,799,8,4,0,6,8192,0,0,0,0,0,131,874,939,539,8,6,0,4,8192,0,0,0,0,0,131,766,849,386,8,8,0,2,8192,0,0,0,0,0,131,893,708,295
4690,0,4096,5888,5632,5376,5120,4864,4608,4352,0,0,0,36,0,32768,0,557,65535,4608,0,4227,834,220,109,16,0,0,14,8192,0,0,0,0,0,130,586,671,277,8,0,0,12,8192,0,0,0,0,0,130,884,323,659,8,0,0,10,8192,0,0,0,0,0,130,845,631,751,8,2,0,8,8192,0,0,0,0,0,130,901,935,785,8,4,0,6,8192,0,0,0,0,0,131,842,935,526,8,6,0,4,8192,0,0,0,0,0,131,795,839,378,8,8,0,2,8192,0,0,0,0,0,131,907,695,289
4694,0,4096,5888,5632,5376,5120,4864,4608,4352,0,0,0,36,0,32768,0,544,65535,4608,0,4227,836,207,110,16,0,0,14,8192,0,0,0,0,0,130,584,662,273,8,0,0,12,8192,0,0,0,0,0,130,868,336,655,8,0,0,10,8192,0,0,0,0,0,130,869,637,763,8,2,0,8,8192,0,0,0,0,0,130,894,937,772,8,4,0,6,8192,0,0,0,0,0,131,814,931,514,8,6,0,4,8192,0,0,0,0,0,131,823,828,371,8,8,0,2,8192,0,0,0,0,0,131,901,682,282
4698,0,4096,5888,5632,5376,5120,4864,4608,4352,0,0,0,36,0,32768,0,792,545,4864,4608,4227,838,194,111,16,0,0,14,8192,0,0,0,0,0,130,582,654,269,8,0,0,12,8192,0,0,0,0,0,130,882,349,651,8,0,0,10,8192,0,0,0,0,0,130,883,644,774,8,2,0,8,8192,0,0,0,0,0,130,906,938,758,8,4,0,6,8192,0,0,0,0,0,131,798,926,502,8,6,0,4,8192,0,0,0,0,0,131,849,818,364,8,8,0,2,8192,0,0,0,0,0,131,895,670,277
4702,0,4096,5888,5632,5376,5120,4864,4608,4352,0,0,0,36,0,32768,0,812,546,4864,4608,4227,840,181,114,16,0,0,14,8192,0,0,0,0,0,130,594,646,265,8,0,0,12,8192,0,0,0,0,0,130,876,362,646,8,0,0,10,8192,0,0,0,0,0,130,877,651,786,8,2,0,8,8192,0,0,0,0,0,130,899,938,743,8,4,0,6,8192,0,0,0,0,0,131,782,922,490,8,6,0,4,8192,0,0,0,0,0,131,873,807,355,8,8,0,2,8192,0,0,0,0,0,131,909,657,270
4706,0,4096,5888,5632,5376,5120,4864,4608,4352,0,0,0,36,0,32768,0,831,547,4864,4608,4227,842,169,119,16,0,0,14,8192,0,0,0,0,0,130,592,638,261,8,0,0,12,8192,0,0,0,0,0,130,890,375,641,8,0,0,10,8192,0,0,0,0,0,130,891,659,798,8,2,0,8,8192,0,0,0,0,0,130,893,938,729,8,4,0,6,8192,0,0,0,0,0,131,766,918,479,8,6,0,4,8192,0,0,0,0,0,131,897,796,348,8,8,0,2,8192,0,0,0,0,0,131,893,644,264
4710,0,4096,5888,5632,5376,5120,4864,4608,4352,0,0,0,36,0,32768,0,838,547,4864,4608,4227,844,157,124,16,0,0,14,8192,0,0,0,0,0,130,590,629,257,8,0,0,12,8192,0,0,0,0,0,130,884,388,636,8,0,0,10,8192,0,0,0,0,0,130,885,666,810,8,2,0,8,8192,0,0,0,0,0,130,907,938,716,8,4,0,6,8192,0,0,0,0,0,131,750,913,468,8,6,0,4,8192,0,0,0,0,0,131,918,784,341,8,8,0,2,8192,0,0,0,0,0,131,907,631,258
4714,0,4096,5888,5632,5376,5120,4864,4608,4352,0,0,0,36,0,32768,0,481,851,4352,4864,4227,846,145,131,16,0,0,14,8192,0,0,0,0,0,130,588,621,253,8,0,0,12,8192,0,0,0,0,0,130,868,400,631,8,0,0,10,8192,0,0,0,0,0,130,879,673,821,8,2,0,8,8192,0,0,0,0,0,130,901,938,701,8,4,0,6,8192,0,0,0,0,0,131,734,907,458,8,6,0,4,8192,0,0,0,0,0,131,911,771,333,8,8,0,2,8192,0,0,0,0,0,131,901,619,252
4718,0,4096,5888,5632,5376,5120,4864,4608,4352,0,0,0,36,0,32768,0,482,876,4352,4864,4227,848,135,138,16,0,0,14,8192,0,0,0,0,0,130,586,613,249,8,0,0,12,8192,0,0,0,0,0,130,840,413,627,8,0,0,10,8192,0,0,0,0,0,130,893,682,832,8,2,0,8,8192,0,0,0,0,0,130,894,938,687,8,4,0,6,8192,0,0,0,0,0,131,718,901,448,8,6,0,4,8192,0,0,0,0,0,131,922,760,325,8,8,0,2,8192,0,0,0,0,0,131,895,606,246
4722,0,4096,5888,5632,5376,5120,4864,4608,4352,0,0,0,36,0,32768,0,960,890,5120,4864,4227,850,124,147,16,0,0,14,8192,0,0,0,0,0,130,584,604,245,8,0,0,12,8192,0,0,0,0,0,130,808,426,625,8,0,0,10,8192,0,0,0,0,0,130,877,692,841,8,2,0,8,8192,0,0,0,0,0,130,906,938,673,8,4,0,6,8192,0,0,0,0,0,131,714,895,439,8,6,0,4,8192,0,0,0,0,0,131,915,747,318,8,8,0,2,8192,0,0,0,0,0,131,909,594,240
4726,0,4096,5888,5632,5376,5120,4864,4608,4352,0,0,0,36,0,32768,0,964,894,5120,4864,4227,852,115,156,16,0,0,14,8192,0,0,0,0,0,130,582,596,241,8,0,0,12,8192,0,0,0,0,0,130,788,438,624,8,0,0,10,8192,0,0,0,0,0,130,891,702,851,8,2,0,8,8192,0,0,0,0,0,130,899,938,659,8,4,0,6,8192,0,0,0,0,0,131,711,888,430,8,6,0,4,8192,0,0,0,0,0,131,908,735,310,8,8,0,2,8192,0,0,0,0,0,131,893,581,233
4730,0,4096,5888,5632,5376,5120,4864,4608,4352,0,0,0,36,0,32768,0,479,961,4352,5120,4227,854,107,167,16,0,0,14,8192,0,0,0,0,0,130,594,588,237,8,0,0,12,8192,0,0,0,0,0,130,772,451,624,8,0,0,10,8192,0,0,0,0,0,130,885,713,859,8,2,0,8,8192,0,0,0,0,0,130,893,938,645,8,4,0,6,8192,0,0,0,0,0,131,731,881,421,8,6,0,4,8192,0,0,0,0,0,131,919,723,304,8,8,0,2,8192,0,0,0,0,0,131,907,568,227
4734,0,4096,5888,5632,5376,5120,4864,4608,4352,0,0,0,0,0,32768,0,799,947,5376,5120,36995,856,99,178,16,0,0,14,8192,0,0,0,0,0,130,592,580,233,8,0,0,12,8192,0,0,0,0,0,130,756,463,624,8,0,0,10,8192,0,0,0,0,0,130,879,724,868,8,2,0,8,8192,0,0,0,0,0,130,907,938,631,8,4,0,6,8192,0,0,0,0,0,131,715,874,413,8,6,0,4,8192,0,0,0,0,0,131,912,711,296,8,8,0,2,8192,0,0,0,0,0,131,901,556,221
4738,0,4096,5888,5632,5376,5120,4864,4608,4352,0,0,0,36,0,32768,0,612,794,5632,5376,36995,858,94,190,16,0,0,14,8192,0,0,0,0,0,130,590,571,229,8,0,0,12,8192,0,0,0,0,0,130,740,474,624,8,0,0,10,8192,0,0,0,0,0,130,893,735,876,8,2,0,8,8192,0,0,0,0,0,130,901,938,617,8,4,0,6,8192,0,0,0,0,0,131,712,867,404,8,6,0,4,8192,0,0,0,0,0,131,905,698,289,8,8,0,2,8192,0,0,0,0,0,131,895,543,215
4742,0,4096,5888,5632,5376,5120,4864,4608,4352,0,0,0,36,0,32768,0,65535,445,0,5888,36995,860,89,202,16,0,0,14,8192,0,0,0,0,0,130,574,563,225,8,0,0,12,8192,0,0,0,0,0,130,724,486,624,8,0,0,10,8192,0,0,0,0,0,130,877,746,885,8,2,0,8,8192,0,0,0,0,0,130,894,938,603,8,4,0,6,8192,0,0,0,0,0,131,744,860,395,8,6,0,4,8192,0,0,0,0,0,131,916,685,283,8,8,0,2,8192,0,0,0,0,0,131,909,530,209
4746,0,4096,5888,5632,5376,5120,4864,4608,4352,0,0,0,0,0,32768,0,65535,435,0,5888,36995,862,86,215,16,0,0,14,8192,0,0,0,0,0,130,558,555,221,8,0,0,12,8192,0,0,0,0,0,130,708,497,624,8,0,0,10,8192,0,0,0,0,0,130,891,757,893,8,2,0,8,8192,0,0,0,0,0,130,906,938,589,8,4,0,6,8192,0,0,0,0,0,131,775,851,387,8,6,0,4,8192,0,0,0,0,0,131,909,672,278,8,8,0,2,8192,0,0,0,0,0,131,893,518,203
4750,0,4096,5888,5632,5376,5120,4864,4608,4352,0,0,0,32768,0,34816,0,65535,426,0,5888,4227,862,84,229,16,0,0,14,8192,0,0,0,0,0,130,557,547,218,8,0,0,12,8192,0,0,0,0,0,130,692,508,625,8,0,0,10,8192,0,0,0,0,0,130,885,769,899,8,2,0,8,8192,0,0,0,0,0,130,899,938,575,8,4,0,6,8192,0,0,0,0,0,131,803,842,380,8,6,0,4,8192,0,0,0,0,0,131,920,659,272,8,8,0,2,8192,0,0,0,0,0,131,907,505,197
4754,0,4096,5888,5632,5376,5120,4864,4608,4352,0,0,0,32768,0,34816,0,65535,416,0,5888,4227,862,84,242,16,0,0,14,8192,0,0,0,0,0,130,556,539,214,8,0,0,12,8192,0,0,0,0,0,130,676,518,626,8,0,0,10,8192,0,0,0,0,0,130,879,782,904,8,2,0,8,8192,0,0,0,0,0,130,893,938,561,8,4,0,6,8192,0,0,0,0,0,131,831,831,373,8,6,0,4,8192,0,0,0,0,0,131,913,646,265,8,8,0,2,8192,0,0,0,0,0,131,901,492,191
4758,0,4096,5888,5632,5376,5120,4864,4608,4352,0,0,0,32768,0,34816,0,65535,406,0,5888,36995,862,87,255,16,0,0,14,8192,0,0,0,0,0,130,555,532,210,8,0,0,12,8192,0,0,0,0,0,130,699,529,630,8,0,0,10,8192,0,0,0,0,0,130,893,796,907,8,2,0,8,8192,0,0,0,0,0,131,865,938,547,8,4,0,6,8192,0,0,0,0,0,131,858,821,365,8,6,0,4,8192,0,0,0,0,0,131,906,633,259,8,8,0,2,8192,0,0,0,0,0,131,895,480,185
4762,0,4096,5888,5632,5376,5120,4864,4608,4352,0,0,0,32768,0,34816,0,65535,387,0,5888,36995,862,91,268,16,0,0,14,8192,0,0,0,0,0,130,554,524,207,8,0,0,12,8192,0,0,0,0,0,130,696,538,635,8,0,0,10,8192,0,0,0,0,0,130,877,810,907,8,2,0,8,8192,0,0,0,0,0,131,833,935,534,8,4,0,6,8192,0,0,0,0,0,131,882,809,357,8,6,0,4,8192,0,0,0,0,0,131,917,620,254,8,8,0,2,8192,0,0,0,0,0,131,909,466,179
4766,0,4096,5888,5632,5376,5120,4864,4608,4352,0,0,0,32768,0,34816,0,65535,374,0,5888,4227,862,95,281,16,0,0,14,8192,0,0,0,0,0,130,553,516,203,8,0,0,12,8192,0,0,0,0,0,130,680,547,641,8,0,0,10,8192,0,0,0,0,0,130,891,823,906,8,2,0,8,8192,0,0,0,0,0,131,813,931,522,8,4,0,6,8192,0,0,0,0,0,131,905,798,349,8,6,0,4,8192,0,0,0,0,0,131,910,607,247,8,8,0,2,8192,0,0,0,0,0,131,889,454,173
4770,0,4096,5888,5632,5376,5120,4864,4608,4352,0,0,0,0,0,32768,0,366,419,5888,4352,4227,862,99,294,16,0,0,14,8192,0,0,0,0,0,130,552,508,199,8,0,0,12,8192,0,0,0,0,0,130,703,555,648,8,0,0,10,8192,0,0,0,0,0,130,885,837,903,8,2,0,8,8192,0,0,0,0,0,131,797,927,510,8,4,0,6,8192,0,0,0,0,0,131,899,785,343,8,6,0,4,8192,0,0,0,0,0,131,921,595,241,8,8,0,2,8192,0,0,0,0,0,131,857,441,168
4774,0,4096,5888,5632,5376,5120,4864,4608,4352,0,0,0,0,0,32768,0,352,415,5888,4352,36995,862,103,307,16,0,0,14,8192,0,0,0,0,0,130,551,500,196,8,0,0,12,8192,0,0,0,0,0,130,700,562,657,8,0,0,10,8192,0,0,0,0,0,130,879,849,898,8,2,0,8,8192,0,0,0,0,0,131,781,922,499,8,4,0,6,8192,0,0,0,0,0,131,910,773,336,8,6,0,4,8192,0,0,0,0,0,131,914,582,234,8,8,0,2,8192,0,0,0,0,0,131,825,430,163
4778,0,4096,5888,5632,5376,5120,4864,4608,4352,0,0,0,4,0,32768,0,408,473,4352,5632,36995,862,107,320,16,0,0,14,8192,0,0,0,0,0,130,550,493,192,8,0,0,12,8192,0,0,0,0,0,130,684,569,665,8,0,0,10,8192,0,0,0,0,0,130,893,861,891,8,2,0,8,8192,0,0,0,0,0,131,765,919,487,8,4,0,6,8192,0,0,0,0,0,131,903,761,328,8,6,0,4,8192,0,0,0,0,0,131,907,569,229,8,8,0,2,8192,0,0,0,0,0,131,809,418,158
4782,0,4096,5888,5632,5376,5120,4864,4608,4352,0,0,0,4,0,32768,0,462,634,5632,5376,36995,862,110,333,16,0,0,14,8192,0,0,0,0,0,130,549,486,187,8,0,0,12,8192,0,0,0,0,0,130,707,575,674,8,0,0,10,8192,0,0,0,0,0,130,877,873,884,8,2,0,8,8192,0,0,0,0,0,131,749,915,476,8,4,0,6,8192,0,0,0,0,0,131,914,749,320,8,6,0,4,8192,0,0,0,0,0,131,918,557,222,8,8,0,2,8192,0,0,0,0,0,131,793,406,154
4786,0,4096,5888,5632,5376,5120,4864,4608,4352,0,0,0,0,0,32768,0,452,632,5632,5376,36995,862,112,346,16,0,0,14,8192,0,0,0,0,0,130,563,478,184,8,0,0,12,8192,0,0,0,0,0,130,704,581,683,8,0,0,10,8192,0,0,0,0,0,130,891,885,876,8,2,0,8,8192,0,0,0,0,0,131,733,910,465,8,4,0,6,8192,0,0,0,0,0,131,907,738,312,8,6,0,4,8192,0,0,0,0,0,131,911,545,216,8,8,0,2,8192,0,0,0,0,0,131,777,395,150
4790,0,4096,5888,5632,5376,5120,4864,4608,4352,0,0,0,0,0,32768,0,605,791,5376,5120,4227,862,114,360,16,0,0,14,8192,0,0,0,0,0,130,562,470,180,8,0,0,12,8192,0,0,0,0,0,130,688,587,693,8,0,0,10,8192,0,0,0,0,0,130,885,895,866,8,2,0,8,8192,0,0,0,0,0,131,717,905,455,8,4,0,6,8192,0,0,0,0,0,131,901,727,304,8,6,0,4,8192,0,0,0,0,0,131,922,532,210,8,8,0,2,8192,0,0,0,0,0,131,761,384,146
4794,0,4096,5888,5632,5376,5120,4864,4608,4352,0,0,0,0,0,32768,0,608,792,5376,5120,4227,862,113,373,16,0,0,14,8192,0,0,0,0,0,130,561,462,177,8,0,0,12,8192,0,0,0,0,0,130,711,592,702,8,0,0,10,8192,0,0,0,0,0,130,879,903,856,8,2,0,8,8192,0,0,0,0,0,131,701,898,446,8,4,0,6,8192,0,0,0,0,0,131,912,716,296,8,6,0,4,8192,0,0,0,0,0,131,915,519,204,8,8,0,2,8192,0,0,0,0,0,131,745,373,142
4798,0,4096,5888,5632,5376,5120,4864,4608,4352,0,0,0,0,0,32768,0,601,774,5376,5120,36995,862,111,386,16,0,0,14,8192,0,0,0,0,0,130,545,454,173,8,0,0,12,8192,0,0,0,0,0,130,744,598,711,8,0,0,10,8192,0,0,0,0,0,130,893,910,844,8,2,0,8,8192,0,0,0,0,0,131,722,892,437,8,4,0,6,8192,0,0,0,0,0,131,905,705,289,8,6,0,4,8192,0,0,0,0,0,131,908,506,198,8,8,0,2,8192,0,0,0,0,0,131,729,362,138
4802,0,4096,5888,5632,5376,5120,4864,4608,4352,0,0,0,0,0,32768,0,778,575,5120,4608,36995,862,108,399,16,0,0,14,8192,0,0,0,0,0,130,529,446,170,8,0,0,12,8192,0,0,0,0,0,130,776,605,721,8,0,0,10,8192,0,0,0,0,0,130,877,917,832,8,2,0,8,8192,0,0,0,0,0,131,718,886,428,8,4,0,6,8192,0,0,0,0,0,131,899,693,283,8,6,0,4,8192,0,0,0,0,0,131,919,493,192,8,8,0,2,8192,0,0,0,0,0,131,713,351,134
4806,0,4096,5888,5632,5376,5120,4864,4608,4352,0,0,0,0,0,32768,0,775,582,5120,4608,4227,862,104,412,16,0,0,14,8192,0,0,0,0,0,130,513,438,167,8,0,0,12,8192,0,0,0,0,0,130,805,612,731,8,0,0,10,8192,0,0,0,0,0,130,891,924,820,8,2,0,8,8192,0,0,0,0,0,131,702,880,420,8,4,0,6,8192,0,0,0,0,0,131,910,679,278,8,6,0,4,8192,0,0,0,0,0,131,912,480,186,8,8,0,2,8192,0,0,0,0,0,131,710,341,130
4810,0,4096,5888,5632,5376,5120,4864,4608,4352,0,0,0,0,0,32768,0,771,604,5120,4608,4227,862,100,425,16,0,0,14,8192,0,0,0,0,0,130,497,431,164,8,0,0,12,8192,0,0,0,0,0,130,833,619,742,8,0,0,10,8192,0,0,0,0,0,130,885,930,807,8,2,0,8,8192,0,0,0,0,0,131,723,874,411,8,4,0,6,8192,0,0,0,0,0,131,903,666,272,8,6,0,4,8192,0,0,0,0,0,131,905,467,180,8,8,0,2,8192,0,0,0,0,0,131,707,331,126
4814,0,4096,5888,5632,5376,5120,4864,4608,4352,0,0,0,0,0,32768,0,771,913,5120,4864,36995,862,96,438,16,0,0,14,8192,0,0,0,0,0,130,481,424,162,8,0,0,12,8192,0,0,0,0,0,130,858,626,753,8,0,0,10,8192,0,0,0,0,0,130,879,935,795,8,2,0,8,8192,0,0,0,0,0,131,719,869,402,8,4,0,6,8192,0,0,0,0,0,131,914,654,266,8,6,0,4,8192,0,0,0,0,0,131,890,455,174,8,8,0,2,8192,0,0,0,0,0,131,704,320,122
4818,0,4096,5888,5632,5376,5120,4864,4608,4352,0,0,0,0,0,32768,0,770,910,5120,4864,36995,862,92,451,16,0,0,14,8192,0,0,0,0,0,130,465,417,159,8,0,0,12,8192,0,0,0,0,0,130,882,634,764,8,0,0,10,8192,0,0,0,0,0,130,893,938,781,8,2,0,8,8192,0,0,0,0,0,131,727,862,394,8,4,0,6,8192,0,0,0,0,0,131,907,641,260,8,6,0,4,8192,0,0,0,0,0,131,858,442,169,8,8,0,2,8192,0,0,0,0,0,131,724,309,120
4822,0,4096,5888,5632,5376,5120,4864,4608,4352,0,0,0,4,0,32768,0,768,906,5120,4864,4227,862,89,464,16,0,0,14,8192,0,0,0,0,0,130,465,410,156,8,0,0,12,8192,0,0,0,0,0,130,876,642,775,8,0,0,10,8192,0,0,0,0,0,130,877,939,767,8,2,0,8,8192,0,0,0,0,0,131,759,855,386,8,4,0,6,8192,0,0,0,0,0,131,901,628,254,8,6,0,4,8192,0,0,0,0,0,131,834,430,164,8,8,0,2,8192,0,0,0,0,0,131,708,298,118
4826,0,4096,5888,5632,5376,5120,4864,4608,4352,0,0,0,4,0,32768,0,754,890,5120,4864,4227,862,86,477,16,0,0,14,8192,0,0,0,0,0,130,465,404,154,8,0,0,12,8192,0,0,0,0,0,130,890,649,787,8,0,0,10,8192,0,0,0,0,0,130,891,939,753,8,2,0,8,8192,0,0,0,0,0,131,789,846,379,8,4,0,6,8192,0,0,0,0,0,131,912,615,249,8,6,0,4,8192,0,0,0,0,0,131,818,418,159,8,8,0,2,8192,0,0,0,0,0,131,705,287,116
4830,0,4096,5888,5632,5376,5120,4864,4608,4352,0,0,0,0,0,32768,0,750,894,5120,4864,36995,862,83,491,16,0,0,14,8192,0,0,0,0,0,130,465,397,151,8,0,0,12,8192,0,0,0,0,0,130,884,656,799,8,0,0,10,8192,0,0,0,0,0,130,885,939,740,8,2,0,8,8192,0,0,0,0,0,131,817,837,373,8,4,0,6,8192,0,0,0,0,0,131,905,602,243,8,6,0,4,8192,0,0,0,0,0,131,802,406,155,8,8,0,2,8192,0,0,0,0,0,131,702,277,113
4834,0,4096,5888,5632,5376,5120,4864,4608,4352,0,0,0,0,0,32768,0,756,888,5120,4864,36995,862,82,504,16,0,0,14,8192,0,0,0,0,0,130,465,390,149,8,0,0,12,8192,0,0,0,0,0,130,868,664,810,8,0,0,10,8192,0,0,0,0,0,130,879,939,726,8,2,0,8,8192,0,0,0,0,0,131,845,827,366,8,4,0,6,8192,0,0,0,0,0,131,899,590,236,8,6,0,4,8192,0,0,0,0,0,131,786,394,150,8,8,0,2,8192,0,0,0,0,0,131,725,266,111
4838,0,4096,5888,5632,5376,5120,4864,4608,4352,0,0,0,0,0,32768,0,751,873,5120,4864,4227,862,82,518,16,0,0,14,8192,0,0,0,0,0,130,465,383,146,8,0,0,12,8192,0,0,0,0,0,130,882,672,821,8,0,0,10,8192,0,0,0,0,0,130,893,939,712,8,2,0,8,8192,0,0,0,0,0,131,870,816,359,8,4,0,6,8192,0,0,0,0,0,131,910,577,230,8,6,0,4,8192,0,0,0,0,0,131,770,383,146,8,8,0,2,8192,0,0,0,0,0,131,709,255,109
4842,0,4096,5888,5632,5376,5120,4864,4608,4352,0,0,0,0,0,32768,0,733,875,5120,4864,4227,862,83,531,16,0,0,14,8192,0,0,0,0,0,130,465,377,143,8,0,0,12,8192,0,0,0,0,0,130,876,680,832,8,0,0,10,8192,0,0,0,0,0,130,877,939,698,8,2,0,8,8192,0,0,0,0,0,131,894,806,351,8,4,0,6,8192,0,0,0,0,0,131,903,564,225,8,6,0,4,8192,0,0,0,0,0,131,754,372,142,8,8,0,2,8192,0,0,0,0,0,131,706,244,108
4846,0,4096,5888,5632,5376,5120,4864,4608,4352,0,0,0,0,0,32768,0,726,869,5120,4864,36995,862,85,544,16,0,0,14,8192,0,0,0,0,0,130,465,370,141,8,0,0,12,8192,0,0,0,0,0,130,890,689,842,8,0,0,10,8192,0,0,0,0,0,130,891,939,684,8,2,0,8,8192,0,0,0,0,0,131,897,795,344,8,4,0,6,8192,0,0,0,0,0,131,914,551,218,8,6,0,4,8192,0,0,0,0,0,131,738,361,137,8,8,0,2,8192,0,0,0,0,0,131,703,233,106
4850,0,4096,5888,5632,5376,5120,4864,4608,4352,0,0,0,4,0,32768,0,731,854,5120,4864,36995,862,86,558,16,0,0,14,8192,0,0,0,0,0,130,465,363,138,8,0,0,12,8192,0,0,0,0,0,130,884,700,852,8,0,0,10,8192,0,0,0,0,0,130,885,939,671,8,2,0,8,8192,0,0,0,0,0,131,909,783,337,8,4,0,6,8192,0,0,0,0,0,131,907,538,213,8,6,0,4,8192,0,0,0,0,0,131,722,350,133,8,8,0,2,8192,0,0,0,0,0,131,726,222,104
4854,0,4096,5888,5632,5376,5120,4864,4608,4352,0,0,0,0,0,32768,0,725,858,5120,4864,36995,862,88,571,16,0,0,14,8192,0,0,0,0,0,130,465,357,136,8,0,0,12,8192,0,0,0,0,0,130,868,710,861,8,0,0,10,8192,0,0,0,0,0,130,879,939,657,8,2,0,8,8192,0,0,0,0,0,131,902,772,330,8,4,0,6,8192,0,0,0,0,0,131,901,526,206,8,6,0,4,8192,0,0,0,0,0,131,718,340,129,8,8,0,2,8192,0,0,0,0,0,131,694,211,103
4858,0,4096,5888,5632,5376,5120,4864,4608,4352,0,0,0,4,0,32768,0,708,854,5120,4864,36995,862,90,584,16,0,0,14,8192,0,0,0,0,0,130,465,350,134,8,0,0,12,8192,0,0,0,0,0,130,882,721,868,8,0,0,10,8192,0,0,0,0,0,130,893,939,643,8,2,0,8,8192,0,0,0,0,0,131,895,760,323,8,4,0,6,8192,0,0,0,0,0,131,912,513,200,8,6,0,4,8192,0,0,0,0,0,131,714,329,125,8,8,0,2,8192,0,0,0,0,0,131,662,200,104
4862,0,4096,5888,5632,5376,5120,4864,4608,4352,0,0,0,32772,0,34816,0,702,849,5120,4864,36995,862,94,598,16,0,0,14,8192,0,0,0,0,0,130,465,343,131,8,0,0,12,8192,0,0,0,0,0,130,876,732,877,8,0,0,10,8192,0,0,0,0,0,130,877,939,629,8,2,0,8,8192,0,0,0,0,0,131,907,749,316,8,4,0,6,8192,0,0,0,0,0,131,905,500,195,8,6,0,4,8192,0,0,0,0,0,131,734,318,121,8,8,0,2,8192,0,0,0,0,0,131,634,190,105
4866,0,4096,5888,5632,5376,5120,4864,4608,4352,0,0,0,32804,0,34816,0,709,835,5120,4864,36995,862,96,611,16,0,0,14,8192,0,0,0,0,0,130,465,337,128,8,0,0,12,8192,0,0,0,0,0,130,890,743,886,8,0,0,10,8192,0,0,0,0,0,130,891,939,615,8,2,0,8,8192,0,0,0,0,0,131,900,738,308,8,4,0,6,8192,0,0,0,0,0,131,899,487,188,8,6,0,4,8192,0,0,0,0,0,131,730,307,119,8,8,0,2,8192,0,0,0,0,0,131,618,181,108
4870,0,4096,5888,5632,5376,5120,4864,4608,4352,0,0,0,32804,0,34816,0,704,832,5120,4864,36995,862,98,624,16,0,0,14,8192,0,0,0,0,0,130,465,330,125,8,0,0,12,8192,0,0,0,0,0,130,884,754,894,8,0,0,10,8192,0,0,0,0,0,130,885,939,601,8,2,0,8,8192,0,0,0,0,0,131,893,727,301,8,4,0,6,8192,0,0,0,0,0,131,910,474,183,8,6,0,4,8192,0,0,0,0,0,131,714,296,117,8,8,0,2,8192,0,0,0,0,0,131,602,172,112
4874,0,4096,5888,5632,5376,5120,4864,4608,4352,0,0,0,32804,0,34816,0,702,830,5120,4864,36995,862,100,638,16,0,0,14,8192,0,0,0,0,0,130,465,323,123,8,0,0,12,8192,0,0,0,0,0,130,868,765,901,8,0,0,10,8192,0,0,0,0,0,130,879,939,588,8,2,0,8,8192,0,0,0,0,0,131,907,715,293,8,4,0,6,8192,0,0,0,0,0,131,903,461,177,8,6,0,4,8192,0,0,0,0,0,131,734,285,115,8,8,0,2,8192,0,0,0,0,0,131,586,163,116
4878,0,4096,5888,5632,5376,5120,4864,4608,4352,0,0,0,36,0,32768,0,585,702,5376,5120,36995,862,102,651,16,0,0,14,8192,0,0,0,0,0,130,465,316,122,8,0,0,12,8192,0,0,0,0,0,130,882,778,907,8,0,0,10,8192,0,0,0,0,0,130,893,939,574,8,2,0,8,8192,0,0,0,0,0,131,901,703,287,8,4,0,6,8192,0,0,0,0,0,131,871,449,170,8,6,0,4,8192,0,0,0,0,0,131,730,274,112,8,8,0,2,8192,0,0,0,0,0,131,585,155,118
4882,0,4096,5888,5632,5376,5120,4864,4608,4352,0,0,0,36,0,32768,0,579,687,5376,5120,36995,862,105,664,16,0,0,14,8192,0,0,0,0,0,130,465,309,121,8,0,0,12,8192,0,0,0,0,0,130,876,791,911,8,0,0,10,8192,0,0,0,0,0,130,877,939,560,8,2,0,8,8192,0,0,0,0,0,131,894,690,281,8,4,0,6,8192,0,0,0,0,0,131,839,437,165,8,6,0,4,8192,0,0,0,0,0,131,714,263,110,8,8,0,2,8192,0,0,0,0,0,131,625,146,120
4886,0,4096,5888,5632,5376,5120,4864,4608,4352,0,0,0,36,0,32768,0,600,684,5376,5120,36995,862,107,677,16,0,0,14,8192,0,0,0,0,0,130,465,302,119,16,0,0,12,8192,0,0,0,0,0,130,890,805,912,8,0,0,10,8192,0,0,0,0,0,131,887,939,546,8,2,0,8,8192,0,0,0,0,0,131,906,677,276,8,4,0,6,8192,0,0,0,0,0,131,823,426,159,8,6,0,4,8192,0,0,0,0,0,131,734,252,108,8,8,0,2,8192,0,0,0,0,0,131,664,137,125
4890,0,4096,5888,5632,5376,5120,4864,4608,4352,0,0,0,36,0,32768,0,609,682,5376,5120,36995,862,112,690,16,0,0,14,8192,0,0,0,0,0,130,465,295,118,16,0,0,12,8192,0,0,0,0,0,130,848,818,912,8,0,0,10,8192,0,0,0,0,0,131,855,938,533,8,2,0,8,8192,0,0,0,0,0,131,899,664,270,8,4,0,6,8192,0,0,0,0,0,131,807,414,154,8,6,0,4,8192,0,0,0,0,0,131,730,240,107,8,8,0,2,8192,0,0,0,0,0,131,700,128,130
4894,0,4096,5888,5632,5376,5120,4864,4608,4352,0,0,0,36,0,32768,0,602,679,5376,5120,36995,862,118,702,16,0,0,14,8192,0,0,0,0,0,130,465,288,116,16,0,0,12,8192,0,0,0,0,0,130,808,831,911,8,0,0,10,8192,0,0,0,0,0,131,823,935,520,8,2,0,8,8192,0,0,0,0,0,131,893,651,264,8,4,0,6,8192,0,0,0,0,0,131,791,402,150,8,6,0,4,8192,0,0,0,0,0,131,714,229,105,8,8,0,2,8192,0,0,0,0,0,131,723,119,138
4898,0,4096,5888,5632,5376,5120,4864,4608,4352,0,0,0,36,0,32768,0,610,611,5632,4352,36995,862,126,713,16,0,0,14,8192,0,0,0,0,0,130,465,281,115,16,0,0,12,8192,0,0,0,0,0,130,776,843,908,8,0,0,10,8192,0,0,0,0,0,131,795,930,508,8,2,0,8,8192,0,0,0,0,0,131,907,638,258,8,4,0,6,8192,0,0,0,0,0,131,775,390,146,8,6,0,4,8192,0,0,0,0,0,131,734,218,102,8,8,0,2,8192,0,0,0,0,0,131,719,112,146
4902,0,4096,5888,5632,5376,5120,4864,4608,4352,0,0,0,36,0,32768,0,548,607,5888,5632,36995,862,135,723,16,0,0,14,8192,0,0,0,0,0,130,465,274,113,16,0,0,12,8192,0,0,0,0,0,130,744,855,905,8,0,0,10,8192,0,0,0,0,0,131,779,925,497,8,2,0,8,8192,0,0,0,0,0,131,901,625,252,8,4,0,6,8192,0,0,0,0,0,131,759,379,142,8,6,0,4,8192,0,0,0,0,0,131,718,207,101,8,8,0,2,8192,0,0,0,0,0,131,751,106,155
4906,0,4096,5888,5632,5376,5120,4864,4608,4352,0,0,0,36,0,32768,0,548,628,5888,5632,36995,862,145,731,16,0,0,14,8192,0,0,0,0,0,130,465,267,111,16,0,0,12,8192,0,0,0,0,0,130,712,865,900,8,0,0,10,8192,0,0,0,0,0,131,763,921,486,8,2,0,8,8192,0,0,0,0,0,131,894,613,246,8,4,0,6,8192,0,0,0,0,0,131,743,368,138,8,6,0,4,8192,0,0,0,0,0,131,686,196,101,8,8,0,2,8192,0,0,0,0,0,131,782,102,165
4910,0,4096,5888,5632,5376,5120,4864,4608,4352,0,0,0,36,0,32768,0,546,633,5888,5632,36995,862,157,737,16,0,0,14,8192,0,0,0,0,0,130,465,260,109,16,0,0,12,8192,0,0,0,0,0,130,692,874,894,8,0,0,10,8192,0,0,0,0,0,131,747,916,475,8,2,0,8,8192,0,0,0,0,0,131,906,600,240,8,4,0,6,8192,0,0,0,0,0,131,727,357,135,8,6,0,4,8192,0,0,0,0,0,131,654,185,102,8,8,0,2,8192,0,0,0,0,0,131,810,98,177
4914,0,4096,5888,5632,5376,5120,4864,4608,4352,0,0,0,36,0,32768,0,65535,544,0,5888,36995,862,171,740,16,0,0,14,8192,0,0,0,0,0,130,465,253,108,16,0,0,12,8192,0,0,0,0,0,130,676,883,888,8,0,0,10,8192,0,0,0,0,0,131,731,911,464,8,2,0,8,8192,0,0,0,0,0,131,899,588,234,8,4,0,6,8192,0,0,0,0,0,131,711,346,131,8,6,0,4,8192,0,0,0,0,0,131,634,176,105,8,8,0,2,8192,0,0,0,0,0,131,838,93,189
4918,0,4096,5888,5632,5376,5120,4864,4608,4352,0,0,0,32768,0,34816,0,65535,552,0,5888,4227,862,184,742,16,0,0,14,8192,0,0,0,0,0,130,465,246,108,16,0,0,12,8192,0,0,0,0,0,130,660,891,881,8,0,0,10,8192,0,0,0,0,0,131,715,907,454,8,2,0,8,8192,0,0,0,0,0,131,893,575,228,8,4,0,6,8192,0,0,0,0,0,131,731,336,127,8,6,0,4,8192,0,0,0,0,0,131,618,167,109,8,8,0,2,8192,0,0,0,0,0,131,862,89,202
4922,0,4096,5888,5632,5376,5120,4864,4608,4352,0,0,0,32768,0,34816,0,65535,543,0,5888,4227,862,197,740,16,0,0,14,8192,0,0,0,0,0,130,465,239,107,16,0,0,12,8192,0,0,0,0,0,130,644,898,874,8,0,0,10,8192,0,0,0,0,0,131,699,902,444,8,2,0,8,8192,0,0,0,0,0,131,907,562,222,8,4,0,6,8192,0,0,0,0,0,131,715,325,123,8,6,0,4,8192,0,0,0,0,0,131,602,158,114,8,8,0,2,8192,0,0,0,0,0,131,886,87,215
4926,0,4096,5888,5632,5376,5120,4864,4608,4352,0,0,0,32768,0,34816,0,65535,513,0,5888,36995,862,210,735,16,0,0,14,8192,0,0,0,0,0,130,465,232,106,16,0,0,12,8192,0,0,0,0,0,130,628,904,866,8,0,0,10,8192,0,0,0,0,0,131,696,896,435,8,2,0,8,8192,0,0,0,0,0,131,901,549,216,8,4,0,6,8192,0,0,0,0,0,131,712,315,121,8,6,0,4,8192,0,0,0,0,0,131,628,150,119,8,8,0,2,8192,0,0,0,0,0,131,900,86,229
4930,0,4096,5888,5632,5376,5120,4864,4608,4352,0,0,0,32768,0,34816,0,65535,514,0,5888,36995,862,222,729,16,0,0,14,8192,0,0,0,0,0,130,465,225,104,16,0,0,12,8192,0,0,0,0,0,130,612,910,858,8,0,0,10,8192,0,0,0,0,0,131,693,889,427,8,2,0,8,8192,0,0,0,0,0,131,894,536,211,8,4,0,6,8192,0,0,0,0,0,131,732,303,118,8,6,0,4,8192,0,0,0,0,0,131,666,143,125,8,8,0,2,8192,0,0,0,0,0,131,894,85,243
4934,0,4096,5888,5632,5376,5120,4864,4608,4352,0,0,0,0,0,32768,0,65535,498,0,5888,4227,862,233,722,16,0,0,14,8192,0,0,0,0,0,130,437,217,103,16,0,0,12,8192,0,0,0,0,0,130,596,914,849,8,0,0,10,8192,0,0,0,0,0,131,690,882,419,8,2,0,8,8192,0,0,0,0,0,131,906,524,204,8,4,0,6,8192,0,0,0,0,0,131,716,292,116,8,6,0,4,8192,0,0,0,0,0,131,702,135,133,8,8,0,2,8192,0,0,0,0,0,131,908,83,257
4938,0,4096,5888,5632,5376,5120,4864,4608,4352,0,0,0,0,0,32768,0,65535,481,0,5888,4227,862,244,715,16,0,0,14,8192,0,0,0,0,0,130,405,211,103,16,0,0,12,8192,0,0,0,0,0,130,580,918,841,8,0,0,10,8192,0,0,0,0,0,131,687,875,411,8,2,0,8,8192,0,0,0,0,0,131,899,511,199,8,4,0,6,8192,0,0,0,0,0,131,712,281,114,8,6,0,4,8192,0,0,0,0,0,131,735,127,141,8,8,0,2,8192,0,0,0,0,0,131,901,81,271
4942,0,4096,5888,5632,5376,5120,4864,4608,4352,0,0,0,0,0,32768,0,65535,461,0,5888,36995,862,255,707,16,0,0,14,8192,0,0,0,0,0,130,373,205,103,16,0,0,12,8192,0,0,0,0,0,130,564,921,833,8,0,0,10,8192,0,0,0,0,0,131,710,868,402,8,2,0,8,8192,0,0,0,0,0,131,893,498,193,8,4,0,6,8192,0,0,0,0,0,131,732,270,111,8,6,0,4,8192,0,0,0,0,0,131,755,120,149,8,8,0,2,8192,0,0,0,0,0,131,895,79,285
4946,0,4096,5888,5632,5376,5120,4864,4608,4352,0,0,0,0,0,32768,0,65535,445,0,5888,36995,862,266,699,16,0,0,14,8192,0,0,0,0,0,130,349,199,104,16,0,0,12,8192,0,0,0,0,0,130,548,924,824,8,0,0,10,8192,0,0,0,0,0,131,707,861,394,8,2,0,8,8192,0,0,0,0,0,131,907,485,187,8,4,0,6,8192,0,0,0,0,0,131,716,259,109,8,6,0,4,8192,0,0,0,0,0,131,785,113,159,8,8,0,2,8192,0,0,0,0,0,131,909,78,299
4950,0,4096,5888,5632,5376,5120,4864,4608,4352,0,0,0,0,0,32768,0,65535,435,0,5888,4227,862,277,690,16,0,0,14,8192,0,0,0,0,0,130,333,194,106,16,0,0,12,8192,0,0,0,0,0,130,577,927,817,8,0,0,10,8192,0,0,0,0,0,131,739,853,386,8,2,0,8,8192,0,0,0,0,0,131,901,472,182,8,4,0,6,8192,0,0,0,0,0,131,712,248,108,8,6,0,4,8192,0,0,0,0,0,131,813,107,170,8,8,0,2,8192,0,0,0,0,0,131,893,78,313
4954,0,4096,5888,5632,5376,5120,4864,4608,4352,0,0,0,0,0,32768,0,65535,419,0,5888,4227,862,288,683,16,0,0,14,8192,0,0,0,0,0,130,317,189,108,16,0,0,12,8192,0,0,0,0,0,130,618,931,808,8,0,0,10,8192,0,0,0,0,0,131,771,844,379,8,2,0,8,8192,0,0,0,0,0,131,894,460,175,8,4,0,6,8192,0,0,0,0,0,131,732,237,107,8,6,0,4,8192,0,0,0,0,0,131,841,102,182,8,8,0,2,8192,0,0,0,0,0,131,907,78,327
4958,0,4096,5888,5632,5376,5120,4864,4608,4352,0,0,0,0,0,32768,0,398,513,5888,5632,36995,862,299,676,16,0,0,14,8192,0,0,0,0,0,130,301,185,109,16,0,0,12,8192,0,0,0,0,0,130,616,935,799,8,0,0,10,8192,0,0,0,0,0,131,799,833,372,8,2,0,8,8192,0,0,0,0,0,131,866,447,169,8,4,0,6,8192,0,0,0,0,0,131,716,226,105,8,6,0,4,8192,0,0,0,0,0,131,866,97,195,8,8,0,2,8192,0,0,0,0,0,131,901,79,341
4962,0,4096,5888,5632,5376,5120,4864,4608,4352,0,0,0,0,0,32768,0,387,516,5888,5632,36995,862,311,670,16,0,0,14,8192,0,0,0,0,0,130,285,180,111,16,0,0,12,8192,0,0,0,0,0,130,600,937,790,8,0,0,10,8192,0,0,0,0,0,131,827,823,365,8,2,0,8,8192,0,0,0,0,0,131,834,435,165,8,4,0,6,8192,0,0,0,0,0,131,696,215,103,8,6,0,4,8192,0,0,0,0,0,131,890,93,207,8,8,0,2,8192,0,0,0,0,0,131,895,80,354
4966,0,4096,5888,5632,5376,5120,4864,4608,4352,0,0,0,0,0,32768,0,385,507,5888,5632,4227,862,324,664,16,0,0,14,8192,0,0,0,0,0,130,269,176,113,16,0,0,12,8192,0,0,0,0,0,130,584,938,781,8,0,0,10,8192,0,0,0,0,0,131,854,812,358,8,2,0,8,8192,0,0,0,0,0,131,814,423,160,8,4,0,6,8192,0,0,0,0,0,131,664,204,102,8,6,0,4,8192,0,0,0,0,0,131,911,89,221,8,8,0,2,8192,0,0,0,0,0,131,909,79,367
4970,0,4096,5888,5632,5376,5120,4864,4608,4352,0,0,0,0,0,32768,0,489,556,5632,4352,4227,862,336,659,16,0,0,14,8192,0,0,0,0,0,130,253,172,114,16,0,0,12,8192,0,0,0,0,0,130,610,938,771,8,0,0,10,8192,0,0,0,0,0,131,878,800,351,8,2,0,8,8192,0,0,0,0,0,131,798,411,156,8,4,0,6,8192,0,0,0,0,0,131,636,194,103,8,6,0,4,8192,0,0,0,0,0,131,922,88,234,8,8,0,2,8192,0,0,0,0,0,131,893,79,381
4974,0,4096,5888,5632,5376,5120,4864,4608,4352,0,0,0,0,0,32768,0,480,555,5632,4352,36995,862,348,654,16,0,0,14,8192,0,0,0,0,0,130,237,169,115,16,0,0,12,8192,0,0,0,0,0,130,608,938,762,8,0,0,10,8192,0,0,0,0,0,131,892,788,344,8,2,0,8,8192,0,0,0,0,0,131,782,399,152,8,4,0,6,8192,0,0,0,0,0,131,620,184,105,8,6,0,4,8192,0,0,0,0,0,131,915,86,248,8,8,0,2,8192,0,0,0,0,0,131,907,81,395
4978,0,4096,5888,5632,5376,5120,4864,4608,4352,0,0,0,0,0,32768,0,471,553,5632,4352,36995,862,361,648,16,0,0,14,8192,0,0,0,0,0,130,233,165,115,16,0,0,12,8192,0,0,0,0,0,130,592,938,753,8,0,0,10,8192,0,0,0,0,0,131,886,776,338,8,2,0,8,8192,0,0,0,0,0,131,766,388,148,8,4,0,6,8192,0,0,0,0,0,131,604,175,108,8,6,0,4,8192,0,0,0,0,0,131,908,84,261,8,8,0,2,8192,0,0,0,0,0,131,901,81,409
4982,0,4096,5888,5632,5376,5120,4864,4608,4352,0,0,0,0,0,32768,0,465,553,5632,4352,4227,862,373,643,16,0,0,14,8192,0,0,0,0,0,130,229,161,116,16,0,0,12,8192,0,0,0,0,0,130,618,938,743,8,0,0,10,8192,0,0,0,0,0,131,880,765,330,8,2,0,8,8192,0,0,0,0,0,131,750,377,143,8,4,0,6,8192,0,0,0,0,0,131,588,167,112,8,6,0,4,8192,0,0,0,0,0,131,919,82,274,8,8,0,2,8192,0,0,0,0,0,131,895,79,423
4986,0,4096,5888,5632,5376,5120,4864,4608,4352,0,0,0,0,0,32768,0,552,552,4352,5376,4227,862,385,637,16,0,0,14,28672,0,0,0,0,0,130,237,156,119,16,0,0,12,8192,0,0,0,0,0,130,616,938,733,8,0,0,10,8192,0,0,0,0,0,131,894,753,323,8,2,0,8,8192,0,0,0,0,0,131,734,366,138,8,4,0,6,28672,0,0,0,0,0,131,584,163,115,8,6,0,4,8192,0,0,0,0,0,131,912,79,288,8,8,0,2,8192,0,0,0,0,0,131,909,78,437
4990,0,4096,5888,5632,5376,5120,4864,4608,4352,0,0,0,4,0,32768,0,551,499,5376,5120,36995,862,398,632,16,0,0,14,28672,0,0,0,0,0,130,237,148,123,16,0,0,12,8192,0,0,0,0,0,130,600,938,724,8,0,0,10,8192,0,0,0,0,0,131,878,741,315,8,2,0,8,8192,0,0,0,0,0,131,718,355,135,8,4,0,6,28672,0,0,0,0,0,131,584,164,116,8,6,0,4,8192,0,0,0,0,0,131,905,77,302,8,8,0,2,8192,0,0,0,0,0,131,893,79,451
4994,0,4096,5888,5632,5376,5120,4864,4608,4352,0,0,0,4,0,32768,0,552,496,5376,5120,36995,862,410,627,16,0,0,14,8192,0,0,0,0,0,130,261,142,126,16,0,0,12,8192,0,0,0,0,0,130,584,938,715,8,0,0,10,8192,0,0,0,0,0,131,892,729,309,8,2,0,8,8192,0,0,0,0,0,131,702,345,131,8,4,0,6,8192,0,0,0,0,0,131,572,160,118,8,6,0,4,8192,0,0,0,0,0,131,916,76,317,8,8,0,2,8192,0,0,0,0,0,131,861,80,465
4998,0,4096,5888,5632,5376,5120,4864,4608,4352,0,0,0,4,0,32768,0,555,498,5376,5120,36995,862,423,623,16,0,0,14,8192,0,0,0,0,0,130,309,138,127,16,0,0,12,8192,0,0,0,0,0,130,610,938,706,8,0,0,10,8192,0,0,0,0,0,131,886,717,301,8,2,0,8,8192,0,0,0,0,0,131,723,335,127,8,4,0,6,8192,0,0,0,0,0,131,571,151,120,8,6,0,4,8192,0,0,0,0,0,131,909,77,331,8,8,0,2,8192,0,0,0,0,0,131,829,81,478
5002,0,4096,5888,5632,5376,5120,4864,4608,4352,0,0,0,0,0,32768,0,504,426,5120,4864,36995,862,436,620,16,0,0,14,8192,0,0,0,0,0,130,357,133,129,16,0,0,12,8192,0,0,0,0,0,130,608,938,696,8,0,0,10,8192,0,0,0,0,0,131,880,705,294,8,2,0,8,8192,0,0,0,0,0,131,719,324,122,8,4,0,6,8192,0,0,0,0,0,131,614,143,123,8,6,0,4,8192,0,0,0,0,0,131,920,78,345,8,8,0,2,8192,0,0,0,0,0,131,813,81,491
5006,0,4096,5888,5632,5376,5120,4864,4608,4352,0,0,0,4,0,32768,0,514,417,5120,4864,4227,862,450,618,16,0,0,14,8192,0,0,0,0,0,130,407,128,132,16,0,0,12,8192,0,0,0,0,0,130,592,938,687,8,0,0,10,8192,0,0,0,0,0,131,894,693,289,8,2,0,8,8192,0,0,0,0,0,131,703,313,119,8,4,0,6,8192,0,0,0,0,0,131,653,134,128,8,6,0,4,8192,0,0,0,0,0,131,913,79,359,8,8,0,2,8192,0,0,0,0,0,131,797,81,503
5010,0,4096,5888,5632,5376,5120,4864,4608,4352,0,0,0,4,0,32768,0,521,406,5120,4864,4227,862,463,618,16,0,0,14,8192,0,0,0,0,0,130,461,123,136,16,0,0,12,8192,0,0,0,0,0,130,618,938,677,8,0,0,10,8192,0,0,0,0,0,131,878,680,282,8,2,0,8,8192,0,0,0,0,0,131,724,303,117,8,4,0,6,8192,0,0,0,0,0,131,689,126,134,8,6,0,4,8192,0,0,0,0,0,131,906,80,374,8,8,0,2,8192,0,0,0,0,0,131,781,81,516
5014,0,4096,5888,5632,5376,5120,4864,4608,4352,0,0,0,36,0,32768,0,515,397,5120,4864,4227,862,477,619,16,0,0,14,8192,0,0,0,0,0,130,461,117,141,16,0,0,12,8192,0,0,0,0,0,130,616,938,668,8,0,0,10,8192,0,0,0,0,0,131,892,668,276,8,2,0,8,8192,0,0,0,0,0,131,720,291,115,8,4,0,6,8192,0,0,0,0,0,131,712,118,142,8,6,0,4,8192,0,0,0,0,0,131,917,79,388,8,8,0,2,8192,0,0,0,0,0,131,765,81,528
5018,0,4096,5888,5632,5376,5120,4864,4608,4352,0,0,0,36,0,32768,0,527,385,5120,4864,4227,862,490,621,16,0,0,14,8192,0,0,0,0,0,130,477,113,147,16,0,0,12,8192,0,0,0,0,0,130,600,938,658,8,0,0,10,8192,0,0,0,0,0,131,886,656,270,8,2,0,8,8192,0,0,0,0,0,131,704,281,113,8,4,0,6,8192,0,0,0,0,0,131,744,112,151,8,6,0,4,8192,0,0,0,0,0,131,910,78,402,8,8,0,2,8192,0,0,0,0,0,131,749,81,540
5022,0,4096,5888,5632,5376,5120,4864,4608,4352,0,0,0,36,0,32768,0,556,387,5120,4864,4227,862,503,624,16,0,0,14,8192,0,0,0,0,0,130,524,108,153,16,0,0,12,8192,0,0,0,0,0,130,584,938,649,8,0,0,10,8192,0,0,0,0,0,131,880,643,264,8,2,0,8,8192,0,0,0,0,0,131,701,270,110,8,4,0,6,8192,0,0,0,0,0,131,775,107,162,8,6,0,4,8192,0,0,0,0,0,131,921,79,416,8,8,0,2,8192,0,0,0,0,0,131,733,81,551
5026,0,4096,5888,5632,5376,5120,4864,4608,4352,0,0,0,36,0,32768,0,386,427,4864,4608,4227,862,516,628,16,0,0,14,8192,0,0,0,0,0,130,553,105,161,16,0,0,12,8192,0,0,0,0,0,130,610,938,640,8,0,0,10,8192,0,0,0,0,0,131,894,630,259,8,2,0,8,8192,0,0,0,0,0,131,722,259,108,8,4,0,6,8192,0,0,0,0,0,131,803,103,174,8,6,0,4,8192,0,0,0,0,0,131,914,81,430,8,8,0,2,8192,0,0,0,0,0,131,717,81,563
5030,0,4096,5888,5632,5376,5120,4864,4608,4352,0,0,0,36,0,32768,0,384,419,4864,4608,4227,862,528,634,16,0,0,14,8192,0,0,0,0,0,130,552,101,169,16,0,0,12,8192,0,0,0,0,0,130,608,938,630,8,0,0,10,8192,0,0,0,0,0,131,878,618,253,8,2,0,8,8192,0,0,0,0,0,131,718,248,107,8,4,0,6,8192,0,0,0,0,0,131,831,99,186,8,6,0,4,8192,0,0,0,0,0,131,907,83,445,8,8,0,2,8192,0,0,0,0,0,131,701,81,574
5034,0,4096,5888,5632,5376,5120,4864,4608,4352,0,0,0,36,0,32768,0,395,407,4864,4608,4227,862,540,641,16,0,0,14,8192,0,0,0,0,0,130,551,99,177,16,0,0,12,8192,0,0,0,0,0,130,592,938,621,8,0,0,10,8192,0,0,0,0,0,131,892,605,247,8,2,0,8,8192,0,0,0,0,0,131,702,237,105,8,4,0,6,8192,0,0,0,0,0,131,858,94,198,8,6,0,4,8192,0,0,0,0,0,131,879,82,459,8,8,0,2,8192,0,0,0,0,0,131,724,81,585
5038,0,4096,5888,5632,5376,5120,4864,4608,4352,0,0,0,36,0,32768,0,398,395,4864,4608,4227,862,551,648,16,0,0,14,8192,0,0,0,0,0,130,550,96,185,16,0,0,12,8192,0,0,0,0,0,130,618,938,611,8,0,0,10,8192,0,0,0,0,0,131,886,593,240,8,2,0,8,8192,0,0,0,0,0,131,723,226,104,8,4,0,6,8192,0,0,0,0,0,131,882,90,211,8,6,0,4,8192,0,0,0,0,0,131,847,82,472,8,8,0,2,8192,0,0,0,0,0,131,704,81,596
5042,0,4096,5888,5632,5376,5120,4864,4608,4352,0,0,0,0,0,32768,0,416,386,4864,4608,4227,862,561,657,16,0,0,14,8192,0,0,0,0,0,130,549,92,193,16,0,0,12,8192,0,0,0,0,0,130,616,938,602,8,0,0,10,8192,0,0,0,0,0,131,880,581,234,8,2,0,8,8192,0,0,0,0,0,131,707,215,102,8,4,0,6,8192,0,0,0,0,0,131,905,88,225,8,6,0,4,8192,0,0,0,0,0,131,827,82,485,8,8,0,2,8192,0,0,0,0,0,131,672,82,607
5046,0,4096,5888,5632,5376,5120,4864,4608,4352,0,0,0,0,0,32768,0,481,374,5888,4608,36995,862,570,667,16,0,0,14,8192,0,0,0,0,0,130,563,90,202,16,0,0,12,8192,0,0,0,0,0,130,600,938,592,8,0,0,10,8192,0,0,0,0,0,131,894,568,228,8,2,0,8,8192,0,0,0,0,0,131,675,204,102,8,4,0,6,8192,0,0,0,0,0,131,899,86,239,8,6,0,4,8192,0,0,0,0,0,131,811,82,498,8,8,0,2,8192,0,0,0,0,0,131,640,85,616
5050,0,4096,5888,5632,5376,5120,4864,4608,4352,0,0,0,0,0,32768,0,482,375,5888,4608,36995,862,578,678,16,0,0,14,8192,0,0,0,0,0,130,562,89,210,16,0,0,12,8192,0,0,0,0,0,130,584,938,583,8,0,0,10,8192,0,0,0,0,0,131,878,556,222,8,2,0,8,8192,0,0,0,0,0,131,643,194,103,8,4,0,6,8192,0,0,0,0,0,131,910,85,253,8,6,0,4,8192,0,0,0,0,0,131,795,82,511,8,8,0,2,8192,0,0,0,0,0,131,612,90,625
5054,0,4096,5888,5632,5376,5120,4864,4608,4352,0,0,0,0,0,32768,0,488,366,5888,4608,4227,862,585,690,16,0,0,14,8192,0,0,0,0,0,130,561,88,219,16,0,0,12,8192,0,0,0,0,0,130,610,938,574,8,0,0,10,8192,0,0,0,0,0,131,892,543,216,8,2,0,8,8192,0,0,0,0,0,131,623,184,106,8,4,0,6,8192,0,0,0,0,0,131,903,83,267,8,6,0,4,8192,0,0,0,0,0,131,779,82,523,8,8,0,2,8192,0,0,0,0,0,131,596,95,633
5058,0,4096,5888,5632,5376,5120,4864,4608,4352,0,0,0,0,0,32768,0,374,65535,4608,0,4227,862,590,702,16,0,0,14,8192,0,0,0,0,0,130,560,87,228,16,0,0,12,8192,0,0,0,0,0,130,608,939,564,8,0,0,10,8192,0,0,0,0,0,131,886,531,210,8,2,0,8,8192,0,0,0,0,0,131,607,175,110,8,4,0,6,8192,0,0,0,0,0,131,914,81,281,8,6,0,4,8192,0,0,0,0,0,131,763,82,535,8,8,0,2,8192,0,0,0,0,0,131,580,101,641
5062,0,4096,5888,5632,5376,5120,4864,4608,4352,0,0,0,0,0,32768,0,377,65535,4608,0,36995,862,596,714,16,0,0,14,8192,0,0,0,0,0,130,559,87,236,16,0,0,12,8192,0,0,0,0,0,131,592,940,554,8,0,0,10,8192,0,0,0,0,0,131,880,518,204,8,2,0,8,8192,0,0,0,0,0,131,591,167,114,8,4,0,6,8192,0,0,0,0,0,131,907,79,295,8,6,0,4,8192,0,0,0,0,0,131,747,82,547,8,8,0,2,8192,0,0,0,0,0,131,564,105,649
5066,0,4096,5888,5632,5376,5120,4864,4608,4352,0,0,0,0,0,32768,0,377,65535,4608,0,36995,862,600,727,16,0,0,14,8192,0,0,0,0,0,130,558,86,245,16,0,0,12,8192,0,0,0,0,0,131,564,940,545,8,0,0,10,8192,0,0,0,0,0,131,894,506,198,8,2,0,8,8192,0,0,0,0,0,131,575,158,116,8,4,0,6,8192,0,0,0,0,0,131,901,77,309,8,6,0,4,8192,0,0,0,0,0,131,731,82,559,8,8,0,2,8192,0,0,0,0,0,131,548,109,656
5070,0,4096,5888,5632,5376,5120,4864,4608,4352,0,0,0,0,0,32768,0,384,65535,4608,0,4227,862,605,740,16,0,0,14,8192,0,0,0,0,0,130,557,85,254,16,0,0,12,8192,0,0,0,0,0,131,544,940,536,8,0,0,10,8192,0,0,0,0,0,131,878,493,192,8,2,0,8,8192,0,0,0,0,0,131,602,149,118,8,4,0,6,8192,0,0,0,0,0,131,912,78,323,8,6,0,4,8192,0,0,0,0,0,131,715,82,570,8,8,0,2,8192,0,0,0,0,0,131,532,113,664
5074,0,4096,5888,5632,5376,5120,4864,4608,4352,0,0,0,0,0,32768,0,396,65535,4608,0,4227,862,610,752,16,0,0,14,8192,0,0,0,0,0,130,556,84,262,16,0,0,12,8192,0,0,0,0,0,131,528,939,527,8,0,0,10,8192,0,0,0,0,0,131,892,481,186,8,2,0,8,8192,0,0,0,0,0,131,642,140,122,8,4,0,6,8192,0,0,0,0,0,131,905,79,337,8,6,0,4,8192,0,0,0,0,0,131,735,82,581,8,8,0,2,8192,0,0,0,0,0,131,516,117,671
5078,0,4096,5888,5632,5376,5120,4864,4608,4352,0,0,0,0,0,32768,0,397,65535,4608,0,36995,862,615,765,16,0,0,14,8192,0,0,0,0,0,130,555,83,271,16,0,0,12,8192,0,0,0,0,0,131,512,937,519,8,0,0,10,8192,0,0,0,0,0,131,886,468,180,8,2,0,8,8192,0,0,0,0,0,131,679,131,127,8,4,0,6,8192,0,0,0,0,0,131,899,80,351,8,6,0,4,8192,0,0,0,0,0,131,731,82,593,8,8,0,2,8192,0,0,0,0,0,131,516,120,678
5082,0,4096,5888,5632,5376,5120,4864,4608,4352,0,0,0,0,0,32768,0,408,65535,4608,0,36995,862,621,777,16,0,0,14,8192,0,0,0,0,0,130,554,81,279,16,0,0,12,8192,0,0,0,0,0,131,496,935,511,8,0,0,10,8192,0,0,0,0,0,131,866,456,174,8,2,0,8,8192,0,0,0,0,0,131,715,122,133,8,4,0,6,8192,0,0,0,0,0,131,910,80,365,16,6,0,4,8192,0,0,0,0,0,131,703,83,604,8,8,0,2,8192,0,0,0,0,0,131,516,122,686
5086,0,4096,5888,5632,5376,5120,4864,4608,4352,0,0,0,0,0,32768,0,408,65535,4608,0,4227,862,629,788,16,0,0,14,8192,0,0,0,0,0,130,553,79,288,16,0,0,12,8192,0,0,0,0,0,131,480,933,504,8,0,0,10,8192,0,0,0,0,0,131,834,444,169,8,2,0,8,8192,0,0,0,0,0,131,712,115,141,8,4,0,6,8192,0,0,0,0,0,131,903,79,379,16,6,0,4,8192,0,0,0,0,0,131,623,84,614,8,8,0,2,8192,0,0,0,0,0,131,516,126,693
5090,0,4096,5888,5632,5376,5120,4864,4608,4352,0,0,0,0,0,32768,0,419,65535,4608,0,4227,862,638,798,16,0,0,14,8192,0,0,0,0,0,130,552,78,297,16,0,0,12,8192,0,0,0,0,0,131,464,930,497,8,0,0,10,8192,0,0,0,0,0,131,806,432,164,8,2,0,8,8192,0,0,0,0,0,131,732,108,151,16,4,0,6,8192,0,0,0,0,0,131,902,79,394,16,6,0,4,8192,0,0,0,0,0,131,551,86,623,8,8,0,2,8192,0,0,0,0,0,131,516,131,699
5094,0,4096,5888,5632,5376,5120,4864,4608,4352,0,0,0,0,0,32768,0,418,65535,4608,0,36995,862,647,808,16,0,0,14,8192,0,0,0,0,0,130,551,78,305,16,0,0,12,8192,0,0,0,0,0,131,496,927,489,8,0,0,10,8192,0,0,0,0,0,131,790,420,160,8,2,0,8,8192,0,0,0,0,0,131,764,103,161,16,4,0,6,8192,0,0,0,0,0,131,846,81,407,16,6,0,4,8192,0,0,0,0,0,131,503,89,631,8,8,0,2,8192,0,0,0,0,0,131,516,137,705
5098,0,4096,5888,5632,5376,5120,4864,4608,4352,0,0,0,0,0,32768,0,427,65535,4608,0,36995,862,656,818,16,0,0,14,8192,0,0,0,0,0,130,594,78,314,16,0,0,12,8192,0,0,0,0,0,131,496,923,482,8,0,0,10,8192,0,0,0,0,0,131,774,409,155,16,2,0,8,8192,0,0,0,0,0,131,763,99,172,16,4,0,6,8192,0,0,0,0,0,131,814,81,420,16,6,0,4,8192,0,0,0,0,0,131,471,93,638,8,8,0,2,8192,0,0,0,0,0,131,516,144,709
5102,0,4096,5888,5632,5376,5120,4864,4608,4352,0,0,0,0,0,32768,0,426,65535,4608,0,4227,862,667,826,16,0,0,14,8192,0,0,0,0,0,130,592,79,323,16,0,0,12,8192,0,0,0,0,0,131,480,920,476,16,0,0,10,8192,0,0,0,0,0,131,758,397,151,16,2,0,8,8192,0,0,0,0,0,131,731,95,183,16,4,0,6,8192,0,0,0,0,0,131,782,81,433,16,6,0,4,8192,0,0,0,0,0,131,439,97,644,8,8,0,2,8192,0,0,0,0,0,131,560,151,713
5106,0,4096,5888,5632,5376,5120,4864,4608,4352,0,0,0,0,0,32768,0,524,434,5888,4608,4227,862,678,833,16,0,0,14,8192,0,0,0,0,0,130,590,79,332,16,0,0,12,8192,0,0,0,0,0,131,464,917,469,16,0,0,10,8192,0,0,0,0,0,131,730,386,147,16,2,0,8,8192,0,0,0,0,0,131,699,91,194,16,4,0,6,8192,0,0,0,0,0,131,750,79,445,16,6,0,4,8192,0,0,0,0,0,131,407,101,649,8,8,0,2,8192,0,0,0,0,0,131,603,160,715
5110,0,4096,5888,5632,5376,5120,4864,4608,4352,0,0,0,0,0,32768,0,527,437,5888,4608,36995,862,690,840,16,0,0,14,8192,0,0,0,0,0,130,588,80,342,16,0,0,12,8192,0,0,0,0,0,131,496,914,462,16,0,0,10,8192,0,0,0,0,0,131,674,376,143,16,2,0,8,8192,0,0,0,0,0,131,679,88,204,16,4,0,6,8192,0,0,0,0,0,131,718,77,456,16,6,0,4,8192,0,0,0,0,0,131,387,104,655,8,8,0,2,8192,0,0,0,0,0,131,643,170,716
5114,0,4096,5888,5632,5376,5120,4864,4608,4352,0,0,0,0,0,32768,0,514,435,5888,4608,36995,862,702,846,16,0,0,14,8192,0,0,0,0,0,130,586,80,351,16,0,0,12,8192,0,0,0,0,0,131,496,910,455,16,0,0,10,8192,0,0,0,0,0,131,642,366,139,16,2,0,8,8192,0,0,0,0,0,131,663,86,215,16,4,0,6,8192,0,0,0,0,0,131,686,77,467,16,6,0,4,8192,0,0,0,0,0,131,371,107,660,8,8,0,2,8192,0,0,0,0,0,131,679,181,715
5118,0,4096,5888,5632,5376,5120,4864,4608,4352,0,0,0,4,0,32768,0,517,444,5888,4608,4227,862,714,852,16,0,0,14,8192,0,0,0,0,0,130,584,79,360,16,0,0,12,8192,0,0,0,0,0,131,480,906,449,16,0,0,10,8192,0,0,0,0,0,131,610,357,136,16,2,0,8,8192,0,0,0,0,0,131,647,86,225,16,4,0,6,8192,0,0,0,0,0,131,654,77,478,16,6,0,4,8192,0,0,0,0,0,131,355,110,665,8,8,0,2,8192,0,0,0,0,0,131,702,192,713
5122,0,4096,5888,5632,5376,5120,4864,4608,4352,0,0,0,4,0,32768,0,520,447,5888,4608,4227,862,727,857,16,0,0,14,8192,0,0,0,0,0,130,582,80,369,16,0,0,12,8192,0,0,0,0,0,131,464,902,443,16,0,0,10,8192,0,0,0,0,0,131,582,348,133,16,2,0,8,8192,0,0,0,0,0,131,631,85,235,16,4,0,6,8192,0,0,0,0,0,131,622,79,487,8,6,0,4,8192,0,0,0,0,0,131,339,113,669,8,8,0,2,8192,0,0,0,0,0,131,737,203,709
5126,0,4096,5888,5632,5376,5120,4864,4608,4352,0,0,0,4,0,32768,0,525,446,5888,4608,4227,862,739,861,16,0,0,14,8192,0,0,0,0,0,130,594,80,378,16,0,0,12,8192,0,0,0,0,0,131,496,897,438,16,0,0,10,8192,0,0,0,0,0,131,566,340,130,16,2,0,8,8192,0,0,0,0,0,131,615,84,245,16,4,0,6,8192,0,0,0,0,0,131,594,80,497,8,6,0,4,8192,0,0,0,0,0,131,371,116,673,8,8,0,2,8192,0,0,0,0,0,131,769,214,703
5130,0,4096,5888,5632,5376,5120,4864,4608,4352,0,0,0,36,0,32768,0,831,452,4864,4608,4227,862,752,865,16,0,0,14,8192,0,0,0,0,0,130,592,79,387,16,0,0,12,8192,0,0,0,0,0,131,496,891,432,16,0,0,10,8192,0,0,0,0,0,131,550,332,126,16,2,0,8,8192,0,0,0,0,0,131,599,83,254,8,4,0,6,8192,0,0,0,0,0,131,592,81,506,8,6,0,4,8192,0,0,0,0,0,131,423,119,679,8,8,0,2,8192,0,0,0,0,0,131,797,225,697
5134,0,4096,5888,5632,5376,5120,4864,4608,4352,0,0,0,32804,0,34816,0,856,455,4864,4608,4227,862,766,867,16,0,0,14,8192,0,0,0,0,0,130,590,79,397,16,0,0,12,8192,0,0,0,0,0,131,480,887,426,16,0,0,10,8192,0,0,0,0,0,131,534,324,123,16,2,0,8,8192,0,0,0,0,0,131,583,82,263,8,4,0,6,8192,0,0,0,0,0,131,632,81,516,8,6,0,4,8192,0,0,0,0,0,131,475,123,684,8,8,0,2,8192,0,0,0,0,0,131,825,236,692
5138,0,4096,5888,5632,5376,5120,4864,4608,4352,0,0,0,32804,0,34816,0,870,454,4864,4608,4227,862,779,869,16,0,0,14,8192,0,0,0,0,0,130,588,80,406,16,0,0,12,8192,0,0,0,0,0,131,464,882,420,16,0,0,10,8192,0,0,0,0,0,131,518,316,121,8,2,0,8,8192,0,0,0,0,0,131,609,80,272,8,4,0,6,8192,0,0,0,0,0,131,671,81,526,8,6,0,4,8192,0,0,0,0,0,131,523,129,690,8,8,0,2,8192,0,0,0,0,0,131,852,248,686
5142,0,4096,5888,5632,5376,5120,4864,4608,4352,0,0,0,32804,0,34816,0,875,462,4864,4608,4227,862,792,870,16,0,0,14,8192,0,0,0,0,0,130,586,81,415,16,0,0,12,8192,0,0,0,0,0,131,496,877,414,16,0,0,10,8192,0,0,0,0,0,131,502,308,120,8,2,0,8,8192,0,0,0,0,0,131,649,79,282,8,4,0,6,8192,0,0,0,0,0,131,707,81,536,8,6,0,4,8192,0,0,0,0,0,131,523,135,695,8,8,0,2,8192,0,0,0,0,0,131,876,260,680
5146,0,4096,5888,5632,5376,5120,4864,4608,4352,0,0,0,32804,0,34816,0,890,462,4864,4608,4227,862,806,872,16,0,0,14,8192,0,0,0,0,0,130,584,81,424,16,0,0,12,8192,0,0,0,0,0,131,496,872,408,16,0,0,10,8192,0,0,0,0,0,131,486,301,118,8,2,0,8,8192,0,0,0,0,0,131,686,77,292,8,4,0,6,8192,0,0,0,0,0,131,727,81,548,8,6,0,4,8192,0,0,0,0,0,131,522,143,699,8,8,0,2,8192,0,0,0,0,0,131,900,272,674
5150,0,4096,5888,5632,5376,5120,4864,4608,4352,0,0,0,36,0,32768,0,913,470,4864,4608,4227,862,819,873,16,0,0,14,8192,0,0,0,0,0,130,582,80,433,16,0,0,12,8192,0,0,0,0,0,131,480,867,403,16,0,0,10,8192,0,0,0,0,0,131,470,293,117,8,2,0,8,8192,0,0,0,0,0,131,720,77,303,8,4,0,6,8192,0,0,0,0,0,131,711,81,559,8,6,0,4,8192,0,0,0,0,0,131,521,150,701,8,8,0,2,8192,0,0,0,0,0,131,894,284,667
5154,0,4096,5888,5632,5376,5120,4864,4608,4352,0,0,0,36,0,32768,0,926,470,4864,4608,4227,862,833,872,16,0,0,14,8192,0,0,0,0,0,130,594,78,442,16,0,0,12,8192,0,0,0,0,0,131,464,863,397,16,0,0,10,8192,0,0,0,0,0,131,470,286,115,8,2,0,8,8192,0,0,0,0,0,131,752,78,315,8,4,0,6,8192,0,0,0,0,0,131,731,81,570,8,6,0,4,8192,0,0,0,0,0,131,550,158,703,8,8,0,2,8192,0,0,0,0,0,131,908,297,660
5158,0,4096,5888,5632,5376,5120,4864,4608,4352,0,0,0,36,0,32768,0,557,929,5888,4864,4227,862,846,870,16,0,0,14,8192,0,0,0,0,0,130,578,77,451,16,0,0,12,8192,0,0,0,0,0,131,496,858,391,8,0,0,10,8192,0,0,0,0,0,131,470,279,114,8,2,0,8,8192,0,0,0,0,0,131,782,78,327,8,4,0,6,8192,0,0,0,0,0,131,715,81,581,8,6,0,4,8192,0,0,0,0,0,131,594,167,703,8,8,0,2,8192,0,0,0,0,0,131,901,309,655
5162,0,4096,5888,5632,5376,5120,4864,4608,4352,0,0,0,36,0,32768,0,874,949,4352,4864,4227,862,859,865,16,0,0,14,8192,0,0,0,0,0,130,562,77,460,16,0,0,12,8192,0,0,0,0,0,131,544,852,386,8,0,0,10,8192,0,0,0,0,0,131,470,272,112,8,2,0,8,8192,0,0,0,0,0,131,810,79,339,8,4,0,6,8192,0,0,0,0,0,131,712,81,593,8,6,0,4,8192,0,0,0,0,0,131,635,177,703,8,8,0,2,8192,0,0,0,0,0,131,895,322,651
5166,0,4096,5888,5632,5376,5120,4864,4608,4352,0,0,0,36,0,32768,0,928,959,5120,4864,4227,862,871,860,16,0,0,14,8192,0,0,0,0,0,130,546,77,468,16,0,0,12,8192,0,0,0,0,0,131,589,845,380,8,0,0,10,8192,0,0,0,0,0,131,518,265,110,8,2,0,8,8192,0,0,0,0,0,131,838,80,352,8,4,0,6,8192,0,0,0,0,0,131,680,81,603,8,6,0,4,8192,0,0,0,0,0,131,672,187,702,8,8,0,2,8192,0,0,0,0,0,131,909,336,647
5170,0,4096,5888,5632,5376,5120,4864,4608,4352,0,0,0,0,0,32768,0,873,959,4352,4864,4227,862,882,852,16,0,0,14,8192,0,0,0,0,0,130,530,78,477,16,0,0,12,8192,0,0,0,0,0,131,588,837,375,8,0,0,10,8192,0,0,0,0,0,131,562,256,109,8,2,0,8,8192,0,0,0,0,0,131,863,79,365,8,4,0,6,8192,0,0,0,0,0,131,648,83,614,8,6,0,4,8192,0,0,0,0,0,131,708,197,700,8,8,0,2,8192,0,0,0,0,0,131,893,349,643
5174,0,4096,5888,5632,5376,5120,4864,4608,4352,0,0,0,0,0,32768,0,926,975,5120,4864,36995,862,893,844,16,0,0,14,8192,0,0,0,0,0,130,514,78,485,16,0,0,12,8192,0,0,0,0,0,131,572,830,370,8,0,0,10,8192,0,0,0,0,0,131,605,247,108,8,2,0,8,8192,0,0,0,0,0,131,887,79,378,8,4,0,6,8192,0,0,0,0,0,131,620,87,623,8,6,0,4,8192,0,0,0,0,0,131,741,208,697,8,8,0,2,8192,0,0,0,0,0,131,907,363,638
5178,0,4096,5888,5632,5376,5120,4864,4608,4352,0,0,0,32768,0,34816,0,832,549,5376,5888,36995,862,902,834,16,0,0,14,8192,0,0,0,0,0,130,498,79,492,16,0,0,12,8192,0,0,0,0,0,131,556,823,365,8,0,0,10,8192,0,0,0,0,0,131,645,238,107,8,2,0,8,8192,0,0,0,0,0,131,909,80,392,8,4,0,6,8192,0,0,0,0,0,131,604,91,632,8,6,0,4,8192,0,0,0,0,0,131,773,219,692,8,8,0,2,8192,0,0,0,0,0,131,901,376,635
5182,0,4096,5888,5632,5376,5120,4864,4608,4352,0,0,0,32768,0,34816,0,65535,681,0,5632,4227,862,908,822,16,0,0,14,8192,0,0,0,0,0,130,482,80,500,16,0,0,12,8192,0,0,0,0,0,131,585,816,359,8,0,0,10,8192,0,0,0,0,0,131,681,227,105,8,2,0,8,8192,0,0,0,0,0,131,902,81,407,8,4,0,6,8192,0,0,0,0,0,131,588,96,640,8,6,0,4,8192,0,0,0,0,0,131,802,230,688,8,8,0,2,8192,0,0,0,0,0,131,895,390,631
5186,0,4096,5888,5632,5376,5120,4864,4608,4352,0,0,0,32768,0,34816,0,65535,687,0,5632,4227,862,912,809,16,0,0,14,8192,0,0,0,0,0,130,466,81,508,16,0,0,12,8192,0,0,0,0,0,131,584,808,354,8,0,0,10,8192,0,0,0,0,0,131,700,217,103,8,2,0,8,8192,0,0,0,0,0,131,895,81,421,8,4,0,6,8192,0,0,0,0,0,131,572,100,647,8,6,0,4,8192,0,0,0,0,0,131,830,242,682,8,8,0,2,8192,0,0,0,0,0,131,905,403,627
5190,0,4096,5888,5632,5376,5120,4864,4608,4352,0,0,0,32768,0,34816,0,65535,664,0,5632,36995,862,914,796,16,0,0,14,8192,0,0,0,0,0,130,466,81,515,16,0,0,12,8192,0,0,0,0,0,131,610,800,349,8,0,0,10,8192,0,0,0,0,0,131,668,206,103,8,2,0,8,8192,0,0,0,0,0,131,907,78,434,8,4,0,6,8192,0,0,0,0,0,131,556,104,655,8,6,0,4,8192,0,0,0,0,0,131,855,254,678,8,8,0,2,8192,0,0,0,0,0,131,873,417,624
5194,0,4096,5888,5632,5376,5120,4864,4608,4352,0,0,0,0,0,32768,0,65535,664,0,5632,36995,862,916,783,16,0,0,14,8192,0,0,0,0,0,130,466,81,522,16,0,0,12,8192,0,0,0,0,0,131,608,792,345,8,0,0,10,8192,0,0,0,0,0,131,636,196,103,8,2,0,8,8192,0,0,0,0,0,131,900,77,449,8,4,0,6,8192,0,0,0,0,0,131,540,108,663,8,6,0,4,8192,0,0,0,0,0,131,879,267,673,8,8,0,2,8192,0,0,0,0,0,131,841,430,622
5198,0,4096,5888,5632,5376,5120,4864,4608,4352,0,0,0,0,0,32768,0,65535,813,0,5376,4227,862,917,769,16,0,0,14,8192,0,0,0,0,0,130,466,81,529,16,0,0,12,8192,0,0,0,0,0,131,592,784,340,8,0,0,10,8192,0,0,0,0,0,131,608,186,105,8,2,0,8,8192,0,0,0,0,0,131,872,78,462,8,4,0,6,8192,0,0,0,0,0,131,524,112,670,8,6,0,4,8192,0,0,0,0,0,131,903,279,667,8,8,0,2,8192,0,0,0,0,0,131,813,443,623
5202,0,4096,5888,5632,5376,5120,4864,4608,4352,0,0,0,0,0,32768,0,65535,797,0,5376,4227,862,918,756,16,0,0,14,8192,0,0,0,0,0,130,466,81,536,16,0,0,12,8192,0,0,0,0,0,131,618,776,335,8,0,0,10,8192,0,0,0,0,0,131,592,178,109,8,2,0,8,8192,0,0,0,0,0,131,840,80,476,8,4,0,6,8192,0,0,0,0,0,131,523,117,677,8,6,0,4,8192,0,0,0,0,0,131,906,293,662,8,8,0,2,8192,0,0,0,0,0,131,797,456,625
5206,0,4096,5888,5632,5376,5120,4864,4608,4352,0,0,0,0,0,32768,0,65535,791,0,5376,36995,862,918,742,16,0,0,14,8192,0,0,0,0,0,130,466,81,543,16,0,0,12,8192,0,0,0,0,0,131,616,768,330,8,0,0,10,8192,0,0,0,0,0,131,576,169,112,8,2,0,8,8192,0,0,0,0,0,131,820,81,489,8,4,0,6,8192,0,0,0,0,0,131,523,122,683,8,6,0,4,8192,0,0,0,0,0,131,917,306,658,8,8,0,2,8192,0,0,0,0,0,131,781,468,626
5210,0,4096,5888,5632,5376,5120,4864,4608,4352,0,0,0,0,0,32768,0,65535,796,0,5376,36995,862,919,729,16,0,0,14,8192,0,0,0,0,0,130,466,81,551,16,0,0,12,8192,0,0,0,0,0,131,600,760,325,8,0,0,10,8192,0,0,0,0,0,131,560,161,115,8,2,0,8,8192,0,0,0,0,0,131,804,81,501,8,4,0,6,8192,0,0,0,0,0,131,523,127,689,8,6,0,4,8192,0,0,0,0,0,131,910,320,653,8,8,0,2,8192,0,0,0,0,0,131,765,480,626
5214,0,4096,5888,5632,5376,5120,4864,4608,4352,0,0,0,0,0,32768,0,777,583,5376,5632,4227,862,920,715,16,0,0,14,8192,0,0,0,0,0,130,466,81,558,16,0,0,12,8192,0,0,0,0,0,131,584,752,320,8,0,0,10,8192,0,0,0,0,0,131,559,152,117,8,2,0,8,8192,0,0,0,0,0,131,788,81,514,8,4,0,6,8192,0,0,0,0,0,131,523,134,694,8,6,0,4,8192,0,0,0,0,0,131,921,333,649,8,8,0,2,8192,0,0,0,0,0,131,749,492,626
5218,0,4096,5888,5632,5376,5120,4864,4608,4352,0,0,0,0,0,32768,0,771,583,5376,5632,4227,862,920,702,16,0,0,14,8192,0,0,0,0,0,130,466,81,565,16,0,0,12,8192,0,0,0,0,0,131,610,744,315,8,0,0,10,8192,0,0,0,0,0,131,602,144,120,8,2,0,8,8192,0,0,0,0,0,131,772,81,526,8,4,0,6,8192,0,0,0,0,0,131,523,140,698,8,6,0,4,8192,0,0,0,0,0,131,914,347,645,8,8,0,2,8192,0,0,0,0,0,131,733,503,626
5222,0,4096,5888,5632,5376,5120,4864,4608,4352,0,0,0,0,0,32768,0,774,554,5376,5632,36995,862,921,688,16,0,0,14,8192,0,0,0,0,0,130,466,81,572,16,0,0,12,8192,0,0,0,0,0,131,608,735,311,8,0,0,10,8192,0,0,0,0,0,131,642,135,124,8,2,0,8,8192,0,0,0,0,0,131,756,81,538,8,4,0,6,8192,0,0,0,0,0,131,523,146,700,8,6,0,4,8192,0,0,0,0,0,131,907,360,640,8,8,0,2,8192,0,0,0,0,0,131,717,515,627
5226,0,4096,5888,5632,5376,5120,4864,4608,4352,0,0,0,0,0,32768,0,769,555,5376,5632,36995,862,921,675,16,0,0,14,8192,0,0,0,0,0,130,466,81,579,16,0,0,12,8192,0,0,0,0,0,131,592,727,306,8,0,0,10,8192,0,0,0,0,0,131,678,126,130,8,2,0,8,8192,0,0,0,0,0,131,740,81,550,8,4,0,6,8192,0,0,0,0,0,131,523,153,702,8,6,0,4,8192,0,0,0,0,0,131,918,374,636,8,8,0,2,8192,0,0,0,0,0,131,701,526,630
5230,0,4096,5888,5632,5376,5120,4864,4608,4352,0,0,0,0,0,32768,0,751,525,5376,5632,4227,862,922,662,16,0,0,14,8192,0,0,0,0,0,130,466,81,587,16,0,0,12,8192,0,0,0,0,0,131,618,719,301,8,0,0,10,8192,0,0,0,0,0,131,701,118,137,8,2,0,8,8192,0,0,0,0,0,131,724,81,561,8,4,0,6,8192,0,0,0,0,0,131,523,160,702,8,6,0,4,8192,0,0,0,0,0,131,911,388,632,8,8,0,2,8192,0,0,0,0,0,131,724,536,634
5234,0,4096,5888,5632,5376,5120,4864,4608,4352,0,0,0,0,0,32768,0,746,527,5376,5632,4227,862,922,648,16,0,0,14,8192,0,0,0,0,0,130,446,81,594,16,0,0,12,8192,0,0,0,0,0,131,616,711,296,8,0,0,10,8192,0,0,0,0,0,131,685,111,145,16,2,0,8,8192,0,0,0,0,0,131,700,81,572,8,4,0,6,8192,0,0,0,0,0,131,567,168,702,8,6,0,4,8192,0,0,0,0,0,131,922,401,628,8,8,0,2,8192,0,0,0,0,0,131,708,545,640
5238,0,4096,5888,5632,5376,5120,4864,4608,4352,0,0,0,0,0,32768,0,507,833,5632,4352,36995,862,923,635,16,0,0,14,8192,0,0,0,0,0,130,414,81,601,16,0,0,12,8192,0,0,0,0,0,131,600,703,291,16,0,0,10,8192,0,0,0,0,0,131,720,106,155,16,2,0,8,8192,0,0,0,0,0,131,668,81,583,8,4,0,6,8192,0,0,0,0,0,131,610,177,701,8,6,0,4,8192,0,0,0,0,0,131,903,415,624,8,8,0,2,8192,0,0,0,0,0,131,705,554,646
5242,0,4096,5888,5632,5376,5120,4864,4608,4352,0,0,0,0,0,32768,0,831,833,4352,5120,36995,862,924,621,16,0,0,14,8192,0,0,0,0,0,130,382,82,607,16,0,0,12,8192,0,0,0,0,0,131,584,695,287,16,0,0,10,8192,0,0,0,0,0,131,736,101,165,16,2,0,8,8192,0,0,0,0,0,131,636,81,593,8,4,0,6,8192,0,0,0,0,0,131,649,186,700,8,6,0,4,8192,0,0,0,0,0,131,871,429,622,8,8,0,2,8192,0,0,0,0,0,131,702,561,654
5246,0,4096,5888,5632,5376,5120,4864,4608,4352,0,0,0,0,0,32768,0,833,406,5120,4608,4227,862,924,608,16,0,0,14,8192,0,0,0,0,0,130,354,84,612,16,0,0,12,8192,0,0,0,0,0,131,610,686,283,16,0,0,10,8192,0,0,0,0,0,131,704,98,176,16,2,0,8,8192,0,0,0,0,0,131,580,81,603,8,4,0,6,8192,0,0,0,0,0,131,685,196,698,8,6,0,4,8192,0,0,0,0,0,131,839,442,621,8,8,0,2,8192,0,0,0,0,0,131,725,568,664
5250,0,4096,5888,5632,5376,5120,4864,4608,4352,0,0,0,0,0,32768,0,832,398,5120,4608,4227,862,925,594,16,0,0,14,8192,0,0,0,0,0,130,338,86,617,16,0,0,12,8192,0,0,0,0,0,131,608,678,279,16,0,0,10,8192,0,0,0,0,0,131,676,94,186,16,2,0,8,8192,0,0,0,0,0,131,516,82,612,8,4,0,6,8192,0,0,0,0,0,131,720,207,696,8,6,0,4,8192,0,0,0,0,0,131,819,455,623,8,8,0,2,8192,0,0,0,0,0,131,709,574,673
5254,0,4096,5888,5632,5376,5120,4864,4608,4352,0,0,0,0,0,32768,0,462,838,5632,4352,36995,862,925,581,16,0,0,14,8192,0,0,0,0,0,130,322,88,622,16,0,0,12,8192,0,0,0,0,0,131,592,669,275,16,0,0,10,8192,0,0,0,0,0,131,660,90,196,16,2,0,8,8192,0,0,0,0,0,131,476,84,619,8,4,0,6,8192,0,0,0,0,0,131,752,218,692,8,6,0,4,8192,0,0,0,0,0,131,803,468,625,8,8,0,2,8192,0,0,0,0,0,131,706,581,681
5258,0,4096,5888,5632,5376,5120,4864,4608,4352,0,0,0,0,0,32768,0,355,452,5888,5632,36995,862,923,567,16,0,0,14,8192,0,0,0,0,0,130,306,90,626,16,0,0,12,8192,0,0,0,0,0,131,618,660,271,16,0,0,10,8192,0,0,0,0,0,131,644,88,206,16,2,0,8,8192,0,0,0,0,0,131,444,86,626,8,4,0,6,8192,0,0,0,0,0,131,783,229,687,8,6,0,4,8192,0,0,0,0,0,131,787,480,625,8,8,0,2,8192,0,0,0,0,0,131,703,587,690
5262,0,4096,5888,5632,5376,5120,4864,4608,4352,0,0,0,0,0,32768,0,684,436,5376,5632,4228,862,921,554,16,0,0,14,8192,0,0,0,0,0,130,290,93,630,16,0,0,12,8192,0,0,0,0,0,131,616,652,267,16,0,0,10,8192,0,0,0,0,0,131,628,87,216,16,2,0,8,8192,0,0,0,0,0,131,412,89,632,8,4,0,6,8192,0,0,0,0,0,131,811,240,683,8,6,0,4,8192,0,0,0,0,0,131,771,492,625,8,8,0,2,8192,0,0,0,0,0,131,738,594,699
5266,0,4096,5888,5632,5376,5120,4864,4608,4352,0,0,0,0,0,32768,0,426,834,5632,5120,4228,862,919,541,16,0,0,14,8192,0,0,0,0,0,130,274,95,634,16,0,0,12,8192,0,0,0,0,0,131,600,643,263,16,0,0,10,8192,0,0,0,0,0,131,612,86,225,16,2,0,8,8192,0,0,0,0,0,131,380,93,638,8,4,0,6,8192,0,0,0,0,0,131,838,251,678,8,6,0,4,8192,0,0,0,0,0,131,755,504,625,8,8,0,2,8192,0,0,0,0,0,131,770,601,708
5270,0,4096,5888,5632,5376,5120,4864,4608,4352,0,0,0,0,0,32768,0,416,831,5632,5120,36996,862,917,527,16,0,0,14,28672,0,0,0,0,0,130,266,97,638,16,0,0,12,8192,0,0,0,0,0,131,584,635,259,16,0,0,10,8192,0,0,0,0,0,131,596,86,235,16,2,0,8,28672,0,0,0,0,0,131,368,96,642,8,4,0,6,8192,0,0,0,0,0,131,862,264,674,8,6,0,4,8192,0,0,0,0,0,131,739,514,627,8,8,0,2,8192,0,0,0,0,0,131,798,608,718
5274,0,4096,5888,5632,5376,5120,4864,4608,4352,0,0,0,0,0,32768,0,408,818,5632,5120,36996,862,915,514,16,0,0,14,28672,0,0,0,0,0,130,266,99,644,16,0,0,12,8192,0,0,0,0,0,131,610,626,256,16,0,0,10,8192,0,0,0,0,0,131,580,85,244,8,2,0,8,28672,0,0,0,0,0,131,368,98,646,8,4,0,6,8192,0,0,0,0,0,131,886,276,668,8,6,0,4,8192,0,0,0,0,0,131,723,524,630,8,8,0,2,8192,0,0,0,0,0,131,826,614,729
5278,0,4096,5888,5632,5376,5120,4864,4608,4352,0,0,0,0,0,32768,0,816,385,4352,4608,4228,862,913,501,16,0,0,14,28672,0,0,0,0,0,130,266,100,650,16,0,0,12,8192,0,0,0,0,0,131,608,618,251,8,0,0,10,8192,0,0,0,0,0,131,564,84,253,8,2,0,8,28672,0,0,0,0,0,131,368,101,650,8,4,0,6,8192,0,0,0,0,0,131,909,289,663,8,6,0,4,8192,0,0,0,0,0,131,719,534,635,8,8,0,2,8192,0,0,0,0,0,131,853,621,740
5282,0,4096,5888,5632,5376,5120,4864,4608,4352,0,0,0,0,0,32768,0,815,389,5120,4608,4228,862,911,487,16,0,0,14,28672,0,0,0,0,0,130,266,102,656,16,0,0,12,8192,0,0,0,0,0,131,592,609,248,8,0,0,10,8192,0,0,0,0,0,131,563,83,262,8,2,0,8,28672,0,0,0,0,0,131,368,104,655,8,4,0,6,8192,0,0,0,0,0,131,902,302,658,8,6,0,4,8192,0,0,0,0,0,131,715,544,641,8,8,0,2,8192,0,0,0,0,0,131,877,629,751
5286,0,4096,5888,5632,5376,5120,4864,4608,4352,0,0,0,0,0,32768,0,817,387,4352,4608,36996,862,910,474,16,0,0,14,28672,0,0,0,0,0,130,266,103,663,16,0,0,12,8192,0,0,0,0,0,131,618,601,243,8,0,0,10,8192,0,0,0,0,0,131,606,82,271,8,2,0,8,28672,0,0,0,0,0,131,368,107,659,8,4,0,6,8192,0,0,0,0,0,131,913,316,654,8,6,0,4,8192,0,0,0,0,0,131,735,552,649,8,8,0,2,8192,0,0,0,0,0,131,901,636,763
5290,0,4096,5888,5632,5376,5120,4864,4608,4352,0,0,0,4,0,32768,0,812,388,5120,4608,36996,862,908,461,16,0,0,14,28672,0,0,0,0,0,130,266,105,669,16,0,0,12,8192,0,0,0,0,0,131,616,592,239,8,0,0,10,8192,0,0,0,0,0,131,646,80,280,8,2,0,8,28672,0,0,0,0,0,131,368,109,663,8,4,0,6,8192,0,0,0,0,0,131,906,330,650,8,6,0,4,8192,0,0,0,0,0,131,731,560,657,8,8,0,2,8192,0,0,0,0,0,131,895,643,775
5294,0,4096,5888,5632,5376,5120,4864,4608,4352,0,0,0,4,0,32768,0,812,387,5120,4608,36996,862,905,447,16,0,0,14,8192,0,0,0,0,0,130,250,107,673,16,0,0,12,8192,0,0,0,0,0,131,600,584,235,8,0,0,10,8192,0,0,0,0,0,131,682,78,290,8,2,0,8,8192,0,0,0,0,0,131,420,112,668,8,4,0,6,8192,0,0,0,0,0,131,900,343,646,8,6,0,4,8192,0,0,0,0,0,131,715,567,666,8,8,0,2,8192,0,0,0,0,0,131,909,651,787
5298,0,4096,5888,5632,5376,5120,4864,4608,4352,0,0,0,4,0,32768,0,812,819,5120,4352,36996,862,902,434,16,0,0,14,8192,0,0,0,0,0,130,234,110,675,16,0,0,12,8192,0,0,0,0,0,131,584,575,231,8,0,0,10,8192,0,0,0,0,0,131,717,77,301,8,2,0,8,8192,0,0,0,0,0,131,472,116,673,8,4,0,6,8192,0,0,0,0,0,131,911,356,642,8,6,0,4,8192,0,0,0,0,0,131,735,574,675,8,8,0,2,8192,0,0,0,0,0,131,893,659,799
5302,0,4096,5888,5632,5376,5120,4864,4608,4352,0,0,0,36,0,32768,0,409,576,5632,5376,36996,862,898,421,16,0,0,14,8192,0,0,0,0,0,130,230,112,678,16,0,0,12,8192,0,0,0,0,0,131,568,567,227,8,0,0,10,8192,0,0,0,0,0,131,749,78,313,8,2,0,8,8192,0,0,0,0,0,131,520,121,679,8,4,0,6,8192,0,0,0,0,0,131,904,370,637,8,6,0,4,8192,0,0,0,0,0,131,731,580,685,8,8,0,2,8192,0,0,0,0,0,131,907,666,811
5306,0,4096,5888,5632,5376,5120,4864,4608,4352,0,0,0,36,0,32768,0,415,549,5632,5376,36996,862,894,409,16,0,0,14,8192,0,0,0,0,0,130,238,115,680,16,0,0,12,8192,0,0,0,0,0,131,552,559,223,8,0,0,10,8192,0,0,0,0,0,131,780,78,324,8,2,0,8,8192,0,0,0,0,0,131,520,127,685,8,4,0,6,8192,0,0,0,0,0,131,915,383,632,8,6,0,4,8192,0,0,0,0,0,131,715,585,695,8,8,0,2,8192,0,0,0,0,0,131,901,674,822
5310,0,4096,5888,5632,5376,5120,4864,4608,4352,0,0,0,36,0,32768,0,418,550,5632,5376,36996,862,887,397,16,0,0,14,8192,0,0,0,0,0,130,234,118,682,16,0,0,12,8192,0,0,0,0,0,131,581,551,219,8,0,0,10,8192,0,0,0,0,0,131,808,79,337,8,2,0,8,8192,0,0,0,0,0,131,519,134,689,8,4,0,6,8192,0,0,0,0,0,131,908,397,629,8,6,0,4,8192,0,0,0,0,0,131,735,591,704,8,8,0,2,8192,0,0,0,0,0,131,895,683,833
5314,0,4096,5888,5632,5376,5120,4864,4608,4352,0,0,0,36,0,32768,0,428,519,5632,5376,36996,862,880,385,16,0,0,14,8192,0,0,0,0,0,130,230,122,683,16,0,0,12,8192,0,0,0,0,0,131,580,543,216,8,0,0,10,8192,0,0,0,0,0,131,836,80,350,8,2,0,8,8192,0,0,0,0,0,131,518,141,694,8,4,0,6,8192,0,0,0,0,0,131,888,410,624,8,6,0,4,8192,0,0,0,0,0,131,767,598,714,8,8,0,2,8192,0,0,0,0,0,131,909,693,843
5318,0,4096,5888,5632,5376,5120,4864,4608,4352,0,0,0,36,0,32768,0,435,519,5632,5376,36996,862,872,375,16,0,0,14,8192,0,0,0,0,0,130,238,125,685,16,0,0,12,8192,0,0,0,0,0,131,564,535,212,8,0,0,10,8192,0,0,0,0,0,131,860,80,363,8,2,0,8,8192,0,0,0,0,0,131,517,148,697,8,4,0,6,8192,0,0,0,0,0,131,856,424,621,8,6,0,4,8192,0,0,0,0,0,131,796,605,724,8,8,0,2,8192,0,0,0,0,0,131,893,703,852
5322,0,4096,5888,5632,5376,5120,4864,4608,4352,0,0,0,36,0,32768,0,507,437,5888,5632,36996,862,863,365,16,0,0,14,8192,0,0,0,0,0,130,234,128,686,16,0,0,12,8192,0,0,0,0,0,131,548,527,208,8,0,0,10,8192,0,0,0,0,0,131,884,79,376,8,2,0,8,8192,0,0,0,0,0,131,516,156,699,8,4,0,6,8192,0,0,0,0,0,131,828,437,620,8,6,0,4,8192,0,0,0,0,0,131,824,613,734,8,8,0,2,8192,0,0,0,0,0,131,907,714,861
5326,0,4096,5888,5632,5376,5120,4864,4608,4352,0,0,0,32768,0,34816,0,525,444,5888,5632,4228,862,853,356,16,0,0,14,8192,0,0,0,0,0,130,230,132,688,16,0,0,12,8192,0,0,0,0,0,131,577,519,204,8,0,0,10,8192,0,0,0,0,0,131,878,79,390,8,2,0,8,8192,0,0,0,0,0,131,545,164,700,8,4,0,6,8192,0,0,0,0,0,131,812,450,621,8,6,0,4,8192,0,0,0,0,0,131,850,620,745,8,8,0,2,8192,0,0,0,0,0,131,901,725,871
5330,0,4096,5888,5632,5376,5120,4864,4608,4352,0,0,0,32768,0,34816,0,521,455,5888,5632,4228,862,841,349,16,0,0,14,8192,0,0,0,0,0,130,238,135,689,16,0,0,12,8192,0,0,0,0,0,131,576,511,201,8,0,0,10,8192,0,0,0,0,0,131,892,81,404,8,2,0,8,8192,0,0,0,0,0,131,589,173,700,8,4,0,6,8192,0,0,0,0,0,131,796,462,623,8,6,0,4,8192,0,0,0,0,0,131,874,627,756,8,8,0,2,8192,0,0,0,0,0,131,895,736,881
5334,0,4096,5888,5632,5376,5120,4864,4608,4352,0,0,0,32768,0,34816,0,548,462,5888,5632,36996,862,828,345,16,0,0,14,8192,0,0,0,0,0,130,234,138,691,16,0,0,12,8192,0,0,0,0,0,131,560,503,197,8,0,0,10,8192,0,0,0,0,0,131,886,81,418,8,2,0,8,8192,0,0,0,0,0,131,630,182,699,8,4,0,6,8192,0,0,0,0,0,131,780,474,625,8,6,0,4,8192,0,0,0,0,0,131,898,635,767,8,8,0,2,8192,0,0,0,0,0,131,909,747,890
5338,0,4096,5888,5632,5376,5120,4864,4608,4352,0,0,0,32768,0,34816,0,556,463,5888,5632,36996,862,815,342,16,0,0,14,8192,0,0,0,0,0,130,230,142,691,16,0,0,12,8192,0,0,0,0,0,131,589,495,193,8,0,0,10,8192,0,0,0,0,0,131,880,79,431,8,2,0,8,8192,0,0,0,0,0,131,667,192,698,8,4,0,6,8192,0,0,0,0,0,131,764,486,626,8,6,0,4,8192,0,0,0,0,0,131,919,643,779,8,8,0,2,8192,0,0,0,0,0,131,893,758,899
5342,0,4096,5888,5632,5376,5120,4864,4608,4352,0,0,0,0,0,34816,0,551,472,5888,5632,4228,862,802,339,16,0,0,14,8192,0,0,0,0,0,130,238,146,692,16,0,0,12,8192,0,0,0,0,0,131,588,486,189,16,0,0,10,8192,0,0,0,0,0,131,894,77,445,8,2,0,8,8192,0,0,0,0,0,131,703,202,696,8,4,0,6,8192,0,0,0,0,0,131,748,498,626,8,6,0,4,8192,0,0,0,0,0,131,912,652,790,8,8,0,2,8192,0,0,0,0,0,131,907,771,906
5346,0,4096,5888,5632,5376,5120,4864,4608,4352,0,0,0,0,0,32768,0,573,479,5888,5632,4228,862,789,336,16,0,0,14,8192,0,0,0,0,0,130,234,149,692,16,0,0,12,8192,0,0,0,0,0,131,572,478,184,16,0,0,10,8192,0,0,0,0,0,131,858,77,459,8,2,0,8,8192,0,0,0,0,0,131,736,213,692,8,4,0,6,8192,0,0,0,0,0,131,732,510,627,8,6,0,4,8192,0,0,0,0,0,131,905,661,801,8,8,0,2,8192,0,0,0,0,0,131,901,784,912
5350,0,4096,5888,5632,5376,5120,4864,4608,4352,0,0,0,0,0,32768,0,579,483,5888,5632,36996,862,776,333,16,0,0,14,8192,0,0,0,0,0,130,230,153,692,16,0,0,12,8192,0,0,0,0,0,131,556,470,181,16,0,0,10,8192,0,0,0,0,0,131,770,78,472,8,2,0,8,8192,0,0,0,0,0,131,768,224,688,8,4,0,6,8192,0,0,0,0,0,131,716,521,629,8,6,0,4,8192,0,0,0,0,0,131,916,668,813,8,8,0,2,8192,0,0,0,0,0,131,895,797,916
5354,0,4096,5888,5632,5376,5120,4864,4608,4352,0,0,0,0,0,32768,0,498,386,5632,5376,36996,862,762,331,16,0,0,14,8192,0,0,0,0,0,130,238,156,692,16,0,0,12,8192,0,0,0,0,0,131,585,463,177,16,0,0,10,8192,0,0,0,0,0,131,706,80,483,8,2,0,8,8192,0,0,0,0,0,131,797,235,684,8,4,0,6,8192,0,0,0,0,0,131,712,531,633,8,6,0,4,8192,0,0,0,0,0,131,909,677,825,8,8,0,2,8192,0,0,0,0,0,131,909,811,917
5358,0,4096,5888,5632,5376,5120,4864,4608,4352,0,0,0,0,0,32768,0,505,377,5632,5376,4228,862,749,328,16,0,0,14,8192,0,0,0,0,0,130,234,160,692,16,0,0,12,8192,0,0,0,0,0,131,572,454,173,16,0,0,10,8192,0,0,0,0,0,131,674,81,494,8,2,0,8,8192,0,0,0,0,0,131,825,247,679,8,4,0,6,8192,0,0,0,0,0,131,732,541,638,8,6,0,4,8192,0,0,0,0,0,131,920,686,837,8,8,0,2,8192,0,0,0,0,0,131,893,825,916
5362,0,4096,5888,5632,5376,5120,4864,4608,4352,0,0,0,0,0,32768,0,520,367,5632,5376,4228,862,736,325,16,0,0,14,8192,0,0,0,0,0,130,270,164,692,16,0,0,12,8192,0,0,0,0,0,131,552,446,169,16,0,0,10,8192,0,0,0,0,0,131,642,81,504,8,2,0,8,8192,0,0,0,0,0,131,850,259,675,8,4,0,6,8192,0,0,0,0,0,131,716,550,645,8,6,0,4,8192,0,0,0,0,0,131,913,696,847,8,8,0,2,8192,0,0,0,0,0,131,907,839,912
5366,0,4096,5888,5632,5376,5120,4864,4608,4352,0,0,0,0,0,32768,0,516,365,5632,5376,36996,862,723,321,16,0,0,14,8192,0,0,0,0,0,130,318,168,691,16,0,0,12,8192,0,0,0,0,0,131,536,438,166,16,0,0,10,8192,0,0,0,0,0,131,610,81,514,8,2,0,8,8192,0,0,0,0,0,131,874,272,670,8,4,0,6,8192,0,0,0,0,0,131,712,558,653,8,6,0,4,8192,0,0,0,0,0,131,906,707,858,8,8,0,2,8192,0,0,0,0,0,131,901,852,907
5370,0,4096,5888,5632,5376,5120,4864,4608,4352,0,0,0,0,0,32768,0,543,367,5632,5376,36996,862,710,316,16,0,0,14,8192,0,0,0,0,0,130,366,174,691,16,0,0,12,8192,0,0,0,0,0,131,520,430,163,16,0,0,10,8192,0,0,0,0,0,131,582,81,524,8,2,0,8,8192,0,0,0,0,0,131,898,284,664,8,4,0,6,8192,0,0,0,0,0,131,732,565,662,8,6,0,4,8192,0,0,0,0,0,131,917,718,867,8,8,0,2,8192,0,0,0,0,0,131,895,864,900
5374,0,4096,5888,5632,5376,5120,4864,4608,4352,0,0,0,0,0,32768,0,374,525,5376,5120,4228,862,698,310,16,0,0,14,8192,0,0,0,0,0,130,418,180,690,16,0,0,12,8192,0,0,0,0,0,131,504,423,160,16,0,0,10,8192,0,0,0,0,0,131,566,81,533,8,2,0,8,8192,0,0,0,0,0,131,910,297,659,8,4,0,6,8192,0,0,0,0,0,131,716,571,672,8,6,0,4,8192,0,0,0,0,0,131,910,729,876,8,8,0,2,8192,0,0,0,0,0,131,909,875,891
5378,0,4096,5888,5632,5376,5120,4864,4608,4352,0,0,0,0,0,32768,0,388,523,5376,5120,4228,862,687,303,16,0,0,14,8192,0,0,0,0,0,130,456,186,689,16,0,0,12,8192,0,0,0,0,0,131,488,416,158,16,0,0,10,8192,0,0,0,0,0,131,550,81,541,8,2,0,8,8192,0,0,0,0,0,131,903,311,655,8,4,0,6,8192,0,0,0,0,0,131,712,578,681,8,6,0,4,8192,0,0,0,0,0,131,921,740,885,8,8,0,2,8192,0,0,0,0,0,131,893,886,882
5382,0,4096,5888,5632,5376,5120,4864,4608,4352,0,0,0,0,0,32768,0,394,507,5376,5120,36996,862,676,296,16,0,0,14,8192,0,0,0,0,0,130,472,194,688,16,0,0,12,8192,0,0,0,0,0,131,472,409,155,16,0,0,10,8192,0,0,0,0,0,131,534,81,550,8,2,0,8,8192,0,0,0,0,0,131,896,324,650,8,4,0,6,8192,0,0,0,0,0,131,732,584,691,8,6,0,4,8192,0,0,0,0,0,131,914,752,893,8,8,0,2,8192,0,0,0,0,0,131,907,896,873
5386,0,4096,5888,5632,5376,5120,4864,4608,4352,0,0,0,0,0,32768,0,407,488,5376,5120,36996,862,664,288,16,0,0,14,8192,0,0,0,0,0,130,520,201,687,16,0,0,12,8192,0,0,0,0,0,131,456,402,152,16,0,0,10,8192,0,0,0,0,0,131,518,81,558,8,2,0,8,8192,0,0,0,0,0,131,908,338,647,8,4,0,6,8192,0,0,0,0,0,131,716,591,700,8,6,0,4,8192,0,0,0,0,0,131,907,764,900,8,8,0,2,8192,0,0,0,0,0,131,901,905,862
5390,0,4096,5888,5632,5376,5120,4864,4608,4352,0,0,0,0,0,32768,0,424,473,5376,5120,4228,862,653,281,16,0,0,14,8192,0,0,0,0,0,130,549,209,685,16,0,0,12,8192,0,0,0,0,0,131,488,395,150,16,0,0,10,8192,0,0,0,0,0,131,502,81,566,8,2,0,8,8192,0,0,0,0,0,131,901,351,642,8,4,0,6,8192,0,0,0,0,0,131,712,599,709,8,6,0,4,8192,0,0,0,0,0,131,918,777,906,8,8,0,2,8192,0,0,0,0,0,131,895,912,850
5394,0,4096,5888,5632,5376,5120,4864,4608,4352,0,0,0,0,0,32768,0,438,464,5376,5120,4228,862,642,274,16,0,0,14,8192,0,0,0,0,0,130,563,217,682,16,0,0,12,8192,0,0,0,0,0,131,488,388,147,16,0,0,10,8192,0,0,0,0,0,131,486,81,574,8,2,0,8,8192,0,0,0,0,0,131,894,364,638,8,4,0,6,8192,0,0,0,0,0,131,744,606,717,8,6,0,4,8192,0,0,0,0,0,131,911,791,910,8,8,0,2,8192,0,0,0,0,0,131,909,917,837
5398,0,4096,5888,5632,5376,5120,4864,4608,4352,0,0,0,0,0,32768,0,453,446,5376,5120,36996,862,630,266,16,0,0,14,8192,0,0,0,0,0,130,562,226,680,16,0,0,12,8192,0,0,0,0,0,131,472,381,145,8,0,0,10,8192,0,0,0,0,0,131,470,81,581,8,2,0,8,8192,0,0,0,0,0,131,906,378,633,8,4,0,6,8192,0,0,0,0,0,131,775,613,727,8,6,0,4,8192,0,0,0,0,0,131,922,805,912,8,8,0,2,8192,0,0,0,0,0,131,893,922,823
5402,0,4096,5888,5632,5376,5120,4864,4608,4352,0,0,0,0,0,32768,0,472,436,5376,5120,36996,862,619,259,16,0,0,14,8192,0,0,0,0,0,130,561,234,677,16,0,0,12,8192,0,0,0,0,0,131,456,374,142,8,0,0,10,8192,0,0,0,0,0,131,470,81,589,8,2,0,8,8192,0,0,0,0,0,131,899,391,629,8,4,0,6,8192,0,0,0,0,0,131,803,619,739,8,6,0,4,8192,0,0,0,0,0,131,915,819,912,8,8,0,2,8192,0,0,0,0,0,131,907,927,810
5406,0,4096,5888,5632,5376,5120,4864,4608,4352,0,0,0,0,0,32768,0,427,549,5120,4352,4228,862,608,252,16,0,0,14,8192,0,0,0,0,0,130,560,242,675,16,0,0,12,8192,0,0,0,0,0,131,488,367,139,8,0,0,10,8192,0,0,0,0,0,131,502,81,596,8,2,0,8,8192,0,0,0,0,0,131,893,404,625,8,4,0,6,8192,0,0,0,0,0,131,831,626,749,8,6,0,4,8192,0,0,0,0,0,131,908,833,909,8,8,0,2,8192,0,0,0,0,0,131,901,933,797
5410,0,4096,5888,5632,5376,5120,4864,4608,4352,0,0,0,0,0,32768,0,419,554,5120,4352,4228,862,597,244,16,0,0,14,8192,0,0,0,0,0,130,559,250,671,16,0,0,12,8192,0,0,0,0,0,131,488,360,136,8,0,0,10,8192,0,0,0,0,0,131,502,82,604,8,2,0,8,8192,0,0,0,0,0,131,865,417,622,8,4,0,6,8192,0,0,0,0,0,131,858,633,761,8,6,0,4,8192,0,0,0,0,0,131,919,847,905,8,8,0,2,8192,0,0,0,0,0,131,895,936,784
5414,0,4096,5888,5632,5376,5120,4864,4608,4352,0,0,0,0,0,32768,0,409,545,5120,4352,36996,862,585,237,16,0,0,14,8192,0,0,0,0,0,130,558,259,669,16,0,0,12,8192,0,0,0,0,0,131,472,353,134,8,0,0,10,8192,0,0,0,0,0,131,502,83,611,8,2,0,8,8192,0,0,0,0,0,131,833,429,621,8,4,0,6,8192,0,0,0,0,0,131,882,640,772,8,6,0,4,8192,0,0,0,0,0,131,912,860,898,8,8,0,2,8192,0,0,0,0,0,131,909,937,770
5418,0,4096,5888,5632,5376,5120,4864,4608,4352,0,0,0,0,0,32768,0,406,523,5120,4352,36996,862,574,229,16,0,0,14,8192,0,0,0,0,0,130,557,267,667,16,0,0,12,8192,0,0,0,0,0,131,456,346,131,8,0,0,10,8192,0,0,0,0,0,131,502,86,619,8,2,0,8,8192,0,0,0,0,0,131,813,442,622,8,4,0,6,8192,0,0,0,0,0,131,905,647,784,8,6,0,4,8192,0,0,0,0,0,131,905,871,890,8,8,0,2,8192,0,0,0,0,0,131,893,937,755
5422,0,4096,5888,5632,5376,5120,4864,4608,4352,0,0,0,0,0,32768,0,409,516,5120,4352,4228,862,563,222,16,0,0,14,8192,0,0,0,0,0,130,556,275,664,16,0,0,12,8192,0,0,0,0,0,131,488,340,128,8,0,0,10,8192,0,0,0,0,0,131,502,90,626,8,2,0,8,8192,0,0,0,0,0,131,797,454,624,8,4,0,6,8192,0,0,0,0,0,131,899,655,796,8,6,0,4,8192,0,0,0,0,0,131,916,883,882,8,8,0,2,8192,0,0,0,0,0,131,907,937,741
5426,0,4096,5888,5632,5376,5120,4864,4608,4352,0,0,0,0,0,32768,0,417,523,5120,4352,4228,862,551,216,16,0,0,14,8192,0,0,0,0,0,130,555,284,662,16,0,0,12,8192,0,0,0,0,0,131,488,333,125,8,0,0,10,8192,0,0,0,0,0,131,502,94,632,8,2,0,8,8192,0,0,0,0,0,131,781,466,627,8,4,0,6,8192,0,0,0,0,0,131,910,664,807,8,6,0,4,8192,0,0,0,0,0,131,909,894,873,8,8,0,2,8192,0,0,0,0,0,131,901,937,727
5430,0,4096,5888,5632,5376,5120,4864,4608,4352,0,0,0,0,0,32768,0,415,516,5120,4352,36996,862,538,210,16,0,0,14,8192,0,0,0,0,0,130,554,292,659,16,0,0,12,8192,0,0,0,0,0,131,472,325,123,8,0,0,10,8192,0,0,0,0,0,131,502,98,639,8,2,0,8,8192,0,0,0,0,0,131,765,477,628,8,4,0,6,8192,0,0,0,0,0,131,903,672,818,8,6,0,4,8192,0,0,0,0,0,131,920,903,862,8,8,0,2,8192,0,0,0,0,0,131,895,937,713
5434,0,4096,5888,5632,5376,5120,4864,4608,4352,0,0,0,0,0,32768,0,417,504,5120,4352,36996,862,526,205,16,0,0,14,8192,0,0,0,0,0,130,553,300,656,16,0,0,12,8192,0,0,0,0,0,131,456,318,122,8,0,0,10,8192,0,0,0,0,0,131,502,102,645,8,2,0,8,8192,0,0,0,0,0,131,749,489,629,8,4,0,6,8192,0,0,0,0,0,131,914,680,829,8,6,0,4,8192,0,0,0,0,0,131,913,911,850,8,8,0,2,8192,0,0,0,0,0,131,909,937,699
5438,0,4096,5888,5632,5376,5120,4864,4608,4352,0,0,0,0,0,32768,0,427,498,5120,4352,4228,862,514,199,16,0,0,14,8192,0,0,0,0,0,130,552,308,654,16,0,0,12,8192,0,0,0,0,0,131,488,311,120,8,0,0,10,8192,0,0,0,0,0,131,502,105,652,8,2,0,8,8192,0,0,0,0,0,131,733,500,630,8,4,0,6,8192,0,0,0,0,0,131,907,691,839,8,6,0,4,8192,0,0,0,0,0,131,906,917,837,8,8,0,2,8192,0,0,0,0,0,131,893,937,685
5442,0,4096,5888,5632,5376,5120,4864,4608,4352,0,0,0,0,0,32768,0,429,497,5120,4352,4228,862,502,193,16,0,0,14,8192,0,0,0,0,0,130,551,317,652,16,0,0,12,8192,0,0,0,0,0,131,488,303,119,8,0,0,10,8192,0,0,0,0,0,131,502,109,659,8,2,0,8,8192,0,0,0,0,0,131,717,511,631,8,4,0,6,8192,0,0,0,0,0,131,901,701,849,8,6,0,4,8192,0,0,0,0,0,131,917,922,824,8,8,0,2,8192,0,0,0,0,0,131,907,937,671
5446,0,4096,5888,5632,5376,5120,4864,4608,4352,0,0,0,0,0,32768,0,490,610,4352,4864,36996,862,489,188,16,0,0,14,8192,0,0,0,0,0,130,550,325,649,16,0,0,12,8192,0,0,0,0,0,131,472,296,117,8,0,0,10,8192,0,0,0,0,0,131,502,113,666,8,2,0,8,8192,0,0,0,0,0,131,701,522,633,8,4,0,6,8192,0,0,0,0,0,131,912,712,858,8,6,0,4,8192,0,0,0,0,0,131,910,928,811,8,8,0,2,8192,0,0,0,0,0,131,901,937,657
5450,0,4096,5888,5632,5376,5120,4864,4608,4352,0,0,0,0,0,32768,0,481,608,4352,4864,36996,862,477,183,16,0,0,14,8192,0,0,0,0,0,130,549,334,647,16,0,0,12,8192,0,0,0,0,0,131,456,289,116,8,0,0,10,8192,0,0,0,0,0,131,502,117,673,8,2,0,8,8192,0,0,0,0,0,131,722,532,637,8,4,0,6,8192,0,0,0,0,0,131,905,723,867,8,6,0,4,8192,0,0,0,0,0,131,921,934,798,8,8,0,2,8192,0,0,0,0,0,131,895,937,643
5454,0,4096,5888,5632,5376,5120,4864,4608,4352,0,0,0,0,0,32768,0,482,608,4352,4864,4228,862,464,179,16,0,0,14,8192,0,0,0,0,0,130,563,342,645,16,0,0,12,8192,0,0,0,0,0,131,488,282,114,8,0,0,10,8192,0,0,0,0,0,131,502,120,679,8,2,0,8,8192,0,0,0,0,0,131,718,542,642,8,4,0,6,8192,0,0,0,0,0,131,899,734,875,8,6,0,4,8192,0,0,0,0,0,131,914,939,784,8,8,0,2,8192,0,0,0,0,0,131,909,937,629
5458,0,4096,5888,5632,5376,5120,4864,4608,4352,0,0,0,0,0,32768,0,479,607,4352,4864,4228,862,451,175,16,0,0,14,8192,0,0,0,0,0,130,562,349,644,16,0,0,12,8192,0,0,0,0,0,131,488,274,113,8,0,0,10,8192,0,0,0,0,0,131,502,125,686,8,2,0,8,8192,0,0,0,0,0,131,702,551,648,8,4,0,6,8192,0,0,0,0,0,131,910,745,884,8,6,0,4,8192,0,0,0,0,0,131,907,941,770,8,8,0,2,8192,0,0,0,0,0,131,893,937,615
5462,0,4096,5888,5632,5376,5120,4864,4608,4352,0,0,0,0,0,32768,0,472,606,4352,4864,36996,862,438,170,16,0,0,14,8192,0,0,0,0,0,130,561,357,642,16,0,0,12,8192,0,0,0,0,0,131,472,267,111,8,0,0,10,8192,0,0,0,0,0,131,502,130,691,8,2,0,8,8192,0,0,0,0,0,131,723,559,656,8,4,0,6,8192,0,0,0,0,0,131,903,757,892,8,6,0,4,8192,0,0,0,0,0,131,918,941,756,8,8,0,2,8192,0,0,0,0,0,131,907,937,601
5466,0,4096,5888,5632,5376,5120,4864,4608,4352,0,0,0,0,0,32768,0,472,605,4352,4864,36996,862,426,166,16,0,0,14,8192,0,0,0,0,0,130,560,365,639,16,0,0,12,8192,0,0,0,0,0,131,456,260,109,8,0,0,10,8192,0,0,0,0,0,131,502,137,696,8,2,0,8,8192,0,0,0,0,0,131,719,566,665,8,4,0,6,8192,0,0,0,0,0,131,914,769,899,8,6,0,4,8192,0,0,0,0,0,131,911,941,742,8,8,0,2,8192,0,0,0,0,0,131,901,937,587
5470,0,4096,5888,5632,5376,5120,4864,4608,4352,0,0,0,0,0,32768,0,471,602,4352,4864,4228,862,413,161,16,0,0,14,8192,0,0,0,0,0,130,559,373,638,16,0,0,12,8192,0,0,0,0,0,131,488,253,108,8,0,0,10,8192,0,0,0,0,0,131,502,143,700,8,2,0,8,8192,0,0,0,0,0,131,703,573,673,8,4,0,6,8192,0,0,0,0,0,131,907,783,904,8,6,0,4,8192,0,0,0,0,0,131,922,941,728,8,8,0,2,8192,0,0,0,0,0,131,895,937,573
5474,0,4096,5888,5632,5376,5120,4864,4608,4352,0,0,0,0,0,32768,0,473,601,4352,4864,4228,862,400,157,16,0,0,14,8192,0,0,0,0,0,130,558,381,636,16,0,0,12,8192,0,0,0,0,0,131,488,245,107,8,0,0,10,8192,0,0,0,0,0,131,502,151,702,8,2,0,8,8192,0,0,0,0,0,131,724,580,682,8,4,0,6,8192,0,0,0,0,0,131,901,797,907,8,6,0,4,8192,0,0,0,0,0,131,915,941,713,8,8,0,2,8200,0,0,0,0,0,132,909,937,559
5478,0,4096,5888,5632,5376,5120,4864,4608,4352,0,0,0,0,0,32768,0,479,584,4352,4864,36996,862,387,153,16,0,0,14,8192,0,0,0,0,0,130,557,389,635,16,0,0,12,8192,0,0,0,0,0,131,472,238,106,8,0,0,10,8192,0,0,0,0,0,131,502,158,704,8,2,0,8,8192,0,0,0,0,0,131,720,586,692,8,4,0,6,8192,0,0,0,0,0,131,912,811,907,8,6,0,4,8192,0,0,0,0,0,131,908,941,699,8,8,0,2,8192,0,0,0,0,0,132,877,936,545
5482,0,4096,5888,5632,5376,5120,4864,4608,4352,0,0,0,0,0,32768,0,482,581,4352,4864,36996,862,375,148,16,0,0,14,8192,0,0,0,0,0,130,556,397,633,16,0,0,12,8192,0,0,0,0,0,131,456,230,105,8,0,0,10,8192,0,0,0,0,0,131,549,166,704,8,2,0,8,8192,0,0,0,0,0,131,704,591,702,8,4,0,6,8192,0,0,0,0,0,131,905,825,906,8,6,0,4,8192,0,0,0,0,0,131,919,941,685,8,8,0,2,8192,0,0,0,0,0,132,845,933,531
5486,0,4096,5888,5632,5376,5120,4864,4608,4352,0,0,0,0,0,32768,0,481,577,4352,4864,4228,862,362,144,16,0,0,14,8192,0,0,0,0,0,130,555,405,631,16,0,0,12,8192,0,0,0,0,0,131,488,223,104,8,0,0,10,8192,0,0,0,0,0,131,592,175,703,8,2,0,8,8192,0,0,0,0,0,131,725,597,711,8,4,0,6,8192,0,0,0,0,0,131,899,838,903,8,6,0,4,8192,0,0,0,0,0,131,912,941,670,8,8,0,2,8192,0,0,0,0,0,132,817,929,519
5490,0,4096,5888,5632,5376,5120,4864,4608,4352,0,0,0,0,0,32768,0,573,145,4864,4608,4228,862,349,140,16,0,0,14,8192,0,0,0,0,0,130,539,413,630,16,0,0,12,8192,0,0,0,0,0,131,452,216,103,8,0,0,10,8192,0,0,0,0,0,131,632,184,703,8,2,0,8,8192,0,0,0,0,0,131,757,603,721,8,4,0,6,8192,0,0,0,0,0,131,910,852,897,8,6,0,4,8192,0,0,0,0,0,131,905,941,656,8,8,0,2,8192,0,0,0,0,0,132,801,924,507
5494,0,4096,5888,5632,5376,5120,4864,4608,4352,0,0,0,0,0,32768,0,584,138,4864,4608,36996,862,336,135,16,0,0,14,8192,0,0,0,0,0,130,523,421,629,16,0,0,12,8192,0,0,0,0,0,131,412,209,103,8,0,0,10,8192,0,0,0,0,0,131,671,194,702,8,2,0,8,8192,0,0,0,0,0,131,787,610,730,8,4,0,6,8192,0,0,0,0,0,131,903,864,890,8,6,0,4,8192,0,0,0,0,0,131,916,941,642,8,8,0,2,8192,0,0,0,0,0,132,785,920,496
5498,0,4096,5888,5632,5376,5120,4864,4608,4352,0,0,0,0,0,32768,0,583,130,4864,4608,36996,862,324,131,16,0,0,14,8192,0,0,0,0,0,130,507,430,629,16,0,0,12,8192,0,0,0,0,0,131,380,203,103,8,0,0,10,8192,0,0,0,0,0,131,707,204,701,8,2,0,8,8192,0,0,0,0,0,131,815,618,740,8,4,0,6,8192,0,0,0,0,0,131,914,875,882,8,6,0,4,8192,0,0,0,0,0,131,909,941,628,8,8,0,2,8192,0,0,0,0,0,132,769,917,484
5502,0,4096,5888,5632,5376,5120,4864,4608,4352,0,0,0,32772,0,34816,0,579,122,4864,4608,4228,862,311,126,16,0,0,14,8192,0,0,0,0,0,130,491,437,629,16,0,0,12,8192,0,0,0,0,0,131,348,197,104,8,0,0,10,8192,0,0,0,0,0,131,739,214,698,8,2,0,8,8192,0,0,0,0,0,131,843,625,751,8,4,0,6,8192,0,0,0,0,0,131,907,886,873,8,6,0,4,8192,0,0,0,0,0,131,920,941,614,8,8,0,2,8192,0,0,0,0,0,132,753,913,473
5506,0,4096,5888,5632,5376,5120,4864,4608,4352,0,0,0,32772,0,34816,0,577,115,4864,4608,4228,862,298,122,16,0,0,14,8192,0,0,0,0,0,130,475,445,629,16,0,0,12,8192,0,0,0,0,0,131,328,192,106,8,0,0,10,8192,0,0,0,0,0,131,771,225,695,8,2,0,8,8192,0,0,0,0,0,131,868,632,762,8,4,0,6,8192,0,0,0,0,0,131,901,897,864,8,6,0,4,8192,0,0,0,0,0,131,913,941,599,8,8,0,2,8192,0,0,0,0,0,132,737,908,462
5510,0,4096,5888,5632,5376,5120,4864,4608,4352,0,0,0,32804,0,34816,0,575,104,4864,4608,4228,862,286,116,16,0,0,14,8192,0,0,0,0,0,130,459,452,629,16,0,0,12,8192,0,0,0,0,0,131,312,187,107,8,0,0,10,8192,0,0,0,0,0,131,799,236,691,8,2,0,8,8192,0,0,0,0,0,131,892,640,774,8,4,0,6,8192,0,0,0,0,0,131,912,906,853,8,6,0,4,8192,0,0,0,0,0,131,906,941,585,8,8,0,2,8192,0,0,0,0,0,132,721,902,452
5514,0,4096,5888,5632,5376,5120,4864,4608,4352,0,0,0,32804,0,34816,0,573,96,4864,4608,4228,862,273,111,16,0,0,14,8192,0,0,0,0,0,130,459,459,629,16,0,0,12,8192,0,0,0,0,0,131,296,183,109,8,0,0,10,8192,0,0,0,0,0,131,827,247,685,8,2,0,8,8192,0,0,0,0,0,131,895,649,784,8,4,0,6,8192,0,0,0,0,0,131,905,913,840,8,6,0,4,8192,0,0,0,0,0,131,917,941,571,8,8,0,2,8192,0,0,0,0,0,132,705,896,443
5518,0,4096,5888,5632,5376,5120,4864,4608,4352,0,0,0,0,0,34816,0,555,574,4352,4864,4228,862,261,105,16,0,0,14,8192,0,0,0,0,0,130,459,467,629,16,0,0,12,8192,0,0,0,0,0,131,280,179,111,8,0,0,10,8192,0,0,0,0,0,131,854,259,680,8,2,0,8,8192,0,0,0,0,0,131,907,657,796,8,4,0,6,8192,0,0,0,0,0,131,899,919,828,8,6,0,4,8200,0,0,0,0,0,132,910,941,557,8,8,0,2,8192,0,0,0,0,0,132,702,889,435
5522,0,4096,5888,5632,5376,5120,4864,4608,4352,0,0,0,0,0,32768,0,553,79,4352,4608,4228,862,248,101,16,0,0,14,8192,0,0,0,0,0,130,459,474,630,16,0,0,12,8192,0,0,0,0,0,131,264,175,113,8,0,0,10,8192,0,0,0,0,0,131,878,271,675,8,2,0,8,8192,0,0,0,0,0,131,900,665,807,8,4,0,6,8192,0,0,0,0,0,131,910,925,815,8,6,0,4,8192,0,0,0,0,0,132,882,941,542,8,8,0,2,8192,0,0,0,0,0,132,725,882,426
5526,0,4096,5888,5632,5376,5120,4864,4608,4352,0,0,0,36,0,32768,0,580,73,4352,4608,36996,862,235,100,16,0,0,14,8192,0,0,0,0,0,130,459,482,631,16,0,0,12,8192,0,0,0,0,0,131,248,171,114,8,0,0,10,8192,0,0,0,0,0,131,892,284,668,8,2,0,8,8192,0,0,0,0,0,131,893,673,819,8,4,0,6,8192,0,0,0,0,0,131,903,931,802,8,6,0,4,8192,0,0,0,0,0,132,850,938,529,8,8,0,2,8192,0,0,0,0,0,132,709,875,417
5530,0,4096,5888,5632,5376,5120,4864,4608,4352,0,0,0,36,0,32768,0,576,64,4352,4608,36996,862,222,100,16,0,0,14,8192,0,0,0,0,0,130,459,489,632,16,0,0,12,8192,0,0,0,0,0,131,232,167,115,8,0,0,10,8192,0,0,0,0,0,131,886,297,663,8,2,0,8,8192,0,0,0,0,0,131,907,681,831,8,4,0,6,8192,0,0,0,0,0,131,914,934,788,16,6,0,4,8192,0,0,0,0,0,132,830,934,517,8,8,0,2,8192,0,0,0,0,0,132,706,868,408
5534,0,4096,5888,5632,5376,5120,4864,4608,4352,0,0,0,36,0,32768,0,600,53,4352,4608,36996,862,208,100,16,0,0,14,8192,0,0,0,0,0,130,459,497,633,16,0,0,12,8192,0,0,0,0,0,131,252,164,116,8,0,0,10,8192,0,0,0,0,0,131,880,310,659,8,2,0,8,8192,0,0,0,0,0,131,901,691,841,8,4,0,6,8192,0,0,0,0,0,131,907,936,774,16,6,0,4,8192,0,0,0,0,0,132,778,929,505,8,8,0,2,8192,0,0,0,0,0,132,703,862,400
5538,0,4096,5888,5632,5376,5120,4864,4608,4352,0,0,0,0,0,32768,0,887,45,5120,4608,36996,862,195,101,16,0,0,14,8192,0,0,0,0,0,130,459,504,633,16,0,0,12,8192,0,0,0,0,0,131,248,160,117,8,0,0,10,8192,0,0,0,0,0,131,894,323,654,8,2,0,8,8192,0,0,0,0,0,131,894,701,850,16,4,0,6,8192,0,0,0,0,0,131,879,936,760,16,6,0,4,8192,0,0,0,0,0,132,730,924,494,8,8,0,2,8192,0,0,0,0,0,132,738,854,392
5542,0,4096,5888,5632,5376,5120,4864,4608,4352,0,0,0,0,0,32768,0,906,36,5120,4608,4228,862,182,105,16,0,0,14,8192,0,0,0,0,0,130,459,511,634,16,0,0,12,8192,0,0,0,0,0,131,268,156,117,8,0,0,10,8192,0,0,0,0,0,131,878,336,650,8,2,0,8,8192,0,0,0,0,0,131,906,712,859,16,4,0,6,8192,0,0,0,0,0,131,823,936,747,16,6,0,4,8192,0,0,0,0,0,132,698,920,484,8,8,0,2,8192,0,0,0,0,0,132,770,844,385
5546,0,4096,5888,5632,5376,5120,4864,4608,4352,0,0,0,0,0,32768,0,977,27,5376,4608,4228,862,170,112,16,0,0,14,8192,0,0,0,0,0,130,459,518,636,16,0,0,12,8192,0,0,0,0,0,131,312,152,119,8,0,0,10,8192,0,0,0,0,0,131,892,349,646,16,2,0,8,8192,0,0,0,0,0,131,875,723,869,16,4,0,6,8192,0,0,0,0,0,131,791,936,735,16,6,0,4,8192,0,0,0,0,0,132,666,916,474,8,8,0,2,8192,0,0,0,0,0,132,798,835,377
5550,0,4096,5888,5632,5376,5120,4864,4608,4352,0,0,0,0,0,32768,0,814,974,5632,5376,36996,862,160,121,16,0,0,14,8192,0,0,0,0,0,130,459,525,639,16,0,0,12,8192,0,0,0,0,0,131,360,147,121,16,0,0,10,8192,0,0,0,0,0,131,886,362,642,16,2,0,8,8192,0,0,0,0,0,131,811,733,877,16,4,0,6,8192,0,0,0,0,0,131,759,936,722,16,6,0,4,8192,0,0,0,0,0,132,634,912,465,8,8,0,2,8192,0,0,0,0,0,132,826,825,369
5554,0,4096,5888,5632,5376,5120,4864,4608,4352,0,0,0,0,0,32768,0,812,13,5632,4608,36996,862,151,131,16,0,0,14,8192,0,0,0,0,0,130,459,531,642,16,0,0,12,8192,0,0,0,0,0,131,408,142,124,16,0,0,10,8192,0,0,0,0,0,131,858,375,637,16,2,0,8,8192,0,0,0,0,0,131,771,743,884,16,4,0,6,8192,0,0,0,0,0,131,731,936,711,8,6,0,4,8192,0,0,0,0,0,132,610,908,457,8,8,0,2,8192,0,0,0,0,0,132,853,815,361
5558,0,4096,5888,5632,5376,5120,4864,4608,4352,0,0,0,0,0,32768,0,810,12,5632,4608,4228,862,142,141,16,0,0,14,8192,0,0,0,0,0,130,459,537,646,16,0,0,12,8192,0,0,0,0,0,131,462,137,128,16,0,0,10,8192,0,0,0,0,0,131,802,388,633,16,2,0,8,8192,0,0,0,0,0,131,739,753,891,16,4,0,6,8192,0,0,0,0,0,131,715,936,699,8,6,0,4,8192,0,0,0,0,0,132,636,904,450,8,8,0,2,8192,0,0,0,0,0,132,877,804,353
5562,0,4096,5888,5632,5376,5120,4864,4608,4352,0,0,0,0,0,32768,0,13,959,4608,5376,4228,862,133,151,16,0,0,14,8192,0,0,0,0,0,130,459,543,651,16,0,0,12,8192,0,0,0,0,0,131,464,131,133,16,0,0,10,8192,0,0,0,0,0,131,770,399,629,16,2,0,8,8192,0,0,0,0,0,131,719,762,897,8,4,0,6,8192,0,0,0,0,0,131,712,936,688,8,6,0,4,8192,0,0,0,0,0,132,673,898,442,0,8,0,2,8192,0,0,0,0,0,132,901,792,346
5566,0,4096,5888,5632,5376,5120,4864,4608,4352,0,0,0,0,0,32768,0,17,963,4608,5376,36996,862,125,162,16,0,0,14,8192,0,0,0,0,0,130,459,548,656,16,0,0,12,8192,0,0,0,0,0,131,496,126,138,16,0,0,10,8192,0,0,0,0,0,131,730,411,625,16,2,0,8,8192,0,0,0,0,0,131,703,772,902,8,4,0,6,8192,0,0,0,0,0,131,744,936,677,8,6,0,4,8192,0,0,0,0,0,132,709,891,434,0,8,0,2,8192,0,0,0,0,0,132,881,780,339
5570,0,4096,5888,5632,5376,5120,4864,4608,4352,0,0,0,0,0,32768,0,948,639,5376,4352,36996,862,117,173,16,0,0,14,8192,0,0,0,0,0,130,459,553,661,16,0,0,12,8192,0,0,0,0,0,131,496,121,144,16,0,0,10,8192,0,0,0,0,0,131,674,421,623,8,2,0,8,8192,0,0,0,0,0,131,713,782,906,8,4,0,6,8192,0,0,0,0,0,131,775,937,666,0,6,0,4,8192,0,0,0,0,0,132,718,884,425,8,8,0,2,8192,0,0,0,0,0,132,849,769,331
5574,0,4096,5888,5632,5376,5120,4864,4608,4352,0,0,0,0,0,32768,0,27,656,4608,4352,4228,862,110,184,16,0,0,14,8192,0,0,0,0,0,130,459,559,665,16,0,0,12,8192,0,0,0,0,0,131,528,115,150,8,0,0,10,8192,0,0,0,0,0,131,642,431,621,8,2,0,8,8192,0,0,0,0,0,131,746,793,908,8,4,0,6,8192,0,0,0,0,0,131,803,938,654,0,6,0,4,8192,0,0,0,0,0,132,690,877,416,8,8,0,2,8192,0,0,0,0,0,132,832,758,325
5578,0,4096,5888,5632,5376,5120,4864,4608,4352,0,0,0,0,0,32768,0,32,660,4608,4352,4228,862,103,196,16,0,0,14,8192,0,0,0,0,0,130,459,564,670,16,0,0,12,8192,0,0,0,0,0,131,573,107,155,8,0,0,10,8192,0,0,0,0,0,131,628,441,621,8,2,0,8,8192,0,0,0,0,0,131,778,805,909,0,4,0,6,8192,0,0,0,0,0,131,816,938,641,8,6,0,4,8192,0,0,0,0,0,132,658,870,408,0,8,0,2,8192,0,0,0,0,0,132,856,746,318
5582,0,4096,5888,5632,5376,5120,4864,4608,4352,0,0,0,0,0,32768,0,38,664,4608,4352,36996,862,95,207,16,0,0,14,8192,0,0,0,0,0,130,459,570,675,16,0,0,12,8192,0,0,0,0,0,131,572,101,162,8,0,0,10,8192,0,0,0,0,0,131,667,451,622,8,2,0,8,8192,0,0,0,0,0,131,807,818,908,0,4,0,6,8192,0,0,0,0,0,131,788,938,629,8,6,0,4,8192,0,0,0,0,0,132,677,863,400,0,8,0,2,8192,0,0,0,0,0,132,866,735,311
5586,0,4096,5888,5632,5376,5120,4864,4608,4352,0,0,0,4,0,32768,0,42,656,4608,4352,36996,862,88,218,16,0,0,14,8192,0,0,0,0,0,130,459,575,679,16,0,0,12,8192,0,0,0,0,0,131,556,96,169,8,0,0,10,8192,0,0,0,0,0,131,690,462,624,0,2,0,8,8192,0,0,0,0,0,131,805,830,905,8,4,0,6,8192,0,0,0,0,0,131,783,938,616,0,6,0,4,8192,0,0,0,0,0,132,713,856,392,0,8,0,2,8192,0,0,0,0,0,132,834,723,304
5590,0,4096,5888,5632,5376,5120,4864,4608,4352,0,0,0,32772,0,34816,0,926,661,5376,4352,36996,862,82,230,16,0,0,14,8192,0,0,0,0,0,130,459,581,684,16,0,0,12,8192,0,0,0,0,0,131,585,92,177,0,0,0,10,8192,0,0,0,0,0,131,687,472,625,0,2,0,8,8192,0,0,0,0,0,131,785,842,900,8,4,0,6,8192,0,0,0,0,0,131,811,938,604,0,6,0,4,8192,0,0,0,0,0,132,710,848,385,0,8,0,2,8192,0,0,0,0,0,132,802,713,297
5594,0,4096,5888,5632,5376,5120,4864,4608,4352,0,0,0,32804,0,34816,0,49,923,4608,5376,36996,862,75,242,16,0,0,14,8192,0,0,0,0,0,130,459,586,688,16,0,0,12,8192,0,0,0,0,0,131,584,90,186,0,0,0,10,8192,0,0,0,0,0,131,706,483,625,8,2,0,8,8192,0,0,0,0,0,131,791,852,895,0,4,0,6,8192,0,0,0,0,0,131,824,938,591,0,6,0,4,8192,0,0,0,0,0,132,694,839,378,0,8,0,2,8192,0,0,0,0,0,132,774,702,290
5598,0,4096,5888,5632,5376,5120,4864,4608,4352,0,0,0,36900,0,38912,0,54,928,4608,5376,36996,863,69,254,16,0,0,14,8192,0,0,0,0,0,130,459,592,693,16,0,0,12,8192,0,0,0,0,0,131,568,86,195,8,0,0,10,8192,0,0,0,0,0,131,674,494,625,8,2,0,8,8192,0,0,0,0,0,131,819,863,888,0,4,0,6,8192,0,0,0,0,0,131,796,938,579,0,6,0,4,8192,0,0,0,0,0,132,678,830,372,0,8,0,2,8192,0,0,0,0,0,132,758,692,285
5602,0,4096,5888,5632,5376,5120,4864,4608,4352,0,0,0,36900,0,38912,0,57,925,4608,5376,36996,863,63,266,16,0,0,14,8192,0,0,0,0,0,130,507,597,698,16,0,0,12,8192,0,0,0,0,0,131,552,84,203,8,0,0,10,8192,0,0,0,0,0,131,659,504,625,0,2,0,8,8192,0,0,0,0,0,131,817,874,881,0,4,0,6,8192,0,0,0,0,0,131,780,938,566,0,6,0,4,8192,0,0,0,0,0,132,662,821,366,0,8,0,2,8192,0,0,0,0,0,132,742,681,280
5606,0,4096,5888,5632,5376,5120,4864,4608,4352,0,0,0,36864,0,38912,0,748,923,5632,5376,36996,863,58,279,16,0,0,14,8192,0,0,0,0,0,130,552,603,704,16,0,0,12,8192,0,0,0,0,0,131,581,83,212,0,0,0,10,8192,0,0,0,0,0,131,695,515,626,0,2,0,8,8192,0,0,0,0,0,131,793,884,874,0,4,0,6,8192,0,0,0,0,0,132,760,938,554,0,6,0,4,8192,0,0,0,0,0,132,646,814,360,0,8,0,2,8192,0,0,0,0,0,132,726,670,275
5610,0,4096,5888,5632,5376,5120,4864,4608,4352,0,0,0,8,0,32768,0,65,607,4608,5888,18564,753,55,291,16,0,0,14,8192,0,0,0,0,0,130,551,608,711,16,0,0,12,8192,0,0,0,0,0,131,580,81,221,0,0,0,10,8192,0,0,0,0,0,131,675,525,628,0,2,0,8,8192,0,0,0,0,0,131,765,894,867,0,4,0,6,8192,0,0,0,0,0,132,728,937,543,0,6,0,4,8192,0,0,0,0,0,132,669,805,354,0,8,0,2,8192,0,0,0,0,0,132,710,660,270
5614,0,4096,5888,5632,5376,5120,4864,4608,4352,0,0,0,8,0,32768,0,68,585,4608,5888,8324,723,58,302,16,0,0,14,8192,0,0,0,0,0,130,550,612,718,16,0,0,12,8192,0,0,0,0,0,131,564,79,230,0,0,0,10,8192,0,0,0,0,0,131,643,535,632,0,2,0,8,8192,0,0,0,0,0,131,733,903,859,0,4,0,6,8192,0,0,0,0,0,132,696,934,532,0,6,0,4,8192,0,0,0,0,0,132,705,796,349,0,8,0,2,8192,0,0,0,0,0,132,694,650,265
5618,0,4096,5888,5632,5376,5120,4864,4608,4352,0,0,0,8,0,32768,0,68,573,4608,5888,132,693,62,313,16,0,0,14,8192,0,0,0,0,0,130,549,617,726,16,0,0,12,8192,0,0,0,0,0,131,548,78,240,0,0,0,10,8192,0,0,0,0,0,131,615,544,636,0,2,0,8,8192,0,0,0,0,0,131,713,911,851,0,4,0,6,8192,0,0,0,0,0,132,664,931,521,0,6,0,4,8192,0,0,0,0,0,132,702,787,343,0,8,0,2,8192,0,0,0,0,0,132,678,641,261
5622,0,4096,5888,5632,5376,5120,4864,4608,4352,0,0,0,32776,0,34816,0,68,575,4608,5888,8324,663,67,322,16,0,0,14,8192,0,0,0,0,0,130,563,621,733,16,0,0,12,8192,0,0,0,0,0,131,577,77,249,0,0,0,10,8192,0,0,0,0,0,131,599,552,642,0,2,0,8,8192,0,0,0,0,0,131,697,917,842,0,4,0,6,8192,0,0,0,0,0,132,636,927,512,0,6,0,4,8192,0,0,0,0,0,132,686,777,338,0,8,0,2,8192,0,0,0,0,0,132,675,631,257
5626,0,4096,5888,5632,5376,5120,4864,4608,4352,0,0,0,32776,0,34816,0,69,547,4608,5888,8324,633,72,331,16,0,0,14,8192,0,0,0,0,0,130,562,626,741,16,0,0,12,8192,0,0,0,0,0,131,576,77,258,0,0,0,10,8192,0,0,0,0,0,131,583,559,648,0,2,0,8,8192,0,0,0,0,0,131,681,922,833,0,4,0,6,8192,0,0,0,0,0,132,620,924,503,0,6,0,4,8192,0,0,0,0,0,132,683,768,332,0,8,0,2,8192,0,0,0,0,0,132,672,621,253
5630,0,4096,5888,5632,5376,5120,4864,4608,4352,0,0,0,32776,0,34816,0,68,550,4608,5888,16516,603,76,340,16,0,0,14,8192,0,0,0,0,0,130,561,630,749,16,0,0,12,8192,0,0,0,0,0,131,560,77,267,0,0,0,10,8192,0,0,0,0,0,131,567,565,655,0,2,0,8,8192,0,0,0,0,0,131,665,926,823,0,4,0,6,8192,0,0,0,0,0,132,604,921,494,0,6,0,4,8192,0,0,0,0,0,132,706,759,326,0,8,0,2,8192,0,0,0,0,0,132,695,612,248
5634,0,4096,5888,5632,5376,5120,4864,4608,4352,0,0,0,32776,0,34816,0,68,523,4608,5888,16516,573,80,348,16,0,0,14,8192,0,0,0,0,0,130,560,634,756,16,0,0,12,8192,0,0,0,0,0,131,589,78,277,0,0,0,10,8192,0,0,0,0,0,131,551,570,662,0,2,0,8,8192,0,0,0,0,0,131,649,931,814,0,4,0,6,8192,0,0,0,0,0,132,588,918,485,0,6,0,4,8192,0,0,0,0,0,132,703,750,320,0,8,0,2,8192,0,0,0,0,0,132,679,602,243
5638,0,4096,5888,5632,5376,5120,4864,4608,4352,0,0,0,8,0,32768,0,64,527,4608,5888,24708,543,84,356,16,0,0,14,8192,0,0,0,0,0,130,559,639,763,16,0,0,12,8192,0,0,0,0,0,131,588,78,286,0,0,0,10,8192,0,0,0,0,0,131,535,575,669,0,2,0,8,8192,0,0,0,0,0,131,672,934,804,0,4,0,6,8192,0,0,0,0,0,132,572,915,476,0,6,0,4,8192,0,0,0,0,0,132,687,740,314,0,8,0,2,8192,0,0,0,0,0,132,676,593,238
5642,0,4096,5888,5632,5376,5120,4864,4608,4352,0,0,0,8,0,32768,0,65,517,4608,5888,132,513,87,364,16,0,0,14,8192,0,0,0,0,0,130,558,643,771,16,0,0,12,8192,0,0,0,0,0,131,572,79,296,0,0,0,10,8192,0,0,0,0,0,131,519,579,675,0,2,0,8,8192,0,0,0,0,0,131,669,936,794,0,4,0,6,8192,0,0,0,0,0,132,556,911,468,0,6,0,4,8192,0,0,0,0,0,132,684,731,310,0,8,0,2,8192,0,0,0,0,0,132,673,583,234
5646,0,4096,5888,5632,5376,5120,4864,4608,4352,0,0,0,8,0,32768,0,64,504,4608,5888,8324,483,90,371,16,0,0,14,8192,0,0,0,0,0,130,557,648,778,16,0,0,12,8192,0,0,0,0,0,131,556,81,304,0,0,0,10,8192,0,0,0,0,0,131,503,584,682,0,2,0,8,8192,0,0,0,0,0,131,692,937,783,0,4,0,6,8192,0,0,0,0,0,132,540,907,460,0,6,0,4,8192,0,0,0,0,0,132,681,721,305,0,8,0,2,8192,0,0,0,0,0,132,670,574,230
5650,0,4096,5888,5632,5376,5120,4864,4608,4352,0,0,0,8,0,32768,0,499,630,5888,5632,132,453,91,378,16,0,0,14,8192,0,0,0,0,0,130,556,652,786,16,0,0,12,8192,0,0,0,0,0,131,585,82,313,0,0,0,10,8192,0,0,0,0,0,131,503,587,689,0,2,0,8,8192,0,0,0,0,0,131,689,937,772,0,4,0,6,8192,0,0,0,0,0,132,524,904,453,0,6,0,4,8192,0,0,0,0,0,132,704,712,299,8,8,0,2,8192,0,0,0,0,0,132,654,565,225
5654,0,4096,5888,5632,5376,5120,4864,4608,4352,0,0,0,8,0,32768,0,60,607,4608,5632,8324,423,92,385,16,0,0,14,8192,0,0,0,0,0,130,555,657,793,16,0,0,12,8192,0,0,0,0,0,131,584,82,322,0,0,0,10,8192,0,0,0,0,0,131,503,591,696,0,2,0,8,8192,0,0,0,0,0,131,673,937,762,0,4,0,6,8192,0,0,0,0,0,132,523,899,446,0,6,0,4,8192,0,0,0,0,0,132,701,702,294,8,8,0,2,8192,0,0,0,0,0,132,651,556,221
5658,0,4096,5888,5632,5376,5120,4864,4608,4352,0,0,0,8,0,32768,0,610,796,5632,5376,132,393,92,392,16,0,0,14,8192,0,0,0,0,0,130,554,661,801,16,0,0,12,8192,0,0,0,0,0,131,610,82,331,0,0,0,10,8192,0,0,0,0,0,131,503,596,702,0,2,0,8,8192,0,0,0,0,0,131,670,937,751,0,4,0,6,8192,0,0,0,0,0,132,523,894,440,8,6,0,4,8192,0,0,0,0,0,132,685,693,289,8,8,0,2,8192,0,0,0,0,0,132,687,547,216
5662,0,4096,5888,5632,5376,5120,4864,4608,4352,0,0,0,8,0,32768,0,604,790,5632,5376,8324,363,91,398,16,0,0,14,8192,0,0,0,0,0,130,553,666,808,16,0,0,12,8192,0,0,0,0,0,131,608,81,341,0,0,0,10,8192,0,0,0,0,0,131,550,600,709,0,2,0,8,8192,0,0,0,0,0,131,693,937,741,0,4,0,6,8192,0,0,0,0,0,132,523,889,434,8,6,0,4,8192,0,0,0,0,0,132,708,685,284,8,8,0,2,8192,0,0,0,0,0,132,722,537,212
5666,0,4096,5888,5632,5376,5120,4864,4608,4352,0,0,0,8,0,32768,0,795,910,5376,5120,132,333,90,403,16,0,0,14,8192,0,0,0,0,0,130,552,671,815,16,0,0,12,8192,0,0,0,0,0,131,592,80,350,0,0,0,10,8192,0,0,0,0,0,131,593,605,716,0,2,0,8,8192,0,0,0,0,0,131,690,937,730,8,4,0,6,8192,0,0,0,0,0,132,523,885,427,8,6,0,4,8192,0,0,0,0,0,132,741,675,280,8,8,0,2,8192,0,0,0,0,0,132,754,527,207
5670,0,4096,5888,5632,5376,5120,4864,4608,4352,0,0,0,8,0,32768,0,793,906,5376,5120,8324,303,88,408,16,0,0,14,8192,0,0,0,0,0,130,551,676,822,16,0,0,12,8192,0,0,0,0,0,131,618,80,360,0,0,0,10,8192,0,0,0,0,0,131,591,610,724,0,2,0,8,8192,0,0,0,0,0,131,674,937,719,8,4,0,6,8192,0,0,0,0,0,132,567,881,421,8,6,0,4,8192,0,0,0,0,0,132,773,664,275,8,8,0,2,8192,0,0,0,0,0,132,785,516,202
5674,0,4096,5888,5632,5376,5120,4864,4608,4352,0,0,0,8,0,32768,0,778,892,5376,5120,132,273,86,412,16,0,0,14,8192,0,0,0,0,0,130,550,681,829,16,0,0,12,8192,0,0,0,0,0,131,616,79,369,0,0,0,10,8192,0,0,0,0,0,131,617,615,732,8,2,0,8,8192,0,0,0,0,0,131,697,937,709,8,4,0,6,8192,0,0,0,0,0,132,610,876,415,8,6,0,4,8192,0,0,0,0,0,132,802,653,269,8,8,0,2,8192,0,0,0,0,0,132,813,504,197
5678,0,4096,5888,5632,5376,5120,4864,4608,4352,0,0,0,8,0,32768,0,37,889,4608,5120,8324,0,85,416,16,0,0,14,8192,0,0,0,0,0,130,549,688,835,16,0,0,12,8192,0,0,0,0,0,131,600,77,378,8,0,0,10,8192,0,0,0,0,0,131,601,620,740,8,2,0,8,8192,0,0,0,0,0,131,730,937,698,8,4,0,6,8192,0,0,0,0,0,132,649,870,407,8,6,0,4,8192,0,0,0,0,0,132,830,642,263,8,8,0,2,8192,0,0,0,0,0,132,840,493,191
5682,0,4096,5888,5632,5376,5120,4864,4608,4352,0,0,0,8,0,49152,0,32,630,4608,4864,132,0,85,416,16,0,0,14,8192,0,0,0,0,0,130,563,694,841,16,0,0,12,8192,0,0,0,0,0,131,584,75,386,8,0,0,10,8192,0,0,0,0,0,131,599,625,748,8,2,0,8,8192,0,0,0,0,0,131,762,937,686,8,4,0,6,8192,0,0,0,0,0,132,685,863,399,8,6,0,4,8192,0,0,0,0,0,132,855,630,258,0,8,0,2,8192,0,0,0,0,0,132,864,481,186
5686,0,4096,5888,5632,5376,5120,4864,4608,4352,0,0,0,8,0,49152,0,24,638,4608,4864,8324,0,85,416,16,0,0,14,8192,0,0,0,0,0,130,562,701,846,16,0,0,12,8192,0,0,0,0,0,131,610,76,395,8,0,0,10,8192,0,0,0,0,0,131,639,630,756,8,2,0,8,8192,0,0,0,0,0,131,791,937,674,8,4,0,6,8192,0,0,0,0,0,132,720,856,391,8,6,0,4,8192,0,0,0,0,0,132,879,618,252,0,8,0,2,8192,0,0,0,0,0,132,866,468,180
5690,0,4096,5888,5632,5376,5120,4864,4608,4352,0,0,0,8,0,49152,0,16,634,4608,4864,8324,0,85,416,16,0,0,14,8192,0,0,0,0,0,130,561,707,852,16,0,0,12,8192,0,0,0,0,0,131,608,77,405,8,0,0,10,8192,0,0,0,0,0,131,678,636,765,8,2,0,8,8192,0,0,0,0,0,131,819,937,661,8,4,0,6,8192,0,0,0,0,0,132,752,847,384,0,6,0,4,8192,0,0,0,0,0,132,903,605,246,0,8,0,2,8192,0,0,0,0,0,132,802,456,175
5694,0,4096,5888,5632,5376,5120,4864,4608,4352,0,0,0,8,0,49152,0,8,656,4608,4864,16516,0,85,416,16,0,0,14,8192,0,0,0,0,0,130,560,714,858,16,0,0,12,8192,0,0,0,0,0,131,592,78,414,8,0,0,10,8192,0,0,0,0,0,131,713,642,774,8,2,0,8,8192,0,0,0,0,0,131,845,937,648,8,4,0,6,8192,0,0,0,0,0,132,783,838,376,0,6,0,4,8192,0,0,0,0,0,132,885,593,240,0,8,0,2,8192,0,0,0,0,0,132,746,445,170
5698,0,4096,5888,5632,5376,5120,4864,4608,4352,0,0,0,8,0,49152,0,871,6,5120,4608,16516,0,85,416,16,0,0,14,8192,0,0,0,0,0,130,559,720,864,16,0,0,12,8192,0,0,0,0,0,131,618,80,423,8,0,0,10,8192,0,0,0,0,0,131,745,647,783,8,2,0,8,8192,0,0,0,0,0,131,869,937,635,0,4,0,6,8192,0,0,0,0,0,132,796,828,369,0,6,0,4,8192,0,0,0,0,0,132,853,581,234,8,8,0,2,8192,0,0,0,0,0,132,714,434,166
5702,0,4096,5888,5632,5376,5120,4864,4608,4352,0,0,0,8,0,49152,0,877,12,5120,4608,24708,0,85,416,16,0,0,14,8192,0,0,0,0,0,130,558,727,869,16,0,0,12,8192,0,0,0,0,0,131,616,82,433,8,0,0,10,8192,0,0,0,0,0,131,776,653,794,8,2,0,8,8192,0,0,0,0,0,131,893,937,621,0,4,0,6,8192,0,0,0,0,0,132,764,818,361,0,6,0,4,8192,0,0,0,0,0,132,821,569,228,8,8,0,2,8192,0,0,0,0,0,132,699,424,162
5706,0,4096,5888,5632,5376,5120,4864,4608,4352,0,0,0,8,0,49152,0,873,22,5120,4608,24708,0,85,416,16,0,0,14,8192,0,0,0,0,0,130,557,734,874,16,0,0,12,8192,0,0,0,0,0,131,600,83,442,8,0,0,10,8192,0,0,0,0,0,131,804,660,804,0,2,0,8,8192,0,0,0,0,0,131,888,937,607,0,4,0,6,8192,0,0,0,0,0,132,736,809,355,8,6,0,4,8192,0,0,0,0,0,132,789,557,223,8,8,0,2,8192,0,0,0,0,0,132,722,414,158
5710,0,4096,5888,5632,5376,5120,4864,4608,4352,0,0,0,0,0,32768,0,870,31,5120,4608,32900,2,85,416,16,0,0,14,8192,0,0,0,0,0,130,556,741,880,16,0,0,12,8192,0,0,0,0,0,131,584,83,452,0,0,0,10,8192,0,0,0,0,0,131,832,667,814,0,2,0,8,8192,0,0,0,0,0,131,856,937,594,0,4,0,6,8192,0,0,0,0,0,132,720,799,348,8,6,0,4,8192,0,0,0,0,0,132,802,546,217,8,8,0,2,8192,0,0,0,0,0,132,706,403,154
5714,0,4096,5888,5632,5376,5120,4864,4608,4352,0,0,0,0,0,32768,0,868,39,5120,4608,32900,10,85,416,16,0,0,14,8192,0,0,0,0,0,130,555,747,885,16,0,0,12,8192,0,0,0,0,0,131,568,83,461,0,0,0,10,8192,0,0,0,0,0,131,834,675,825,0,2,0,8,8192,0,0,0,0,0,131,824,937,581,8,4,0,6,8192,0,0,0,0,0,132,716,789,343,8,6,0,4,8192,0,0,0,0,0,132,830,535,212,8,8,0,2,8192,0,0,0,0,0,132,703,393,151
5718,0,4096,5888,5632,5376,5120,4864,4608,4352,0,0,0,0,0,32768,0,856,48,5120,4608,41092,18,85,416,16,0,0,14,8192,0,0,0,0,0,130,569,754,890,16,0,0,12,8192,0,0,0,0,0,131,552,83,469,0,0,0,10,8192,0,0,0,0,0,131,802,683,835,0,2,0,8,8192,0,0,0,0,0,131,792,937,568,8,4,0,6,8192,0,0,0,0,0,132,748,779,337,8,6,0,4,8192,0,0,0,0,0,132,855,523,206,8,8,0,2,8192,0,0,0,0,0,132,726,382,146
5722,0,4096,5888,5632,5376,5120,4864,4608,4352,0,0,0,0,0,32768,0,854,58,5120,4608,41092,26,84,416,16,0,0,14,8192,0,0,0,0,0,130,582,762,895,16,0,0,12,8192,0,0,0,0,0,131,536,83,478,0,0,0,10,8192,0,0,0,0,0,131,770,691,844,8,2,0,8,8192,0,0,0,0,0,132,794,937,556,8,4,0,6,8192,0,0,0,0,0,132,779,770,331,8,6,0,4,8192,0,0,0,0,0,132,879,511,200,8,8,0,2,8192,0,0,0,0,0,132,710,372,142
5726,0,4096,5888,5632,5376,5120,4864,4608,4352,0,0,0,0,0,32768,0,853,64,5120,4608,49284,34,84,417,16,0,0,14,8192,0,0,0,0,0,130,594,771,899,16,0,0,12,8192,0,0,0,0,0,131,520,83,486,16,0,0,10,8192,0,0,0,0,0,131,738,700,852,8,2,0,8,8192,0,0,0,0,0,132,789,937,543,8,4,0,6,8192,0,0,0,0,0,132,807,759,325,8,6,0,4,8192,0,0,0,0,0,132,903,498,194,8,8,0,2,8192,0,0,0,0,0,132,707,362,138
5730,0,4096,5888,5632,5376,5120,4864,4608,4352,0,0,0,0,0,32768,0,849,72,5120,4608,49284,30,84,417,16,0,0,14,8192,0,0,0,0,0,130,592,779,901,16,0,0,12,8192,0,0,0,0,0,131,504,83,494,16,0,0,10,8192,0,0,0,0,0,131,706,709,859,8,2,0,8,8192,0,0,0,0,0,132,773,935,531,8,4,0,6,8192,0,0,0,0,0,132,835,748,318,8,6,0,4,8192,0,0,0,0,0,132,906,486,188,8,8,0,2,8192,0,0,0,0,0,132,704,351,135
5734,0,4096,5888,5632,5376,5120,4864,4608,4352,0,0,0,0,0,32768,0,854,79,5120,4608,49284,14,84,417,16,0,0,14,8192,0,0,0,0,0,130,590,788,903,16,0,0,12,8192,0,0,0,0,0,131,488,83,502,16,0,0,10,8192,0,0,0,0,0,131,678,717,866,8,2,0,8,8192,0,0,0,0,0,132,757,931,520,8,4,0,6,8192,0,0,0,0,0,132,859,737,311,8,6,0,4,8192,0,0,0,0,0,132,917,473,182,8,8,0,2,8192,0,0,0,0,0,132,724,341,130
5738,0,4096,5888,5632,5376,5120,4864,4608,4352,0,0,0,0,0,32768,0,849,88,5120,4608,49284,0,84,418,16,0,0,14,8192,0,0,0,0,0,130,588,798,904,16,0,0,12,8192,0,0,0,0,0,131,472,83,509,16,0,0,10,8192,0,0,0,0,0,131,662,726,872,8,2,0,8,8192,0,0,0,0,0,132,741,926,509,8,4,0,6,8192,0,0,0,0,0,132,883,725,305,8,6,0,4,8192,0,0,0,0,0,132,910,460,176,8,8,0,2,8192,0,0,0,0,0,132,708,331,126
5742,0,4096,5888,5632,5376,5120,4864,4608,4352,0,0,0,0,0,32768,0,833,93,5120,4608,49284,0,84,418,16,0,0,14,8192,0,0,0,0,0,130,586,807,903,16,0,0,12,8192,0,0,0,0,0,131,456,83,517,16,0,0,10,8192,0,0,0,0,0,131,646,734,878,8,2,0,8,8192,0,0,0,0,0,132,725,922,498,8,4,0,6,8192,0,0,0,0,0,132,906,713,298,8,6,0,4,8192,0,0,0,0,0,132,882,447,170,8,8,0,2,8192,0,0,0,0,0,132,705,320,122
5746,0,4096,5888,5632,5376,5120,4864,4608,4352,0,0,0,0,0,32768,0,839,101,5120,4608,49284,0,84,418,16,0,0,14,8192,0,0,0,0,0,130,584,816,902,16,0,0,12,8192,0,0,0,0,0,131,488,83,524,16,0,0,10,8192,0,0,0,0,0,131,630,742,885,8,2,0,8,8192,0,0,0,0,0,132,709,919,488,8,4,0,6,8192,0,0,0,0,0,132,900,701,291,8,6,0,4,8192,0,0,0,0,0,132,850,434,165,8,8,0,2,8192,0,0,0,0,0,132,702,310,120
5750,0,4096,5888,5632,5376,5120,4864,4608,4352,0,0,0,0,0,32768,0,834,108,5120,4608,57476,6,84,418,16,0,0,14,8192,0,0,0,0,0,130,582,825,900,16,0,0,12,8192,0,0,0,0,0,131,488,83,532,16,0,0,10,8192,0,0,0,0,0,131,614,750,890,8,2,0,8,8192,0,0,0,0,0,132,705,915,477,8,4,0,6,8192,0,0,0,0,0,132,911,688,284,8,6,0,4,8192,0,0,0,0,0,132,830,422,160,8,8,0,2,8192,0,0,0,0,0,132,725,299,118
5754,0,4096,5888,5632,5376,5120,4864,4608,4352,0,0,0,0,0,32768,0,829,117,5120,4608,57476,14,84,418,16,0,0,14,8192,0,0,0,0,0,130,594,833,897,16,0,0,12,8192,0,0,0,0,0,131,472,83,539,16,0,0,10,8192,0,0,0,0,0,131,598,758,895,8,2,0,8,8192,0,0,0,0,0,132,702,911,467,8,4,0,6,8192,0,0,0,0,0,132,904,675,279,8,6,0,4,8192,0,0,0,0,0,132,814,410,156,8,8,0,2,8192,0,0,0,0,0,132,709,288,116
5758,0,4096,5888,5632,5376,5120,4864,4608,4352,0,0,0,0,0,32768,0,814,123,5120,4608,57476,0,84,418,16,0,0,14,8192,0,0,0,0,0,130,592,841,893,16,0,0,12,8192,0,0,0,0,0,131,456,83,547,16,0,0,10,8192,0,0,0,0,0,131,596,766,900,8,2,0,8,8192,0,0,0,0,0,132,723,906,457,8,4,0,6,8192,0,0,0,0,0,132,915,662,273,8,6,0,4,8192,0,0,0,0,0,132,798,398,152,8,8,0,2,8192,0,0,0,0,0,132,706,277,114
5762,0,4096,5888,5632,5376,5120,4864,4608,4352,0,0,0,0,0,32768,0,818,887,5120,4352,57476,0,84,418,16,0,0,14,8192,0,0,0,0,0,130,590,850,889,16,0,0,12,8192,0,0,0,0,0,131,488,83,554,16,0,0,10,8192,0,0,0,0,0,131,594,774,904,8,2,0,8,8192,0,0,0,0,0,132,719,900,448,8,4,0,6,8192,0,0,0,0,0,132,908,649,266,16,6,0,4,8192,0,0,0,0,0,132,782,386,147,8,8,0,2,8192,0,0,0,0,0,132,703,266,111
5766,0,4096,5888,5632,5376,5120,4864,4608,4352,0,0,0,0,0,32768,0,811,892,5120,4352,132,0,84,418,16,0,0,14,8192,0,0,0,0,0,130,588,858,885,16,0,0,12,8192,0,0,0,0,0,131,488,83,561,16,0,0,10,8192,0,0,0,0,0,131,592,783,906,8,2,0,8,8192,0,0,0,0,0,132,703,893,439,8,4,0,6,8192,0,0,0,0,0,132,901,637,260,16,6,0,4,8192,0,0,0,0,0,132,730,375,143,8,8,0,2,8192,0,0,0,0,0,132,726,255,109
5770,0,4096,5888,5632,5376,5120,4864,4608,4352,0,0,0,0,0,32768,0,793,905,5120,4352,132,8,84,418,16,0,0,14,8192,0,0,0,0,0,130,586,866,880,16,0,0,12,8192,0,0,0,0,0,131,472,83,569,16,0,0,10,8192,0,0,0,0,0,131,618,792,908,8,2,0,8,8192,0,0,0,0,0,132,724,886,430,16,4,0,6,8192,0,0,0,0,0,132,900,624,254,16,6,0,4,8192,0,0,0,0,0,132,690,365,139,8,8,0,2,8192,0,0,0,0,0,132,710,244,107
5774,0,4096,5888,5632,5376,5120,4864,4608,4352,0,0,0,0,0,32768,0,796,910,5120,4352,8324,16,84,418,16,0,0,14,8192,0,0,0,0,0,130,584,874,875,16,0,0,12,8192,0,0,0,0,0,131,456,83,576,16,0,0,10,8192,0,0,0,0,0,131,602,802,909,8,2,0,8,8192,0,0,0,0,0,132,720,879,421,16,4,0,6,8192,0,0,0,0,0,132,844,611,248,16,6,0,4,8192,0,0,0,0,0,132,658,355,135,8,8,0,2,8192,0,0,0,0,0,132,707,233,106
5778,0,4096,5888,5632,5376,5120,4864,4608,4352,0,0,0,0,0,32768,0,790,907,5120,4352,8324,24,83,418,16,0,0,14,8192,0,0,0,0,0,130,582,882,871,16,0,0,12,8192,0,0,0,0,0,131,488,83,583,16,0,0,10,8192,0,0,0,0,0,131,600,811,909,16,2,0,8,8192,0,0,0,0,0,132,696,872,413,16,4,0,6,8192,0,0,0,0,0,132,812,600,243,16,6,0,4,8192,0,0,0,0,0,132,626,346,131,8,8,0,2,8192,0,0,0,0,0,132,704,222,104
5782,0,4096,5888,5632,5376,5120,4864,4608,4352,0,0,0,0,0,32768,0,773,912,5120,4352,16516,32,83,419,16,0,0,14,8192,0,0,0,0,0,130,566,890,867,16,0,0,12,8192,0,0,0,0,0,131,488,83,591,16,0,0,10,8192,0,0,0,0,0,131,598,820,907,16,2,0,8,8192,0,0,0,0,0,132,664,866,404,16,4,0,6,8192,0,0,0,0,0,132,780,589,237,16,6,0,4,8192,0,0,0,0,0,132,606,337,128,8,8,0,2,8192,0,0,0,0,0,132,672,212,103
5786,0,4096,5888,5632,5376,5120,4864,4608,4352,0,0,0,0,0,32768,0,778,925,5120,4352,16516,40,83,419,16,0,0,14,8192,0,0,0,0,0,130,550,897,862,16,0,0,12,8192,0,0,0,0,0,131,460,83,599,16,0,0,10,8192,0,0,0,0,0,131,596,829,905,16,2,0,8,8192,0,0,0,0,0,132,640,859,396,16,4,0,6,8192,0,0,0,0,0,132,748,578,232,16,6,0,4,8192,0,0,0,0,0,132,590,328,124,8,8,0,2,8192,0,0,0,0,0,132,640,201,103
5790,0,4096,5888,5632,5376,5120,4864,4608,4352,0,0,0,0,0,32768,0,771,929,5120,4352,24708,48,83,420,16,0,0,14,8192,0,0,0,0,0,130,549,904,857,16,0,0,12,8192,0,0,0,0,0,131,428,84,606,16,0,0,10,8192,0,0,0,0,0,131,594,838,902,16,2,0,8,8192,0,0,0,0,0,132,624,852,389,16,4,0,6,8192,0,0,0,0,0,132,716,567,227,16,6,0,4,8192,0,0,0,0,0,132,574,319,121,8,8,0,2,8192,0,0,0,0,0,132,612,192,105
5794,0,4096,5888,5632,5376,5120,4864,4608,4352,0,0,0,0,0,32768,0,752,931,5120,4352,24708,56,82,421,16,0,0,14,8192,0,0,0,0,0,130,563,910,851,16,0,0,12,8192,0,0,0,0,0,131,396,85,612,16,0,0,10,8192,0,0,0,0,0,131,592,846,898,16,2,0,8,8192,0,0,0,0,0,132,608,845,383,16,4,0,6,8192,0,0,0,0,0,132,688,557,223,8,6,0,4,8192,0,0,0,0,0,132,558,311,120,8,8,0,2,8192,0,0,0,0,0,132,596,183,108
5798,0,4096,5888,5632,5376,5120,4864,4608,4352,0,0,0,0,0,32768,0,747,925,5120,4352,32900,64,82,421,16,0,0,14,8192,0,0,0,0,0,130,562,915,844,16,0,0,12,8192,0,0,0,0,0,131,364,87,618,16,0,0,10,8192,0,0,0,0,0,131,618,854,892,16,2,0,8,8192,0,0,0,0,0,132,592,837,378,16,4,0,6,8192,0,0,0,0,0,132,672,548,218,8,6,0,4,8192,0,0,0,0,0,132,587,302,118,8,8,0,2,8192,0,0,0,0,0,132,580,174,111
5802,0,4096,5888,5632,5376,5120,4864,4608,4352,0,0,0,0,0,32768,0,750,925,5120,4352,32900,88,82,423,16,0,0,14,8192,0,0,0,0,0,130,561,920,836,16,0,0,12,8192,0,0,0,0,0,131,344,90,623,16,0,0,10,8192,0,0,0,0,0,131,602,862,888,16,2,0,8,8192,0,0,0,0,0,132,576,829,373,8,4,0,6,8192,0,0,0,0,0,132,669,538,214,16,6,0,4,8192,0,0,0,0,0,132,628,293,116,8,8,0,2,8192,0,0,0,0,0,132,564,166,115
5806,0,4096,5888,5632,5376,5120,4864,4608,4352,0,0,0,0,0,32768,0,732,925,5120,4352,41092,112,81,424,16,0,0,14,8192,0,0,0,0,0,130,560,923,828,16,0,512,12,28672,0,0,0,0,0,131,344,97,630,16,0,0,10,8192,0,0,0,0,0,131,600,870,883,16,2,0,8,8192,0,0,0,0,0,132,575,822,368,8,4,0,6,8192,0,0,0,0,0,132,705,528,209,16,6,0,4,8192,0,0,0,0,0,132,614,283,114,8,8,0,2,8192,0,0,0,0,0,132,548,158,119
5810,0,4096,5888,5632,5376,5120,4864,4608,4352,0,0,0,0,0,32768,0,727,925,5120,4352,41092,134,81,426,16,0,0,14,8192,0,0,0,0,0,130,559,927,821,16,0,512,12,28672,0,0,0,0,0,131,344,106,639,16,0,0,10,8192,0,0,0,0,0,131,598,878,878,8,2,0,8,8192,0,0,0,0,0,132,602,815,362,16,4,0,6,8192,0,0,0,0,0,132,721,518,204,16,6,0,4,8192,0,0,0,0,0,132,594,274,112,8,8,0,2,8192,0,0,0,0,0,132,591,150,122
5814,0,4096,5888,5632,5376,5120,4864,4608,4352,0,0,0,0,0,32768,0,731,924,5120,4352,49284,150,80,428,16,0,0,14,8192,0,0,0,0,0,130,573,931,813,16,0,512,12,8192,0,0,0,0,0,131,172,109,644,16,0,0,10,8192,0,0,0,0,0,131,582,886,873,8,2,0,8,8192,0,0,0,0,0,132,642,807,357,16,4,0,6,8192,0,0,0,0,0,132,693,508,200,16,6,0,4,8192,0,0,0,0,0,132,578,265,110,8,8,0,2,8192,0,0,0,0,0,132,631,142,126
5818,0,4096,5888,5632,5376,5120,4864,4608,4352,0,0,0,0,0,32768,0,712,925,5120,4352,49284,166,79,430,16,0,0,14,8192,0,0,0,0,0,130,586,934,804,16,0,512,12,8192,0,0,0,0,0,131,0,110,646,16,0,0,10,8192,0,0,0,0,0,131,566,893,868,16,2,0,8,8192,0,0,0,0,0,132,653,798,351,16,4,0,6,8192,0,0,0,0,0,132,677,499,195,16,6,0,4,8192,0,0,0,0,0,132,562,256,109,8,8,0,2,8192,0,0,0,0,0,132,670,134,133
5822,0,4096,5888,5632,5376,5120,4864,4608,4352,0,0,0,0,0,32768,0,705,923,5120,4352,57476,182,79,433,16,0,0,14,8192,0,0,0,0,0,130,584,936,795,16,0,512,12,8192,0,0,0,0,0,131,0,110,646,16,0,0,10,8192,0,0,0,0,0,131,565,900,862,16,2,0,8,8192,0,0,0,0,0,132,637,789,346,16,4,0,6,8192,0,0,0,0,0,132,661,489,190,16,6,0,4,8192,0,0,0,0,0,132,546,247,108,8,8,0,2,8192,0,0,0,0,0,132,706,126,140
5826,0,4096,5888,5632,5376,5120,4864,4608,4352,0,0,0,0,0,32768,0,709,929,5120,4352,57476,202,78,436,16,0,0,14,8192,0,0,0,0,0,130,582,937,786,16,0,512,12,8192,0,0,0,0,0,131,0,110,646,16,0,0,10,8192,0,0,0,0,0,131,564,906,856,16,2,0,8,8192,0,0,0,0,0,132,621,781,341,16,4,0,6,8192,0,0,0,0,0,132,645,480,186,16,6,0,4,8192,0,0,0,0,0,132,530,239,107,8,8,0,2,8192,0,0,0,0,0,132,703,119,148
5830,0,4096,5888,5632,5376,5120,4864,4608,4352,0,0,0,0,0,32768,0,702,925,5120,4352,132,234,77,439,16,0,0,14,8192,0,0,0,0,0,130,594,937,777,16,0,512,12,8192,0,0,0,0,0,131,0,110,646,16,0,0,10,8192,0,0,0,0,0,131,563,911,849,16,2,0,8,8192,0,0,0,0,0,132,605,772,336,16,4,0,6,8192,0,0,0,0,0,132,629,471,182,16,6,0,4,8192,0,0,0,0,0,132,514,231,106,8,8,0,2,8192,0,0,0,0,0,132,738,113,158
5834,0,4096,5888,5632,5376,5120,4864,4608,4352,0,0,0,0,0,32768,0,686,912,5120,4352,132,270,76,443,16,0,0,14,8192,0,0,0,0,0,130,592,937,768,16,0,512,12,8192,0,0,0,0,0,131,0,110,646,16,0,0,10,8192,0,0,0,0,0,131,562,916,842,16,2,0,8,8192,0,0,0,0,0,132,631,765,331,16,4,0,6,8192,0,0,0,0,0,132,613,462,178,8,6,0,4,8192,0,0,0,0,0,132,498,223,104,8,8,0,2,8192,0,0,0,0,0,132,770,108,168
5838,0,4096,5888,5632,5376,5120,4864,4608,4352,0,0,0,0,0,32768,0,260,909,5888,4352,8324,318,75,447,16,0,0,14,8192,0,0,0,0,0,130,590,937,759,16,0,512,12,8192,0,0,0,0,0,131,0,110,646,16,0,0,10,8192,0,0,0,0,0,131,561,920,834,16,2,0,8,8192,0,0,0,0,0,132,629,756,326,16,4,0,6,8192,0,0,0,0,0,132,597,453,174,8,6,0,4,8192,0,0,0,0,0,132,530,215,103,8,8,0,2,8192,0,0,0,0,0,132,798,104,180
5842,0,4096,5888,5632,5376,5120,4864,4608,4352,0,0,0,0,0,32768,0,260,906,5888,4352,8324,366,73,452,16,0,0,14,8192,0,0,0,0,0,130,588,937,749,16,0,512,12,8192,0,0,0,0,0,131,0,110,646,16,0,0,10,8192,0,0,0,0,0,131,560,922,826,16,2,0,8,8192,0,0,0,0,0,132,613,748,321,8,4,0,6,8192,0,0,0,0,0,132,595,445,171,8,6,0,4,8192,0,0,0,0,0,132,530,207,103,8,8,0,2,8192,0,0,0,0,0,132,826,101,192
5846,0,4096,5888,5632,5376,5120,4864,4608,4352,0,0,0,0,0,32768,0,253,911,5888,4352,16516,414,72,458,16,0,0,14,8192,0,0,0,0,0,130,586,937,740,16,0,512,12,8192,0,0,0,0,0,131,0,110,646,16,0,0,10,8192,0,0,0,0,0,131,589,926,817,16,2,0,8,8192,0,0,0,0,0,132,611,740,316,8,4,0,6,8192,0,0,0,0,0,132,635,436,168,8,6,0,4,8192,0,0,0,0,0,132,529,199,104,8,8,0,2,8192,0,0,0,0,0,132,853,97,205
5850,0,4096,5888,5632,5376,5120,4864,4608,4352,0,0,0,0,0,32768,0,245,909,5888,4352,16516,458,70,464,16,0,0,14,8192,0,0,0,0,0,130,584,937,731,16,0,512,12,8192,0,0,0,0,0,131,0,110,646,16,0,0,10,8192,0,0,0,0,0,131,587,930,809,8,2,0,8,8192,0,0,0,0,0,132,637,731,311,8,4,0,6,8192,0,0,0,0,0,132,674,426,164,8,6,0,4,8192,0,0,0,0,0,132,528,191,107,8,8,0,2,8192,0,0,0,0,0,132,877,95,218
5854,0,4096,5888,5632,5376,5120,4864,4608,4352,0,0,0,0,0,32768,0,237,905,5888,4352,24708,490,69,472,16,0,0,14,8192,0,0,0,0,0,130,582,937,722,16,0,512,12,8192,0,0,0,0,0,131,0,110,646,16,0,0,10,8192,0,0,0,0,0,131,613,934,801,8,2,0,8,8192,0,0,0,0,0,132,674,722,306,8,4,0,6,8192,0,0,0,0,0,132,710,416,160,8,6,0,4,8192,0,0,0,0,0,132,527,183,109,8,8,0,2,8192,0,0,0,0,0,132,901,94,232
5858,0,4096,5888,5632,5376,5120,4864,4608,4352,0,0,0,0,0,32768,0,231,893,5888,4352,24708,522,68,479,16,0,0,14,8192,0,0,0,0,0,130,594,937,713,16,0,512,12,8192,0,0,0,0,0,131,0,110,646,16,0,0,10,8192,0,0,0,0,0,131,597,936,792,8,2,0,8,8192,0,0,0,0,0,132,710,713,300,8,4,0,6,8192,0,0,0,0,0,132,730,406,155,8,6,0,4,8192,0,0,0,0,0,132,526,175,113,8,8,0,2,8192,0,0,0,0,0,132,895,94,246
5862,0,4096,5888,5632,5376,5120,4864,4608,4352,0,0,0,0,0,32768,0,223,889,5888,4352,32900,554,67,488,16,0,0,14,8192,0,0,0,0,0,130,592,937,704,16,0,512,12,8192,0,0,0,0,0,131,0,110,646,16,0,0,10,8192,0,0,0,0,0,131,595,938,782,8,2,0,8,8192,0,0,0,0,0,132,743,704,295,8,4,0,6,8192,0,0,0,0,0,132,714,395,152,8,6,0,4,8192,0,0,0,0,0,132,525,168,115,8,8,0,2,8192,0,0,0,0,0,132,909,93,260
5866,0,4096,5888,5632,5376,5120,4864,4608,4352,0,0,0,0,0,32768,0,218,894,5888,4352,32900,582,67,497,16,0,0,14,8192,0,0,0,0,0,130,590,937,694,16,0,512,12,8192,0,0,0,0,0,131,0,110,646,16,0,0,10,8192,0,0,0,0,0,131,593,938,773,8,2,0,8,8192,0,0,0,0,0,132,775,693,289,8,4,0,6,8192,0,0,0,0,0,132,711,385,148,8,6,0,4,8192,0,0,0,0,0,132,524,160,117,8,8,0,2,8192,0,0,0,0,0,132,893,92,274
5870,0,4096,5888,5632,5376,5120,4864,4608,4352,0,0,0,0,0,32768,0,212,153,5888,4608,41092,598,66,506,16,0,0,14,8192,0,0,0,0,0,130,588,937,685,16,0,512,12,8192,0,0,0,0,0,131,0,110,646,16,0,0,10,8192,0,0,0,0,0,131,591,938,764,8,2,0,8,8192,0,0,0,0,0,132,804,682,284,8,4,0,6,8192,0,0,0,0,0,132,731,374,144,8,6,0,4,8192,0,0,0,0,0,132,553,152,119,8,8,0,2,8192,0,0,0,0,0,132,907,91,288
5874,0,4096,5888,5632,5376,5120,4864,4608,4352,0,0,0,0,0,32768,0,208,887,5888,4352,41092,614,66,515,16,0,0,14,8192,0,0,0,0,0,130,586,937,676,16,0,512,12,8192,0,0,0,0,0,131,0,110,646,16,0,0,10,8192,0,0,0,0,0,131,617,938,755,8,2,0,8,8192,0,0,0,0,0,132,832,670,279,8,4,0,6,8192,0,0,0,0,0,132,715,364,139,8,6,0,4,8192,0,0,0,0,0,132,597,143,122,8,8,0,2,8192,0,0,0,0,0,132,901,88,302
5878,0,4096,5888,5632,5376,5120,4864,4608,4352,0,0,0,0,0,32768,0,204,875,5888,4352,49284,630,66,525,16,0,0,14,8192,0,0,0,0,0,130,584,937,667,16,0,512,12,8192,0,0,0,0,0,131,0,110,646,16,0,0,10,8192,0,0,0,0,0,131,601,938,745,8,2,0,8,8192,0,0,0,0,0,132,857,658,273,8,4,0,6,8192,0,0,0,0,0,132,712,354,135,8,6,0,4,8192,0,0,0,0,0,132,638,135,127,8,8,0,2,8192,0,0,0,0,0,132,895,85,315
5882,0,4096,5888,5632,5376,5120,4864,4608,4352,0,0,0,0,0,32768,0,202,872,5888,4352,49284,644,66,535,16,0,0,14,8192,0,0,0,0,0,130,582,937,658,16,0,512,12,8192,0,0,0,0,0,131,0,110,646,16,0,0,10,8192,0,0,0,0,0,131,599,938,736,8,2,0,8,8192,0,0,0,0,0,132,881,647,267,8,4,0,6,8192,0,0,0,0,0,132,732,343,131,8,6,0,4,8192,0,0,0,0,0,132,675,127,133,8,8,0,2,8192,0,0,0,0,0,132,909,82,329
5886,0,4096,5888,5632,5376,5120,4864,4608,4352,0,0,0,0,0,32768,0,198,870,5888,4352,57476,652,65,545,16,0,0,14,8192,0,0,0,0,0,130,594,937,649,16,0,512,12,8192,0,0,0,0,0,131,0,110,646,16,0,0,10,8192,0,0,0,0,0,131,597,938,727,8,2,0,8,8192,0,0,0,0,0,132,905,634,261,8,4,0,6,8192,0,0,0,0,0,132,716,333,127,8,6,0,4,8192,0,0,0,0,0,132,711,119,141,8,8,0,2,8192,0,0,0,0,0,132,893,82,343
5890,0,4096,5888,5632,5376,5120,4864,4608,4352,0,0,0,0,0,32768,0,193,877,5888,4352,57476,660,65,555,16,0,0,14,8192,0,0,0,0,0,130,592,937,639,16,0,512,12,8192,0,0,0,0,0,131,0,110,646,16,0,0,10,8192,0,0,0,0,0,131,595,938,717,8,2,0,8,8192,0,0,0,0,0,132,899,621,255,8,4,0,6,8192,0,0,0,0,0,132,712,322,123,8,6,0,4,8192,0,0,0,0,0,132,744,113,150,8,8,0,2,8192,0,0,0,0,0,132,907,82,357
5894,0,4096,5888,5632,5376,5120,4864,4608,4352,0,0,0,0,0,32768,0,189,875,5888,4352,132,668,66,566,16,0,0,14,8192,0,0,0,0,0,130,590,937,630,16,0,512,12,8192,0,0,0,0,0,131,0,110,646,16,0,0,10,8192,0,0,0,0,0,131,593,938,708,8,2,0,8,8192,0,0,0,0,0,132,893,608,249,8,4,0,6,8192,0,0,0,0,0,132,732,311,121,8,6,0,4,8192,0,0,0,0,0,132,776,107,161,8,8,0,2,8192,0,0,0,0,0,132,901,82,371
5898,0,4096,5888,5632,5376,5120,4864,4608,4352,0,0,0,0,0,32768,0,187,88,5888,4608,132,676,67,576,16,0,0,14,8192,0,0,0,0,0,130,588,937,621,16,0,512,12,8192,0,0,0,0,0,131,0,110,646,16,0,0,10,8192,0,0,0,0,0,131,591,938,699,8,2,0,8,8192,0,0,0,0,0,132,907,596,243,8,4,0,6,8192,0,0,0,0,0,132,716,300,119,8,6,0,4,8192,0,0,0,0,0,132,805,103,172,8,8,0,2,8192,0,0,0,0,0,132,895,82,385
5902,0,4096,5888,5632,5376,5120,4864,4608,4352,0,0,0,0,0,32768,0,181,79,5888,4608,8324,684,68,587,16,0,0,14,8192,0,0,0,0,0,130,586,937,612,16,0,512,12,8192,0,0,0,0,0,131,0,110,646,16,0,0,10,8192,0,0,0,0,0,131,617,938,690,8,2,0,8,8192,0,0,0,0,0,132,901,583,236,8,4,0,6,8192,0,0,0,0,0,132,712,289,117,8,6,0,4,8192,0,0,0,0,0,132,833,99,184,8,8,0,2,8192,0,0,0,0,0,132,909,81,399
5906,0,4096,5888,5632,5376,5120,4864,4608,4352,0,0,0,0,0,32768,0,177,68,5888,4608,8324,692,71,597,16,0,0,14,8192,0,0,0,0,0,130,584,937,603,16,0,512,12,8192,0,0,0,0,0,131,0,110,646,16,0,0,10,8192,0,0,0,0,0,131,601,938,680,8,2,0,8,8192,0,0,0,0,0,132,894,571,229,8,4,0,6,8192,0,0,0,0,0,132,732,278,114,8,6,0,4,8192,0,0,0,0,0,132,858,94,197,8,8,0,2,8192,0,0,0,0,0,132,893,80,412
5910,0,4096,5888,5632,5376,5120,4864,4608,4352,0,0,0,0,0,32768,0,177,59,5888,4608,16516,700,75,607,16,0,0,14,8192,0,0,0,0,0,130,582,937,594,16,0,512,12,8192,0,0,0,0,0,131,0,110,646,16,0,0,10,8192,0,0,0,0,0,131,599,938,671,8,2,0,8,8192,0,0,0,0,0,132,906,559,223,8,4,0,6,8192,0,0,0,0,0,132,716,267,112,8,6,0,4,8192,0,0,0,0,0,132,882,89,209,8,8,0,2,8192,0,0,0,0,0,132,907,79,426
5914,0,4096,5888,5632,5376,5120,4864,4608,4352,0,0,0,0,0,32768,0,170,49,5888,4608,16516,707,80,617,16,0,0,14,8192,0,0,0,0,0,130,594,937,584,16,0,512,12,8192,0,0,0,0,0,131,0,110,646,16,0,0,10,8192,0,0,0,0,0,131,597,938,662,8,2,0,8,8192,0,0,0,0,0,132,899,546,217,8,4,0,6,8192,0,0,0,0,0,132,712,256,109,8,6,0,4,8192,0,0,0,0,0,132,906,86,223,8,8,0,2,8192,0,0,0,0,0,132,901,78,439
5918,0,4096,5888,5632,5376,5120,4864,4608,4352,0,0,0,0,0,32768,0,609,38,5120,4608,24708,713,86,626,16,0,0,14,8192,0,0,0,0,0,130,592,937,575,16,0,512,12,8192,0,0,0,0,0,131,0,110,646,16,0,0,10,8192,0,0,0,0,0,131,595,938,652,8,2,0,8,8192,0,0,0,0,0,132,893,533,211,8,4,0,6,8192,0,0,0,0,0,132,732,245,106,8,6,0,4,8192,0,0,0,0,0,132,909,85,237,8,8,0,2,8192,0,0,0,0,0,132,881,80,453
5922,0,4096,5888,5632,5376,5120,4864,4608,4352,0,0,0,32768,0,34816,0,606,28,5120,4608,24708,719,94,634,16,0,0,14,8192,0,0,0,0,0,130,590,937,566,16,0,512,12,8192,0,0,0,0,0,131,0,110,646,16,0,0,10,8192,0,0,0,0,0,131,593,938,643,8,2,0,8,8192,0,0,0,0,0,132,907,521,204,8,4,0,6,8192,0,0,0,0,0,132,716,234,105,8,6,0,4,8192,0,0,0,0,0,132,920,83,251,8,8,0,2,8192,0,0,0,0,0,132,849,81,467
5926,0,4096,5888,5632,5376,5120,4864,4608,4352,0,0,0,32768,0,34816,0,602,17,5120,4608,32900,725,102,642,16,0,0,14,8192,0,0,0,0,0,131,584,937,557,16,0,512,12,8192,0,0,0,0,0,131,0,110,646,16,0,0,10,8192,0,0,0,0,0,131,591,938,634,8,2,0,8,8192,0,0,0,0,0,132,901,508,198,8,4,0,6,8192,0,0,0,0,0,132,712,223,103,8,6,0,4,8192,0,0,0,0,0,132,913,82,265,8,8,0,2,8192,0,0,0,0,0,132,821,81,480
5930,0,4096,5888,5632,5376,5120,4864,4608,4352,0,0,0,32768,0,55296,0,585,6,5120,4608,32900,728,108,648,16,0,0,14,8192,0,0,0,0,0,131,564,937,548,16,0,512,12,28672,0,0,0,0,0,131,0,112,647,16,0,0,10,8192,0,0,0,0,0,131,617,938,625,8,2,0,8,8192,0,0,0,0,0,132,894,495,192,8,4,0,6,8192,0,0,0,0,0,132,680,212,102,8,6,0,4,8192,0,0,0,0,0,132,906,79,280,8,8,0,2,8192,0,0,0,0,0,132,805,81,493
5934,0,4096,5888,5632,5376,5120,4864,4608,4352,0,0,0,32768,0,55296,0,145,582,5888,5120,41092,728,108,648,16,0,0,14,8192,0,0,0,0,0,131,548,935,539,16,0,512,12,28672,0,0,0,0,0,131,0,121,655,16,0,0,10,8192,0,0,0,0,0,131,601,938,615,8,2,0,8,8192,0,0,0,0,0,132,906,483,186,8,4,0,6,8192,0,0,0,0,0,132,648,202,102,8,6,0,4,8192,0,0,0,0,0,132,917,77,294,8,8,0,2,8192,0,0,0,0,0,132,789,81,504
5938,0,4096,5888,5632,5376,5120,4864,4608,4352,0,0,0,0,0,38912,0,137,19,5888,4608,41092,731,110,650,16,0,0,14,8192,0,0,0,0,0,131,532,933,531,16,0,512,12,8192,0,0,0,0,0,131,0,127,661,16,0,0,10,8192,0,0,0,0,0,131,599,938,606,8,2,0,8,8192,0,0,0,0,0,132,899,470,180,8,4,0,6,8192,0,0,0,0,0,132,620,192,104,8,6,0,4,8192,0,0,0,0,0,132,910,77,308,8,8,0,2,8192,0,0,0,0,0,132,773,81,516
5942,0,4096,5888,5632,5376,5120,4864,4608,4352,0,0,0,0,0,32768,0,130,17,5888,4608,28804,736,121,654,16,0,0,14,8192,0,0,0,0,0,131,516,930,524,16,0,512,12,8192,0,0,0,0,0,131,0,127,661,16,0,0,10,8192,0,0,0,0,0,131,597,938,596,8,2,0,8,8192,0,0,0,0,0,132,893,457,174,8,4,0,6,8192,0,0,0,0,0,132,604,183,107,8,6,0,4,8192,0,0,0,0,0,132,921,78,322,8,8,0,2,8192,0,0,0,0,0,132,757,82,527
5946,0,4096,5888,5632,5376,5120,4864,4608,4352,0,0,0,0,0,32768,0,126,7,5888,4608,28804,725,132,658,16,0,0,14,8192,0,0,0,0,0,131,500,927,516,16,0,512,12,8192,0,0,0,0,0,131,0,127,661,16,0,0,10,8192,0,0,0,0,0,131,595,938,587,8,2,0,8,8192,0,0,0,0,0,132,865,445,168,8,4,0,6,8192,0,0,0,0,0,132,588,174,110,8,6,0,4,8192,0,0,0,0,0,132,914,78,336,0,8,0,2,8192,0,0,0,0,0,132,741,82,538
5950,0,4096,5888,5632,5376,5120,4864,4608,4352,0,0,0,0,0,49152,0,7,578,4608,5120,18564,363,133,660,16,0,0,14,8192,0,0,0,0,0,131,484,924,509,16,0,512,12,8192,0,0,0,0,0,131,0,127,661,16,0,0,10,8192,0,0,0,0,0,131,593,938,578,8,2,0,8,8192,0,0,0,0,0,132,833,432,164,8,4,0,6,8192,0,0,0,0,0,132,572,166,114,8,6,0,4,8192,0,0,0,0,0,132,907,80,351,0,8,0,2,8192,0,0,0,0,0,132,721,82,549
5954,0,4096,5888,5632,5376,5120,4864,4608,4352,0,0,0,0,0,49152,0,6,579,4608,5120,42116,0,130,661,16,0,0,14,8192,0,0,0,0,0,131,468,922,502,16,0,512,12,28672,0,0,0,0,0,131,0,124,662,16,0,0,10,8192,0,0,0,0,0,131,591,938,569,8,2,0,8,8192,0,0,0,0,0,132,813,420,159,8,4,0,6,8192,0,0,0,0,0,132,556,158,118,0,6,0,4,8192,0,0,0,0,0,132,918,80,365,0,8,0,2,8192,0,0,0,0,0,132,689,82,560
5958,0,4096,5888,5632,5376,5120,4864,4608,4352,0,0,0,0,0,49152,0,10,579,4608,5120,50308,0,130,661,16,0,0,14,8192,0,0,0,0,0,131,468,920,495,16,0,512,12,28672,0,0,0,0,0,131,0,119,663,16,0,0,10,8200,0,0,0,0,0,132,617,938,559,8,2,0,8,8192,0,0,0,0,0,132,797,409,154,8,4,0,6,8192,0,0,0,0,0,132,599,149,121,0,6,0,4,8192,0,0,0,0,0,132,899,79,379,0,8,0,2,8192,0,0,0,0,0,132,657,82,571
5962,0,4096,5888,5632,5376,5120,4864,4608,4352,0,0,0,0,0,49152,0,14,577,4608,5120,50308,0,130,661,16,0,0,14,8192,0,0,0,0,0,131,468,918,488,16,0,1024,12,8192,0,0,0,0,0,131,0,116,664,16,0,0,10,8192,0,0,0,0,0,132,585,938,550,8,2,0,8,8192,0,0,0,0,0,132,781,397,150,0,4,0,6,8192,0,0,0,0,0,132,625,141,126,0,6,0,4,8192,0,0,0,0,0,132,867,78,393,0,8,0,2,8192,0,0,0,0,0,132,629,82,581
5966,0,4096,5888,5632,5376,5120,4864,4608,4352,0,0,0,0,0,32768,0,14,575,4608,5120,58500,2,130,661,16,0,0,14,8192,0,0,0,0,0,131,468,915,481,16,0,1024,12,8192,0,0,0,0,0,131,6,116,664,16,0,0,10,8192,0,0,0,0,0,132,569,937,541,8,2,0,8,8192,0,0,0,0,0,132,765,386,146,0,4,0,6,8192,0,0,0,0,0,132,609,133,132,0,6,0,4,8192,0,0,0,0,0,132,835,79,406,0,8,0,2,8192,0,0,0,0,0,132,613,82,590
5970,0,4096,5888,5632,5376,5120,4864,4608,4352,0,0,0,0,0,32768,0,14,574,4608,5120,58500,10,130,661,16,0,0,14,8192,0,0,0,0,0,131,468,912,475,16,0,1024,12,8192,0,0,0,0,0,131,14,116,665,16,0,0,10,8192,0,0,0,0,0,132,553,934,533,0,2,0,8,8192,0,0,0,0,0,132,741,375,141,0,4,0,6,8192,0,0,0,0,0,132,593,127,138,0,6,0,4,8192,0,0,0,0,0,132,803,80,419,0,8,0,2,8192,0,0,0,0,0,132,593,82,600
5974,0,4096,5888,5632,5376,5120,4864,4608,4352,0,0,0,0,0,32768,0,14,574,4608,5120,1156,18,131,661,16,0,0,14,8192,0,0,0,0,0,131,468,909,468,16,0,1024,12,8192,0,0,0,0,0,131,22,116,665,16,0,0,10,8192,0,0,0,0,0,132,537,931,525,0,2,0,8,8192,0,0,0,0,0,132,709,364,137,0,4,0,6,8192,0,0,0,0,0,132,577,120,145,0,6,0,4,8192,0,0,0,0,0,132,783,82,431,0,8,0,2,8192,0,0,0,0,0,132,565,83,609
5978,0,4096,5888,5632,5376,5120,4864,4608,4352,0,0,0,0,0,32768,0,15,573,4608,5120,1156,26,131,661,16,0,0,14,8192,0,0,0,0,0,131,468,907,461,16,0,1024,12,8192,0,0,0,0,0,131,30,116,665,16,0,0,10,8192,0,0,0,0,0,132,521,928,517,0,2,0,8,8192,0,0,0,0,0,132,677,354,133,0,4,0,6,8192,0,0,0,0,0,132,617,115,152,0,6,0,4,8192,0,0,0,0,0,132,767,83,443,0,8,0,2,8192,0,0,0,0,0,132,549,84,617
5982,0,4096,5888,5632,5376,5120,4864,4608,4352,0,0,0,0,0,32768,0,15,573,4608,5120,9348,34,131,661,16,0,0,14,8192,0,0,0,0,0,131,468,904,455,16,0,1024,12,8192,0,0,0,0,0,131,38,116,666,16,0,0,10,8192,0,0,0,0,0,132,505,925,509,0,2,0,8,8192,0,0,0,0,0,132,645,344,129,0,4,0,6,8192,0,0,0,0,0,132,615,110,161,0,6,0,4,8192,0,0,0,0,0,132,743,82,455,0,8,0,2,8192,0,0,0,0,0,132,533,87,626
5986,0,4096,5888,5632,5376,5120,4864,4608,4352,0,0,0,0,0,32768,0,15,573,4608,5120,9348,42,132,661,16,0,0,14,8192,0,0,0,0,0,131,468,900,449,16,0,1024,12,8192,0,0,0,0,0,131,46,116,666,16,0,0,10,8192,0,0,0,0,0,132,489,923,502,0,2,0,8,8192,0,0,0,0,0,132,625,335,125,0,4,0,6,8192,0,0,0,0,0,132,641,107,170,0,6,0,4,8192,0,0,0,0,0,132,711,82,467,0,8,0,2,8192,0,0,0,0,0,132,517,91,633
5990,0,4096,5888,5632,5376,5120,4864,4608,4352,0,0,0,32768,0,34816,0,17,557,4608,5120,17540,50,133,661,16,0,0,14,8192,0,0,0,0,0,131,468,896,443,16,0,1024,12,8192,0,0,0,0,0,131,54,116,667,16,0,0,10,8192,0,0,0,0,0,132,473,921,495,0,2,0,8,8192,0,0,0,0,0,132,609,326,122,0,4,0,6,8192,0,0,0,0,0,132,625,104,179,0,6,0,4,8192,0,0,0,0,0,132,679,82,478,0,8,0,2,8192,0,0,0,0,0,132,501,95,640
5994,0,4096,5888,5632,5376,5120,4864,4608,4352,0,0,0,32768,0,34816,0,17,557,4608,5120,17540,58,133,661,16,0,0,14,8192,0,0,0,0,0,131,468,891,437,16,0,1024,12,8192,0,0,0,0,0,131,62,116,668,16,0,0,10,8192,0,0,0,0,0,132,473,918,488,0,2,0,8,8192,0,0,0,0,0,132,593,317,121,0,4,0,6,8192,0,0,0,0,0,132,623,100,188,0,6,0,4,8192,0,0,0,0,0,132,647,82,488,0,8,0,2,8192,0,0,0,0,0,132,485,99,646
5998,0,4096,5888,5632,5376,5120,4864,4608,4352,0,0,0,32768,0,34816,0,19,554,4608,5120,25732,70,134,661,16,0,0,14,8192,0,0,0,0,0,131,468,887,431,16,0,1024,12,8192,0,0,0,0,0,131,82,116,669,16,0,0,10,8192,0,0,0,0,0,132,473,915,481,0,2,0,8,8192,0,0,0,0,0,132,577,308,119,0,4,0,6,8192,0,0,0,0,0,132,621,96,197,0,6,0,4,8192,0,0,0,0,0,132,627,82,498,0,8,0,2,8192,0,0,0,0,0,132,469,104,652
6002,0,4096,5888,5632,5376,5120,4864,4608,4352,0,0,0,32768,0,51200,0,20,553,4608,5120,25732,88,136,662,16,0,0,14,8192,0,0,0,0,0,131,468,883,426,16,0,1024,12,8192,0,0,0,0,0,131,106,116,671,16,0,0,10,8192,0,0,0,0,0,132,473,913,474,0,2,0,8,8192,0,0,0,0,0,132,561,299,117,0,4,0,6,8192,0,0,0,0,0,132,619,93,207,0,6,0,4,8192,0,0,0,0,0,132,611,82,508,0,8,0,2,8192,0,0,0,0,0,132,453,107,658
6006,0,4096,5888,5632,5376,5120,4864,4608,4352,0,0,0,0,0,49152,0,21,554,4608,5120,49796,362,132,665,16,0,0,14,8192,0,0,0,0,0,131,468,878,420,16,0,1024,12,8192,0,0,0,0,0,131,130,116,672,16,0,0,10,8192,0,0,0,0,0,132,473,910,468,0,2,0,8,8192,0,0,0,0,0,132,545,290,116,0,4,0,6,8192,0,0,0,0,0,132,617,92,216,0,6,0,4,8192,0,0,0,0,0,132,595,82,517,0,8,0,2,8192,0,0,0,0,0,132,455,111,664
6010,0,4096,5888,5632,5376,5120,4864,4608,4352,0,0,0,0,0,49152,0,16,775,4608,4352,49796,362,128,669,16,0,0,14,8192,0,0,0,0,0,131,468,874,414,16,0,1024,12,8192,0,0,0,0,0,131,148,116,675,16,0,0,10,8192,0,0,0,0,0,132,473,907,461,0,2,0,8,8192,0,0,0,0,0,132,529,282,114,0,4,0,6,8192,0,0,0,0,0,132,615,91,225,0,6,0,4,8192,0,0,0,0,0,132,579,82,526,0,8,0,2,8192,0,0,0,0,0,132,457,115,670
6014,0,5888,4096,5632,5376,5120,4864,4608,4352,0,0,0,0,2,32768,0,12,778,4608,4352,57988,113,125,672,16,0,0,14,8192,0,0,0,0,0,131,468,870,408,16,0,1024,12,28672,0,0,0,0,0,131,152,118,679,16,0,0,10,8192,0,0,0,0,0,132,473,904,454,0,2,0,8,8192,0,0,0,0,0,132,513,274,112,0,4,0,6,8192,0,0,0,0,0,132,641,90,235,0,6,0,4,8192,0,0,0,0,0,132,563,82,535,0,8,0,0,28672,0,0,0,0,0,132,453,116,673
6018,0,5888,4096,5632,5376,5120,4864,4608,4352,0,0,0,0,2,32768,0,11,777,4608,4352,57988,135,125,673,16,0,0,14,8192,0,0,0,0,0,131,468,865,403,16,0,1024,12,28672,0,0,0,0,0,131,152,123,684,16,0,0,10,8192,0,0,0,0,0,132,473,900,448,0,2,0,8,8192,0,0,0,0,0,132,513,266,110,0,4,0,6,8192,0,0,0,0,0,132,625,89,245,0,6,0,4,8192,0,0,0,0,0,132,547,82,544,0,8,0,0,28672,0,0,0,0,0,132,453,115,673
6022,0,5888,4096,5632,5376,5120,4864,4608,4352,0,0,0,0,2,32768,0,11,13,5888,4608,644,151,127,674,16,0,0,14,8192,0,0,0,0,0,131,484,860,397,16,0,1024,12,8192,0,0,0,0,0,131,164,125,688,16,0,0,10,8192,0,0,0,0,0,132,473,896,442,0,2,0,8,8192,0,0,0,0,0,132,513,258,109,0,4,0,6,8192,0,0,0,0,0,132,623,88,255,0,6,0,4,8192,0,0,0,0,0,132,531,82,552,0,8,0,0,8192,0,0,0,0,0,132,459,116,676
6026,0,5888,4096,5632,5376,5120,4864,4608,4352,0,0,0,0,2,32768,0,9,15,5888,4608,644,167,129,675,16,0,0,14,8192,0,0,0,0,0,131,531,855,392,16,0,1024,12,8192,0,0,0,0,0,131,180,126,691,16,0,0,10,8192,0,0,0,0,0,132,473,891,437,0,2,0,8,8192,0,0,0,0,0,132,513,250,108,0,4,0,6,8192,0,0,0,0,0,132,621,87,264,0,6,0,4,8192,0,0,0,0,0,132,530,82,561,0,8,0,0,8192,0,0,0,0,0,132,461,121,681
6030,0,5888,4096,5632,5376,5120,4864,4608,4352,0,0,0,0,2,32768,0,11,17,5888,4608,8836,183,132,676,16,0,0,14,8192,0,0,0,0,0,131,560,848,386,16,0,1024,12,8192,0,0,0,0,0,131,196,127,694,16,0,0,10,8192,0,0,0,0,0,132,473,887,431,0,2,0,8,8192,0,0,0,0,0,132,513,242,107,0,4,0,6,8192,0,0,0,0,0,132,619,86,274,0,6,0,4,8192,0,0,0,0,0,132,529,82,569,0,8,0,0,8192,0,0,0,0,0,132,445,127,686
6034,0,5888,4096,5632,5376,5120,4864,4608,4352,0,0,0,0,2,32768,0,113,11,5632,5888,8836,203,135,677,16,0,0,14,8192,0,0,0,0,0,131,559,841,381,16,0,1024,12,8192,0,0,0,0,0,131,224,128,696,16,0,0,10,8192,0,0,0,0,0,132,473,882,425,0,2,0,8,8192,0,0,0,0,0,132,513,234,106,0,4,0,6,8192,0,0,0,0,0,132,617,84,283,0,6,0,4,8192,0,0,0,0,0,132,528,83,575,0,8,0,0,8192,0,0,0,0,0,132,483,133,689
6038,0,5888,4096,5632,5376,5120,4864,4608,4352,0,0,0,0,2,32768,0,109,21,5632,4608,17028,235,138,679,16,0,0,14,8192,0,0,0,0,0,131,558,834,376,16,0,1024,12,8192,0,0,0,0,0,131,256,130,700,16,0,0,10,8192,0,0,0,0,0,132,473,877,420,0,2,0,8,8192,0,0,0,0,0,132,513,226,105,0,4,0,6,8192,0,0,0,0,0,132,615,82,293,0,6,0,4,8192,0,0,0,0,0,132,527,83,583,0,8,0,0,8192,0,0,0,0,0,132,467,140,692
6042,0,5888,4096,5632,5376,5120,4864,4608,4352,0,0,0,0,2,32768,0,106,22,5632,4608,17028,271,141,680,16,0,0,14,8192,0,0,0,0,0,131,557,827,371,16,0,1024,12,8192,0,0,0,0,0,131,252,133,703,16,0,0,10,8192,0,0,0,0,0,132,473,873,414,0,2,0,8,8192,0,0,0,0,0,132,513,218,104,0,4,0,6,8192,0,0,0,0,0,132,641,79,302,0,6,0,4,8192,0,0,0,0,0,132,526,83,590,0,8,0,0,8192,0,0,0,0,0,132,451,147,694
6046,0,5888,4096,5632,5376,5120,4864,4608,4352,0,0,0,0,2,32768,0,101,24,5632,4608,25220,319,145,682,16,0,0,14,8192,0,0,0,0,0,131,556,820,366,16,0,1024,12,8192,0,0,0,0,0,131,236,135,705,16,0,0,10,8192,0,0,0,0,0,132,473,868,408,0,2,0,8,8192,0,0,0,0,0,132,497,210,103,0,4,0,6,8192,0,0,0,0,0,132,639,77,312,0,6,0,4,8192,0,0,0,0,0,132,510,84,597,0,8,0,0,8192,0,0,0,0,0,132,453,153,696
6050,0,5888,4096,5632,5376,5120,4864,4608,4352,0,0,0,0,2,32768,0,99,25,5632,4608,25220,367,150,684,16,0,0,14,8192,0,0,0,0,0,131,570,813,361,16,0,1024,12,8192,0,0,0,0,0,131,256,138,708,16,0,0,10,8192,0,0,0,0,0,132,473,864,403,0,2,0,8,8192,0,0,0,0,0,132,481,203,104,0,4,0,6,8192,0,0,0,0,0,132,678,75,322,0,6,0,4,8192,0,0,0,0,0,132,494,85,604,0,8,0,0,8192,0,0,0,0,0,132,455,160,696
6054,0,5888,4096,5632,5376,5120,4864,4608,4352,0,0,0,0,2,32768,0,99,26,5632,4608,33412,415,156,686,16,0,0,14,8192,0,0,0,0,0,131,583,806,356,16,0,1024,12,8192,0,0,0,0,0,131,252,142,710,16,0,0,10,8192,0,0,0,0,0,132,473,859,397,0,2,0,8,8192,0,0,0,0,0,132,465,196,105,0,4,0,6,8192,0,0,0,0,0,132,701,75,333,0,6,0,4,8192,0,0,0,0,0,132,478,88,611,0,8,0,0,8192,0,0,0,0,0,132,503,168,696
6058,0,5888,4096,5632,5376,5120,4864,4608,4352,0,0,0,0,2,32768,0,27,16,4608,5888,33412,459,162,688,16,0,0,14,8192,0,0,0,0,0,131,581,798,351,16,0,1024,12,8192,0,0,0,0,0,131,236,145,712,16,0,0,10,8192,0,0,0,0,0,132,521,854,391,0,2,0,8,8192,0,0,0,0,0,132,449,189,107,0,4,0,6,8192,0,0,0,0,0,132,685,75,343,0,6,0,4,8192,0,0,0,0,0,132,462,91,617,0,8,0,0,8192,0,0,0,0,0,132,535,176,695
6062,0,5888,4096,5632,5376,5120,4864,4608,4352,0,0,0,0,2,32768,0,28,16,4608,5888,41604,491,169,690,16,0,0,14,8192,0,0,0,0,0,131,593,790,346,16,0,1024,12,8192,0,0,0,0,0,131,256,149,713,16,0,0,10,8192,0,0,0,0,0,132,565,848,386,0,2,0,8,8192,0,0,0,0,0,132,451,182,109,0,4,0,6,8192,0,0,0,0,0,132,682,76,354,0,6,0,4,8192,0,0,0,0,0,132,462,94,624,0,8,0,0,8192,0,0,0,0,0,132,519,184,694
6066,0,5888,4096,5632,5376,5120,4864,4608,4352,0,0,0,0,2,32768,0,30,17,4608,5888,41604,523,177,691,16,0,0,14,8192,0,0,0,0,0,131,591,782,342,16,0,1024,12,8192,0,0,0,0,0,131,300,153,715,16,0,0,10,8192,0,0,0,0,0,132,564,841,381,0,2,0,8,8192,0,0,0,0,0,132,453,175,112,0,4,0,6,8192,0,0,0,0,0,132,679,77,365,0,6,0,4,8192,0,0,0,0,0,132,462,97,630,0,8,0,0,8192,0,0,0,0,0,132,519,192,692
6070,0,5888,4096,5632,5376,5120,4864,4608,4352,0,0,0,0,2,32768,0,34,17,4608,5888,49796,555,185,691,16,0,0,14,8192,0,0,0,0,0,131,589,774,337,16,0,1024,12,8192,0,0,0,0,0,131,348,158,718,16,0,0,10,8192,0,0,0,0,0,132,563,833,376,0,2,0,8,8192,0,0,0,0,0,132,453,169,115,0,4,0,6,8192,0,0,0,0,0,132,702,78,375,0,6,0,4,8192,0,0,0,0,0,132,462,101,636,0,8,0,0,8192,0,0,0,0,0,132,563,200,691
6074,0,5888,4096,5632,5376,5120,4864,4608,4352,0,0,0,0,2,32768,0,39,16,4608,5888,49796,583,194,690,16,0,0,14,8192,0,0,0,0,0,131,587,767,332,16,0,1024,12,8192,0,0,0,0,0,131,396,164,721,16,0,0,10,8192,0,0,0,0,0,132,562,826,371,0,2,0,8,8192,0,0,0,0,0,132,453,162,117,0,4,0,6,8192,0,0,0,0,0,132,686,79,386,0,6,0,4,8192,0,0,0,0,0,132,462,104,643,0,8,0,0,8192,0,0,0,0,0,132,606,209,688
6078,0,5888,4096,5632,5376,5120,4864,4608,4352,0,0,0,0,2,32768,0,42,17,4608,5888,57988,599,203,687,16,0,0,14,8192,0,0,0,0,0,131,585,759,327,16,0,1024,12,8192,0,0,0,0,0,131,450,171,723,16,0,0,10,8192,0,0,0,0,0,132,561,819,366,0,2,0,8,8192,0,0,0,0,0,132,485,155,118,0,4,0,6,8192,0,0,0,0,0,132,683,80,397,0,6,0,4,8192,0,0,0,0,0,132,462,108,649,0,8,0,0,8192,0,0,0,0,0,132,632,218,684
6082,0,5888,4096,5632,5376,5120,4864,4608,4352,0,0,0,0,2,32768,0,45,17,4608,5888,57988,615,212,684,16,0,0,14,8192,0,0,0,0,0,131,583,751,322,16,0,1024,12,8192,0,0,0,0,0,131,452,179,724,16,0,0,10,8192,0,0,0,0,0,132,560,812,361,0,2,0,8,8192,0,0,0,0,0,132,533,147,120,0,4,0,6,8192,0,0,0,0,0,132,680,81,407,0,6,0,4,8192,0,0,0,0,0,132,462,111,656,0,8,0,0,8192,0,0,0,0,0,132,616,227,681
6086,0,5888,4096,5632,5376,5120,4864,4608,4352,0,0,0,0,2,32768,0,292,17,5376,5888,644,631,221,680,16,0,0,14,8192,0,0,0,0,0,131,581,743,317,16,0,1024,12,8192,0,0,0,0,0,131,484,186,722,16,0,0,10,8192,0,0,0,0,0,132,589,805,356,0,2,0,8,8192,0,0,0,0,0,132,533,140,124,0,4,0,6,8192,0,0,0,0,0,132,703,80,418,0,6,0,4,8192,0,0,0,0,0,132,462,114,662,0,8,0,0,8192,0,0,0,0,0,132,614,236,678
6090,0,5888,4096,5632,5376,5120,4864,4608,4352,0,0,0,0,2,32768,0,291,18,5376,5888,644,645,230,676,16,0,0,14,8192,0,0,0,0,0,131,593,735,312,16,0,1024,12,8192,0,0,0,0,0,131,484,193,719,16,0,0,10,8192,0,0,0,0,0,132,615,797,351,0,2,0,8,8192,0,0,0,0,0,132,517,133,128,0,4,0,6,8192,0,0,0,0,0,132,687,77,428,8,6,0,4,8192,0,0,0,0,0,132,462,116,669,0,8,0,0,8192,0,0,0,0,0,132,612,245,675
6094,0,5888,4096,5632,5376,5120,4864,4608,4352,0,0,0,0,2,32768,0,286,17,5376,5888,8836,653,239,671,16,0,0,14,8192,0,0,0,0,0,131,591,727,308,16,0,1024,12,8192,0,0,0,0,0,131,516,199,716,16,0,0,10,8192,0,0,0,0,0,132,599,788,346,0,2,0,8,8192,0,0,0,0,0,132,516,126,133,0,4,0,6,8192,0,0,0,0,0,132,684,75,438,8,6,0,4,8192,0,0,0,0,0,132,494,118,676,0,8,0,0,8192,0,0,0,0,0,132,610,254,672
6098,0,5888,4096,5632,5376,5120,4864,4608,4352,0,0,0,0,2,32768,0,272,16,5376,5888,8836,661,248,666,16,0,0,14,8192,0,0,0,0,0,131,589,720,303,16,0,1024,12,8192,0,0,0,0,0,131,561,207,712,16,0,0,10,8192,0,0,0,0,0,132,597,780,341,0,2,0,8,8192,0,0,0,0,0,132,515,121,139,8,4,0,6,8192,0,0,0,0,0,132,681,74,447,8,6,0,4,8192,0,0,0,0,0,132,540,120,684,0,8,0,0,8192,0,0,0,0,0,132,608,263,669
6102,0,5888,4096,5632,5376,5120,4864,4608,4352,0,0,0,0,2,32768,0,273,17,5376,5888,17028,669,257,661,16,0,0,14,8192,0,0,0,0,0,131,587,712,297,16,0,1024,12,8192,0,0,0,0,0,131,560,215,708,16,0,0,10,8192,0,0,0,0,0,132,595,773,336,0,2,0,8,8192,0,0,0,0,0,132,515,116,145,8,4,0,6,8192,0,0,0,0,0,132,716,75,457,8,6,0,4,8192,0,0,0,0,0,132,539,124,692,0,8,0,0,8192,0,0,0,0,0,132,634,272,666
6106,0,5888,4096,5632,5376,5120,4864,4608,4352,0,0,0,0,2,32768,0,260,18,5376,5888,17028,677,266,656,16,0,0,14,8192,0,0,0,0,0,131,585,704,293,16,0,1024,12,8192,0,0,0,0,0,131,589,222,703,16,0,0,10,8192,0,0,0,0,0,132,593,765,331,8,2,0,8,8192,0,0,0,0,0,132,545,112,152,8,4,0,6,8192,0,0,0,0,0,132,712,75,468,8,6,0,4,8192,0,0,0,0,0,132,523,128,699,0,8,0,0,8192,0,0,0,0,0,132,618,281,663
6110,0,5888,4096,5632,5376,5120,4864,4608,4352,0,0,0,0,2,32768,0,59,18,4608,5888,25220,685,275,651,16,0,0,14,8192,0,0,0,0,0,131,583,696,289,16,0,1024,12,8192,0,0,0,0,0,131,588,231,700,16,0,0,10,8192,0,0,0,0,0,132,591,757,326,8,2,0,8,8192,0,0,0,0,0,132,589,108,161,8,4,0,6,8192,0,0,0,0,0,132,732,77,479,8,6,0,4,8192,0,0,0,0,0,132,522,134,705,0,8,0,0,8192,0,0,0,0,0,132,616,290,660
6114,0,5888,4096,5632,5376,5120,4864,4608,4352,0,0,0,0,2,32768,0,61,18,4608,5888,25220,693,285,646,16,0,0,14,8192,0,0,0,0,0,131,581,688,285,16,0,1024,12,8192,0,0,0,0,0,131,572,240,697,16,0,0,10,8192,0,0,0,0,0,132,617,749,321,8,2,0,8,8192,0,0,0,0,0,132,630,106,170,8,4,0,6,8192,0,0,0,0,0,132,716,78,490,0,6,0,4,8192,0,0,0,0,0,132,521,140,710,0,8,0,0,8192,0,0,0,0,0,132,614,299,657
6118,0,5888,4096,5632,5376,5120,4864,4608,4352,0,0,0,0,2,32768,0,63,19,4608,5888,33412,701,295,641,16,0,0,14,8192,0,0,0,0,0,131,593,679,281,16,0,1024,12,8192,0,0,0,0,0,131,556,248,694,16,0,0,10,8192,0,0,0,0,0,132,601,742,315,8,2,0,8,8192,0,0,0,0,0,132,667,102,179,8,4,0,6,8192,0,0,0,0,0,132,712,80,501,0,6,0,4,8192,0,0,0,0,0,132,535,147,714,0,8,0,0,8192,0,0,0,0,0,132,612,308,654
6122,0,5888,4096,5632,5376,5120,4864,4608,4352,0,0,0,0,2,32768,0,490,20,5120,5888,33412,708,305,637,16,0,0,14,8192,0,0,0,0,0,131,591,671,277,16,0,1024,12,8192,0,0,0,0,0,131,585,255,689,16,0,0,10,8192,0,0,0,0,0,132,599,734,310,8,2,0,8,8192,0,0,0,0,0,132,703,99,189,0,4,0,6,8192,0,0,0,0,0,132,728,81,512,8,6,0,4,8192,0,0,0,0,0,132,534,155,718,0,8,0,0,8192,0,0,0,0,0,132,610,318,652
6126,0,5888,4096,5632,5376,5120,4864,4608,4352,0,0,0,0,2,32768,0,488,21,5120,5888,41604,714,315,633,16,0,0,14,8192,0,0,0,0,0,131,589,663,273,16,0,1024,12,8192,0,0,0,0,0,131,584,263,684,16,0,0,10,8192,0,0,0,0,0,132,597,726,305,8,2,0,8,8192,0,0,0,0,0,132,736,94,198,0,4,0,6,8192,0,0,0,0,0,132,696,81,523,8,6,0,4,8192,0,0,0,0,0,132,563,163,720,0,8,0,0,8192,0,0,0,0,0,132,608,327,649
6130,0,5888,4096,5632,5376,5120,4864,4608,4352,0,0,0,0,2,32768,0,482,20,5120,5888,41604,720,326,629,16,0,0,14,8192,0,0,0,0,0,131,587,655,269,16,0,1024,12,8192,0,0,0,0,0,131,568,271,679,16,0,0,10,8192,0,0,0,0,0,132,595,719,299,0,2,0,8,8192,0,0,0,0,0,132,736,91,208,8,4,0,6,8192,0,0,0,0,0,132,681,81,534,8,6,0,4,8192,0,0,0,0,0,132,605,172,721,0,8,0,0,8192,0,0,0,0,0,132,634,336,647
6134,0,5888,4096,5632,5376,5120,4864,4608,4352,0,0,0,0,2,32768,0,471,21,5120,5888,49796,726,336,625,16,0,0,14,8192,0,0,0,0,0,131,585,646,265,16,0,1024,12,8192,0,0,0,0,0,131,552,278,675,16,0,0,10,8192,0,0,0,0,0,132,593,711,294,0,2,0,8,8192,0,0,0,0,0,132,716,89,219,8,4,0,6,8192,0,0,0,0,0,132,716,81,545,8,6,0,4,8192,0,0,0,0,0,132,645,182,721,0,8,0,0,8192,0,0,0,0,0,132,618,345,644
6138,0,5888,4096,5632,5376,5120,4864,4608,4352,0,0,0,0,2,32768,0,470,20,5120,5888,49796,732,347,621,16,0,0,14,8192,0,0,0,0,0,131,583,638,262,16,0,1024,12,8192,0,0,0,0,0,131,581,285,670,16,0,0,10,8192,0,0,0,0,0,132,591,703,290,8,2,0,8,8192,0,0,0,0,0,132,724,87,229,8,4,0,6,8192,0,0,0,0,0,132,712,81,556,8,6,0,4,8192,0,0,0,0,0,132,682,192,720,0,8,0,0,8192,0,0,0,0,0,132,616,354,641
6142,0,5888,4096,5632,5376,5120,4864,4608,4352,0,0,0,0,2,32768,0,72,21,4608,5888,57988,738,357,617,16,0,0,14,8192,0,0,0,0,0,131,581,630,258,16,0,1024,12,8192,0,0,0,0,0,131,580,293,666,16,0,0,10,8192,0,0,0,0,0,132,617,695,286,8,2,0,8,8192,0,0,0,0,0,132,756,86,240,8,4,0,6,8192,0,0,0,0,0,132,732,81,567,8,6,0,4,8192,0,0,0,0,0,132,718,202,716,0,8,0,0,8192,0,0,0,0,0,132,614,363,637
6146,0,5888,4096,5632,5376,5120,4864,4608,4352,0,0,0,0,2,32768,0,75,21,4608,5888,57988,744,368,613,16,0,0,14,8192,0,0,0,0,0,131,593,622,253,16,0,1024,12,8192,0,0,0,0,0,131,564,302,662,16,0,0,10,8192,0,0,0,0,0,132,601,686,282,8,2,0,8,8192,0,0,0,0,0,132,786,85,252,8,4,0,6,8192,0,0,0,0,0,132,716,81,579,0,6,0,4,8192,0,0,0,0,0,132,751,212,712,0,8,0,0,8192,0,0,0,0,0,132,612,372,634
6150,0,5888,4096,5632,5376,5120,4864,4608,4352,0,0,0,0,2,32768,0,22,436,5888,4352,644,750,379,609,16,0,0,14,8192,0,0,0,0,0,131,591,613,249,16,0,1024,12,8192,0,0,0,0,0,131,548,310,660,16,0,0,10,8192,0,0,0,0,0,132,599,677,278,8,2,0,8,8192,0,0,0,0,0,132,814,84,265,8,4,0,6,8192,0,0,0,0,0,132,712,81,590,0,6,0,4,8192,0,0,0,0,0,132,743,223,706,0,8,0,0,8192,0,0,0,0,0,132,610,382,632
6154,0,5888,4096,5632,5376,5120,4864,4608,4352,0,0,0,0,2,32768,0,22,426,5888,4352,644,756,390,606,16,0,0,14,8192,0,0,0,0,0,131,589,605,246,16,0,1024,12,8192,0,0,0,0,0,131,577,318,657,16,0,0,10,8192,0,0,0,0,0,132,597,669,275,8,2,0,8,8192,0,0,0,0,0,132,842,82,277,0,4,0,6,8192,0,0,0,0,0,132,720,81,601,0,6,0,4,8192,0,0,0,0,0,132,727,233,700,0,8,0,0,8192,0,0,0,0,0,132,608,391,629
6158,0,4096,5888,5632,5376,5120,4864,4608,4352,0,0,0,0,0,32768,0,22,417,5888,4352,8836,762,402,603,16,0,0,14,8192,0,0,0,0,0,131,587,597,241,16,0,1024,12,8192,0,0,0,0,0,131,576,326,653,16,0,0,10,8192,0,0,0,0,0,132,595,661,270,8,2,0,8,8192,0,0,0,0,0,132,867,80,290,0,4,0,6,8192,0,0,0,0,0,132,664,82,612,0,6,0,4,8192,0,0,0,0,0,132,711,243,695,0,8,0,2,8192,0,0,0,0,0,132,634,400,626
6162,0,4096,5888,5632,5376,5120,4864,4608,4352,0,0,0,0,0,32768,0,22,408,5888,4352,8836,768,414,601,16,0,0,14,8192,0,0,0,0,0,131,585,589,237,16,0,1024,12,8192,0,0,0,0,0,131,560,335,650,16,0,0,10,8192,0,0,0,0,0,132,593,652,266,0,2,0,8,8192,0,0,0,0,0,132,847,77,304,0,4,0,6,8192,0,0,0,0,0,132,632,84,622,0,6,0,4,8192,0,0,0,0,0,132,695,252,690,0,8,0,2,8192,0,0,0,0,0,132,618,409,624
6166,0,4096,5888,5632,5376,5120,4864,4608,4352,0,0,0,0,0,32768,0,22,396,5888,4352,17028,772,426,599,16,0,0,14,8192,0,0,0,0,0,131,583,580,233,16,0,1024,12,8192,0,0,0,0,0,131,589,343,648,16,0,0,10,8192,0,0,0,0,0,132,591,644,263,0,2,0,8,8192,0,0,0,0,0,132,807,76,317,0,4,0,6,8192,0,0,0,0,0,132,600,87,631,0,6,0,4,8192,0,0,0,0,0,132,679,262,684,0,8,0,2,8192,0,0,0,0,0,132,602,419,622
6170,0,4096,5888,5632,5376,5120,4864,4608,4352,0,0,0,0,0,32768,0,22,396,5888,4352,17028,776,438,599,16,0,0,14,8192,0,0,0,0,0,131,581,572,230,16,0,1024,12,8192,0,0,0,0,0,131,588,352,645,16,0,0,10,8192,0,0,0,0,0,132,617,635,259,0,2,0,8,8192,0,0,0,0,0,132,787,77,329,0,4,0,6,8192,0,0,0,0,0,132,572,91,639,0,6,0,4,8192,0,0,0,0,0,132,663,271,680,0,8,0,2,8192,0,0,0,0,0,132,586,428,622
6174,0,4096,5888,5632,5376,5120,4864,4608,4352,0,0,0,0,0,32768,0,24,386,5888,4352,25220,780,450,599,16,0,0,14,8192,0,0,0,0,0,131,565,564,226,16,0,1024,12,8192,0,0,0,0,0,131,572,360,642,16,0,0,10,8192,0,0,0,0,0,132,601,627,255,0,2,0,8,8192,0,0,0,0,0,132,771,78,341,0,4,0,6,8192,0,0,0,0,0,132,556,96,647,0,6,0,4,8192,0,0,0,0,0,132,647,280,675,0,8,0,2,8192,0,0,0,0,0,132,570,437,623
6178,0,4096,5888,5632,5376,5120,4864,4608,4352,0,0,0,0,0,32768,0,26,384,5888,4352,25220,784,462,599,16,0,0,14,8192,0,0,0,0,0,131,549,556,222,16,0,1024,12,8192,0,0,0,0,0,131,556,369,638,16,0,0,10,8192,0,0,0,0,0,132,599,618,251,0,2,0,8,8192,0,0,0,0,0,132,755,79,353,0,4,0,6,8192,0,0,0,0,0,132,540,100,654,0,6,0,4,8192,0,0,0,0,0,132,631,289,669,0,8,0,2,8192,0,0,0,0,0,132,554,446,624
6182,0,4096,5888,5632,5376,5120,4864,4608,4352,0,0,0,4,0,32768,0,27,384,5888,4352,33412,788,474,600,16,0,0,14,8192,0,0,0,0,0,131,563,548,218,16,0,1024,12,8192,0,0,0,0,0,131,585,377,635,16,0,0,10,8192,0,0,0,0,0,132,597,610,247,0,2,0,8,8192,0,0,0,0,0,132,739,80,365,0,4,0,6,8192,0,0,0,0,0,132,524,104,661,0,6,0,4,8192,0,0,0,0,0,132,643,297,664,0,8,0,2,8192,0,0,0,0,0,132,538,454,625
6186,0,4096,5888,5632,5376,5120,4864,4608,4352,0,0,0,4,0,32768,0,387,373,4352,4864,33412,792,486,602,16,0,0,14,8192,0,0,0,0,0,131,562,541,213,16,0,1024,12,8192,0,0,0,0,0,131,584,386,633,16,0,0,10,8192,0,0,0,0,0,132,595,601,243,0,2,0,8,8192,0,0,0,0,0,132,723,80,376,0,4,0,6,8192,0,0,0,0,0,132,508,108,668,0,6,0,4,8192,0,0,0,0,0,132,641,306,660,8,8,0,2,8192,0,0,0,0,0,132,522,463,625
6190,0,4096,5888,5632,5376,5120,4864,4608,4352,0,0,0,4,0,32768,0,374,65535,4864,0,41604,796,498,605,16,0,0,14,8192,0,0,0,0,0,131,561,533,209,16,0,1024,12,8192,0,0,0,0,0,131,568,394,630,16,0,0,10,8192,0,0,0,0,0,132,593,594,238,0,2,0,8,8192,0,0,0,0,0,132,707,80,388,0,4,0,6,8192,0,0,0,0,0,132,492,113,674,0,6,0,4,8192,0,0,0,0,0,132,625,315,656,8,8,0,2,8192,0,0,0,0,0,132,522,471,625
6194,0,4096,5888,5632,5376,5120,4864,4608,4352,0,0,0,36,0,32768,0,30,65535,5888,0,41604,800,510,610,16,0,0,14,8192,0,0,0,0,0,131,560,525,205,16,0,1024,12,8192,0,0,0,0,0,131,552,403,628,16,0,0,10,8192,0,0,0,0,0,132,591,585,234,0,2,0,8,8192,0,0,0,0,0,132,691,79,399,0,4,0,6,8192,0,0,0,0,0,132,476,118,680,8,6,0,4,8192,0,0,0,0,0,132,623,324,653,0,8,0,2,8192,0,0,0,0,0,132,566,479,625
6198,0,4096,5888,5632,5376,5120,4864,4608,4352,0,0,0,0,0,32768,0,30,65535,5888,0,49796,804,521,615,16,0,0,14,8192,0,0,0,0,0,131,559,517,201,16,0,1024,12,8192,0,0,0,0,0,131,536,411,625,16,0,0,10,8192,0,0,0,0,0,132,617,577,230,0,2,0,8,8192,0,0,0,0,0,132,675,79,409,0,4,0,6,8192,0,0,0,0,0,132,460,124,684,8,6,0,4,8192,0,0,0,0,0,132,649,334,650,0,8,0,2,8192,0,0,0,0,0,132,595,488,625
6202,0,4096,5888,5632,5376,5120,4864,4608,4352,0,0,0,0,0,32768,0,30,65535,5888,0,49796,808,532,621,16,0,0,14,8192,0,0,0,0,0,131,558,509,198,16,0,1024,12,8192,0,0,0,0,0,131,520,419,624,16,0,0,10,8192,0,0,0,0,0,132,601,568,227,0,2,0,8,8192,0,0,0,0,0,132,672,81,420,8,4,0,6,8192,0,0,0,0,0,132,460,130,688,0,6,0,4,8192,0,0,0,0,0,132,686,344,647,0,8,0,2,8192,0,0,0,0,0,132,579,497,625
6206,0,4096,5888,5632,5376,5120,4864,4608,4352,0,0,0,0,0,32768,0,32,65535,5888,0,17028,812,542,629,16,0,0,14,8192,0,0,0,0,0,131,557,502,194,16,0,1024,12,8192,0,0,0,0,0,131,504,427,623,16,0,0,10,8192,0,0,0,0,0,132,585,560,222,0,2,0,8,8192,0,0,0,0,0,132,669,81,430,8,4,0,6,8192,0,0,0,0,0,132,508,137,691,0,6,0,4,8192,0,0,0,0,0,132,683,354,644,0,8,0,2,8192,0,0,0,0,0,132,563,503,628
6210,0,4096,5888,5632,5376,5120,4864,4608,4352,0,0,0,0,0,32768,0,36,65535,5888,0,17028,816,551,638,16,0,0,14,8192,0,0,0,0,0,131,556,494,190,16,0,1024,12,8192,0,0,0,0,0,131,488,435,623,16,0,0,10,8192,0,0,0,0,0,132,569,551,219,8,2,0,8,8192,0,0,0,0,0,132,692,81,441,0,4,0,6,8192,0,0,0,0,0,132,540,145,694,0,6,0,4,8192,0,0,0,0,0,132,667,364,640,0,8,0,2,8192,0,0,0,0,0,132,547,509,631
6214,0,4096,5888,5632,5376,5120,4864,4608,4352,0,0,0,0,0,32768,0,39,65535,5888,0,49796,820,559,648,16,0,0,14,8192,0,0,0,0,0,131,555,486,187,16,0,1024,12,8192,0,0,0,0,0,131,472,442,624,16,0,0,10,8192,0,0,0,0,0,132,568,543,215,8,2,0,8,8192,0,0,0,0,0,132,726,78,451,0,4,0,6,8192,0,0,0,0,0,132,524,153,696,0,6,0,4,8192,0,0,0,0,0,132,651,374,637,0,8,0,2,8192,0,0,0,0,0,132,531,515,635
6218,0,4096,5888,5632,5376,5120,4864,4608,4352,0,0,0,0,0,32768,0,42,65535,5888,0,49796,824,566,659,16,0,0,14,8192,0,0,0,0,0,131,554,478,183,16,0,1024,12,8192,0,0,0,0,0,131,456,449,625,16,0,0,10,8192,0,0,0,0,0,132,567,535,212,0,2,0,8,8192,0,0,0,0,0,132,714,75,462,0,4,0,6,8192,0,0,0,0,0,132,508,161,696,0,6,0,4,8192,0,0,0,0,0,132,635,383,634,0,8,0,2,8192,0,0,0,0,0,132,515,521,640
6222,0,4096,5888,5632,5376,5120,4864,4608,4352,0,0,0,0,0,32768,0,47,65535,5888,0,17028,828,573,669,16,0,0,14,8192,0,0,0,0,0,131,553,470,180,16,0,1024,12,8192,0,0,0,0,0,131,488,457,625,16,0,0,10,8192,0,0,0,0,0,132,566,527,208,0,2,0,8,8192,0,0,0,0,0,132,682,73,473,0,4,0,6,8192,0,0,0,0,0,132,540,169,696,0,6,0,4,8192,0,0,0,0,0,132,619,393,631,0,8,0,2,8192,0,0,0,0,0,132,515,525,645
6226,0,4096,5888,5632,5376,5120,4864,4608,4352,0,0,0,0,0,32768,0,50,65535,5888,0,17028,832,580,680,16,0,0,14,8192,0,0,0,0,0,131,552,462,176,16,0,1024,12,8192,0,0,0,0,0,131,488,464,625,16,0,0,10,8192,0,0,0,0,0,132,565,520,203,0,2,0,8,8192,0,0,0,0,0,132,650,72,483,0,4,0,6,8192,0,0,0,0,0,132,524,178,695,0,6,0,4,8192,0,0,0,0,0,132,617,402,628,0,8,0,2,8192,0,0,0,0,0,132,515,530,651
6230,0,4096,5888,5632,5376,5120,4864,4608,4352,0,0,0,0,0,32768,0,55,65535,5888,0,49796,834,587,691,16,0,0,14,8192,0,0,0,0,0,131,536,454,172,16,0,1024,12,8192,0,0,0,0,0,131,472,472,625,16,0,0,10,8192,0,0,0,0,0,132,564,512,200,0,2,0,8,8192,0,0,0,0,0,132,630,72,493,0,4,0,6,8192,0,0,0,0,0,132,523,186,694,0,6,0,4,8192,0,0,0,0,0,132,601,411,625,0,8,0,2,8192,0,0,0,0,0,132,515,535,657
6234,0,4096,5888,5632,5376,5120,4864,4608,4352,0,0,0,0,0,32768,0,60,65535,5888,0,49796,836,595,702,16,0,0,14,8192,0,0,0,0,0,131,520,446,170,16,0,1024,12,8192,0,0,0,0,0,131,456,479,625,16,0,0,10,8192,0,0,0,0,0,132,563,504,196,0,2,0,8,8192,0,0,0,0,0,132,614,74,503,0,4,0,6,8192,0,0,0,0,0,132,523,194,693,16,6,0,4,8192,0,0,0,0,0,132,585,420,624,0,8,0,2,8192,0,0,0,0,0,132,515,540,663
6238,0,4096,5888,5632,5376,5120,4864,4608,4352,0,0,0,0,0,32768,0,64,65535,5888,0,17028,838,602,713,16,0,0,14,8192,0,0,0,0,0,131,504,439,167,16,0,1024,12,8192,0,0,0,0,0,131,488,486,625,16,0,0,10,8192,0,0,0,0,0,132,562,496,192,0,2,0,8,8192,0,0,0,0,0,132,598,75,512,0,4,0,6,8192,0,0,0,0,0,132,567,202,691,16,6,0,4,8192,0,0,0,0,0,132,569,429,623,0,8,0,2,8192,0,0,0,0,0,132,515,545,667
6242,0,4096,5888,5632,5376,5120,4864,4608,4352,0,0,0,0,0,32768,0,69,65535,5888,0,17028,840,609,724,16,0,0,14,8192,0,0,0,0,0,131,488,432,164,16,0,1024,12,8192,0,0,0,0,0,131,488,494,625,16,0,0,10,8192,0,0,0,0,0,132,561,488,188,0,2,0,8,8192,0,0,0,0,0,132,582,77,522,16,4,0,6,8192,0,0,0,0,0,132,596,210,688,16,6,0,4,8192,0,0,0,0,0,132,553,438,624,0,8,0,2,8192,0,0,0,0,0,132,515,551,672
6246,0,4096,5888,5632,5376,5120,4864,4608,4352,0,0,0,0,0,32768,0,73,65535,5888,0,49796,842,615,736,16,0,0,14,8192,0,0,0,0,0,131,472,425,161,16,0,1024,12,8192,0,0,0,0,0,131,472,502,625,16,0,0,10,8192,0,0,0,0,0,132,560,480,185,0,2,0,8,8192,0,0,0,0,0,132,566,79,530,16,4,0,6,8192,0,0,0,0,0,132,594,219,684,16,6,0,4,8192,0,0,0,0,0,132,537,446,625,0,8,0,2,8192,0,0,0,0,0,132,515,557,678
6250,0,4096,5888,5632,5376,5120,4864,4608,4352,0,0,0,0,0,32768,0,79,65535,5888,0,49796,844,623,746,16,0,0,14,8192,0,0,0,0,0,131,456,418,158,16,0,1024,12,8192,0,0,0,0,0,131,456,509,626,16,0,0,10,8192,0,0,0,0,0,132,589,472,182,16,2,0,8,8192,0,0,0,0,0,132,550,81,539,16,4,0,6,8192,0,0,0,0,0,132,592,228,681,16,6,0,4,8192,0,0,0,0,0,132,521,455,625,0,8,0,2,8192,0,0,0,0,0,132,515,563,682
6254,0,4096,5888,5632,5376,5120,4864,4608,4352,0,0,0,0,0,32768,0,85,65535,5888,0,17028,846,631,757,16,0,0,14,8192,0,0,0,0,0,131,456,411,156,16,0,1024,12,8192,0,0,0,0,0,131,488,516,628,16,0,0,10,8192,0,0,0,0,0,132,573,464,178,16,2,0,8,8192,0,0,0,0,0,132,534,82,547,16,4,0,6,8192,0,0,0,0,0,132,590,236,678,16,6,0,4,8192,0,0,0,0,0,132,505,463,625,0,8,0,2,8192,0,0,0,0,0,132,515,569,687
6258,0,4096,5888,5632,5376,5120,4864,4608,4352,0,0,0,0,0,32768,0,90,65535,5888,0,17028,848,639,767,16,0,0,14,8192,0,0,0,0,0,131,456,404,154,16,0,1024,12,8192,0,0,0,0,0,131,488,523,631,16,0,0,10,8192,0,0,0,0,0,132,557,456,174,16,2,0,8,8192,0,0,0,0,0,132,518,82,556,16,4,0,6,8192,0,0,0,0,0,132,588,245,676,16,6,0,4,8192,0,0,0,0,0,132,489,470,625,0,8,0,2,8192,0,0,0,0,0,132,515,575,692
6262,0,4096,5888,5632,5376,5120,4864,4608,4352,0,0,0,0,0,32768,0,96,65535,5888,0,49796,850,648,778,16,0,0,14,8192,0,0,0,0,0,131,456,397,151,16,0,1024,12,8192,0,0,0,0,0,131,472,530,634,16,0,0,10,8192,0,0,0,0,0,132,541,448,170,16,2,0,8,8192,0,0,0,0,0,132,502,82,564,16,4,0,6,8192,0,0,0,0,0,132,586,253,672,16,6,0,4,8192,0,0,0,0,0,132,489,478,625,0,8,0,2,8192,0,0,0,0,0,132,515,581,696
6266,0,4096,5888,5632,5376,5120,4864,4608,4352,0,0,0,0,0,32768,0,101,65535,5888,0,49796,852,656,788,16,0,0,14,8192,0,0,0,0,0,131,456,391,149,16,0,1024,12,8192,0,0,0,0,0,131,456,536,638,16,0,0,10,8192,0,0,0,0,0,132,525,440,167,16,2,0,8,8192,0,0,0,0,0,132,486,82,571,16,4,0,6,8192,0,0,0,0,0,132,585,262,669,16,6,0,4,8192,0,0,0,0,0,132,489,486,625,0,8,0,2,8192,0,0,0,0,0,132,515,588,700
6270,0,4096,5888,5632,5376,5120,4864,4608,4352,0,0,0,0,0,32768,0,109,65535,5888,0,17028,854,664,798,16,0,0,14,8192,0,0,0,0,0,131,456,384,146,16,0,1024,12,8192,0,0,0,0,0,131,488,542,642,16,0,0,10,8192,0,0,0,0,0,132,509,432,165,16,2,0,8,8192,0,0,0,0,0,132,486,82,579,16,4,0,6,8192,0,0,0,0,0,132,584,270,666,16,6,0,4,8192,0,0,0,0,0,132,489,493,625,0,8,0,2,8192,0,0,0,0,0,132,515,595,703
6274,0,4096,5888,5632,5376,5120,4864,4608,4352,0,0,0,4,0,32768,0,115,65535,5888,0,17028,856,673,809,16,0,0,14,8192,0,0,0,0,0,131,456,377,143,16,0,1024,12,8192,0,0,0,0,0,131,488,547,648,16,0,0,10,8192,0,0,0,0,0,132,493,425,162,16,2,0,8,8192,0,0,0,0,0,132,486,82,587,16,4,0,6,8192,0,0,0,0,0,132,610,279,664,0,6,0,4,8192,0,0,0,0,0,132,489,501,625,0,8,0,2,8192,0,0,0,0,0,132,559,602,706
6278,0,4096,5888,5632,5376,5120,4864,4608,4352,0,0,0,0,0,32768,0,122,65535,5888,0,49796,858,681,819,16,0,0,14,8192,0,0,0,0,0,131,456,371,140,16,0,1024,12,8192,0,0,0,0,0,131,472,553,653,16,0,0,10,8192,0,0,0,0,0,132,477,418,159,16,2,0,8,8192,0,0,0,0,0,132,486,82,594,16,4,0,6,8192,0,0,0,0,0,132,594,288,661,0,6,0,4,8192,0,0,0,0,0,132,521,509,626,0,8,0,2,8192,0,0,0,0,0,132,602,609,710
6282,0,4096,5888,5632,5376,5120,4864,4608,4352,0,0,0,0,0,32768,0,126,65535,5888,0,49796,860,691,828,16,0,0,14,8192,0,0,0,0,0,131,456,364,138,16,0,1024,12,8192,0,0,0,0,0,131,456,558,658,16,0,0,10,8192,0,0,0,0,0,132,461,411,156,16,2,0,8,8192,0,0,0,0,0,132,458,82,602,0,4,0,6,8192,0,0,0,0,0,132,592,297,658,0,6,0,4,8192,0,0,0,0,0,132,521,517,628,0,8,0,2,8192,0,0,0,0,0,132,628,617,716
6286,0,4096,5888,5632,5376,5120,4864,4608,4352,0,0,0,0,0,32768,0,130,65535,5888,0,17028,862,702,836,16,0,0,14,8192,0,0,0,0,0,131,456,357,136,16,0,1024,12,8192,0,0,0,0,0,131,488,562,663,16,0,0,10,8192,0,0,0,0,0,132,493,404,154,16,2,0,8,8192,0,0,0,0,0,132,426,83,609,0,4,0,6,8192,0,0,0,0,0,132,618,306,656,0,6,0,4,8192,0,0,0,0,0,132,550,524,630,0,8,0,2,8192,0,0,0,0,0,132,612,624,723
6290,0,4096,5888,5632,5376,5120,4864,4608,4352,0,0,0,0,0,32768,0,130,65535,5888,0,17028,864,712,845,16,0,0,14,8192,0,0,0,0,0,131,456,350,133,16,0,1024,12,8192,0,0,0,0,0,131,488,568,669,16,0,0,10,8192,0,0,0,0,0,132,477,397,151,0,2,0,8,8192,0,0,0,0,0,132,438,84,615,0,4,0,6,8192,0,0,0,0,0,132,616,315,652,0,6,0,4,8192,0,0,0,0,0,132,549,532,634,8,8,0,2,8192,0,0,0,0,0,132,610,630,730
6294,0,4096,5888,5632,5376,5120,4864,4608,4352,0,0,0,32772,0,34816,0,137,65535,5888,0,49796,864,723,853,16,0,0,14,8192,0,0,0,0,0,131,456,343,131,16,0,1024,12,8192,0,0,0,0,0,131,472,572,675,16,0,0,10,8192,0,0,0,0,0,132,461,390,149,0,2,0,8,8192,0,0,0,0,0,132,456,87,622,0,4,0,6,8192,0,0,0,0,0,132,642,325,650,0,6,0,4,8192,0,0,0,0,0,132,533,539,639,8,8,0,2,8192,0,0,0,0,0,132,608,635,739
6298,0,4096,5888,5632,5376,5120,4864,4608,4352,0,0,0,32772,0,34816,0,136,65535,5888,0,49796,864,733,862,16,0,0,14,8192,0,0,0,0,0,131,456,337,128,16,0,1024,12,8192,0,0,0,0,0,131,456,577,681,16,0,0,10,8192,0,0,0,0,0,132,493,383,146,0,2,0,8,8192,0,0,0,0,0,132,456,90,628,0,4,0,6,8192,0,0,0,0,0,132,626,334,647,8,6,0,4,8192,0,0,0,0,0,132,547,546,644,8,8,0,2,8192,0,0,0,0,0,132,648,639,748
6302,0,4096,5888,5632,5376,5120,4864,4608,4352,0,0,0,32804,0,34816,0,143,65535,5888,0,17028,864,743,871,16,0,0,14,8192,0,0,0,0,0,131,456,330,125,16,0,1024,12,8192,0,0,0,0,0,131,488,582,686,16,0,0,10,8192,0,0,0,0,0,132,477,376,143,0,2,0,8,8192,0,0,0,0,0,132,456,94,634,0,4,0,6,8192,0,0,0,0,0,132,624,343,644,8,6,0,4,8192,0,0,0,0,0,132,591,552,650,8,8,0,2,8192,0,0,0,0,0,132,684,644,758
6306,0,4096,5888,5632,5376,5120,4864,4608,4352,0,0,0,32804,0,34816,0,145,65535,5888,0,17028,864,753,880,16,0,0,14,8192,0,0,0,0,0,131,456,323,123,16,0,1024,12,8192,0,0,0,0,0,131,488,586,692,16,0,0,10,8192,0,0,0,0,0,132,461,369,140,0,2,0,8,8192,0,0,0,0,0,132,456,98,640,8,4,0,6,8192,0,0,0,0,0,132,622,353,641,8,6,0,4,8192,0,0,0,0,0,132,632,558,658,8,8,0,2,8192,0,0,0,0,0,132,719,648,769
6310,0,4096,5888,5632,5376,5120,4864,4608,4352,0,0,0,36,0,34816,0,145,65535,5888,0,49796,864,762,890,16,0,0,14,8192,0,0,0,0,0,131,456,316,122,16,0,1024,12,8192,0,0,0,0,0,131,472,592,698,16,0,0,10,8192,0,0,0,0,0,132,493,362,138,0,2,0,8,8192,0,0,0,0,0,132,456,101,646,8,4,0,6,8192,0,0,0,0,0,132,661,362,637,8,6,0,4,8192,0,0,0,0,0,132,669,564,666,8,8,0,2,8192,0,0,0,0,0,132,751,653,780
6314,0,4096,5888,5632,5376,5120,4864,4608,4352,0,0,0,36,0,32768,0,146,65535,5888,0,49796,864,772,899,16,0,0,14,8192,0,0,0,0,0,131,456,309,120,16,0,1024,12,8192,0,0,0,0,0,131,504,597,703,16,0,0,10,8192,0,0,0,0,0,132,477,355,135,8,2,0,8,8192,0,0,0,0,0,132,488,104,653,8,4,0,6,8192,0,0,0,0,0,132,697,372,635,8,6,0,4,8192,0,0,0,0,0,132,705,571,674,8,8,0,2,8192,0,0,0,0,0,132,782,658,791
6318,0,4096,5888,5632,5376,5120,4864,4608,4352,0,0,0,36,0,32768,0,151,65535,5888,0,17028,864,781,909,16,0,0,14,8192,0,0,0,0,0,131,456,302,119,16,0,1024,12,8192,0,0,0,0,0,131,549,603,709,16,0,0,10,8192,0,0,0,0,0,132,461,348,133,8,2,0,8,8192,0,0,0,0,0,132,534,108,660,8,4,0,6,8192,0,0,0,0,0,132,732,383,632,8,6,0,4,8192,0,0,0,0,0,132,714,578,683,8,8,0,2,8192,0,0,0,0,0,132,810,664,803
6322,0,4096,5888,5632,5376,5120,4864,4608,4352,0,0,0,36,0,32768,0,153,65535,5888,0,17028,864,792,917,16,0,0,14,8192,0,0,0,0,0,131,456,295,117,16,0,1024,12,8192,0,0,0,0,0,131,548,608,716,16,0,0,10,8192,0,0,0,0,0,132,493,341,130,8,2,0,8,8192,0,0,0,0,0,132,533,113,667,8,4,0,6,8192,0,0,0,0,0,132,764,394,629,8,6,0,4,8192,0,0,0,0,0,132,734,585,691,8,8,0,2,8192,0,0,0,0,0,132,838,669,814
6326,0,4096,5888,5632,5376,5120,4864,4608,4352,0,0,0,36,0,32768,0,150,65535,5888,0,17028,864,804,924,16,0,0,14,8192,0,0,0,0,0,131,456,288,116,16,0,1024,12,8192,0,0,0,0,0,131,577,612,723,16,0,0,10,8192,0,0,0,0,0,132,477,334,127,8,2,0,8,8192,0,0,0,0,0,132,517,118,673,8,4,0,6,8192,0,0,0,0,0,132,784,405,625,8,6,0,4,8192,0,0,0,0,0,132,730,592,700,8,8,0,2,8192,0,0,0,0,0,132,862,676,825
6330,0,4096,5888,5632,5376,5120,4864,4608,4352,0,0,0,36,0,32768,0,151,65535,5888,0,17028,864,816,929,16,0,0,14,8192,0,0,0,0,0,131,456,281,114,16,0,1024,12,8192,0,0,0,0,0,131,576,617,731,16,0,0,10,8192,0,0,0,0,0,132,461,327,124,8,2,0,8,8192,0,0,0,0,0,132,516,123,680,8,4,0,6,8192,0,0,0,0,0,132,768,417,622,8,6,0,4,8192,0,0,0,0,0,132,750,600,709,8,8,0,2,8192,0,0,0,0,0,132,886,685,836
6334,0,4096,5888,5632,5376,5120,4864,4608,4352,0,0,0,36,0,32768,0,153,65535,5888,0,49796,864,829,933,16,0,0,14,8192,0,0,0,0,0,131,456,274,113,16,0,1024,12,8192,0,0,0,0,0,131,560,621,739,16,0,0,10,8192,0,0,0,0,0,132,493,320,122,8,2,0,8,8192,0,0,0,0,0,132,515,128,686,8,4,0,6,8192,0,0,0,0,0,132,752,429,621,8,6,0,4,8192,0,0,0,0,0,132,782,607,718,8,8,0,2,8192,0,0,0,0,0,132,900,695,845
6338,0,4096,5888,5632,5376,5120,4864,4608,4352,0,0,0,36,0,32768,0,152,65535,5888,0,49796,864,842,935,16,0,0,14,8192,0,0,0,0,0,131,456,267,111,16,0,1024,12,8192,0,0,0,0,0,131,589,626,746,16,0,0,10,8192,0,0,0,0,0,132,477,313,121,8,2,0,8,8192,0,0,0,0,0,132,515,134,691,8,4,0,6,8192,0,0,0,0,0,132,736,441,622,8,6,0,4,8192,0,0,0,0,0,132,811,614,729,8,8,0,2,8192,0,0,0,0,0,132,894,706,855
6342,0,4096,5888,5632,5376,5120,4864,4608,4352,0,0,0,36,0,32768,0,977,65535,4864,0,17028,864,856,933,16,0,0,14,8192,0,0,0,0,0,131,456,260,109,16,0,1024,12,8192,0,0,0,0,0,131,588,631,754,16,0,0,10,8192,0,0,0,0,0,132,461,305,119,8,2,0,8,8192,0,0,0,0,0,132,515,141,695,8,4,0,6,8192,0,0,0,0,0,132,720,452,624,8,6,0,4,8192,0,0,0,0,0,132,839,620,740,8,8,0,2,8192,0,0,0,0,0,132,908,716,864
6346,0,4096,5888,5632,5376,5120,4864,4608,4352,0,0,0,36,0,32768,0,979,65535,4864,0,17028,864,868,928,16,0,0,14,8192,0,0,0,0,0,131,456,252,109,16,0,1024,12,8192,0,0,0,0,0,131,572,636,761,16,0,0,10,8192,0,0,0,0,0,132,493,298,118,8,2,0,8,8192,0,0,0,0,0,132,515,149,698,8,4,0,6,8192,0,0,0,0,0,132,716,463,625,8,6,0,4,8192,0,0,0,0,0,132,864,627,751,8,8,0,2,8192,0,0,0,0,0,132,901,727,872
6350,0,4096,5888,5632,5376,5120,4864,4608,4352,0,0,0,36,0,32768,0,995,65535,4864,0,17028,864,881,923,16,0,0,14,8192,0,0,0,0,0,131,456,245,108,16,0,1024,12,8192,0,0,0,0,0,131,556,641,769,16,0,0,10,8192,0,0,0,0,0,132,477,291,116,8,2,0,8,8192,0,0,0,0,0,132,515,157,700,8,4,0,6,8192,0,0,0,0,0,132,712,474,625,8,6,0,4,8192,0,0,0,0,0,132,888,634,763,8,8,0,2,8192,0,0,0,0,0,132,895,739,881
6354,0,4096,5888,5632,5376,5120,4864,4608,4352,0,0,0,32768,0,34816,0,277,495,5632,5376,17028,864,892,916,16,0,0,14,8192,0,0,0,0,0,131,456,238,107,16,0,1024,12,8192,0,0,0,0,0,131,585,646,776,16,0,0,10,8192,0,0,0,0,0,132,461,283,115,8,2,0,8,8192,0,0,0,0,0,132,545,165,701,8,4,0,6,8192,0,0,0,0,0,132,732,485,625,8,6,0,4,8192,0,0,0,0,0,132,910,642,774,8,8,0,2,8192,0,0,0,0,0,132,909,750,889
6358,0,4096,5888,5632,5376,5120,4864,4608,4352,0,0,0,32768,0,34816,0,138,273,5888,4608,49796,864,901,906,16,0,0,14,8192,0,0,0,0,0,131,456,231,106,16,0,1024,12,8192,0,0,0,0,0,131,584,650,784,16,0,0,10,8192,0,0,0,0,0,132,493,276,113,8,2,0,8,8192,0,0,0,0,0,132,589,173,700,8,4,0,6,8192,0,0,0,0,0,132,716,497,625,8,6,0,4,8192,0,0,0,0,0,132,921,651,786,8,8,0,2,8192,0,0,0,0,0,132,893,761,897
6362,0,4096,5888,5632,5376,5120,4864,4608,4352,0,0,0,32768,0,34816,0,130,271,5888,5632,49796,864,908,894,16,0,0,14,8192,0,0,0,0,0,131,456,224,105,16,0,1024,12,8192,0,0,0,0,0,131,568,655,792,16,0,0,10,8192,0,0,0,0,0,132,477,269,111,8,2,0,8,8192,0,0,0,0,0,132,630,183,699,8,4,0,6,8192,0,0,0,0,0,132,712,508,626,8,6,0,4,8192,0,0,0,0,0,132,914,659,797,8,8,0,2,8192,0,0,0,0,0,132,907,772,904
6366,0,4096,5888,5632,5376,5120,4864,4608,4352,0,0,0,32768,0,34816,0,128,746,5888,5120,17028,864,912,882,16,0,0,14,8192,0,0,0,0,0,131,444,217,104,16,0,1024,12,8192,0,0,0,0,0,131,552,660,799,16,0,0,10,8192,0,0,0,0,0,132,461,262,110,8,2,0,8,8192,0,0,0,0,0,132,667,193,698,8,4,0,6,8192,0,0,0,0,0,132,732,519,628,8,6,0,4,8192,0,0,0,0,0,132,907,667,809,8,8,0,2,8192,0,0,0,0,0,132,901,784,908
6370,0,4096,5888,5632,5376,5120,4864,4608,4352,0,0,0,0,0,34816,0,122,248,5888,5632,17028,864,914,868,16,0,0,14,8192,0,0,0,0,0,131,412,210,103,16,0,1024,12,8192,0,0,0,0,0,131,581,664,807,16,0,0,10,8192,0,0,0,0,0,132,493,254,109,8,2,0,8,8192,0,0,0,0,0,132,703,203,696,8,4,0,6,8192,0,0,0,0,0,132,716,530,632,8,6,0,4,8192,0,0,0,0,0,132,918,675,821,0,8,0,2,8192,0,0,0,0,0,132,895,797,911
6374,0,4096,5888,5632,5376,5120,4864,4608,4352,0,0,0,0,0,32768,0,117,236,5888,5632,49796,864,916,855,16,0,0,14,8192,0,0,0,0,0,131,380,204,104,16,0,1024,12,8192,0,0,0,0,0,131,580,669,814,16,0,0,10,8192,0,0,0,0,0,132,477,247,108,8,2,0,8,8192,0,0,0,0,0,132,736,214,692,8,4,0,6,8192,0,0,0,0,0,132,712,539,637,8,6,0,4,8192,0,0,0,0,0,132,911,684,832,0,8,0,2,8192,0,0,0,0,0,132,905,810,912
6378,0,4096,5888,5632,5376,5120,4864,4608,4352,0,0,0,0,0,32768,0,244,705,4608,5120,49796,864,919,842,16,0,0,14,8192,0,0,0,0,0,131,352,198,105,16,0,1024,12,8192,0,0,0,0,0,131,564,675,822,16,0,0,10,8192,0,0,0,0,0,132,461,239,107,8,2,0,8,8192,0,0,0,0,0,132,768,225,688,8,4,0,6,8192,0,0,0,0,0,132,732,548,644,0,6,0,4,8192,0,0,0,0,0,132,922,693,843,8,8,0,2,8192,0,0,0,0,0,132,873,824,911
6382,0,4096,5888,5632,5376,5120,4864,4608,4352,0,0,0,0,0,32768,0,241,705,4608,5120,17028,864,921,828,16,0,0,14,8192,0,0,0,0,0,131,336,193,106,16,0,1024,12,8192,0,0,0,0,0,131,548,679,828,16,0,0,10,8192,0,0,0,0,0,132,493,232,106,8,2,0,8,8192,0,0,0,0,0,132,797,236,684,8,4,0,6,8192,0,0,0,0,0,132,716,556,652,0,6,0,4,8192,0,0,0,0,0,132,879,704,852,8,8,0,2,8192,0,0,0,0,0,132,855,837,908
6386,0,4096,5888,5632,5376,5120,4864,4608,4352,0,0,0,32768,0,34816,0,209,682,5632,5120,17028,864,923,815,16,0,0,14,8192,0,0,0,0,0,131,320,188,108,16,0,1024,12,8192,0,0,0,0,0,131,577,685,834,16,0,0,10,8192,0,0,0,0,0,132,477,224,105,8,2,0,8,8192,0,0,0,0,0,132,825,248,680,0,4,0,6,8192,0,0,0,0,0,132,696,563,661,8,6,0,4,8192,0,0,0,0,0,132,839,714,861,8,8,0,2,8192,0,0,0,0,0,132,879,850,904
6390,0,4096,5888,5632,5376,5120,4864,4608,4352,0,0,0,32768,0,34816,0,235,683,4608,5120,49796,864,925,802,16,0,0,14,8192,0,0,0,0,0,131,304,184,110,16,0,1024,12,8192,0,0,0,0,0,131,576,691,840,16,0,0,10,8192,0,0,0,0,0,132,457,217,103,8,2,0,8,8192,0,0,0,0,0,132,850,260,675,0,4,0,6,8192,0,0,0,0,0,132,664,570,669,8,6,0,4,8192,0,0,0,0,0,132,850,723,869,8,8,0,2,8192,0,0,0,0,0,132,893,862,897
6394,0,4096,5888,5632,5376,5120,4864,4608,4352,0,0,0,32768,0,34816,0,232,659,4608,5120,49796,864,927,788,16,0,0,14,8192,0,0,0,0,0,131,288,179,112,16,0,1024,12,8192,0,0,0,0,0,131,560,697,845,16,0,0,10,8192,0,0,0,0,0,132,425,210,103,0,2,0,8,8192,0,0,0,0,0,132,846,272,670,8,4,0,6,8192,0,0,0,0,0,132,649,576,677,8,6,0,4,8192,0,0,0,0,0,132,874,734,877,8,8,0,2,8192,0,0,0,0,0,132,907,873,889
6398,0,4096,5888,5632,5376,5120,4864,4608,4352,0,0,0,32768,0,34816,0,232,660,4608,5120,17028,864,930,775,16,0,0,14,8192,0,0,0,0,0,131,272,175,113,16,0,1024,12,8192,0,0,0,0,0,131,589,703,851,16,0,0,10,8192,0,0,0,0,0,132,393,204,103,0,2,0,8,8192,0,0,0,0,0,132,814,284,664,8,4,0,6,8192,0,0,0,0,0,132,685,582,686,8,6,0,4,8192,0,0,0,0,0,132,898,745,886,8,8,0,2,8192,0,0,0,0,0,132,901,884,880
6402,0,4096,5888,5632,5376,5120,4864,4608,4352,0,0,0,32768,0,34816,0,633,355,5120,5376,17028,864,932,762,16,0,0,14,8192,0,0,0,0,0,131,256,171,114,16,0,1024,12,8192,0,0,0,0,0,131,588,710,857,16,0,0,10,8192,0,0,0,0,0,132,361,198,103,8,2,0,8,8192,0,0,0,0,0,132,812,296,660,8,4,0,6,8192,0,0,0,0,0,132,720,587,695,8,6,0,4,8192,0,0,0,0,0,132,919,757,894,8,8,0,2,8192,0,0,0,0,0,132,895,895,871
6406,0,4096,5888,5632,5376,5120,4864,4608,4352,0,0,0,0,0,32768,0,635,341,5120,5376,49796,864,934,749,16,0,0,14,8192,0,0,0,0,0,131,240,167,115,16,0,1024,12,8192,0,0,0,0,0,131,572,717,863,16,0,0,10,8192,0,0,0,0,0,132,345,192,105,8,2,0,8,8192,0,0,0,0,0,132,840,308,656,8,4,0,6,8192,0,0,0,0,0,132,716,593,705,8,6,0,4,8192,0,0,0,0,0,132,912,769,901,8,8,0,2,8192,0,0,0,0,0,132,909,903,860
6410,0,4096,5888,5632,5376,5120,4864,4608,4352,0,0,0,0,0,32768,0,332,994,5376,4352,49796,864,936,735,16,0,0,14,8192,0,0,0,0,0,131,236,164,116,16,0,1024,12,8192,0,0,0,0,0,131,556,723,869,16,0,0,10,8192,0,0,0,0,0,132,329,187,106,8,2,0,8,8192,0,0,0,0,0,132,865,321,652,8,4,0,6,8192,0,0,0,0,0,132,748,599,714,8,6,0,4,8192,0,0,0,0,0,132,905,782,907,8,8,0,2,8192,0,0,0,0,0,132,893,910,848
6414,0,4096,5888,5632,5376,5120,4864,4608,4352,0,0,0,0,0,32768,0,612,981,5120,4352,17028,864,938,722,16,0,0,14,8192,0,0,0,0,0,131,232,160,116,16,0,1024,12,8192,0,0,0,0,0,131,585,730,874,16,0,0,10,8192,0,0,0,0,0,132,313,183,108,8,2,0,8,8192,0,0,0,0,0,132,889,333,648,8,4,0,6,8192,0,0,0,0,0,132,779,605,724,8,6,0,4,8192,0,0,0,0,0,132,916,795,911,8,8,0,2,8192,0,0,0,0,0,132,907,917,835
6418,0,4096,5888,5632,5376,5120,4864,4608,4352,0,0,0,0,0,32768,0,329,977,5376,4352,17028,864,941,709,16,0,0,14,8192,0,0,0,0,0,131,268,156,117,16,0,1024,12,8192,0,0,0,0,0,131,584,738,880,16,0,0,10,8192,0,0,0,0,0,132,297,178,110,8,2,0,8,8192,0,0,0,0,0,132,893,346,644,8,4,0,6,8192,0,0,0,0,0,132,807,612,734,8,6,0,4,8192,0,0,0,0,0,132,909,810,913,8,8,0,2,8192,0,0,0,0,0,132,901,922,822
6422,0,4096,5888,5632,5376,5120,4864,4608,4352,0,0,0,0,0,32768,0,574,981,5120,4352,49796,864,943,695,16,0,0,14,8192,0,0,0,0,0,131,316,152,119,16,0,1024,12,8192,0,0,0,0,0,131,568,745,885,16,0,0,10,8192,0,0,0,0,0,132,281,174,112,8,2,0,8,8192,0,0,0,0,0,132,907,359,639,8,4,0,6,8192,0,0,0,0,0,132,835,618,744,8,6,0,4,8192,0,0,0,0,0,132,920,824,913,8,8,0,2,8192,0,0,0,0,0,132,895,927,809
6426,0,4096,5888,5632,5376,5120,4864,4608,4352,0,0,0,0,0,32768,0,577,978,5120,4352,49796,864,945,682,16,0,0,14,8192,0,0,0,0,0,131,364,147,121,16,0,1024,12,8192,0,0,0,0,0,131,552,752,890,16,0,0,10,8192,0,0,0,0,0,132,265,170,113,8,2,0,8,8192,0,0,0,0,0,132,901,371,635,8,4,0,6,8192,0,0,0,0,0,132,859,626,755,8,6,0,4,8192,0,0,0,0,0,132,913,838,910,8,8,0,2,8192,0,0,0,0,0,132,909,933,796
6430,0,4096,5888,5632,5376,5120,4864,4608,4352,0,0,0,4,0,32768,0,553,975,5120,4352,17028,864,947,669,16,0,0,14,8192,0,0,0,0,0,131,416,142,124,16,0,1024,12,8192,0,0,0,0,0,131,581,760,894,16,0,0,10,8192,0,0,0,0,0,132,249,166,115,8,2,0,8,8192,0,0,0,0,0,132,894,384,631,8,4,0,6,8192,0,0,0,0,0,132,883,633,766,8,6,0,4,8192,0,0,0,0,0,132,906,852,906,8,8,0,2,8192,0,0,0,0,0,132,893,936,782
6434,0,4096,5888,5632,5376,5120,4864,4608,4352,0,0,0,0,0,32768,0,556,964,5120,4352,17028,864,949,656,16,0,0,14,8192,0,0,0,0,0,131,454,137,128,16,0,1024,12,8192,0,0,0,0,0,131,580,768,899,16,0,0,10,8192,0,0,0,0,0,132,245,162,115,8,2,0,8,8192,0,0,0,0,0,132,906,396,627,8,4,0,6,8192,0,0,0,0,0,132,906,641,778,8,6,0,4,8192,0,0,0,0,0,132,917,864,900,8,8,0,2,8192,0,0,0,0,0,132,907,937,768
6438,0,4096,5888,5632,5376,5120,4864,4608,4352,0,0,0,0,0,32768,0,106,547,5888,5120,49796,864,950,642,16,0,0,14,8192,0,0,0,0,0,131,454,131,133,16,0,1024,12,8192,0,0,0,0,0,131,606,776,902,16,0,0,10,8192,0,0,0,0,0,132,241,159,116,8,2,0,8,8192,0,0,0,0,0,132,887,410,623,8,4,0,6,8192,0,0,0,0,0,132,900,649,790,8,6,0,4,8192,0,0,0,0,0,132,910,876,891,8,8,0,2,8192,0,0,0,0,0,132,901,936,754
6442,0,4096,5888,5632,5376,5120,4864,4608,4352,0,0,0,0,0,32768,0,104,517,5888,5120,49796,864,950,629,16,0,0,14,8192,0,0,0,0,0,131,454,126,138,16,0,1024,12,8192,0,0,0,0,0,131,604,786,904,16,0,0,10,8192,0,0,0,0,0,132,277,155,117,8,2,0,8,8192,0,0,0,0,0,132,855,423,621,8,4,0,6,8192,0,0,0,0,0,132,911,657,801,8,6,0,4,8192,0,0,0,0,0,132,921,887,882,0,8,0,2,8192,0,0,0,0,0,132,895,935,740
6446,0,4096,5888,5632,5376,5120,4864,4608,4352,0,0,0,0,0,32768,0,106,519,5888,5120,17028,864,950,615,16,0,0,14,8192,0,0,0,0,0,131,454,121,143,16,0,1024,12,8192,0,0,0,0,0,131,588,795,905,16,0,0,10,8192,0,0,0,0,0,132,325,151,119,8,2,0,8,8192,0,0,0,0,0,132,823,437,621,8,4,0,6,8192,0,0,0,0,0,132,904,665,813,8,6,0,4,8192,0,0,0,0,0,132,914,896,871,0,8,0,2,8192,0,0,0,0,0,132,905,934,726
6450,0,4096,5888,5632,5376,5120,4864,4608,4352,0,0,0,0,0,32768,0,104,507,5888,5120,17028,864,949,602,16,0,0,14,8192,0,0,0,0,0,131,502,117,149,16,0,1024,12,8192,0,0,0,0,0,131,614,804,906,16,0,0,10,8192,0,0,0,0,0,132,373,146,121,8,2,0,8,8192,0,0,0,0,0,132,803,449,622,8,4,0,6,8192,0,0,0,0,0,132,915,673,825,0,6,0,4,8192,0,0,0,0,0,132,907,904,860,0,8,0,2,8192,0,0,0,0,0,132,873,933,712
6454,0,4096,5888,5632,5376,5120,4864,4608,4352,0,0,0,0,0,32768,0,104,490,5888,5120,49796,864,948,588,16,0,0,14,8192,0,0,0,0,0,131,547,113,156,16,0,1024,12,8192,0,0,0,0,0,131,612,814,905,16,0,0,10,8192,0,0,0,0,0,132,423,141,124,8,2,0,8,8192,0,0,0,0,0,132,787,461,624,8,4,0,6,8192,0,0,0,0,0,132,908,682,836,0,6,0,4,8192,0,0,0,0,0,132,855,911,847,0,8,0,2,8192,0,0,0,0,0,132,841,932,699
6458,0,4096,5888,5632,5376,5120,4864,4608,4352,0,0,0,0,0,32768,0,479,929,5120,4352,49796,864,948,575,16,0,0,14,8192,0,0,0,0,0,131,561,110,164,16,0,1024,12,8192,0,0,0,0,0,131,596,823,903,16,0,0,10,8192,0,0,0,0,0,132,461,135,129,8,2,0,8,8192,0,0,0,0,0,132,771,473,626,0,4,0,6,8192,0,0,0,0,0,132,880,692,845,0,6,0,4,8192,0,0,0,0,0,132,815,916,836,8,8,0,2,8192,0,0,0,0,0,132,809,932,686
6462,0,4096,5888,5632,5376,5120,4864,4608,4352,0,0,0,0,0,32768,0,464,930,5120,4352,17028,864,947,561,16,0,0,14,8192,0,0,0,0,0,131,560,107,172,16,0,1024,12,8192,0,0,0,0,0,131,580,832,900,16,0,0,10,8192,0,0,0,0,0,132,493,130,134,8,2,0,8,8192,0,0,0,0,0,132,755,484,626,0,4,0,6,8192,0,0,0,0,0,132,824,702,854,0,6,0,4,8192,0,0,0,0,0,132,783,921,824,8,8,0,2,8192,0,0,0,0,0,132,792,932,674
6466,0,4096,5888,5632,5376,5120,4864,4608,4352,0,0,0,0,0,41080,0,455,924,5120,4352,17029,840,946,548,16,0,0,14,8192,0,0,0,0,0,131,559,104,181,16,0,1024,12,8192,0,0,0,0,0,131,606,840,896,16,0,0,10,8192,0,0,0,0,0,132,477,124,139,0,2,0,8,8192,0,0,0,0,0,132,731,494,626,0,4,0,6,8192,0,0,0,0,0,132,792,712,862,8,6,0,4,8192,0,0,0,0,0,132,751,926,813,8,8,0,2,8192,0,0,0,0,0,132,820,932,661
6470,0,4096,5888,5632,5376,5120,4864,4608,4352,0,0,0,0,0,41080,0,445,907,5120,4352,17029,805,943,535,16,0,0,14,8192,0,0,0,0,0,131,558,101,189,16,0,1024,12,8192,0,0,0,0,0,131,604,848,892,16,0,0,10,8192,0,0,0,0,0,132,461,120,145,0,2,0,8,8192,0,0,0,0,0,132,699,505,627,0,4,0,6,8192,0,0,0,0,0,132,760,722,870,8,6,0,4,8192,0,0,0,0,0,132,767,931,802,8,8,0,2,8192,0,0,0,0,0,132,847,932,648
6474,0,4096,5888,5632,5376,5120,4864,4608,4352,0,0,0,0,0,41080,0,436,909,5120,4352,17029,783,940,523,16,0,0,14,8192,0,0,0,0,0,131,557,97,197,16,0,1024,12,8192,0,0,0,0,0,131,588,857,888,16,0,0,10,8192,0,0,0,0,0,132,509,115,151,0,2,0,8,8192,0,0,0,0,0,132,667,514,628,8,4,0,6,8192,0,0,0,0,0,132,744,731,877,8,6,0,4,8192,0,0,0,0,0,132,796,934,791,8,8,0,2,8192,0,0,0,0,0,132,871,932,635
6478,0,4096,5888,5632,5376,5120,4864,4608,4352,0,0,0,0,0,41080,0,104,891,5888,4352,17029,752,935,512,16,0,0,14,8192,0,0,0,0,0,131,556,95,205,16,0,1024,12,8192,0,0,0,0,0,131,614,865,883,16,0,0,10,8192,0,0,0,0,0,132,556,111,158,0,2,0,8,8192,0,0,0,0,0,132,635,524,631,8,4,0,6,8192,0,0,0,0,0,132,775,740,884,8,6,0,4,8192,0,0,0,0,0,132,824,936,778,8,8,0,2,8192,0,0,0,0,0,132,895,931,621
6482,0,4096,5888,5632,5376,5120,4864,4608,4352,0,0,0,0,0,41080,0,892,894,4352,4864,17029,718,930,502,16,0,0,14,8192,0,0,0,0,0,131,555,93,214,16,0,1024,12,8192,0,0,0,0,0,131,612,873,878,16,0,0,10,8192,0,0,0,0,0,132,585,108,167,8,2,0,8,8192,0,0,0,0,0,132,643,533,635,8,4,0,6,8192,0,0,0,0,0,132,803,750,891,8,6,0,4,8192,0,0,0,0,0,132,850,936,765,8,8,0,2,8192,0,0,0,0,0,132,909,931,607
6486,0,4096,5888,5632,5376,5120,4864,4608,4352,0,0,0,0,0,41080,0,875,65535,4864,0,17029,684,925,492,16,0,0,14,8192,0,0,0,0,0,131,554,92,222,16,0,1024,12,8192,0,0,0,0,0,131,596,881,873,16,0,0,10,8192,0,0,0,0,0,132,569,105,175,8,2,0,8,8192,0,0,0,0,0,132,680,542,640,8,4,0,6,8192,0,0,0,0,0,132,831,761,898,8,6,0,4,8192,0,0,0,0,0,132,874,936,752,8,8,0,2,8192,0,0,0,0,0,132,893,931,593
6490,0,4096,5888,5632,5376,5120,4864,4608,4352,0,0,0,0,0,41080,0,91,65535,5888,0,17029,650,921,482,16,0,0,14,8192,0,0,0,0,0,131,553,92,231,16,0,1024,12,8192,0,0,0,0,0,131,580,889,868,16,0,0,10,8192,0,0,0,0,0,132,568,102,184,8,2,0,8,8192,0,0,0,0,0,132,716,550,647,8,4,0,6,8192,0,0,0,0,0,132,858,772,905,8,6,0,4,8192,0,0,0,0,0,132,898,936,738,0,8,0,2,8192,0,0,0,0,0,132,907,930,579
6494,0,4096,5888,5632,5376,5120,4864,4608,4352,0,0,0,0,0,41080,0,88,65535,5888,0,17029,616,918,473,16,0,0,14,8192,0,0,0,0,0,131,552,91,240,16,0,1024,12,8192,0,0,0,0,0,131,564,896,863,16,0,0,10,8192,0,0,0,0,0,132,567,98,192,8,2,0,8,8192,0,0,0,0,0,132,713,558,655,8,4,0,6,8192,0,0,0,0,0,132,882,785,909,8,6,0,4,8192,0,0,0,0,0,132,919,936,724,0,8,0,2,8192,0,0,0,0,0,132,887,929,566
6498,0,4096,5888,5632,5376,5120,4864,4608,4352,0,0,0,0,0,41080,0,85,65535,5888,0,17029,582,913,465,16,0,0,14,8192,0,0,0,0,0,131,551,90,248,16,0,1024,12,8192,0,0,0,0,0,131,548,902,857,16,0,0,10,8192,0,0,0,0,0,132,566,95,200,8,2,0,8,8192,0,0,0,0,0,132,721,565,664,8,4,0,6,8192,0,0,0,0,0,132,905,799,912,0,6,0,4,8192,0,0,0,0,0,132,912,936,709,24,8,0,2,8248,0,0,0,0,0,133,847,929,553
6502,0,4096,5888,5632,5376,5120,4864,4608,4352,0,0,0,0,0,41080,0,82,65535,5888,0,17029,548,909,457,16,0,0,14,8192,0,0,0,0,0,131,550,89,257,16,0,1024,12,8192,0,0,0,0,0,131,577,908,851,16,0,0,10,8192,0,0,0,0,0,132,565,93,209,8,2,0,8,8192,0,0,0,0,0,132,717,572,673,8,4,0,6,8192,0,0,0,0,0,132,899,813,913,0,6,0,4,8192,0,0,0,0,0,132,884,936,695,24,8,0,2,8248,0,0,0,0,0,133,775,927,541
6506,0,4096,5888,5632,5376,5120,4864,4608,4352,0,0,0,0,0,41080,0,79,65535,5888,0,17029,514,904,450,16,0,0,14,8192,0,0,0,0,0,131,549,88,266,16,0,1024,12,8192,0,0,0,0,0,131,576,913,843,16,0,0,10,8192,0,0,0,0,0,132,564,92,218,8,2,0,8,8192,0,0,0,0,0,132,701,578,681,0,4,0,6,8192,0,0,0,0,0,132,906,827,911,24,6,0,4,8192,0,0,0,0,0,132,852,936,682,24,8,0,2,8248,0,0,0,0,0,133,687,924,530
6510,0,4096,5888,5632,5376,5120,4864,4608,4352,0,0,0,0,0,41080,0,76,65535,5888,0,49797,513,900,444,16,0,0,14,8192,0,0,0,0,0,131,563,87,274,16,0,1024,12,8192,0,0,0,0,0,131,560,917,835,16,0,0,10,8192,0,0,0,0,0,132,563,91,226,8,2,0,8,8192,0,0,0,0,0,132,722,586,690,0,4,0,6,8192,0,0,0,0,0,132,874,840,908,24,6,0,4,8192,0,0,0,0,0,132,820,936,669,24,8,0,2,8248,0,0,0,0,0,133,623,922,520
6514,0,4096,5888,5632,5376,5120,4864,4608,4352,0,0,0,0,0,41080,0,387,76,4608,5888,49797,511,894,438,16,0,0,14,8192,0,0,0,0,0,131,562,85,283,16,0,1024,12,8192,0,0,0,0,0,131,589,920,827,16,0,0,10,8192,0,0,0,0,0,132,562,91,235,0,2,0,8,8192,0,0,0,0,0,132,710,593,698,24,4,0,6,8192,0,0,0,0,0,132,834,853,904,24,6,0,4,8192,0,0,0,0,0,132,788,936,656,24,8,0,2,8248,0,0,0,0,0,133,567,920,511
6518,0,4096,5888,5632,5376,5120,4864,4608,4352,0,0,0,0,0,41080,0,212,75,5632,5888,49797,509,889,431,16,0,0,14,8192,0,0,0,0,0,131,561,83,291,16,0,1024,12,8192,0,0,0,0,0,131,588,923,819,16,0,0,10,8192,0,0,0,0,0,132,561,90,244,0,2,0,8,8192,0,0,0,0,0,132,690,600,707,24,4,0,6,8192,0,0,0,0,0,132,802,865,899,24,6,0,4,8192,0,0,0,0,0,132,756,936,644,24,8,0,2,8248,0,0,0,0,0,133,535,917,503
6522,0,4096,5888,5632,5376,5120,4864,4608,4352,0,0,0,0,0,41080,0,384,72,4608,5888,49797,507,884,425,16,0,0,14,8192,0,0,0,0,0,131,560,81,300,16,0,1024,12,8192,0,0,0,0,0,131,572,927,811,16,0,0,10,8192,0,0,0,0,0,132,560,89,252,24,2,0,8,8192,0,0,0,0,0,132,666,606,715,24,4,0,6,8192,0,0,0,0,0,132,770,875,892,16,6,0,4,8192,0,0,0,0,0,132,724,936,632,24,8,0,2,8248,0,0,0,0,0,133,503,915,495
6526,0,4096,5888,5632,5376,5120,4864,4608,4352,0,0,0,0,0,41080,0,399,209,5120,5632,49797,505,879,419,16,0,0,14,8192,0,0,0,0,0,131,574,78,308,16,0,1024,12,8192,0,0,0,0,0,131,601,931,803,16,0,0,10,8192,0,0,0,0,0,132,589,88,261,24,2,0,8,8192,0,0,0,0,0,132,634,611,724,24,4,0,6,8192,0,0,0,0,0,132,738,885,885,16,6,0,4,8192,0,0,0,0,0,132,704,936,621,24,8,0,2,8248,0,0,0,0,0,133,475,912,488
6530,0,4096,5888,5632,5376,5120,4864,4608,4352,0,0,0,0,0,41080,0,408,203,5120,5632,49797,503,874,413,16,0,0,14,8192,0,0,0,0,0,131,587,76,317,16,0,1024,12,8192,0,0,0,0,0,131,600,934,794,16,0,0,10,8192,0,0,0,0,0,132,573,87,270,24,2,0,8,8192,0,0,0,0,0,132,614,616,733,16,4,0,6,8192,0,0,0,0,0,132,710,893,878,16,6,0,4,8192,0,0,0,0,0,132,688,936,610,24,8,0,2,8248,0,0,0,0,0,133,459,910,481
6534,0,4096,5888,5632,5376,5120,4864,4608,4352,0,0,0,0,0,41080,0,799,75,4864,5888,17029,518,869,407,16,0,0,14,8192,0,0,0,0,0,131,585,75,326,16,0,1024,12,8192,0,0,0,0,0,131,584,936,785,16,0,0,10,8192,0,0,0,0,0,132,557,85,279,24,2,0,8,8192,0,0,0,0,0,132,598,621,741,16,4,0,6,8192,0,0,0,0,0,132,694,901,870,16,6,0,4,8192,0,0,0,0,0,132,672,936,600,24,8,0,2,8248,0,0,0,0,0,133,443,908,474
6538,0,4096,5888,5632,5376,5120,4864,4608,4352,0,0,0,0,0,41080,0,796,76,4352,5888,17029,516,864,400,16,0,0,14,8192,0,0,0,0,0,131,583,75,335,16,0,1024,12,8192,0,0,0,0,0,131,610,937,775,16,0,0,10,8192,0,0,0,0,0,132,586,83,288,16,2,0,8,8192,0,0,0,0,0,132,582,626,749,16,4,0,6,8192,0,0,0,0,0,132,678,907,861,16,6,0,4,8192,0,0,0,0,0,132,656,936,589,24,8,0,2,8248,0,0,0,0,0,133,427,906,467
6542,0,4096,5888,5632,5376,5120,4864,4608,4352,0,0,0,0,0,41080,0,789,76,4352,5888,49797,514,859,394,16,0,0,14,8192,0,0,0,0,0,131,581,76,344,16,0,1024,12,8192,0,0,0,0,0,131,608,937,766,16,0,0,10,8192,0,0,0,0,0,132,570,81,297,16,2,0,8,8192,0,0,0,0,0,132,580,631,756,16,4,0,6,8192,0,0,0,0,0,132,662,912,852,16,6,0,4,8192,0,0,0,0,0,132,640,936,579,24,8,0,2,8248,0,0,0,0,0,133,411,905,461
6546,0,4096,5888,5632,5376,5120,4864,4608,4352,0,0,0,0,0,41080,0,771,78,4352,5888,49797,512,853,389,16,0,0,14,8192,0,0,0,0,0,131,593,77,353,16,0,1024,12,8192,0,0,0,0,0,131,592,937,757,16,0,0,10,8192,0,0,0,0,0,132,569,78,306,16,2,0,8,8192,0,0,0,0,0,132,578,636,764,16,4,0,6,8192,0,0,0,0,0,132,646,916,842,16,6,0,4,8192,0,0,0,0,0,132,624,936,569,24,8,0,2,8248,0,0,0,0,0,133,395,904,455
6550,0,4096,5888,5632,5376,5120,4864,4608,4352,0,0,0,0,0,41080,0,774,82,4352,5888,17029,510,847,384,16,0,0,14,8192,0,0,0,0,0,131,591,77,362,16,0,1024,12,8192,0,0,0,0,0,131,618,937,747,16,0,0,10,8192,0,0,0,0,0,132,598,76,314,16,2,0,8,8192,0,0,0,0,0,132,577,641,771,16,4,0,6,8192,0,0,0,0,0,132,630,919,833,16,6,0,4,8248,0,0,0,0,0,133,622,936,559,24,8,0,2,8248,0,0,0,0,0,133,379,902,449
6554,0,4096,5888,5632,5376,5120,4864,4608,4352,0,0,0,0,0,41080,0,756,82,4352,5888,17029,508,840,380,16,0,0,14,8192,0,0,0,0,0,131,589,78,372,16,0,1024,12,8192,0,0,0,0,0,131,616,937,738,16,0,0,10,8192,0,0,0,0,0,132,596,74,324,16,2,0,8,8192,0,0,0,0,0,132,576,647,779,16,4,0,6,8192,0,0,0,0,0,132,614,923,824,24,6,0,4,8248,0,0,0,0,0,133,606,936,550,24,8,0,2,8248,0,0,0,0,0,133,363,899,444
6558,0,4096,5888,5632,5376,5120,4864,4608,4352,0,0,0,0,0,41080,0,748,85,4352,5888,17029,506,833,375,16,0,0,14,8192,0,0,0,0,0,131,587,79,381,16,0,1024,12,8192,0,0,0,0,0,131,600,937,728,16,0,0,10,8192,0,0,0,0,0,132,594,74,333,16,2,0,8,8192,0,0,0,0,0,132,575,651,786,16,4,0,6,8192,0,0,0,0,0,132,598,926,815,24,6,0,4,8248,0,0,0,0,0,133,578,935,541,24,8,0,2,8248,0,0,0,0,0,133,363,896,439
6562,0,4096,5888,5632,5376,5120,4864,4608,4352,0,0,0,0,0,41080,0,753,87,4352,5888,17029,504,827,371,16,0,0,14,8192,0,0,0,0,0,131,585,80,390,16,0,1024,12,8192,0,0,0,0,0,131,584,937,719,16,0,0,10,8192,0,0,0,0,0,132,592,75,342,16,2,0,8,8192,0,0,0,0,0,132,574,656,794,24,4,0,6,8192,0,0,0,0,0,132,624,930,806,24,6,0,4,8248,0,0,0,0,0,133,546,933,532,24,8,0,2,8248,0,0,0,0,0,133,363,893,434
6566,0,4096,5888,5632,5376,5120,4864,4608,4352,0,0,0,0,0,41080,0,734,455,4352,5120,17029,519,821,366,16,0,0,14,8192,0,0,0,0,0,131,583,80,399,16,0,1024,12,8192,0,0,0,0,0,131,610,937,710,16,0,0,10,8192,0,0,0,0,0,132,618,75,351,16,2,0,8,8192,0,0,0,0,0,132,573,661,802,24,4,0,6,8192,0,0,0,0,0,132,608,933,797,24,6,0,4,8248,0,0,0,0,0,133,514,931,524,24,8,0,2,8248,0,0,0,0,0,133,363,890,430
6570,0,4096,5888,5632,5376,5120,4864,4608,4352,0,0,0,0,0,41080,0,729,463,4352,5120,17029,517,814,361,16,0,0,14,8192,0,0,0,0,0,131,581,80,408,16,0,1024,12,8192,0,0,0,0,0,131,608,937,700,16,0,0,10,8192,0,0,0,0,0,132,602,76,361,24,2,0,8,8192,0,0,0,0,0,132,572,666,809,24,4,0,6,8192,0,0,0,0,0,132,592,935,788,24,6,0,4,8248,0,0,0,0,0,133,482,928,517,24,8,0,2,8248,0,0,0,0,0,133,363,886,425
6574,0,4096,5888,5632,5376,5120,4864,4608,4352,0,0,0,0,0,41080,0,724,471,4352,5120,25221,515,808,357,16,0,0,14,8192,0,0,0,0,0,131,593,79,417,16,0,1024,12,8192,0,0,0,0,0,131,592,937,691,16,0,0,10,8192,0,0,0,0,0,132,600,77,370,24,2,0,8,8192,0,0,0,0,0,132,556,670,817,24,4,0,6,8192,0,0,0,0,0,132,590,936,779,24,6,0,4,8248,0,0,0,0,0,133,462,925,510,24,8,0,2,8248,0,0,0,0,0,133,363,883,421
6578,0,4096,5888,5632,5376,5120,4864,4608,4352,0,0,0,0,0,41080,0,731,479,4352,5120,25221,513,801,352,16,0,0,14,8192,0,0,0,0,0,131,591,78,426,16,0,1024,12,8192,0,0,0,0,0,131,618,937,681,16,0,0,10,8192,0,0,0,0,0,132,598,78,380,24,2,0,8,8192,0,0,0,0,0,132,540,675,824,24,4,0,6,8192,0,0,0,0,0,132,588,937,770,24,6,0,4,8248,0,0,0,0,0,133,446,923,503,24,8,0,2,8248,0,0,0,0,0,133,363,879,417
6582,0,4096,5888,5632,5376,5120,4864,4608,4352,0,0,0,0,0,41080,0,725,491,4352,5120,33413,511,794,348,16,0,0,14,8192,0,0,0,0,0,131,589,78,436,16,0,1024,12,8192,0,0,0,0,0,131,616,937,672,16,0,0,10,8192,0,0,0,0,0,132,596,79,389,24,2,0,8,8192,0,0,0,0,0,132,524,681,830,24,4,0,6,8192,0,0,0,0,0,132,586,937,761,24,6,0,4,8248,0,0,0,0,0,133,430,921,496,24,8,0,2,8248,0,0,0,0,0,133,363,876,413
6586,0,4096,5888,5632,5376,5120,4864,4608,4352,0,0,0,0,0,41080,0,707,497,4352,5120,33413,509,787,344,16,0,0,14,8192,0,0,0,0,0,131,587,79,445,16,0,1024,12,8192,0,0,0,0,0,131,600,937,662,16,0,0,10,8192,0,0,0,0,0,132,594,80,398,24,2,0,8,8192,0,0,0,0,0,132,538,687,836,24,4,0,6,8192,0,0,0,0,0,132,585,937,752,24,6,0,4,8248,0,0,0,0,0,133,414,919,490,24,8,0,2,8248,0,0,0,0,0,133,363,872,408
6590,0,4096,5888,5632,5376,5120,4864,4608,4352,0,0,0,0,0,41080,0,701,104,4352,5888,33413,507,780,340,16,0,0,14,8192,0,0,0,0,0,131,577,81,454,16,0,1024,12,8192,0,0,0,0,0,131,584,937,653,16,0,0,10,8192,0,0,0,0,0,132,592,80,407,24,2,0,8,8192,0,0,0,0,0,132,537,693,841,24,4,0,6,8192,0,0,0,0,0,132,584,937,743,24,6,0,4,8248,0,0,0,0,0,133,398,917,484,24,8,0,2,8248,0,0,0,0,0,133,363,869,404
6594,0,4096,5888,5632,5376,5120,4864,4608,4352,0,0,0,0,0,41080,0,707,109,4352,5888,33413,505,773,336,16,0,0,14,8192,0,0,0,0,0,131,561,82,463,16,0,1024,12,8192,0,0,0,0,0,131,610,937,644,16,0,0,10,8192,0,0,0,0,0,132,618,80,417,24,2,0,8,8192,0,0,0,0,0,132,521,699,847,24,4,0,6,8192,0,0,0,0,0,132,610,937,733,24,6,0,4,8248,0,0,0,0,0,133,382,914,479,24,8,0,2,8248,0,0,0,0,0,133,363,865,400
6598,0,4096,5888,5632,5376,5120,4864,4608,4352,0,0,0,0,0,41080,0,702,109,4352,5888,33413,503,767,331,16,0,0,14,8192,0,0,0,0,0,131,545,82,471,16,0,1024,12,8192,0,0,0,0,0,131,608,937,634,16,0,0,10,8192,0,0,0,0,0,132,602,79,426,24,2,0,8,8192,0,0,0,0,0,132,535,705,852,24,4,0,6,8192,0,0,0,0,0,132,594,937,724,24,6,0,4,8248,0,0,0,0,0,133,366,912,473,24,8,0,2,8248,0,0,0,0,0,133,363,861,396
6602,0,4096,5888,5632,5376,5120,4864,4608,4352,0,0,0,0,0,41080,0,686,113,4352,5888,33413,518,760,327,16,0,0,14,8192,0,0,0,0,0,131,529,82,480,16,0,1024,12,8192,0,0,0,0,0,131,592,937,625,16,0,0,10,8192,0,0,0,0,0,132,600,78,435,24,2,0,8,8192,0,0,0,0,0,132,534,712,857,24,4,0,6,8192,0,0,0,0,0,132,592,937,715,24,6,0,4,8248,0,0,0,0,0,133,366,910,468,24,8,0,2,8248,0,0,0,0,0,133,413,857,391
6606,0,4096,5888,5632,5376,5120,4864,4608,4352,0,0,0,0,0,41080,0,682,115,4352,5888,41605,516,753,323,16,0,0,14,8192,0,0,0,0,0,131,513,82,488,16,0,1024,12,8192,0,0,0,0,0,131,618,937,615,16,0,0,10,8192,0,0,0,0,0,132,598,78,445,24,2,0,8,8192,0,0,0,0,0,132,518,718,863,24,4,0,6,8192,0,0,0,0,0,132,590,937,705,24,6,0,4,8248,0,0,0,0,0,133,366,908,463,24,8,0,2,8248,0,0,0,0,0,133,467,852,387
6610,0,4096,5888,5632,5376,5120,4864,4608,4352,0,0,0,0,0,41080,0,679,114,4352,5888,41605,514,747,319,16,0,0,14,8192,0,0,0,0,0,131,497,82,496,16,0,1024,12,8192,0,0,0,0,0,131,616,937,606,16,0,0,10,8192,0,0,0,0,0,132,582,79,454,24,2,0,8,8192,0,0,0,0,0,132,517,724,868,24,4,0,6,8192,0,0,0,0,0,132,588,937,696,24,6,0,4,8248,0,0,0,0,0,133,366,906,457,24,8,0,2,8248,0,0,0,0,0,133,515,846,382
6614,0,4096,5888,5632,5376,5120,4864,4608,4352,0,0,0,0,0,41080,0,688,115,4352,5888,49797,512,740,314,16,0,0,14,8192,0,0,0,0,0,131,481,82,503,16,0,1024,12,8192,0,0,0,0,0,131,600,937,596,16,0,0,10,8192,0,0,0,0,0,132,566,80,463,24,2,0,8,8192,0,0,0,0,0,132,516,731,873,24,4,0,6,8192,0,0,0,0,0,132,586,937,687,24,6,0,4,8248,0,0,0,0,0,133,366,904,452,24,8,0,2,8248,0,0,0,0,0,133,515,840,378
6618,0,4096,5888,5632,5376,5120,4864,4608,4352,0,0,0,0,0,41080,0,684,115,4352,5888,49797,510,733,311,16,0,0,14,8192,0,0,0,0,0,131,465,82,511,16,0,1024,12,8192,0,0,0,0,0,131,584,937,587,16,0,0,10,8192,0,0,0,0,0,132,550,80,471,24,2,0,8,8192,0,0,0,0,0,132,515,737,878,24,4,0,6,8192,0,0,0,0,0,132,585,937,678,24,6,0,4,8248,0,0,0,0,0,133,366,901,447,24,8,0,2,8248,0,0,0,0,0,133,515,833,373
6622,0,4096,5888,5632,5376,5120,4864,4608,4352,0,0,0,0,0,41080,0,680,116,4352,5888,49797,508,726,306,16,0,0,14,8192,0,0,0,0,0,131,465,82,518,16,0,1024,12,8192,0,0,0,0,0,131,610,937,578,16,0,0,10,8192,0,0,0,0,0,132,534,80,480,24,2,0,8,8192,0,0,0,0,0,132,515,743,883,24,4,0,6,8192,0,0,0,0,0,132,584,937,669,24,6,0,4,8248,0,0,0,0,0,133,366,898,442,24,8,0,2,8248,0,0,0,0,0,133,515,826,369
6626,0,4096,5888,5632,5376,5120,4864,4608,4352,0,0,0,0,0,41080,0,677,115,4352,5888,49797,506,719,302,16,0,0,14,8192,0,0,0,0,0,131,465,82,525,16,0,1024,12,8192,0,0,0,0,0,131,608,937,568,16,0,0,10,8192,0,0,0,0,0,132,518,80,488,24,2,0,8,8192,0,0,0,0,0,132,515,750,888,24,4,0,6,8192,0,0,0,0,0,132,610,937,660,24,6,0,4,8248,0,0,0,0,0,133,366,894,437,24,8,0,2,8248,0,0,0,0,0,133,515,820,364
6630,0,4096,5888,5632,5376,5120,4864,4608,4352,0,0,0,0,0,41080,0,664,116,4352,5888,49797,504,713,297,16,0,0,14,8192,0,0,0,0,0,131,465,82,532,16,0,1024,12,8200,0,0,0,0,0,132,592,937,559,16,0,0,10,8192,0,0,0,0,0,132,502,80,496,24,2,0,8,8192,0,0,0,0,0,132,545,757,892,24,4,0,6,8192,0,0,0,0,0,132,594,937,650,24,6,0,4,8248,0,0,0,0,0,133,366,891,433,24,8,0,2,8248,0,0,0,0,0,133,515,814,359
6634,0,4096,5888,5632,5376,5120,4864,4608,4352,0,0,0,0,0,41080,0,661,115,4352,5888,49797,519,706,294,16,0,0,14,8192,0,0,0,0,0,131,465,82,540,16,0,1024,12,8192,0,0,0,0,0,132,564,937,550,16,0,0,10,8192,0,0,0,0,0,132,486,80,504,24,2,0,8,8192,0,0,0,0,0,132,589,765,896,24,4,0,6,8192,0,0,0,0,0,132,592,937,641,24,6,0,4,8248,0,0,0,0,0,133,366,887,428,24,8,0,2,8248,0,0,0,0,0,133,559,807,355
6638,0,4096,5888,5632,5376,5120,4864,4608,4352,0,0,0,0,0,41080,0,658,115,4352,5888,57989,517,698,291,16,0,0,14,8192,0,0,0,0,0,131,465,82,547,16,0,1024,12,8192,0,0,0,0,0,132,544,936,541,16,0,0,10,8192,0,0,0,0,0,132,470,80,511,24,2,0,8,8192,0,0,0,0,0,132,588,773,899,24,4,0,6,8192,0,0,0,0,0,132,590,937,632,24,6,0,4,8248,0,0,0,0,0,133,366,883,424,24,8,0,2,8248,0,0,0,0,0,133,588,799,350
6642,0,4096,5888,5632,5376,5120,4864,4608,4352,0,0,0,0,0,41080,0,656,113,4352,5888,57989,515,691,287,16,0,0,14,8192,0,0,0,0,0,131,465,82,554,16,0,1024,12,8192,0,0,0,0,0,132,528,934,533,16,0,0,10,8192,0,0,0,0,0,132,470,80,519,24,2,0,8,8192,0,0,0,0,0,132,600,782,902,24,4,0,6,8192,0,0,0,0,0,132,588,937,623,24,6,0,4,8248,0,0,0,0,0,133,366,880,420,24,8,0,2,8248,0,0,0,0,0,133,586,791,346
6646,0,4096,5888,5632,5376,5120,4864,4608,4352,0,0,0,0,0,41080,0,654,111,4352,5888,645,513,684,283,16,0,0,14,8192,0,0,0,0,0,131,465,82,561,16,0,1024,12,8192,0,0,0,0,0,132,512,931,525,16,0,0,10,8192,0,0,0,0,0,132,470,80,526,24,2,0,8,8192,0,0,0,0,0,132,598,791,904,24,4,0,6,8192,0,0,0,0,0,132,586,937,614,24,6,0,4,8248,0,0,0,0,0,133,366,876,415,24,8,0,2,8248,0,0,0,0,0,133,585,783,341
6650,0,4096,5888,5632,5376,5120,4864,4608,4352,0,0,0,0,0,41080,0,663,110,4352,5888,645,511,677,280,16,0,0,14,8192,0,0,0,0,0,131,465,82,568,16,0,1024,12,8192,0,0,0,0,0,132,496,928,518,16,0,0,10,8192,0,0,0,0,0,132,470,80,533,24,2,0,8,8192,0,0,0,0,0,132,582,801,905,24,4,0,6,8192,0,0,0,0,0,132,585,937,605,24,6,0,4,8248,0,0,0,0,0,133,366,873,411,24,8,0,2,8248,0,0,0,0,0,133,584,775,337
6654,0,4096,5888,5632,5376,5120,4864,4608,4352,0,0,0,0,0,41080,0,662,111,4352,5888,645,509,669,277,16,0,0,14,8192,0,0,0,0,0,131,465,82,575,16,0,1024,12,8192,0,0,0,0,0,132,480,925,511,16,0,0,10,8192,0,0,0,0,0,132,470,80,540,24,2,0,8,8192,0,0,0,0,0,132,580,810,904,24,4,0,6,8192,0,0,0,0,0,132,584,937,596,24,6,0,4,8248,0,0,0,0,0,133,366,869,406,24,8,0,2,8248,0,0,0,0,0,133,583,768,331
6658,0,4096,5888,5632,5376,5120,4864,4608,4352,0,0,0,0,0,41080,0,660,109,4352,5888,645,507,662,273,16,0,0,14,8192,0,0,0,0,0,131,465,82,583,16,0,1024,12,8192,0,0,0,0,0,132,464,923,504,16,0,0,10,8192,0,0,0,0,0,132,470,80,548,24,2,0,8,8192,0,0,0,0,0,132,578,819,903,24,4,0,6,8192,0,0,0,0,0,132,610,937,587,24,6,0,4,8248,0,0,0,0,0,133,366,865,402,24,8,0,2,8248,0,0,0,0,0,133,582,760,327
6662,0,4096,5888,5632,5376,5120,4864,4608,4352,0,0,0,0,0,41080,0,659,109,4352,5888,645,505,655,269,16,0,0,14,8192,0,0,0,0,0,131,465,82,590,16,0,1024,12,8192,0,0,0,0,0,132,496,921,497,16,0,0,10,8192,0,0,0,0,0,132,470,80,555,24,2,0,8,8192,0,0,0,0,0,132,577,828,902,24,4,0,6,8192,0,0,0,0,0,132,594,937,577,24,6,0,4,8248,0,0,0,0,0,133,398,861,397,24,8,0,2,8248,0,0,0,0,0,133,581,753,322
6666,0,4096,5888,5632,5376,5120,4864,4608,4352,0,0,0,0,0,41080,0,658,106,4352,5888,645,503,648,266,16,0,0,14,8192,0,0,0,0,0,131,437,82,597,16,0,1024,12,8192,0,0,0,0,0,132,496,918,489,16,0,0,10,8192,0,0,0,0,0,132,470,80,562,24,2,0,8,8192,0,0,0,0,0,132,576,836,899,24,4,0,6,8192,0,0,0,0,0,132,592,937,568,24,6,0,4,8248,0,0,0,0,0,133,452,857,393,24,8,0,2,8248,0,0,0,0,0,133,580,745,317
6670,0,4096,5888,5632,5376,5120,4864,4608,4352,0,0,0,0,0,41080,0,656,106,4352,5888,8837,518,641,263,16,0,0,14,8192,0,0,0,0,0,131,405,83,604,16,0,1024,12,8192,0,0,0,0,0,132,480,915,482,16,0,0,10,8192,0,0,0,0,0,132,470,80,569,24,2,0,8,8192,0,0,0,0,0,132,575,844,895,24,4,0,6,8248,0,0,0,0,0,133,590,937,559,24,6,0,4,8248,0,0,0,0,0,133,502,851,388,24,8,0,2,8248,0,0,0,0,0,133,579,737,313
6674,0,4096,5888,5632,5376,5120,4864,4608,4352,0,0,0,0,0,41080,0,653,104,4352,5888,8837,516,633,260,16,0,0,14,8192,0,0,0,0,0,131,373,84,610,16,0,1024,12,8192,0,0,0,0,0,132,464,913,475,16,0,0,10,8192,0,0,0,0,0,132,470,80,577,16,2,0,8,8192,0,0,0,0,0,132,602,852,891,24,4,0,6,8248,0,0,0,0,0,133,558,936,550,24,6,0,4,8248,0,0,0,0,0,133,547,845,383,24,8,0,2,8248,0,0,0,0,0,133,578,729,309
6678,0,4096,5888,5632,5376,5120,4864,4608,4352,0,0,0,0,0,41080,0,639,104,4352,5888,17029,514,626,256,16,0,0,14,8192,0,0,0,0,0,131,349,86,615,16,0,1024,12,8192,0,0,0,0,0,132,496,910,469,16,0,0,10,8192,0,0,0,0,0,132,470,80,584,16,2,0,8,8192,0,0,0,0,0,132,614,861,886,24,4,0,6,8248,0,0,0,0,0,133,526,935,541,24,6,0,4,8248,0,0,0,0,0,133,546,838,378,24,8,0,2,8248,0,0,0,0,0,133,577,722,304
6682,0,4096,5888,5632,5376,5120,4864,4608,4352,0,0,0,0,0,41080,0,635,104,4352,5888,17029,512,619,252,16,0,0,14,8192,0,0,0,0,0,131,333,88,620,16,0,1024,12,8192,0,0,0,0,0,132,496,907,461,16,0,0,10,8192,0,0,0,0,0,132,470,80,591,16,2,0,8,8192,0,0,0,0,0,132,612,869,882,24,4,0,6,8248,0,0,0,0,0,133,494,933,534,24,6,0,4,8248,0,0,0,0,0,133,530,831,374,24,8,0,2,8248,0,0,0,0,0,133,576,714,299
6686,0,4096,5888,5632,5376,5120,4864,4608,4352,0,0,0,0,0,41080,0,631,102,4352,5888,25221,510,612,249,16,0,0,14,8192,0,0,0,0,0,131,317,91,624,16,0,1024,12,8192,0,0,0,0,0,132,480,904,454,16,0,0,10,8192,0,0,0,0,0,132,450,80,598,16,2,0,8,8192,0,0,0,0,0,132,610,877,876,24,4,0,6,8248,0,0,0,0,0,133,466,931,526,24,6,0,4,8248,0,0,0,0,0,133,529,824,369,24,8,0,2,8248,0,0,0,0,0,133,602,706,294
6690,0,4096,5888,5632,5376,5120,4864,4608,4352,0,0,0,0,0,41080,0,629,101,4352,5888,25221,508,605,246,16,0,0,14,8192,0,0,0,0,0,131,301,93,628,16,0,1024,12,8192,0,0,0,0,0,132,464,900,448,16,0,0,10,8192,0,0,0,0,0,132,418,81,605,16,2,0,8,8192,0,0,0,0,0,132,608,885,871,24,4,0,6,8248,0,0,0,0,0,133,450,928,520,24,6,0,4,8248,0,0,0,0,0,133,528,817,364,24,8,0,2,8248,0,0,0,0,0,133,586,698,290
6694,0,4096,5888,5632,5376,5120,4864,4608,4352,0,0,0,0,0,41080,0,637,99,4352,5888,25221,506,598,242,16,0,0,14,8192,0,0,0,0,0,131,285,95,632,16,0,1024,12,8192,0,0,0,0,0,132,496,896,442,16,0,0,10,8192,0,0,0,0,0,132,386,82,612,16,2,0,8,8192,0,0,0,0,0,132,592,893,866,24,4,0,6,8248,0,0,0,0,0,133,434,926,513,24,6,0,4,8248,0,0,0,0,0,133,557,811,359,24,8,0,2,8248,0,0,0,0,0,133,585,690,286
6698,0,4096,5888,5632,5376,5120,4864,4608,4352,0,0,0,0,0,41080,0,635,99,4352,5888,25221,504,591,238,16,0,0,14,8192,0,0,0,0,0,131,269,98,636,16,0,1024,12,8192,0,0,0,0,0,132,496,891,435,16,0,0,10,8192,0,0,0,0,0,132,358,83,617,16,2,0,8,8192,0,0,0,0,0,132,576,900,860,24,4,0,6,8248,0,0,0,0,0,133,418,923,507,24,6,0,4,8248,0,0,0,0,0,133,599,803,354,24,8,0,2,8248,0,0,0,0,0,133,584,682,282
6702,0,4096,5888,5632,5376,5120,4864,4608,4352,0,0,0,0,0,41080,0,633,98,4352,5888,25221,519,583,235,16,0,0,14,8192,0,0,0,0,0,131,253,100,640,16,0,1024,12,8192,0,0,0,0,0,132,480,887,429,16,0,0,10,8192,0,0,0,0,0,132,342,86,622,16,2,0,8,8192,0,0,0,0,0,132,575,906,853,24,4,0,6,8248,0,0,0,0,0,133,402,921,501,24,6,0,4,8248,0,0,0,0,0,133,597,795,349,24,8,0,2,8248,0,0,0,0,0,133,583,674,278
6706,0,4096,5888,5632,5376,5120,4864,4608,4352,0,0,0,0,0,41080,0,630,96,4352,5888,25221,517,576,232,16,0,0,14,8192,0,0,0,0,0,131,237,101,643,16,0,1024,12,8192,0,0,0,0,0,132,464,883,423,16,0,0,10,8192,0,0,0,0,0,132,326,88,627,16,2,0,8,8192,0,0,0,0,0,132,574,911,846,24,4,0,6,8248,0,0,0,0,0,133,386,920,495,24,6,0,4,8248,0,0,0,0,0,133,609,787,344,24,8,0,2,8248,0,0,0,0,0,133,582,665,275
6710,0,4096,5888,5632,5376,5120,4864,4608,4352,0,0,0,0,0,41080,0,628,96,4352,5888,33413,515,569,228,16,0,0,14,8192,0,0,0,0,0,131,233,103,646,16,0,1024,12,8192,0,0,0,0,0,132,496,878,418,16,0,0,10,8192,0,0,0,0,0,132,310,91,631,16,2,0,8,8192,0,0,0,0,0,132,573,916,838,24,4,0,6,8248,0,0,0,0,0,133,370,918,489,24,6,0,4,8248,0,0,0,0,0,133,607,779,340,24,8,0,2,8248,0,0,0,0,0,133,581,657,271
6714,0,4096,5888,5632,5376,5120,4864,4608,4352,0,0,0,0,0,41080,0,613,93,4352,5888,33413,513,562,225,16,0,0,14,8192,0,0,0,0,0,131,229,104,650,16,0,1024,12,8192,0,0,0,0,0,132,496,873,412,16,0,0,10,8192,0,0,0,0,0,132,294,93,635,16,2,0,8,8192,0,0,0,0,0,132,600,919,830,24,4,0,6,8248,0,0,0,0,0,133,370,916,484,24,6,0,4,8248,0,0,0,0,0,133,591,771,334,24,8,0,2,8248,0,0,0,0,0,133,580,649,266
6718,0,4096,5888,5632,5376,5120,4864,4608,4352,0,0,0,0,0,41080,0,610,94,4352,5888,41605,511,555,221,16,0,0,14,8192,0,0,0,0,0,131,237,106,653,16,0,1024,12,8192,0,0,0,0,0,132,480,868,406,16,0,0,10,8192,0,0,0,0,0,132,278,96,639,16,2,0,8,8192,0,0,0,0,0,132,598,922,821,24,4,0,6,8248,0,0,0,0,0,133,370,914,479,24,6,0,4,8248,0,0,0,0,0,133,589,763,329,24,8,0,2,8248,0,0,0,0,0,133,579,641,263
6722,0,4096,5888,5632,5376,5120,4864,4608,4352,0,0,0,0,0,41080,0,609,93,4352,5888,41605,509,547,218,16,0,0,14,8192,0,0,0,0,0,131,233,108,656,16,0,1024,12,8192,0,0,0,0,0,132,464,864,400,16,0,0,10,8192,0,0,0,0,0,132,262,98,643,16,2,0,8,8192,0,0,0,0,0,132,582,926,813,24,4,0,6,8248,0,0,0,0,0,133,370,911,474,24,6,0,4,8248,0,0,0,0,0,133,587,755,324,24,8,0,2,8248,0,0,0,0,0,133,578,633,260
6726,0,4096,5888,5632,5376,5120,4864,4608,4352,0,0,0,0,0,41080,0,607,93,4352,5888,41605,507,540,215,16,0,0,14,8192,0,0,0,0,0,131,229,109,659,16,0,1024,12,8192,0,0,0,0,0,132,496,859,394,16,0,0,10,8192,0,0,0,0,0,132,246,100,646,16,2,0,8,8192,0,0,0,0,0,132,608,930,804,24,4,0,6,8248,0,0,0,0,0,133,370,909,468,24,6,0,4,8248,0,0,0,0,0,133,585,748,319,24,8,0,2,8248,0,0,0,0,0,133,577,625,256
6730,0,4096,5888,5632,5376,5120,4864,4608,4352,0,0,0,0,0,41080,0,605,90,4352,5888,41605,505,533,211,16,0,0,14,8192,0,0,0,0,0,131,237,112,662,16,0,1024,12,8192,0,0,0,0,0,132,544,853,389,16,0,0,10,8192,0,0,0,0,0,132,242,101,650,16,2,0,8,8192,0,0,0,0,0,132,606,933,795,24,4,0,6,8248,0,0,0,0,0,133,370,907,463,24,6,0,4,8248,0,0,0,0,0,133,611,740,314,24,8,0,2,8248,0,0,0,0,0,133,576,617,251
6734,0,4096,5888,5632,5376,5120,4864,4608,4352,0,0,0,0,0,41080,0,604,91,4352,5888,41605,503,526,208,16,0,0,14,8192,0,0,0,0,0,131,233,114,665,16,0,1024,12,8192,0,0,0,0,0,132,589,846,383,16,0,0,10,8192,0,0,0,0,0,132,238,103,653,16,2,0,8,8192,0,0,0,0,0,132,632,935,786,24,4,0,6,8248,0,0,0,0,0,133,370,905,458,24,6,0,4,8248,0,0,0,0,0,133,609,732,309,24,8,0,2,8248,0,0,0,0,0,133,602,609,248
6738,0,4096,5888,5632,5376,5120,4864,4608,4352,0,0,0,0,0,41080,0,603,88,4352,5888,41605,518,519,204,16,0,0,14,8192,0,0,0,0,0,131,229,116,668,16,0,1024,12,8192,0,0,0,0,0,132,588,838,378,16,0,0,10,8192,0,0,0,0,0,132,258,105,656,16,2,0,8,8192,0,0,0,0,0,132,630,937,776,24,4,0,6,8248,0,0,0,0,0,133,370,903,452,24,6,0,4,8248,0,0,0,0,0,133,593,723,305,24,8,0,2,8248,0,0,0,0,0,133,586,600,244
6742,0,4096,5888,5632,5376,5120,4864,4608,4352,0,0,0,0,0,41080,0,602,87,4352,5888,49797,516,511,201,16,0,0,14,8192,0,0,0,0,0,131,237,117,672,16,0,1024,12,8192,0,0,0,0,0,132,572,831,373,16,0,0,10,8192,0,0,0,0,0,132,242,107,660,16,2,0,8,8192,0,0,0,0,0,132,614,937,766,24,4,0,6,8248,0,0,0,0,0,133,370,900,447,24,6,0,4,8248,0,0,0,0,0,133,591,716,300,24,8,0,2,8248,0,0,0,0,0,133,585,592,239
6746,0,4096,5888,5632,5376,5120,4864,4608,4352,0,0,0,0,0,41080,0,601,85,4352,5888,49797,514,504,197,16,0,0,14,8192,0,0,0,0,0,131,233,119,675,16,0,1024,12,8192,0,0,0,0,0,132,556,824,368,16,0,0,10,8192,0,0,0,0,0,132,238,109,663,16,2,0,8,8192,0,0,0,0,0,132,612,937,757,24,4,0,6,8248,0,0,0,0,0,133,370,897,443,24,6,0,4,8248,0,0,0,0,0,133,589,707,296,24,8,0,2,8248,0,0,0,0,0,133,584,584,235
6750,0,4096,5888,5632,5376,5120,4864,4608,4352,0,0,0,0,0,41080,0,601,85,4352,5888,57989,512,497,194,16,0,0,14,8192,0,0,0,0,0,131,229,120,678,16,0,1024,12,8192,0,0,0,0,0,132,585,817,362,16,0,0,10,8192,0,0,0,0,0,132,258,111,666,16,2,0,8,8192,0,0,0,0,0,132,610,937,747,24,4,0,6,8248,0,0,0,0,0,133,370,893,438,24,6,0,4,8248,0,0,0,0,0,133,587,699,292,24,8,0,2,8248,0,0,0,0,0,133,583,576,232
6754,0,4096,5888,5632,5376,5120,4864,4608,4352,0,0,0,0,0,41080,0,600,85,4352,5888,57989,510,490,190,16,0,0,14,8192,0,0,0,0,0,131,237,122,681,16,0,1024,12,8192,0,0,0,0,0,132,584,809,357,16,0,0,10,8192,0,0,0,0,0,132,242,114,668,16,2,0,8,8192,0,0,0,0,0,132,608,937,738,24,4,0,6,8248,0,0,0,0,0,133,370,890,434,24,6,0,4,8248,0,0,0,0,0,133,585,691,287,24,8,0,2,8248,0,0,0,0,0,133,567,567,228
6758,0,4096,5888,5632,5376,5120,4864,4608,4352,0,0,0,0,0,41080,0,613,82,4352,5888,57989,508,483,186,16,0,0,14,8192,0,0,0,0,0,131,233,125,684,16,0,1024,12,8192,0,0,0,0,0,132,610,801,352,16,0,0,10,8192,0,0,0,0,0,132,238,117,671,16,2,0,8,8192,0,0,0,0,0,132,606,937,728,24,4,0,6,8248,0,0,0,0,0,133,370,887,429,24,6,0,4,8248,0,0,0,0,0,133,611,683,283,24,8,0,2,8248,0,0,0,0,0,133,551,560,224
6762,0,4096,5888,5632,5376,5120,4864,4608,4352,0,0,0,0,0,41080,0,612,81,4352,5888,57989,506,475,183,16,0,0,14,8192,0,0,0,0,0,131,229,127,686,16,0,1024,12,8192,0,0,0,0,0,132,608,793,347,16,0,0,10,8192,0,0,0,0,0,132,258,119,674,16,2,0,8,8192,0,0,0,0,0,132,632,937,719,24,4,0,6,8248,0,0,0,0,0,133,370,883,425,24,6,0,4,8248,0,0,0,0,0,133,609,674,279,24,8,0,2,8248,0,0,0,0,0,133,535,552,220
6766,0,4096,5888,5632,5376,5120,4864,4608,4352,0,0,0,0,0,41080,0,611,82,4352,5888,57989,504,468,180,16,0,0,14,8192,0,0,0,0,0,131,237,130,689,16,0,1024,12,8192,0,0,0,0,0,132,592,785,343,16,0,0,10,8192,0,0,0,0,0,132,242,121,678,16,2,0,8,8192,0,0,0,0,0,132,630,937,709,24,4,0,6,8248,0,0,0,0,0,133,370,879,421,24,6,0,4,8248,0,0,0,0,0,133,593,665,275,24,8,0,2,8248,0,0,0,0,0,133,519,544,217
6770,0,4096,5888,5632,5376,5120,4864,4608,4352,0,0,0,0,0,41080,0,609,81,4352,5888,57989,519,461,176,16,0,0,14,8192,0,0,0,0,0,131,233,134,690,16,0,1024,12,8192,0,0,0,0,0,132,618,777,338,16,0,0,10,8192,0,0,0,0,0,132,238,124,680,16,2,0,8,8192,0,0,0,0,0,132,614,937,699,24,4,0,6,8248,0,0,0,0,0,133,370,876,416,24,6,0,4,8248,0,0,0,0,0,133,591,657,271,24,8,0,2,8248,0,0,0,0,0,133,519,537,214
6774,0,4096,5888,5632,5376,5120,4864,4608,4352,0,0,0,0,0,41080,0,608,82,4352,5888,645,517,454,173,16,0,0,14,8192,0,0,0,0,0,131,229,137,692,16,0,1024,12,8192,0,0,0,0,0,132,616,769,332,16,0,0,10,8192,0,0,0,0,0,132,258,126,683,16,2,0,8,8192,0,0,0,0,0,132,612,937,690,24,4,0,6,8248,0,0,0,0,0,133,370,873,411,24,6,0,4,8248,0,0,0,0,0,133,589,649,267,24,8,0,2,8248,0,0,0,0,0,133,519,530,210
6778,0,4096,5888,5632,5376,5120,4864,4608,4352,0,0,0,0,0,41080,0,606,82,4352,5888,645,515,446,170,16,0,0,14,8192,0,0,0,0,0,131,237,141,693,16,0,1024,12,8192,0,0,0,0,0,132,600,761,327,16,0,0,10,8192,0,0,0,0,0,132,242,130,685,16,2,0,8,8192,0,0,0,0,0,132,610,937,680,24,4,0,6,8248,0,0,0,0,0,133,370,869,407,24,6,0,4,8248,0,0,0,0,0,133,587,641,263,24,8,0,2,8248,0,0,0,0,0,133,519,523,207
6782,0,4096,5888,5632,5376,5120,4864,4608,4352,0,0,0,0,0,41080,0,603,82,4352,5888,8837,513,439,168,16,0,0,14,8192,0,0,0,0,0,131,233,144,693,16,0,1024,12,8192,0,0,0,0,0,132,584,753,322,16,0,0,10,8192,0,0,0,0,0,132,238,133,687,16,2,0,8,8192,0,0,0,0,0,132,608,937,670,24,4,0,6,8248,0,0,0,0,0,133,370,866,403,24,6,0,4,8248,0,0,0,0,0,133,585,632,259,24,8,0,2,8248,0,0,0,0,0,133,519,516,203
6786,0,4096,5888,5632,5376,5120,4864,4608,4352,0,0,0,0,0,41080,0,600,82,4352,5888,8837,511,431,165,16,0,0,14,8192,0,0,0,0,0,131,229,148,693,16,0,1024,12,8192,0,0,0,0,0,132,610,745,317,16,0,0,10,8192,0,0,0,0,0,132,258,136,689,16,2,0,8,8192,0,0,0,0,0,132,606,937,661,24,4,0,6,8248,0,0,0,0,0,133,370,862,398,24,6,0,4,8248,0,0,0,0,0,133,611,624,255,24,8,0,2,8248,0,0,0,0,0,133,519,508,200
6790,0,4096,5888,5632,5376,5120,4864,4608,4352,0,0,0,0,0,41080,0,584,81,4352,5888,8837,509,424,162,16,0,0,14,8192,0,0,0,0,0,131,237,151,693,16,0,1024,12,8192,0,0,0,0,0,132,608,738,311,16,0,0,10,8192,0,0,0,0,0,132,242,139,691,16,2,0,8,8192,0,0,0,0,0,132,632,937,651,24,4,0,6,8248,0,0,0,0,0,133,420,858,394,24,6,0,4,8248,0,0,0,0,0,133,609,615,251,24,8,0,2,8248,0,0,0,0,0,133,519,501,196
6794,0,4096,5888,5632,5376,5120,4864,4608,4352,0,0,0,0,0,41080,0,581,82,4352,5888,8837,507,416,159,16,0,0,14,8192,0,0,0,0,0,131,233,155,693,16,0,1024,12,8192,0,0,0,0,0,132,592,730,306,16,0,0,10,8192,0,0,0,0,0,132,238,143,693,16,2,0,8,8192,0,0,0,0,0,132,630,937,641,24,4,0,6,8248,0,0,0,0,0,133,474,853,389,24,6,0,4,8248,0,0,0,0,0,133,593,607,247,24,8,0,2,8248,0,0,0,0,0,133,519,494,193
6798,0,4096,5888,5632,5376,5120,4864,4608,4352,0,0,0,0,0,41080,0,579,82,4352,5888,8837,505,409,156,16,0,0,14,8192,0,0,0,0,0,131,229,159,693,16,0,1024,12,8192,0,0,0,0,0,132,618,722,302,16,0,0,10,8192,0,0,0,0,0,132,258,147,694,16,2,0,8,8192,0,0,0,0,0,132,614,937,632,24,4,0,6,8248,0,0,0,0,0,133,522,846,385,24,6,0,4,8248,0,0,0,0,0,133,591,599,243,24,8,0,2,8248,0,0,0,0,0,133,519,487,189
6802,0,4096,5888,5632,5376,5120,4864,4608,4352,0,0,0,0,0,41080,0,577,82,4352,5888,8837,503,401,153,16,0,0,14,8192,0,0,0,0,0,131,249,162,693,16,0,1024,12,8192,0,0,0,0,0,132,616,713,297,16,0,0,10,8192,0,0,0,0,0,132,242,150,695,16,2,0,8,8192,0,0,0,0,0,132,612,937,622,24,4,0,6,8248,0,0,0,0,0,133,522,840,380,24,6,0,4,8248,0,0,0,0,0,133,589,590,238,24,8,0,2,8248,0,0,0,0,0,133,519,480,186
6806,0,4096,5888,5632,5376,5120,4864,4608,4352,0,0,0,0,0,41080,0,574,82,4352,5888,17029,518,394,150,16,0,0,14,8192,0,0,0,0,0,131,293,166,693,16,0,1024,12,8192,0,0,0,0,0,132,600,705,293,16,0,0,10,8192,0,0,0,0,0,132,238,154,695,16,2,0,8,8192,0,0,0,0,0,132,610,937,613,24,4,0,6,8248,0,0,0,0,0,133,522,834,375,24,6,0,4,8248,0,0,0,0,0,133,587,582,234,24,8,0,2,8248,0,0,0,0,0,133,519,472,182
6810,0,4096,5888,5632,5376,5120,4864,4608,4352,0,0,0,0,0,41080,0,585,82,4352,5888,17029,516,386,148,16,0,0,14,8192,0,0,0,0,0,131,341,171,692,16,0,1024,12,8192,0,0,0,0,0,132,584,696,288,16,0,0,10,8192,0,0,0,0,0,132,258,158,695,16,2,0,8,8192,0,0,0,0,0,132,608,937,603,24,4,0,6,8248,0,0,0,0,0,133,522,827,370,24,6,0,4,8248,0,0,0,0,0,133,585,574,230,24,8,0,2,8248,0,0,0,0,0,133,519,465,179
6814,0,4096,5888,5632,5376,5120,4864,4608,4352,0,0,0,0,0,41080,0,583,82,4352,5888,25221,514,379,145,16,0,0,14,8192,0,0,0,0,0,131,389,177,692,16,0,1024,12,8192,0,0,0,0,0,132,610,688,284,16,0,0,10,8192,0,0,0,0,0,132,254,162,695,16,2,0,8,8192,0,0,0,0,0,132,606,937,594,24,4,0,6,8248,0,0,0,0,0,133,522,821,365,24,6,0,4,8248,0,0,0,0,0,133,569,566,227,24,8,0,2,8248,0,0,0,0,0,133,499,458,175
6818,0,4096,5888,5632,5376,5120,4864,4608,4352,0,0,0,0,0,41080,0,576,581,4864,4352,25221,512,372,141,16,0,0,14,8192,0,0,0,0,0,131,445,183,691,16,0,1024,12,8192,0,0,0,0,0,132,608,679,281,16,0,0,10,8192,0,0,0,0,0,132,290,166,695,16,2,0,8,8192,0,0,0,0,0,132,632,937,584,24,4,0,6,8248,0,0,0,0,0,133,522,814,361,24,6,0,4,8248,0,0,0,0,0,133,553,558,223,24,8,0,2,8248,0,0,0,0,0,133,471,451,173
6822,0,4096,5888,5632,5376,5120,4864,4608,4352,0,0,0,0,0,41080,0,65535,575,0,4864,33413,510,364,139,16,0,0,14,8192,0,0,0,0,0,131,463,190,690,16,0,1024,12,8192,0,0,0,0,0,132,592,671,277,16,0,0,10,8192,0,0,0,0,0,132,338,171,694,16,2,0,8,8192,0,0,0,0,0,132,630,937,574,24,4,0,6,8248,0,0,0,0,0,133,566,807,356,24,6,0,4,8248,0,0,0,0,0,133,537,550,219,24,8,0,2,8248,0,0,0,0,0,133,455,444,170
6826,0,4096,5888,5632,5376,5120,4864,4608,4352,0,0,0,0,0,41080,0,65535,573,0,4864,33413,508,357,136,16,0,0,14,8192,0,0,0,0,0,131,495,198,688,16,0,1024,12,8192,0,0,0,0,0,132,618,662,273,16,0,0,10,8192,0,0,0,0,0,132,386,176,694,16,2,0,8,8192,0,0,0,0,0,132,614,937,564,24,4,0,6,8248,0,0,0,0,0,133,595,799,351,24,6,0,4,8248,0,0,0,0,0,133,521,542,216,24,8,0,2,8248,0,0,0,0,0,133,439,437,168
6830,0,4096,5888,5632,5376,5120,4864,4608,4352,0,0,0,0,0,41080,0,65535,585,0,4864,33413,506,349,133,16,0,0,14,8192,0,0,0,0,0,131,541,205,686,16,0,1024,12,8192,0,0,0,0,0,132,616,654,268,16,0,0,10,8192,0,0,0,0,0,132,442,183,693,16,2,0,8,8248,0,0,0,0,0,133,612,937,555,24,4,0,6,8248,0,0,0,0,0,133,593,791,347,24,6,0,4,8248,0,0,0,0,0,133,550,535,212,24,8,0,2,8248,0,0,0,0,0,133,423,431,165
6834,0,4096,5888,5632,5376,5120,4864,4608,4352,0,0,0,0,0,41080,0,65535,581,0,4864,33413,504,342,130,16,0,0,14,8192,0,0,0,0,0,131,555,214,684,16,0,1024,12,8192,0,0,0,0,0,132,600,645,264,16,0,0,10,8192,0,0,0,0,0,132,480,190,692,24,2,0,8,8248,0,0,0,0,0,133,588,937,545,24,4,0,6,8248,0,0,0,0,0,133,591,783,342,24,6,0,4,8248,0,0,0,0,0,133,549,527,208,24,8,0,2,8248,0,0,0,0,0,133,407,425,163
6838,0,4096,5888,5632,5376,5120,4864,4608,4352,0,0,0,0,0,41080,0,65535,580,0,4864,33413,519,334,127,16,0,0,14,8192,0,0,0,0,0,131,554,222,682,16,0,1024,12,8192,0,0,0,0,0,132,584,637,260,24,0,0,10,8192,0,0,0,0,0,132,480,197,691,24,2,0,8,8248,0,0,0,0,0,133,556,936,536,24,4,0,6,8248,0,0,0,0,0,133,589,776,337,24,6,0,4,8248,0,0,0,0,0,133,533,519,205,24,8,0,2,8248,0,0,0,0,0,133,391,419,160
6842,0,4096,5888,5632,5376,5120,4864,4608,4352,0,0,0,0,0,41080,0,65535,87,0,5888,33413,517,327,124,16,0,0,14,8192,0,0,0,0,0,131,553,230,679,16,0,1024,12,8192,0,0,0,0,0,132,610,629,256,24,0,0,10,8192,0,0,0,0,0,132,512,205,689,24,2,0,8,8248,0,0,0,0,0,133,524,934,528,24,4,0,6,8248,0,0,0,0,0,133,587,768,332,24,6,0,4,8248,0,0,0,0,0,133,547,512,201,24,8,0,2,8248,0,0,0,0,0,133,375,414,158
6846,0,4096,5888,5632,5376,5120,4864,4608,4352,0,0,0,0,0,41080,0,65535,90,0,5888,41605,515,319,122,16,0,0,14,8192,0,0,0,0,0,131,552,239,677,16,0,1024,12,8192,0,0,0,0,0,132,608,620,252,24,0,0,10,8192,0,0,0,0,0,132,496,212,687,24,2,0,8,8248,0,0,0,0,0,133,492,931,520,24,4,0,6,8248,0,0,0,0,0,133,586,760,327,24,6,0,4,8248,0,0,0,0,0,133,546,504,198,24,8,0,2,8248,0,0,0,0,0,133,359,408,156
6850,0,4096,5888,5632,5376,5120,4864,4608,4352,0,0,0,0,0,41080,0,65535,93,0,5888,41605,513,311,121,16,0,0,14,8192,0,0,0,0,0,131,551,247,674,16,0,1024,12,8192,0,0,0,0,0,132,592,611,248,24,0,0,10,8192,0,0,0,0,0,132,528,220,684,24,2,0,8,8248,0,0,0,0,0,133,468,929,514,24,4,0,6,8248,0,0,0,0,0,133,585,753,323,24,6,0,4,8248,0,0,0,0,0,133,530,496,194,24,8,0,2,8248,0,0,0,0,0,133,359,403,154
6854,0,4096,5888,5632,5376,5120,4864,4608,4352,0,0,0,0,0,41080,0,65535,96,0,5888,49797,511,304,119,16,0,0,14,8192,0,0,0,0,0,131,550,255,671,16,0,1024,12,8192,0,0,0,0,0,132,618,603,244,24,0,0,10,8192,0,0,0,0,0,132,512,228,682,24,2,0,8,8248,0,0,0,0,0,133,452,926,507,24,4,0,6,8248,0,0,0,0,0,133,584,745,318,24,6,0,4,8248,0,0,0,0,0,133,529,489,190,24,8,0,2,8248,0,0,0,0,0,133,359,398,153
6858,0,4096,5888,5632,5376,5120,4864,4608,4352,0,0,0,0,0,41080,0,65535,98,0,5888,49797,509,296,118,16,0,0,14,8192,0,0,0,0,0,131,549,263,668,16,0,1024,12,8192,0,0,0,0,0,132,616,594,240,24,0,0,10,8192,0,0,0,0,0,132,496,235,680,24,2,0,8,8248,0,0,0,0,0,133,436,924,500,24,4,0,6,8248,0,0,0,0,0,133,610,737,313,24,6,0,4,8248,0,0,0,0,0,133,528,482,186,24,8,0,2,8248,0,0,0,0,0,133,359,393,151
6862,0,4096,5888,5632,5376,5120,4864,4608,4352,0,0,0,0,0,41080,0,65535,549,0,4864,49797,507,288,116,16,0,0,14,8192,0,0,0,0,0,131,563,272,666,16,0,1024,12,8192,0,0,0,0,0,132,600,586,236,24,0,0,10,8192,0,0,0,0,0,132,528,243,677,24,2,0,8,8248,0,0,0,0,0,133,420,922,494,24,4,0,6,8248,0,0,0,0,0,133,594,728,309,24,6,0,4,8248,0,0,0,0,0,133,527,474,183,24,8,0,2,8248,0,0,0,0,0,133,359,387,149
6866,0,4096,5888,5632,5376,5120,4864,4608,4352,0,0,0,0,0,41080,0,65535,546,0,4864,49797,505,280,114,16,0,0,14,8192,0,0,0,0,0,131,562,280,664,16,0,1024,12,8192,0,0,0,0,0,132,584,577,232,24,0,0,10,8192,0,0,0,0,0,132,512,250,674,24,2,0,8,8248,0,0,0,0,0,133,404,920,488,24,4,0,6,8248,0,0,0,0,0,133,592,720,304,24,6,0,4,8248,0,0,0,0,0,133,526,467,179,24,8,0,2,8248,0,0,0,0,0,133,359,382,147
6870,0,4096,5888,5632,5376,5120,4864,4608,4352,0,0,0,0,0,41080,0,65535,544,0,4864,49797,503,272,112,16,0,0,14,8192,0,0,0,0,0,131,561,288,661,16,0,1024,12,8192,0,0,0,0,0,132,568,569,228,24,0,0,10,8192,0,0,0,0,0,132,496,258,671,24,2,0,8,8248,0,0,0,0,0,133,388,917,482,24,4,0,6,8248,0,0,0,0,0,133,590,713,299,24,6,0,4,8248,0,0,0,0,0,133,517,459,175,24,8,0,2,8248,0,0,0,0,0,133,359,377,144
6874,0,4096,5888,5632,5376,5120,4864,4608,4352,0,0,0,0,0,41080,0,65535,543,0,4864,49797,518,265,110,16,0,0,14,8192,0,0,0,0,0,131,560,296,658,16,0,1024,12,8192,0,0,0,0,0,132,552,561,224,24,0,0,10,8192,0,0,0,0,0,132,528,265,669,24,2,0,8,8248,0,0,0,0,0,133,372,915,476,24,4,0,6,8248,0,0,0,0,0,133,588,705,294,24,6,0,4,8248,0,0,0,0,0,133,485,452,172,24,8,0,2,8248,0,0,0,0,0,133,359,372,142
6878,0,4096,5888,5632,5376,5120,4864,4608,4352,0,0,0,0,0,41080,0,65535,556,0,4864,57989,516,257,109,16,0,0,14,8192,0,0,0,0,0,131,559,305,655,16,0,1024,12,8192,0,0,0,0,0,132,581,553,221,24,0,0,10,8192,0,0,0,0,0,132,512,273,666,24,2,0,8,8248,0,0,0,0,0,133,356,913,471,24,4,0,6,8248,0,0,0,0,0,133,586,697,290,24,6,0,4,8248,0,0,0,0,0,133,465,445,170,24,8,0,2,8248,0,0,0,0,0,133,359,367,140
6882,0,4096,5888,5632,5376,5120,4864,4608,4352,0,0,0,0,0,41080,0,65535,556,0,4864,57989,514,249,108,16,0,0,14,8192,0,0,0,0,0,131,558,313,653,16,0,1024,12,8192,0,0,0,0,0,132,580,545,217,24,0,0,10,8192,0,0,0,0,0,132,496,281,664,24,2,0,8,8248,0,0,0,0,0,133,356,910,466,24,4,0,6,8248,0,0,0,0,0,133,585,689,286,24,6,0,4,8248,0,0,0,0,0,133,449,438,167,24,8,0,2,8248,0,0,0,0,0,133,359,362,138
6886,0,4096,5888,5632,5376,5120,4864,4608,4352,0,0,0,0,0,41080,0,65535,556,0,4864,645,512,241,107,16,0,0,14,8192,0,0,0,0,0,131,557,321,651,16,0,1024,12,8192,0,0,0,0,0,132,564,537,213,24,0,0,10,8192,0,0,0,0,0,132,528,288,662,24,2,0,8,8248,0,0,0,0,0,133,356,908,461,24,4,0,6,8248,0,0,0,0,0,133,584,681,282,24,6,0,4,8248,0,0,0,0,0,133,433,432,165,24,8,0,2,8248,0,0,0,0,0,133,359,357,136
6890,0,4096,5888,5632,5376,5120,4864,4608,4352,0,0,0,0,0,41080,0,65535,555,0,4864,645,510,233,106,16,0,0,14,8192,0,0,0,0,0,131,556,330,649,16,0,1024,12,8192,0,0,0,0,0,132,548,529,209,24,0,0,10,8192,0,0,0,0,0,132,512,296,659,24,2,0,8,8248,0,0,0,0,0,133,356,906,456,24,4,0,6,8248,0,0,0,0,0,133,610,672,278,24,6,0,4,8248,0,0,0,0,0,133,417,426,162,24,8,0,2,8248,0,0,0,0,0,133,359,351,134
6894,0,4096,5888,5632,5376,5120,4864,4608,4352,0,0,0,0,0,41080,0,65535,109,0,5888,645,508,225,105,16,0,0,14,8192,0,0,0,0,0,131,555,338,646,16,0,1024,12,8192,0,0,0,0,0,132,577,521,205,24,0,0,10,8192,0,0,0,0,0,132,496,304,657,24,2,0,8,8248,0,0,0,0,0,133,356,903,451,24,4,0,6,8248,0,0,0,0,0,133,594,664,275,24,6,0,4,8248,0,0,0,0,0,133,401,420,160,24,8,0,2,8248,0,0,0,0,0,133,359,346,132
6898,0,4096,5888,5632,5376,5120,4864,4608,4352,0,0,0,0,0,41080,0,65535,103,0,5888,645,506,217,104,16,0,0,14,8192,0,0,0,0,0,131,554,346,643,16,0,1024,12,8192,0,0,0,0,0,132,576,513,201,24,0,0,10,8192,0,0,0,0,0,132,528,311,654,24,2,0,8,8248,0,0,0,0,0,133,356,900,446,24,4,0,6,8248,0,0,0,0,0,133,592,655,270,24,6,0,4,8248,0,0,0,0,0,133,385,414,158,24,8,0,2,8248,0,0,0,0,0,133,359,341,130
6902,0,4096,5888,5632,5376,5120,4864,4608,4352,0,0,0,0,0,41080,0,65535,97,0,5888,645,504,209,103,16,0,0,14,8192,0,0,0,0,0,131,553,354,641,16,0,1024,12,8192,0,0,0,0,0,132,560,505,197,24,0,0,10,8192,0,0,0,0,0,132,512,319,652,24,2,0,8,8248,0,0,0,0,0,133,356,897,442,24,4,0,6,8248,0,0,0,0,0,133,590,647,266,24,6,0,4,8248,0,0,0,0,0,133,369,408,156,24,8,0,2,8248,0,0,0,0,0,133,359,336,128
6906,0,4096,5888,5632,5376,5120,4864,4608,4352,0,0,0,0,0,41080,0,65535,91,0,5888,645,519,201,104,16,0,0,14,8192,0,0,0,0,0,131,552,363,638,16,0,1024,12,8192,0,0,0,0,0,132,589,497,193,24,0,0,10,8192,0,0,0,0,0,132,496,327,650,24,2,0,8,8248,0,0,0,0,0,133,356,893,438,24,4,0,6,8248,0,0,0,0,0,133,588,639,263,24,6,0,4,8248,0,0,0,0,0,133,369,403,154,24,8,0,2,8248,0,0,0,0,0,133,359,331,126
6910,0,4096,5888,5632,5376,5120,4864,4608,4352,0,0,0,0,0,41080,0,65535,87,0,5888,8837,517,193,106,16,0,0,14,8192,0,0,0,0,0,131,551,371,635,16,0,1024,12,8192,0,0,0,0,0,132,588,489,189,24,0,0,10,8192,0,0,0,0,0,132,528,334,648,24,2,0,8,8248,0,0,0,0,0,133,356,889,433,24,4,0,6,8248,0,0,0,0,0,133,586,631,259,24,6,0,4,8248,0,0,0,0,0,133,369,397,152,24,8,0,2,8248,0,0,0,0,0,133,359,326,124
6914,0,4096,5888,5632,5376,5120,4864,4608,4352,0,0,0,0,0,41080,0,65535,81,0,5888,8837,515,186,108,16,0,0,14,8192,0,0,0,0,0,131,550,379,633,16,0,1024,12,8192,0,0,0,0,0,132,572,481,184,24,0,0,10,8192,0,0,0,0,0,132,512,342,645,24,2,0,8,8248,0,0,0,0,0,133,356,886,429,24,4,0,6,8248,0,0,0,0,0,133,585,623,255,24,6,0,4,8248,0,0,0,0,0,133,369,392,150,24,8,0,2,8248,0,0,0,0,0,133,359,321,122
6918,0,4096,5888,5632,5376,5120,4864,4608,4352,0,0,0,0,0,41080,0,65535,76,0,5888,17029,513,178,111,16,0,0,14,8192,0,0,0,0,0,131,549,388,631,16,0,1024,12,8192,0,0,0,0,0,132,556,473,181,24,0,0,10,8192,0,0,0,0,0,132,496,350,643,24,2,0,8,8248,0,0,0,0,0,133,356,883,425,24,4,0,6,8248,0,0,0,0,0,133,584,614,251,24,6,0,4,8248,0,0,0,0,0,133,369,387,148,24,8,0,2,8248,0,0,0,0,0,133,359,315,122
6922,0,4096,5888,5632,5376,5120,4864,4608,4352,0,0,0,0,0,41080,0,65535,68,0,5888,17029,511,171,114,16,0,0,14,8192,0,0,0,0,0,131,563,396,628,16,0,1024,12,8192,0,0,0,0,0,132,585,465,177,24,0,0,10,8192,0,0,0,0,0,132,528,357,640,24,2,0,8,8248,0,0,0,0,0,133,356,879,420,24,4,0,6,8248,0,0,0,0,0,133,610,606,247,24,6,0,4,8248,0,0,0,0,0,133,369,381,146,24,8,0,2,8248,0,0,0,0,0,133,359,310,120
6926,0,4096,5888,5632,5376,5120,4864,4608,4352,0,0,0,0,0,41080,0,65535,65,0,5888,17029,509,163,116,16,0,0,14,8192,0,0,0,0,0,131,547,404,625,16,0,1024,12,8192,0,0,0,0,0,132,572,457,173,24,0,0,10,8192,0,0,0,0,0,132,512,365,637,24,2,0,8,8248,0,0,0,0,0,133,356,875,416,24,4,0,6,8248,0,0,0,0,0,133,594,598,243,24,6,0,4,8248,0,0,0,0,0,133,369,376,144,24,8,0,2,8248,0,0,0,0,0,133,359,304,119
6930,0,4096,5888,5632,5376,5120,4864,4608,4352,0,0,0,0,0,41080,0,65535,60,0,5888,17029,507,155,118,16,0,0,14,8192,0,0,0,0,0,131,531,412,623,16,0,1024,12,8192,0,0,0,0,0,132,552,449,170,24,0,0,10,8192,0,0,0,0,0,132,496,372,635,24,2,0,8,8248,0,0,0,0,0,133,356,872,412,24,4,0,6,8248,0,0,0,0,0,133,592,589,238,24,6,0,4,8248,0,0,0,0,0,133,369,371,141,24,8,0,2,8248,0,0,0,0,0,133,359,299,118
6934,0,4096,5888,5632,5376,5120,4864,4608,4352,0,0,0,0,0,41080,0,65535,53,0,5888,17029,505,148,120,16,0,0,14,8192,0,0,0,0,0,131,515,421,622,16,0,1024,12,8192,0,0,0,0,0,132,536,441,167,24,0,0,10,8192,0,0,0,0,0,132,528,380,633,24,2,0,8,8248,0,0,0,0,0,133,356,868,407,24,4,0,6,8248,0,0,0,0,0,133,590,581,235,24,6,0,4,8248,0,0,0,0,0,133,369,365,140,24,8,0,2,8248,0,0,0,0,0,133,359,293,117
6938,0,4096,5888,5632,5376,5120,4864,4608,4352,0,0,0,0,0,41080,0,65535,48,0,5888,17029,503,141,124,16,0,0,14,8192,0,0,0,0,0,131,499,428,622,16,0,1024,12,8192,0,0,0,0,0,132,520,433,164,24,0,0,10,8192,0,0,0,0,0,132,512,388,631,24,2,0,8,8248,0,0,0,0,0,133,356,865,403,24,4,0,6,8248,0,0,0,0,0,133,574,573,231,24,6,0,4,8248,0,0,0,0,0,133,369,360,138,24,8,0,2,8248,0,0,0,0,0,133,359,288,116
6942,0,4096,5888,5632,5376,5120,4864,4608,4352,0,0,0,0,0,41080,0,65535,42,0,5888,25221,518,134,128,16,0,0,14,8192,0,0,0,0,0,131,483,436,623,16,0,1024,12,8192,0,0,0,0,0,132,504,425,161,24,0,0,10,8192,0,0,0,0,0,132,496,395,628,24,2,0,8,8248,0,0,0,0,0,133,388,861,399,24,4,0,6,8248,0,0,0,0,0,133,558,565,227,24,6,0,4,8248,0,0,0,0,0,133,369,354,136,24,8,0,2,8248,0,0,0,0,0,133,359,283,115
6946,0,4096,5888,5632,5376,5120,4864,4608,4352,0,0,0,0,0,41080,0,65535,37,0,5888,25221,516,127,133,16,0,0,14,8192,0,0,0,0,0,131,467,443,624,16,0,1024,12,8192,0,0,0,0,0,132,488,418,158,24,0,0,10,8192,0,0,0,0,0,132,524,403,626,24,2,0,8,8248,0,0,0,0,0,133,442,857,394,24,4,0,6,8248,0,0,0,0,0,133,542,557,223,24,6,0,4,8248,0,0,0,0,0,133,369,349,134,24,8,0,2,8248,0,0,0,0,0,133,359,277,114
6950,0,4096,5888,5632,5376,5120,4864,4608,4352,0,0,0,0,0,41080,0,65535,32,0,5888,33413,514,122,138,16,0,0,14,8192,0,0,0,0,0,131,467,451,624,16,0,1024,12,8192,0,0,0,0,0,132,472,411,155,24,0,0,10,8192,0,0,0,0,0,132,492,411,624,24,2,0,8,8248,0,0,0,0,0,133,492,851,389,24,4,0,6,8248,0,0,0,0,0,133,526,550,219,24,6,0,4,8248,0,0,0,0,0,133,369,343,132,24,8,0,2,8248,0,0,0,0,0,133,359,272,112
6954,0,4096,5888,5632,5376,5120,4864,4608,4352,0,0,0,0,0,41080,0,65535,26,0,5888,33413,512,117,145,16,0,0,14,8192,0,0,0,0,0,131,467,458,624,16,0,1024,12,8192,0,0,0,0,0,132,456,404,153,24,0,0,10,8192,0,0,0,0,0,132,460,418,622,24,2,0,8,8248,0,0,0,0,0,133,538,845,385,24,4,0,6,8248,0,0,0,0,0,133,525,542,216,24,6,0,4,8248,0,0,0,0,0,133,369,338,129,24,8,0,2,8248,0,0,0,0,0,133,359,267,111
6958,0,4096,5888,5632,5376,5120,4864,4608,4352,0,0,0,0,0,41080,0,65535,21,0,5888,41605,510,113,152,16,0,0,14,8192,0,0,0,0,0,131,467,465,624,16,0,1024,12,8192,0,0,0,0,0,132,488,398,150,24,0,0,10,8192,0,0,0,0,0,132,444,425,622,24,2,0,8,8248,0,0,0,0,0,133,537,838,380,24,4,0,6,8248,0,0,0,0,0,133,524,535,213,24,6,0,4,8248,0,0,0,0,0,133,369,333,127,24,8,0,2,8248,0,0,0,0,0,133,359,261,110
6962,0,4096,5888,5632,5376,5120,4864,4608,4352,0,0,0,0,0,41080,0,65535,15,0,5888,41605,508,110,159,16,0,0,14,8192,0,0,0,0,0,131,467,472,624,16,0,1024,12,8192,0,0,0,0,0,132,488,390,148,24,0,0,10,8192,0,0,0,0,0,132,428,432,622,24,2,0,8,8248,0,0,0,0,0,133,521,831,375,24,4,0,6,8248,0,0,0,0,0,133,523,528,209,24,6,0,4,8248,0,0,0,0,0,133,369,327,125,24,8,0,2,8248,0,0,0,0,0,133,359,256,110
6966,0,4096,5888,5632,5376,5120,4864,4608,4352,0,0,0,0,0,41080,0,65535,10,0,5888,41605,506,107,167,16,0,0,14,8192,0,0,0,0,0,131,467,479,624,16,0,1024,12,8192,0,0,0,0,0,132,472,383,145,24,0,0,10,8192,0,0,0,0,0,132,412,439,623,24,2,0,8,8248,0,0,0,0,0,133,535,824,371,24,4,0,6,8248,0,0,0,0,0,133,523,520,205,24,6,0,4,8248,0,0,0,0,0,133,369,322,124,24,8,0,2,8248,0,0,0,0,0,133,359,250,109
6970,0,4096,5888,5632,5376,5120,4864,4608,4352,0,0,0,0,0,41080,0,65535,4,0,5888,41605,504,105,174,16,0,0,14,8192,0,0,0,0,0,131,467,487,624,16,0,1024,12,8192,0,0,0,0,0,132,456,377,142,24,0,0,10,8192,0,0,0,0,0,132,396,445,624,24,2,0,8,8248,0,0,0,0,0,133,534,818,365,24,4,0,6,8248,0,0,0,0,0,133,523,513,202,24,6,0,4,8248,0,0,0,0,0,133,369,316,123,24,8,0,2,8248,0,0,0,0,0,133,359,245,108
6974,0,4096,5888,5632,5376,5120,4864,4608,4352,0,0,0,0,0,41080,0,65535,1,0,5888,41605,519,102,182,16,0,0,14,8192,0,0,0,0,0,131,467,494,624,16,0,1024,12,8192,0,0,0,0,0,132,488,370,139,24,0,0,10,8192,0,0,0,0,0,132,380,451,625,24,2,0,8,8248,0,0,0,0,0,133,548,811,360,24,4,0,6,8248,0,0,0,0,0,133,523,506,199,24,6,0,4,8248,0,0,0,0,0,133,369,310,122,24,8,0,2,8248,0,0,0,0,0,133,359,239,108
6978,0,4096,5888,5632,5376,5120,4864,4608,4352,0,0,0,0,0,41080,0,65535,6,0,5888,41605,517,99,189,16,0,0,14,8192,0,0,0,0,0,131,467,501,625,16,0,1024,12,8192,0,0,0,0,0,132,488,363,137,24,0,0,10,8192,0,0,0,0,0,132,364,457,625,24,2,0,8,8248,0,0,0,0,0,133,592,804,355,24,4,0,6,8248,0,0,0,0,0,133,523,498,195,24,6,0,4,8248,0,0,0,0,0,133,369,304,120,24,8,0,2,8248,0,0,0,0,0,133,359,234,107
6982,0,4096,5888,5632,5376,5120,4864,4608,4352,0,0,0,0,0,41080,0,65535,12,0,5888,49797,515,96,196,16,0,0,14,8192,0,0,0,0,0,131,467,508,625,16,0,1024,12,8192,0,0,0,0,0,132,472,355,134,24,0,0,10,8192,0,0,0,0,0,132,348,462,625,24,2,0,8,8248,0,0,0,0,0,133,591,796,350,24,4,0,6,8248,0,0,0,0,0,133,523,491,192,24,6,0,4,8248,0,0,0,0,0,133,369,299,119,24,8,0,2,8248,0,0,0,0,0,133,359,228,106
6986,0,4096,5888,5632,5376,5120,4864,4608,4352,0,0,0,0,0,41080,0,65535,17,0,5888,49797,513,94,204,16,0,0,14,8192,0,0,0,0,0,131,467,515,627,16,0,1024,12,8192,0,0,0,0,0,132,456,349,132,24,0,0,10,8192,0,0,0,0,0,132,348,468,625,24,2,0,8,8248,0,0,0,0,0,133,575,788,345,24,4,0,6,8248,0,0,0,0,0,133,523,484,188,24,6,0,4,8248,0,0,0,0,0,133,369,293,118,24,8,0,2,8248,0,0,0,0,0,133,359,223,105
6990,0,4096,5888,5632,5376,5120,4864,4608,4352,0,0,0,0,0,41080,0,65535,22,0,5888,57989,511,92,212,16,0,0,14,8192,0,0,0,0,0,131,467,522,630,16,0,1024,12,8192,0,0,0,0,0,132,488,342,129,24,0,0,10,8192,0,0,0,0,0,132,348,473,625,24,2,0,8,8248,0,0,0,0,0,133,574,781,341,24,4,0,6,8248,0,0,0,0,0,133,523,477,184,24,6,0,4,8248,0,0,0,0,0,133,369,287,117,24,8,0,2,8248,0,0,0,0,0,133,343,217,104
6994,0,4096,5888,5632,5376,5120,4864,4608,4352,0,0,0,0,0,41080,0,65535,27,0,5888,57989,509,92,220,16,0,0,14,8192,0,0,0,0,0,131,467,528,633,16,0,1024,12,8192,0,0,0,0,0,132,488,335,126,24,0,0,10,8192,0,0,0,0,0,132,348,478,625,24,2,0,8,8248,0,0,0,0,0,133,573,773,336,24,4,0,6,8248,0,0,0,0,0,133,523,469,181,24,6,0,4,8248,0,0,0,0,0,133,369,282,116,24,8,0,2,8248,0,0,0,0,0,133,327,212,104
6998,0,4096,5888,5632,5376,5120,4864,4608,4352,0,0,0,0,0,41080,0,65535,32,0,5888,57989,507,91,228,16,0,0,14,8192,0,0,0,0,0,131,467,534,637,16,0,1024,12,8192,0,0,0,0,0,132,472,328,123,24,0,0,10,8192,0,0,0,0,0,132,348,484,625,24,2,0,8,8248,0,0,0,0,0,133,600,765,331,24,4,0,6,8248,0,0,0,0,0,133,523,462,177,24,6,0,4,8248,0,0,0,0,0,133,369,276,114,24,8,0,2,8248,0,0,0,0,0,133,311,207,104
7002,0,4096,5888,5632,5376,5120,4864,4608,4352,0,0,0,0,0,41080,0,65535,38,0,5888,57989,505,90,236,16,0,0,14,8192,0,0,0,0,0,131,467,540,641,16,0,1024,12,8192,0,0,0,0,0,132,456,321,121,24,0,0,10,8192,0,0,0,0,0,132,348,489,625,24,2,0,8,8248,0,0,0,0,0,133,598,757,326,24,4,0,6,8248,0,0,0,0,0,133,491,455,174,24,6,0,4,8248,0,0,0,0,0,133,369,270,113,24,8,0,2,8248,0,0,0,0,0,133,295,202,105
7006,0,4096,5888,5632,5376,5120,4864,4608,4352,0,0,0,0,0,41080,0,65535,43,0,5888,57989,503,89,244,16,0,0,14,8192,0,0,0,0,0,131,467,545,646,16,0,1024,12,8192,0,0,0,0,0,132,488,314,120,24,0,0,10,8192,0,0,0,0,0,132,348,494,625,24,2,0,8,8248,0,0,0,0,0,133,582,749,322,24,4,0,6,8248,0,0,0,0,0,133,463,448,171,24,6,0,4,8248,0,0,0,0,0,133,369,265,112,24,8,0,2,8248,0,0,0,0,0,133,279,198,106
7010,0,4096,5888,5632,5376,5120,4864,4608,4352,0,0,0,0,0,41080,0,65535,46,0,5888,57989,518,89,252,16,0,0,14,8192,0,0,0,0,0,131,467,551,651,16,0,1024,12,8192,0,0,0,0,0,132,488,306,118,24,0,0,10,8192,0,0,0,0,0,132,348,500,625,24,2,0,8,8248,0,0,0,0,0,133,580,742,317,24,4,0,6,8248,0,0,0,0,0,133,447,441,169,24,6,0,4,8248,0,0,0,0,0,133,369,259,110,24,8,0,2,8248,0,0,0,0,0,133,263,194,108
7014,0,4096,5888,5632,5376,5120,4864,4608,4352,0,0,0,0,0,41080,0,65535,51,0,5888,645,516,88,260,16,0,0,14,8192,0,0,0,0,0,131,467,555,656,16,0,1024,12,8192,0,0,0,0,0,132,472,299,117,24,0,0,10,8192,0,0,0,0,0,132,348,505,625,24,2,0,8,8248,0,0,0,0,0,133,578,734,312,24,4,0,6,8248,0,0,0,0,0,133,431,435,166,24,6,0,4,8248,0,0,0,0,0,133,369,254,109,24,8,0,2,8248,0,0,0,0,0,133,259,190,109
7018,0,4096,5888,5632,5376,5120,4864,4608,4352,0,0,0,0,0,41080,0,65535,54,0,5888,645,514,87,268,16,0,0,14,8192,0,0,0,0,0,131,467,560,662,16,0,1024,12,8192,0,0,0,0,0,132,456,292,115,24,0,0,10,8192,0,0,0,0,0,132,348,510,626,24,2,0,8,8248,0,0,0,0,0,133,577,726,308,24,4,0,6,8248,0,0,0,0,0,133,415,429,164,24,6,0,4,8248,0,0,0,0,0,133,369,248,108,24,8,0,2,8248,0,0,0,0,0,133,255,186,110
7022,0,4096,5888,5632,5376,5120,4864,4608,4352,0,0,0,0,0,41080,0,65535,58,0,5888,8837,512,85,276,16,0,0,14,8192,0,0,0,0,0,131,467,565,667,16,0,1024,12,8192,0,0,0,0,0,132,488,285,114,24,0,0,10,8192,0,0,0,0,0,132,348,515,627,24,2,0,8,8248,0,0,0,0,0,133,576,718,303,24,4,0,6,8248,0,0,0,0,0,133,399,423,162,24,6,0,4,8248,0,0,0,0,0,133,369,242,108,24,8,0,2,8248,0,0,0,0,0,133,275,183,112
7026,0,4096,5888,5632,5376,5120,4864,4608,4352,0,0,0,0,0,41080,0,65535,62,0,5888,8837,510,84,283,16,0,0,14,8192,0,0,0,0,0,131,467,569,673,16,0,1024,12,8192,0,0,0,0,0,132,488,277,112,24,0,0,10,8192,0,0,0,0,0,132,348,520,629,24,2,0,8,8248,0,0,0,0,0,133,575,711,298,24,4,0,6,8248,0,0,0,0,0,133,383,417,159,24,6,0,4,8248,0,0,0,0,0,133,369,236,107,24,8,0,2,8248,0,0,0,0,0,133,259,179,113
7030,0,4096,5888,5632,5376,5120,4864,4608,4352,0,0,0,0,0,41080,0,65535,64,0,5888,8837,508,82,291,16,0,0,14,8192,0,0,0,0,0,131,467,574,678,16,0,1024,12,8192,0,0,0,0,0,132,472,270,111,24,0,0,10,8192,0,0,0,0,0,132,348,525,631,24,2,0,8,8248,0,0,0,0,0,133,574,703,293,24,4,0,6,8248,0,0,0,0,0,133,367,411,157,24,6,0,4,8248,0,0,0,0,0,133,369,231,106,24,8,0,2,8248,0,0,0,0,0,133,255,175,114
7034,0,4096,5888,5632,5376,5120,4864,4608,4352,0,0,0,0,0,41080,0,65535,68,0,5888,8837,506,80,299,16,0,0,14,8192,0,0,0,0,0,131,467,579,684,16,0,1024,12,8192,0,0,0,0,0,132,456,263,109,24,0,0,10,8192,0,0,0,0,0,132,348,530,634,24,2,0,8,8248,0,0,0,0,0,133,573,695,289,24,4,0,6,8248,0,0,0,0,0,133,367,406,155,24,6,0,4,8248,0,0,0,0,0,133,369,225,105,24,8,0,2,8248,0,0,0,0,0,133,275,171,115
7038,0,4096,5888,5632,5376,5120,4864,4608,4352,0,0,0,0,0,41080,0,65535,72,0,5888,8837,504,78,307,16,0,0,14,8192,0,0,0,0,0,131,467,584,689,16,0,1024,12,8192,0,0,0,0,0,132,488,255,108,24,0,0,10,8192,0,0,0,0,0,132,348,534,637,24,2,0,8,8248,0,0,0,0,0,133,600,687,285,24,4,0,6,8248,0,0,0,0,0,133,367,401,153,24,6,0,4,8248,0,0,0,0,0,133,353,219,104,24,8,0,2,8248,0,0,0,0,0,133,259,167,116
7042,0,4096,5888,5632,5376,5120,4864,4608,4352,0,0,0,0,0,41080,0,65535,78,0,5888,8837,519,76,314,16,0,0,14,8192,0,0,0,0,0,131,467,588,694,16,0,1024,12,8192,0,0,0,0,0,132,488,248,107,24,0,0,10,8192,0,0,0,0,0,132,348,538,641,24,2,0,8,8248,0,0,0,0,0,133,598,678,281,24,4,0,6,8248,0,0,0,0,0,133,367,395,152,24,6,0,4,8248,0,0,0,0,0,133,337,214,104,24,8,0,2,8248,0,0,0,0,0,133,255,163,117
7046,0,4096,5888,5632,5376,5120,4864,4608,4352,0,0,0,0,0,41080,0,65535,82,0,5888,17029,517,76,322,16,0,0,14,8192,0,0,0,0,0,131,467,594,699,16,0,1024,12,8192,0,0,0,0,0,132,472,240,106,24,0,0,10,8192,0,0,0,0,0,132,348,542,645,24,2,0,8,8248,0,0,0,0,0,133,582,670,278,24,4,0,6,8248,0,0,0,0,0,133,367,390,149,24,6,0,4,8248,0,0,0,0,0,133,321,209,104,24,8,0,2,8248,0,0,0,0,0,133,275,159,118
7050,0,4096,5888,5632,5376,5120,4864,4608,4352,0,0,0,0,0,41080,0,65535,87,0,5888,17029,515,76,330,16,0,0,14,8192,0,0,0,0,0,131,515,599,704,16,0,1024,12,8192,0,0,0,0,0,132,456,233,105,24,0,0,10,8192,0,0,0,0,0,132,348,546,648,24,2,0,8,8248,0,0,0,0,0,133,580,662,274,24,4,0,6,8248,0,0,0,0,0,133,367,385,147,24,6,0,4,8248,0,0,0,0,0,133,305,204,105,24,8,0,2,8248,0,0,0,0,0,133,323,154,119
7054,0,4096,5888,5632,5376,5120,4864,4608,4352,0,0,0,0,0,41080,0,65535,91,0,5888,25221,513,77,338,16,0,0,14,8192,0,0,0,0,0,131,559,605,711,16,0,1024,12,8192,0,0,0,0,0,132,488,226,104,24,0,0,10,8192,0,0,0,0,0,132,348,550,652,24,2,0,8,8248,0,0,0,0,0,133,578,654,269,24,4,0,6,8248,0,0,0,0,0,133,367,380,145,24,6,0,4,8248,0,0,0,0,0,133,289,199,106,24,8,0,2,8248,0,0,0,0,0,133,355,149,120
7058,0,4096,5888,5632,5376,5120,4864,4608,4352,0,0,0,0,0,41080,0,65535,97,0,5888,25221,511,77,346,16,0,0,14,8192,0,0,0,0,0,131,558,610,718,16,0,1024,12,8192,0,0,0,0,0,132,488,218,103,24,0,0,10,8192,0,0,0,0,0,132,348,553,656,24,2,0,8,8248,0,0,0,0,0,133,577,646,265,24,4,0,6,8248,0,0,0,0,0,133,367,374,143,24,6,0,4,8248,0,0,0,0,0,133,273,195,107,24,8,0,2,8248,0,0,0,0,0,133,355,144,123
7062,0,4096,5888,5632,5376,5120,4864,4608,4352,0,0,0,0,0,41080,0,65535,102,0,5888,25221,509,78,354,16,0,0,14,8192,0,0,0,0,0,131,557,614,725,16,0,1024,12,8192,0,0,0,0,0,132,460,211,102,24,0,0,10,8192,0,0,0,0,0,132,348,557,660,24,2,0,8,8248,0,0,0,0,0,133,576,637,262,24,4,0,6,8248,0,0,0,0,0,133,367,369,141,24,6,0,4,8248,0,0,0,0,0,133,273,191,108,24,8,0,2,8248,0,0,0,0,0,133,355,139,125
7066,0,4096,5888,5632,5376,5120,4864,4608,4352,0,0,0,0,0,41080,0,65535,106,0,5888,25221,507,79,362,16,0,0,14,8192,0,0,0,0,0,131,556,618,733,16,0,1024,12,8192,0,0,0,0,0,132,428,204,101,24,0,0,10,8192,0,0,0,0,0,132,348,561,664,24,2,0,8,8248,0,0,0,0,0,133,575,629,258,24,4,0,6,8248,0,0,0,0,0,133,367,364,139,24,6,0,4,8248,0,0,0,0,0,133,273,187,110,24,8,0,2,8248,0,0,0,0,0,133,355,135,129
7070,0,4096,5888,5632,5376,5120,4864,4608,4352,0,0,0,0,0,41080,0,65535,111,0,5888,25221,505,79,370,16,0,0,14,8192,0,0,0,0,0,131,555,623,740,16,0,1024,12,8192,0,0,0,0,0,132,396,197,102,24,0,0,10,8192,0,0,0,0,0,132,348,564,667,24,2,0,8,8248,0,0,0,0,0,133,574,621,254,24,4,0,6,8248,0,0,0,0,0,133,367,359,137,24,6,0,4,8248,0,0,0,0,0,133,273,183,111,24,8,0,2,8248,0,0,0,0,0,133,355,131,132
7074,0,4096,5888,5632,5376,5120,4864,4608,4352,0,0,0,0,0,41080,0,65535,116,0,5888,25221,503,80,378,16,0,0,14,8192,0,0,0,0,0,131,554,628,747,16,0,1024,12,8192,0,0,0,0,0,132,364,192,103,24,0,0,10,8192,0,0,0,0,0,132,348,568,671,24,2,0,8,8248,0,0,0,0,0,133,573,613,250,24,4,0,6,8248,0,0,0,0,0,133,367,353,135,24,6,0,4,8248,0,0,0,0,0,133,273,179,113,24,8,0,2,8248,0,0,0,0,0,133,355,127,136
7078,0,4096,5888,5632,5376,5120,4864,4608,4352,0,0,0,0,0,41080,0,65535,121,0,5888,33413,518,80,386,16,0,0,14,8192,0,0,0,0,0,131,553,632,755,16,0,1024,12,8192,0,0,0,0,0,132,344,186,104,24,0,0,10,8192,0,0,0,0,0,132,348,571,676,24,2,0,8,8248,0,0,0,0,0,133,600,605,246,24,4,0,6,8248,0,0,0,0,0,133,367,348,134,24,6,0,4,8248,0,0,0,0,0,133,273,175,114,24,8,0,2,8248,0,0,0,0,0,133,355,123,140
7082,0,4096,5888,5632,5376,5120,4864,4608,4352,0,0,0,0,0,41080,0,65535,124,0,5888,33413,516,79,394,16,0,0,14,8192,0,0,0,0,0,131,552,637,762,16,0,1024,12,8192,0,0,0,0,0,132,328,181,106,24,0,0,10,8192,0,0,0,0,0,132,348,574,680,24,2,0,8,8248,0,0,0,0,0,133,598,596,242,24,4,0,6,8248,0,0,0,0,0,133,367,343,131,24,6,0,4,8248,0,0,0,0,0,133,273,171,115,24,8,0,2,8248,0,0,0,0,0,133,355,120,144
7086,0,4096,5888,5632,5376,5120,4864,4608,4352,0,0,0,0,0,41080,0,65535,131,0,5888,41605,514,79,402,16,0,0,14,8192,0,0,0,0,0,131,551,642,769,16,0,1024,12,8192,0,0,0,0,0,132,312,177,108,24,0,0,10,8192,0,0,0,0,0,132,348,578,684,24,2,0,8,8248,0,0,0,0,0,133,582,588,237,24,4,0,6,8248,0,0,0,0,0,133,367,338,129,24,6,0,4,8248,0,0,0,0,0,133,273,166,116,24,8,0,2,8248,0,0,0,0,0,133,405,117,149
7090,0,4096,5888,5632,5376,5120,4864,4608,4352,0,0,0,0,0,41080,0,65535,131,0,5888,41605,512,80,410,16,0,0,14,8192,0,0,0,0,0,131,550,646,777,16,0,1024,12,8192,0,0,0,0,0,132,296,172,110,24,0,0,10,8192,0,0,0,0,0,132,348,582,687,24,2,0,8,8248,0,0,0,0,0,133,580,580,234,24,4,0,6,8248,0,0,0,0,0,133,367,332,127,24,6,0,4,8248,0,0,0,0,0,133,273,162,117,24,8,0,2,8248,0,0,0,0,0,133,461,114,155
7094,0,4096,5888,5632,5376,5120,4864,4608,4352,0,0,0,0,0,41080,0,65535,136,0,5888,49797,510,81,418,16,0,0,14,8192,0,0,0,0,0,131,549,650,785,16,0,1024,12,8192,0,0,0,0,0,132,280,168,112,24,0,0,10,8192,0,0,0,0,0,132,348,585,692,24,2,0,8,8248,0,0,0,0,0,133,578,572,230,24,4,0,6,8248,0,0,0,0,0,133,367,327,125,24,6,0,4,8248,0,0,0,0,0,133,273,158,118,24,8,0,2,8248,0,0,0,0,0,133,509,111,162
7098,0,4096,5888,5632,5376,5120,4864,4608,4352,0,0,0,0,0,41080,0,65535,146,0,5888,49797,508,81,426,16,0,0,14,8192,0,0,0,0,0,131,563,655,792,16,0,1024,12,8192,0,0,0,0,0,132,264,165,115,24,0,0,10,8192,0,0,0,0,0,132,348,589,696,24,2,0,8,8248,0,0,0,0,0,133,562,563,226,24,4,0,6,8248,0,0,0,0,0,133,367,322,123,24,6,0,4,8248,0,0,0,0,0,133,305,154,119,24,8,0,2,8248,0,0,0,0,0,133,541,108,170
7102,0,4096,5888,5632,5376,5120,4864,4608,4352,0,0,0,0,0,41080,0,153,91,5888,5632,49797,506,80,434,16,0,0,14,8192,0,0,0,0,0,131,562,660,799,16,0,1024,12,8192,0,0,0,0,0,132,248,161,116,24,0,0,10,8192,0,0,0,0,0,132,348,593,699,24,2,0,8,8248,0,0,0,0,0,133,546,556,222,24,4,0,6,8248,0,0,0,0,0,133,367,316,123,24,6,0,4,8248,0,0,0,0,0,133,353,149,120,24,8,0,2,8248,0,0,0,0,0,133,525,105,178
7106,0,4096,5888,5632,5376,5120,4864,4608,4352,0,0,0,0,0,41080,0,159,96,5888,5632,49797,504,78,442,16,0,0,14,8192,0,0,0,0,0,131,561,665,806,16,0,1024,12,8192,0,0,0,0,0,132,232,157,117,24,0,0,10,8192,0,0,0,0,0,132,398,597,703,24,2,0,8,8248,0,0,0,0,0,133,530,548,219,24,4,0,6,8248,0,0,0,0,0,133,367,311,121,24,6,0,4,8248,0,0,0,0,0,133,369,144,122,24,8,0,2,8248,0,0,0,0,0,133,509,102,185
7110,0,4096,5888,5632,5376,5120,4864,4608,4352,0,0,0,0,0,41080,0,165,102,5888,5632,49797,519,77,450,16,0,0,14,8192,0,0,0,0,0,131,560,670,813,16,0,1024,12,8192,0,0,0,0,0,132,252,154,118,24,0,0,10,8192,0,0,0,0,0,132,454,601,709,24,2,0,8,8248,0,0,0,0,0,133,514,541,215,24,4,0,6,8248,0,0,0,0,0,133,367,305,120,24,6,0,4,8248,0,0,0,0,0,133,369,138,125,24,8,0,2,8248,0,0,0,0,0,133,541,99,193
7114,0,4096,5888,5632,5376,5120,4864,4608,4352,0,0,0,0,0,41080,0,169,108,5888,5632,49797,517,78,458,16,0,0,14,8192,0,0,0,0,0,131,559,674,821,16,0,1024,12,8192,0,0,0,0,0,132,296,150,120,24,0,0,10,8192,0,0,0,0,0,132,502,605,715,24,2,0,8,8248,0,0,0,0,0,133,514,533,212,24,4,0,6,8248,0,0,0,0,0,133,367,299,119,24,6,0,4,8248,0,0,0,0,0,133,369,134,129,24,8,0,2,8248,0,0,0,0,0,133,525,96,201
7118,0,4096,5888,5632,5376,5120,4864,4608,4352,0,0,0,0,0,41080,0,176,113,5888,5632,57989,515,79,466,16,0,0,14,8192,0,0,0,0,0,131,558,680,827,16,0,1024,12,8192,0,0,0,0,0,132,344,145,122,24,0,0,10,8192,0,0,0,0,0,132,502,609,721,24,2,0,8,8248,0,0,0,0,0,133,514,526,208,24,4,0,6,8248,0,0,0,0,0,133,367,294,118,24,6,0,4,8248,0,0,0,0,0,133,369,129,132,24,8,0,2,8248,0,0,0,0,0,133,509,94,209
7122,0,4096,5888,5632,5376,5120,4864,4608,4352,0,0,0,0,0,41080,0,182,118,5888,5632,57989,513,80,474,16,0,0,14,8192,0,0,0,0,0,131,557,686,833,16,0,1024,12,8192,0,0,0,0,0,132,392,140,125,24,0,0,10,8192,0,0,0,0,0,132,502,613,728,24,2,0,8,8248,0,0,0,0,0,133,514,519,205,24,4,0,6,8248,0,0,0,0,0,133,367,288,117,24,6,0,4,8248,0,0,0,0,0,133,369,125,136,24,8,0,2,8248,0,0,0,0,0,133,541,93,217
7126,0,4096,5888,5632,5376,5120,4864,4608,4352,0,0,0,0,0,41080,0,186,124,5888,5632,645,511,80,481,16,0,0,14,8192,0,0,0,0,0,131,556,693,839,16,0,1024,12,8192,0,0,0,0,0,132,446,135,128,24,0,0,10,8192,0,0,0,0,0,132,502,617,734,24,2,0,8,8248,0,0,0,0,0,133,514,511,202,24,4,0,6,8248,0,0,0,0,0,133,367,283,116,24,6,0,4,8248,0,0,0,0,0,133,369,121,141,24,8,0,2,8248,0,0,0,0,0,133,525,92,225
7130,0,4096,5888,5632,5376,5120,4864,4608,4352,0,0,0,0,0,41080,0,192,128,5888,5632,645,509,80,490,16,0,0,14,8192,0,0,0,0,0,131,555,699,845,16,0,1024,12,8192,0,0,0,0,0,132,496,130,133,24,0,0,10,8192,0,0,0,0,0,132,502,621,741,24,2,0,8,8248,0,0,0,0,0,133,514,504,198,24,4,0,6,8248,0,0,0,0,0,133,367,277,115,24,6,0,4,8248,0,0,0,0,0,133,369,118,146,24,8,0,2,8248,0,0,0,0,0,133,509,92,233
7134,0,4096,5888,5632,5376,5120,4864,4608,4352,0,0,0,0,0,41080,0,129,118,5632,4608,645,507,80,498,16,0,0,14,8192,0,0,0,0,0,131,554,706,851,16,0,1024,12,8192,0,0,0,0,0,132,496,124,139,24,0,0,10,8192,0,0,0,0,0,132,502,625,747,24,2,0,8,8248,0,0,0,0,0,133,514,497,195,24,4,0,6,8248,0,0,0,0,0,133,367,272,113,24,6,0,4,8248,0,0,0,0,0,133,401,115,151,24,8,0,2,8248,0,0,0,0,0,133,541,91,241
7138,0,4096,5888,5632,5376,5120,4864,4608,4352,0,0,0,0,0,41080,0,138,124,5632,4608,645,505,80,505,16,0,0,14,8192,0,0,0,0,0,131,553,712,856,16,0,1024,12,8192,0,0,0,0,0,132,480,119,145,24,0,0,10,8192,0,0,0,0,0,132,502,630,754,24,2,0,8,8248,0,0,0,0,0,133,514,490,191,24,4,0,6,8248,0,0,0,0,0,133,367,266,112,24,6,0,4,8248,0,0,0,0,0,133,455,112,157,24,8,0,2,8248,0,0,0,0,0,133,525,90,250
7142,0,4096,5888,5632,5376,5120,4864,4608,4352,0,0,0,0,0,41080,0,143,128,5632,4608,645,503,80,513,16,0,0,14,8192,0,0,0,0,0,131,552,719,862,16,0,1024,12,8192,0,0,0,0,0,132,512,114,151,24,0,0,10,8192,0,0,0,0,0,132,502,634,760,24,2,0,8,8248,0,0,0,0,0,133,514,483,187,24,4,0,6,8248,0,0,0,0,0,133,367,261,110,24,6,0,4,8248,0,0,0,0,0,133,505,109,164,24,8,0,2,8248,0,0,0,0,0,133,509,89,258
7146,0,4096,5888,5632,5376,5120,4864,4608,4352,0,0,0,0,0,41080,0,137,15,4608,5376,645,518,80,521,16,0,0,14,8192,0,0,0,0,0,131,551,725,868,16,0,1024,12,8192,0,0,0,0,0,132,557,110,158,24,0,0,10,8192,0,0,0,0,0,132,502,638,767,24,2,0,8,8248,0,0,0,0,0,133,514,475,184,24,4,0,6,8248,0,0,0,0,0,133,367,255,109,24,6,0,4,8248,0,0,0,0,0,133,550,107,171,24,8,0,2,8248,0,0,0,0,0,133,541,88,266
7150,0,4096,5888,5632,5376,5120,4864,4608,4352,0,0,0,0,0,41080,0,143,10,4608,5376,8837,516,80,529,16,0,0,14,8192,0,0,0,0,0,131,550,732,873,16,0,1024,12,8192,0,0,0,0,0,132,556,106,166,24,0,0,10,8192,0,0,0,0,0,132,502,643,773,24,2,0,8,8248,0,0,0,0,0,133,514,468,180,24,4,0,6,8248,0,0,0,0,0,133,367,250,108,24,6,0,4,8248,0,0,0,0,0,133,549,104,180,24,8,0,2,8248,0,0,0,0,0,133,525,87,274
7154,0,4096,5888,5632,5376,5120,4864,4608,4352,0,0,0,0,0,41080,0,158,4,5632,5376,8837,514,80,537,16,0,0,14,8192,0,0,0,0,0,131,549,739,878,16,0,1024,12,8192,0,0,0,0,0,132,585,103,174,24,0,0,10,8192,0,0,0,0,0,132,502,646,780,24,2,0,8,8248,0,0,0,0,0,133,514,461,177,24,4,0,6,8248,0,0,0,0,0,133,367,244,108,24,6,0,4,8248,0,0,0,0,0,133,533,101,188,24,8,0,2,8248,0,0,0,0,0,133,509,85,282
7158,0,4096,5888,5632,5376,5120,4864,4608,4352,0,0,0,0,0,41080,0,159,1,4608,5376,17029,512,80,545,16,0,0,14,8192,0,0,0,0,0,131,563,746,884,16,0,1024,12,8192,0,0,0,0,0,132,584,100,183,24,0,0,10,8192,0,0,0,0,0,132,502,650,787,24,2,0,8,8248,0,0,0,0,0,133,486,454,173,24,4,0,6,8248,0,0,0,0,0,133,367,239,107,24,6,0,4,8248,0,0,0,0,0,133,547,98,195,24,8,0,2,8248,0,0,0,0,0,133,541,84,290
7162,0,4096,5888,5632,5376,5120,4864,4608,4352,0,0,0,0,0,41080,0,171,7,5632,5376,17029,510,80,553,16,0,0,14,8192,0,0,0,0,0,131,562,753,889,16,0,1024,12,8192,0,0,0,0,0,132,568,97,191,24,0,0,10,8192,0,0,0,0,0,132,502,654,793,24,2,0,8,8248,0,0,0,0,0,133,466,447,171,24,4,0,6,8248,0,0,0,0,0,133,367,233,106,24,6,0,4,8248,0,0,0,0,0,133,546,95,203,24,8,0,2,8248,0,0,0,0,0,133,525,81,298
7166,0,4096,5888,5632,5376,5120,4864,4608,4352,0,0,0,0,0,41080,0,171,13,4608,5376,17029,508,80,561,16,0,0,14,8192,0,0,0,0,0,131,590,760,894,16,0,1024,12,8192,0,0,0,0,0,132,552,94,199,24,0,0,10,8192,0,0,0,0,0,132,502,659,799,24,2,0,8,8248,0,0,0,0,0,133,450,440,168,24,4,0,6,8248,0,0,0,0,0,133,367,227,105,24,6,0,4,8248,0,0,0,0,0,133,530,93,211,24,8,0,2,8248,0,0,0,0,0,133,524,79,306
7170,0,4096,5888,5632,5376,5120,4864,4608,4352,0,0,0,0,0,41080,0,187,18,5632,5376,17029,506,80,569,16,0,0,14,8192,0,0,0,0,0,131,588,769,898,16,0,1024,12,8192,0,0,0,0,0,132,581,91,207,24,0,0,10,8192,0,0,0,0,0,132,502,664,806,24,2,0,8,8248,0,0,0,0,0,133,434,433,166,24,4,0,6,8248,0,0,0,0,0,133,351,222,104,24,6,0,4,8248,0,0,0,0,0,133,529,91,220,24,8,0,2,8248,0,0,0,0,0,133,568,77,314
7174,0,4096,5888,5632,5376,5120,4864,4608,4352,0,0,0,0,0,41080,0,186,24,4608,5376,17029,504,80,577,16,0,0,14,8192,0,0,0,0,0,131,586,777,901,16,0,1024,12,8192,0,0,0,0,0,132,580,90,217,24,0,0,10,8192,0,0,0,0,0,132,502,668,812,24,2,0,8,8248,0,0,0,0,0,133,418,427,163,24,4,0,6,8248,0,0,0,0,0,133,335,217,104,24,6,0,4,8248,0,0,0,0,0,133,528,90,228,24,8,0,2,8248,0,0,0,0,0,133,597,75,323
7178,0,4096,5888,5632,5376,5120,4864,4608,4352,0,0,0,0,0,41080,0,198,28,5632,5376,17029,519,80,585,16,0,0,14,8192,0,0,0,0,0,131,584,786,903,16,0,1024,12,8192,0,0,0,0,0,132,564,89,225,24,0,0,10,8192,0,0,0,0,0,132,502,672,819,24,2,0,8,8248,0,0,0,0,0,133,402,421,161,24,4,0,6,8248,0,0,0,0,0,133,319,211,103,24,6,0,4,8248,0,0,0,0,0,133,527,89,236,24,8,0,2,8248,0,0,0,0,0,133,581,75,333
7182,0,4096,5888,5632,5376,5120,4864,4608,4352,0,0,0,0,0,41080,0,204,34,5632,5376,25221,517,80,593,16,0,0,14,8192,0,0,0,0,0,131,582,795,904,16,0,1024,12,8192,0,0,0,0,0,132,548,89,234,24,0,0,10,8192,0,0,0,0,0,132,502,677,825,24,2,0,8,8248,0,0,0,0,0,133,386,415,159,24,4,0,6,8248,0,0,0,0,0,133,303,207,104,24,6,0,4,8248,0,0,0,0,0,133,526,89,244,24,8,0,2,8248,0,0,0,0,0,133,580,75,342
7186,0,4096,5888,5632,5376,5120,4864,4608,4352,0,0,0,0,0,41080,0,208,38,5632,5376,25221,515,81,601,16,0,0,14,8192,0,0,0,0,0,131,594,805,904,16,0,1024,12,8192,0,0,0,0,0,132,577,88,243,24,0,0,10,8192,0,0,0,0,0,132,502,682,831,24,2,0,8,8248,0,0,0,0,0,133,370,410,157,24,4,0,6,8248,0,0,0,0,0,133,287,202,105,24,6,0,4,8248,0,0,0,0,0,133,525,88,252,24,8,0,2,8248,0,0,0,0,0,133,579,76,351
7190,0,4096,5888,5632,5376,5120,4864,4608,4352,0,0,0,0,0,41080,0,217,43,5632,5376,33413,513,82,609,16,0,0,14,8192,0,0,0,0,0,131,592,814,903,16,0,1024,12,8192,0,0,0,0,0,132,576,87,252,24,0,0,10,8192,0,0,0,0,0,132,502,688,836,24,2,0,8,8248,0,0,0,0,0,133,354,405,155,24,4,0,6,8248,0,0,0,0,0,133,271,198,106,24,6,0,4,8248,0,0,0,0,0,133,524,87,261,24,8,0,2,8248,0,0,0,0,0,133,578,76,359
7194,0,4096,5888,5632,5376,5120,4864,4608,4352,0,0,0,0,0,41080,0,301,46,5888,5376,33413,511,84,617,16,0,0,14,8192,0,0,0,0,0,131,590,823,901,16,0,1024,12,8192,0,0,0,0,0,132,560,86,261,24,0,0,10,8192,0,0,0,0,0,132,502,694,841,24,2,0,8,8248,0,0,0,0,0,133,354,399,153,24,4,0,6,8248,0,0,0,0,0,133,271,194,107,24,6,0,4,8248,0,0,0,0,0,133,523,86,269,24,8,0,2,8248,0,0,0,0,0,133,577,77,368
7198,0,4096,5888,5632,5376,5120,4864,4608,4352,0,0,0,0,0,41080,0,314,51,5888,5376,33413,509,87,624,16,0,0,14,8192,0,0,0,0,0,131,588,831,898,16,0,1024,12,8192,0,0,0,0,0,132,589,85,270,24,0,0,10,8192,0,0,0,0,0,132,502,699,846,24,2,0,8,8248,0,0,0,0,0,133,354,394,151,24,4,0,6,8248,0,0,0,0,0,133,271,190,109,24,6,0,4,8248,0,0,0,0,0,133,522,84,277,24,8,0,2,8248,0,0,0,0,0,133,576,78,377
7202,0,4096,5888,5632,5376,5120,4864,4608,4352,0,0,0,0,0,41080,0,315,54,5888,5376,33413,507,91,631,16,0,0,14,8192,0,0,0,0,0,131,586,840,894,16,0,1024,12,8192,0,0,0,0,0,132,588,83,279,24,0,0,10,8192,0,0,0,0,0,132,502,705,851,24,2,0,8,8248,0,0,0,0,0,133,354,389,149,24,4,0,6,8248,0,0,0,0,0,133,271,186,110,24,6,0,4,8248,0,0,0,0,0,133,521,83,285,24,8,0,2,8248,0,0,0,0,0,133,602,79,386
7206,0,4096,5888,5632,5376,5120,4864,4608,4352,0,0,0,0,0,41080,0,329,59,5888,5376,33413,505,96,638,16,0,0,14,8192,0,0,0,0,0,131,584,848,890,16,0,1024,12,8192,0,0,0,0,0,132,572,82,288,24,0,0,10,8192,0,0,0,0,0,132,502,711,856,24,2,0,8,8248,0,0,0,0,0,133,354,384,147,24,4,0,6,8248,0,0,0,0,0,133,271,182,112,24,6,0,4,8248,0,0,0,0,0,133,550,81,293,24,8,0,2,8248,0,0,0,0,0,133,586,80,396
7210,0,4096,5888,5632,5376,5120,4864,4608,4352,0,0,0,0,0,41080,0,331,63,5888,5376,33413,503,100,645,16,0,0,14,8192,0,0,0,0,0,131,582,856,886,16,0,1024,12,8192,0,0,0,0,0,132,556,80,296,24,0,0,10,8192,0,0,0,0,0,132,502,717,861,24,2,0,8,8248,0,0,0,0,0,133,354,379,145,24,4,0,6,8248,0,0,0,0,0,133,271,178,113,24,6,0,4,8248,0,0,0,0,0,133,549,79,301,24,8,0,2,8248,0,0,0,0,0,133,585,80,405
7214,0,4096,5888,5632,5376,5120,4864,4608,4352,0,0,0,0,0,41080,0,339,65,5888,5376,41605,518,103,652,16,0,0,14,8192,0,0,0,0,0,131,594,864,881,16,0,1024,12,8192,0,0,0,0,0,132,585,77,305,24,0,0,10,8192,0,0,0,0,0,132,502,723,867,24,2,0,8,8248,0,0,0,0,0,133,354,373,142,24,4,0,6,8248,0,0,0,0,0,133,271,174,114,24,6,0,4,8248,0,0,0,0,0,133,563,76,309,24,8,0,2,8248,0,0,0,0,0,133,584,80,414
7218,0,4096,5888,5632,5376,5120,4864,4608,4352,0,0,0,0,0,41080,0,354,69,5888,5376,41605,516,107,659,16,0,0,14,8192,0,0,0,0,0,131,592,872,876,16,0,1024,12,8192,0,0,0,0,0,132,584,75,314,24,0,0,10,8192,0,0,0,0,0,132,502,729,871,24,2,0,8,8248,0,0,0,0,0,133,354,368,140,24,4,0,6,8248,0,0,0,0,0,133,271,170,115,24,6,0,4,8248,0,0,0,0,0,133,605,74,318,24,8,0,2,8248,0,0,0,0,0,133,583,79,423
7222,0,4096,5888,5632,5376,5120,4864,4608,4352,0,0,0,0,0,41080,0,362,75,5888,5376,49797,514,111,666,16,0,0,14,8192,0,0,0,0,0,131,590,880,872,16,0,1024,12,8192,0,0,0,0,0,132,610,75,323,24,0,0,10,8192,0,0,0,0,0,132,502,735,876,24,2,0,8,8248,0,0,0,0,0,133,354,363,138,24,4,0,6,8248,0,0,0,0,0,133,271,166,116,24,6,0,4,8248,0,0,0,0,0,133,603,73,328,24,8,0,2,8248,0,0,0,0,0,133,582,78,432
7226,0,4096,5888,5632,5376,5120,4864,4608,4352,0,0,0,0,0,41080,0,365,79,5888,5376,49797,512,116,672,16,0,0,14,8192,0,0,0,0,0,131,574,888,868,16,0,1024,12,8192,0,0,0,0,0,132,608,75,332,24,0,0,10,8192,0,0,0,0,0,132,502,741,881,24,2,0,8,8248,0,0,0,0,0,133,354,358,136,24,4,0,6,8248,0,0,0,0,0,133,271,162,117,24,6,0,4,8248,0,0,0,0,0,133,587,73,337,24,8,0,2,8248,0,0,0,0,0,133,581,78,441
